type,x1,y1,z1,x2,y2,z2
Trace,-25.0,2.455006800093817,0.7733259181190073,-25.0,3.4781579945562484,2.710246597352887
Trace,-25.0,-3.648201932428152,-1.5780803946436217,-25.0,-3.118788491901843,2.973874125605167
Trace,-25.0,-3.6985067481906246,-4.0,-25.0,-3.6586844557070113,-3.791941358531003
Trace,-25.0,-1.0584903351089021,2.9314717081556596,-25.0,-1.0196016490260615,3.8642320650088897
Trace,-25.0,-0.22595330722686469,1.3023153205073763,-25.0,0.7728263226852408,3.7535436762034324
Trace,-25.0,4.143278098136112,-4.0,-25.0,3.8530738603196486,-2.7774803901369873
Trace,-25.0,-3.5563595057207404,-1.508799871641623,-25.0,-4.004456833729054,0.7861661763326179
Trace,-25.0,-1.1824470607773885,-4.0,-25.0,1.9941302388572453,3.58544299370437
Trace,-25.0,5.058062055213617,-3.9407676174203905,-25.0,5.0290583893626435,-2.823976942406723
Trace,-25.0,-2.4639613118446286,-1.851478205762817,-25.0,-3.0086842887483334,2.9703353428940753
Trace,-25.0,-1.776883849084659,-4.0,-25.0,-1.8059448768521174,-3.9128880158829884
Trace,-25.0,0.0921171449590753,1.8161084517288728,-25.0,0.6233143468092796,3.1726785309035748
Trace,-25.0,4.86912985953785,-0.8417423893171337,-25.0,5.066605154235226,0.5949778793729296
Trace,-25.0,5.302363110714257,-3.209938670866409,-25.0,4.2426486826403575,1.9602667792634043
Trace,-25.0,5.038651473471852,-0.23751781575598385,-25.0,4.997589640483955,-2.3264778373955606
Trace,-25.0,4.509219284960076,-1.4758978236395508,-25.0,3.9135238539463986,-2.285730202692171
Trace,-25.0,0.13173409032578998,3.1970002457875077,-25.0,2.1115458300123757,2.361751036305236
Trace,-25.0,-5.4023559335841345,-2.640272601985841,-25.0,-4.764306290895119,-4.0
Trace,-25.0,-2.457590994967564,1.0538209153420255,-25.0,-2.958553166103961,-3.79293483585512
Trace,-25.0,-0.6543365722798936,3.902042074890616,-25.0,-0.6956464857397107,3.191296124887986
Trace,-25.0,5.153365963551167,-2.2336963017821363,-25.0,4.124200212656105,-4.0
Trace,-25.0,2.3722940188770676,3.4017980872476157,-25.0,0.7949663301157242,1.4572004790034725
Trace,-25.0,4.595024108025988,-2.8648249331650617,-25.0,2.7271016568579887,-3.9326911325577227
Trace,-25.0,5.152387841174792,-0.5747838486146795,-25.0,4.398330574287308,-2.632508987146199
Trace,-25.0,1.2430814603840532,-3.281337016117753,-25.0,1.1844540502473304,-4.0
Trace,-25.0,-0.9253420545354628,2.9746338247589774,-25.0,-0.954575466165286,0.9716907593406909
Trace,-25.0,-2.1476546195160626,2.499381356526393,-25.0,-0.005490744768097243,3.960868369337664
Trace,-25.0,1.9469909822840021,3.6063233593625004,-25.0,1.222216458046012,0.008722090989141673
Trace,-25.0,0.22482842842547107,-0.8263186096924229,-25.0,0.4228014032553746,-4.0
Trace,-25.0,3.805327304646194,2.4231100184134045,-25.0,3.7965646692688737,0.01747593119197699
Trace,-25.0,-2.2598867508410256,3.456385605445303,-25.0,-2.9772682064554856,1.1668171975823227
Trace,-25.0,-3.913774049063331,2.3083343751747383,-25.0,-3.6521281721138563,1.914016163901729
Trace,-25.0,-0.20803086455155798,2.946947167312989,-25.0,-0.19685556121154488,0.9575243432134228
Trace,-25.0,1.1707892931551611,-2.633220294506818,-25.0,0.9124811185700225,-4.0
Trace,-25.0,1.29380526213434,0.06190918688031721,-25.0,-0.7713005513645312,-0.7274989761646176
Trace,-25.0,4.894243668240267,0.2996955181719132,-25.0,5.164070389660297,-3.62364266996225
Trace,-25.0,4.540061357453208,-2.5330079200922437,-25.0,5.097467721162209,-3.822885190451539
Trace,-25.0,-0.9031557032361482,3.8794833917010796,-25.0,-0.9085262684158086,-3.464902249172868
Trace,-25.0,-1.8911108739426827,2.7353661043370288,-25.0,-1.7236132477268142,-0.7137875136205103
Trace,-25.0,4.60852987960053,-2.7555126584106246,-25.0,5.255349161048867,-3.350581351418432
Trace,-25.0,3.250808035093578,-3.2702106040588665,-25.0,3.2335951209828355,-4.0
Trace,-25.0,-0.3288530891537532,-0.725527061737381,-25.0,-0.7511625679903821,-2.905205054199306
Trace,-25.0,-2.664151926149626,0.03975159105075665,-25.0,0.04677628211672054,-4.0
Trace,-25.0,-4.095361486216103,0.7849623629929667,-25.0,-5.50669095583246,-1.0530546170212816
Trace,-25.0,4.616718994767264,1.4343751269544442,-25.0,5.412034246552101,-0.9642068898683248
Trace,-25.0,3.34589624778246,0.029095189714804404,-25.0,3.738451692255082,-2.7264604232088896
Trace,-25.0,4.860205602003631,-1.7697299769515205,-25.0,4.302455859552414,-2.434554430450646
Trace,-25.0,-2.5015767567822715,2.9094105635217375,-25.0,-2.4531314496327665,2.6993203252876072
Trace,-25.0,-0.18479473969865134,3.6455053130816903,-25.0,-0.3351791429206388,2.1997945514421966
Trace,-25.0,-4.676343984759299,1.3426343262750235,-25.0,-3.039290028270462,-4.0
Trace,-25.0,0.797056060892492,0.5664638010113182,-25.0,0.6762715362247113,0.20137256441791143
Trace,-25.0,-2.449611587153031,0.7772228987636995,-25.0,-1.9116289067487866,-2.8532827558205067
Trace,-25.0,3.2865229592319127,1.2012635236007987,-25.0,4.277281595968055,-0.48223167674179135
Trace,-25.0,-1.44515848365175,-2.291574214265964,-25.0,-1.1928496524195331,-4.0
Trace,-25.0,2.299846455174186,-0.775903422381655,-25.0,3.021307025322953,-2.381630811026271
Trace,-25.0,1.4952292219878882,-3.1576836390697087,-25.0,1.3411891402022775,-4.0
Trace,-25.0,-3.171663825873193,0.10357082629939862,-25.0,-2.775463554624545,-3.8537531491822583
Trace,-25.0,-5.339630561602278,-0.17874648782099595,-25.0,-5.30184684043835,-0.17757899384844175
Trace,-25.0,1.1539318571643857,3.2721739630732296,-25.0,2.576833242396071,3.3024692023715563
Trace,-25.0,-5.468633210427618,-0.7483542521625891,-25.0,0.16110141087611166,3.946760243068786
Trace,-25.0,2.727963634274583,-3.351793605733815,-25.0,4.098615282090448,-2.8537455335652036
Trace,-25.0,-2.468736387562723,-4.0,-25.0,5.245781016380975,0.16973589912888004
Trace,-25.0,-0.3415312871114673,-2.970298671558945,-25.0,0.5884771901072818,-0.8003227956692249
Trace,-25.0,-5.521638077468756,-1.3731447016852933,-25.0,5.506232123602866,-1.043228802339973
Trace,-25.0,0.34128434388725143,-4.0,-25.0,3.7988480967274443,-2.086906570778055
Trace,-25.0,-5.217559976346019,-3.463628059263885,-25.0,4.106384118187465,-3.7848753098853756
Trace,-25.0,-5.451936151696637,-2.5955587172320858,-25.0,2.9446977827893055,-3.670378296868196
Trace,-25.0,-5.528165658616375,-1.5129317491874101,-25.0,-4.04957186581586,-0.7892502883014347
Trace,-25.0,-4.412528242720137,-4.0,-25.0,5.094162659325664,0.5295750516990153
Trace,-25.0,2.728878769544468,-4.0,-25.0,5.473672400950196,-2.428512308327739
Trace,-25.0,-3.681946246435382,2.553691534674906,-25.0,0.2859543178158083,3.9354407068172086
Trace,-25.0,4.3333263894800185,-4.0,-25.0,5.24423662711442,-3.383824603078623
Trace,-25.0,-5.50178548496571,-0.9480047871435362,-25.0,0.8592404234136163,3.8834648817130777
Trace,-25.0,-5.522179116120446,-2.05573076343403,-25.0,-2.9080167637868497,-1.7842514437438322
Trace,-25.0,-3.635534128325844,-3.941158132457488,-25.0,0.22628889826166776,-3.5214092160444657
Trace,-25.0,-4.08192258866431,2.130372769263267,-25.0,0.46946741754387405,3.9188028628460265
Trace,-25.0,-5.514643066487908,-1.2233477232725214,-25.0,0.08274769009016936,1.3359358456642019
Trace,-25.0,-0.5192947422735505,-2.4648442130841173,-25.0,5.1311378335393325,0.4418210645592799
Trace,-25.0,-5.376552315905349,-2.9880009532238376,-25.0,-5.222621003208945,-3.062238979102321
Trace,-25.0,-3.9088299238086703,-0.4358664213265754,-25.0,-4.842870149801834,-2.19552241770311
Trace,-25.0,0.7077638595476177,1.8238128131152846,-25.0,1.1220087022103415,1.204606698906289
Trace,-25.0,0.035825394055564966,3.9581181397218312,-25.0,0.11649325091330603,3.871700118813314
Trace,-25.0,-4.040203567980387,2.174526491535152,-25.0,-3.3647469477596403,0.855943916811334
Trace,-25.0,3.307177088099579,-3.7173871456724754,-25.0,3.348004670333623,-4.0
Trace,-22.0,-4.498249474529634,-1.3447911660064176,-22.0,-4.62783171185074,0.829414130236479
Trace,-22.0,4.004562936470415,-2.816143774009071,-22.0,3.928338808546024,-0.8238989461223167
Trace,-22.0,-4.356057834591875,-3.252227157909613,-22.0,-3.8748488910022907,-1.3195644147544243
Trace,-22.0,-0.3829870187018143,-4.0,-22.0,2.658483665271001,3.262817905596823
Trace,-22.0,1.8066515870465862,-0.7865688248375977,-22.0,1.9989708539652704,3.583092281246768
Trace,-22.0,-4.221393428301995,1.0190007277984017,-22.0,-4.490015530617928,1.6293248829454965
Trace,-22.0,-0.9781108220570579,-4.0,-22.0,-1.7047600893095258,-1.821829980204062
Trace,-22.0,-0.949525137685192,-4.0,-22.0,-1.4913780358372797,-1.0046049920695095
Trace,-22.0,-4.695147457027224,-1.210299013911333,-22.0,-3.572509934498471,0.5381311815184162
Trace,-22.0,-4.793681217861697,-4.0,-22.0,-5.065891743131078,-2.039551334464747
Trace,-22.0,3.2586333332628437,0.590995375281238,-22.0,3.4460764461549105,2.7337810910844933
Trace,-22.0,-2.2219307019515773,2.6437378062438124,-22.0,-0.21357299501792237,1.4629677034193267
Trace,-22.0,1.877227954207091,-1.5979784475093153,-22.0,4.696093505547785,1.3122471203331432
Trace,-22.0,-0.21354088097476406,-0.9441180838977562,-22.0,0.15199668066722147,-1.9882019526072536
Trace,-22.0,2.593051150173093,1.7741925049035228,-22.0,0.007624676708047229,-2.064772254467141
Trace,-22.0,-3.077576136794925,1.9395987033438016,-22.0,-1.3841109661729623,-0.09331226024963535
Trace,-22.0,-0.8317821169923234,0.4976124926303612,-22.0,-2.8188995961699983,-0.9600253071711352
Trace,-22.0,2.3675507765473123,-3.0853847790623647,-22.0,2.5038284045070927,-4.0
Trace,-22.0,2.2434125358164163,3.4643858578147504,-22.0,2.1533724704081756,2.026437375970547
Trace,-22.0,1.005833348042165,3.868061055227304,-22.0,0.4338320879734953,0.36330274831468956
Trace,-22.0,0.581260205541291,3.7627291589483005,-22.0,4.294491482155604,1.9053984593923339
Trace,-22.0,-2.887079032040938,3.143852356157872,-22.0,-1.4833400343770802,0.056401215881376476
Trace,-22.0,0.040770866442992215,-0.2858867280742352,-22.0,0.8970004481927197,-1.8672905577235617
Trace,-22.0,-2.416087874294376,-1.339842445472596,-22.0,-2.9524983656299244,-1.5336878262825608
Trace,-22.0,-1.191499744958771,3.8164268834792106,-22.0,-1.7984556640519276,0.8036479965943206
Trace,-22.0,0.7035723234080341,-3.9929474851689633,-22.0,0.7017180285378865,-4.0
Trace,-22.0,-1.0624994266395096,0.4509338976026711,-22.0,-0.7108550533213139,-2.217589741688725
Trace,-22.0,3.7887172155365194,-3.244670212529532,-22.0,3.4561896009543065,-4.0
Trace,-22.0,-2.2843103838732395,1.070804487493802,-22.0,-1.3282215870212912,-1.1247384377071863
Trace,-22.0,0.21827557396226632,1.1335119090448185,-22.0,-0.6848286437108857,0.7882909344819644
Trace,-22.0,3.743344876873389,0.8555748100576812,-22.0,4.077285967032284,-4.0
Trace,-22.0,-2.7234575939329537,0.6177865949901031,-22.0,-4.6029612205687505,-4.0
Trace,-22.0,-0.738822031998084,-3.916089901528413,-22.0,-0.8028107781290693,-4.0
Trace,-22.0,2.982331169163182,-1.090018227527723,-22.0,2.900691269420578,-2.245839956900318
Trace,-22.0,2.833668218770073,-3.0415300508423257,-22.0,2.595678940010469,-4.0
Trace,-22.0,-2.713250152852634,3.2362220573948433,-22.0,-2.649842117704282,1.0832521876891215
Trace,-22.0,-0.8572405061947318,3.8836462001622367,-22.0,-0.8342684790206403,3.8476117554615463
Trace,-22.0,-3.755103841542013,-0.22087543633611006,-22.0,-3.4728474767945023,-3.498640427334789
Trace,-22.0,1.6445916315574078,1.2568770275725067,-22.0,2.3585980133371947,-2.4056572351280208
Trace,-22.0,-1.6639926457787175,0.01858990980050068,-22.0,-2.141657714887162,-4.0
Trace,-22.0,4.558415324913019,0.7954623244276129,-22.0,5.331465080367882,-0.14269202263714847
Trace,-22.0,-1.8675843357211652,-0.2259144931156849,-22.0,-1.645523101043089,-1.7244656501100422
Trace,-22.0,-2.0668354297808196,-3.413725890351012,-22.0,-2.2199487323227403,-4.0
Trace,-22.0,3.3571691760158955,-2.7662875925952513,-22.0,3.3335127852421036,-3.358456896169419
Trace,-22.0,-2.894897814093025,-3.722965161652887,-22.0,-2.853983929007912,-4.0
Trace,-22.0,1.7168361093656095,3.6703298593769684,-22.0,2.375302713618224,1.5788134726026175
Trace,-22.0,-0.3632545768339941,-1.9710653586601614,-22.0,1.7586468804090185,-3.7362667755290406
Trace,-22.0,-3.9748844311463056,-4.0,-22.0,0.5473019472300851,-2.299931489664848
Trace,-22.0,-0.3517719521924372,2.640614101826928,-22.0,3.4623789444772526,2.7218218477282505
Trace,-22.0,-4.81164512546196,1.1344559268730436,-22.0,-1.7980591311292735,3.647741585325806
Trace,-22.0,-5.13884425926072,-3.6991068805763843,-22.0,-2.245690839955902,-2.4312562785265714
Trace,-22.0,0.5297720275172879,-4.0,-22.0,0.5813595428807357,-3.973806779344424
Trace,-22.0,-4.248851984050899,-4.0,-22.0,4.915575561039373,0.953419705838459
Trace,-22.0,-4.594210192371152,-1.6622482829165959,-22.0,3.462717493674078,2.7215734936322806
Trace,-22.0,-5.42766027477242,-0.5674393446813677,-22.0,5.354606209499118,-0.24487106274840845
Trace,-22.0,-2.004309405662874,-4.0,-22.0,3.635514606501764,-0.8794471972418885
Trace,-22.0,-3.2768098804190284,-2.963860919485982,-22.0,4.1590010495937,-1.314888368392972
Trace,-22.0,-3.801236668757271,2.427439381806743,-22.0,-0.05952839839943458,2.2037541514094263
Trace,-22.0,-3.875334374502156,-2.8590167890242477,-22.0,1.1987263760089988,-3.508527043426731
Trace,-22.0,-5.5311921199704095,-1.5777429077915277,-22.0,-3.869891479535835,-0.7646375909056875
Trace,-22.0,-5.121284175879297,-3.7516380381382963,-22.0,4.164884661302078,0.6728666737704452
Trace,-22.0,3.114864484408507,2.7218553563863317,-22.0,3.3104333968914275,2.833286590404292
Trace,-22.0,4.488521380573381,-3.999434120162056,-22.0,5.4096868297237295,-2.8888787378947205
Trace,-22.0,2.9329348357532887,1.9224881884894445,-22.0,3.9332100752825427,2.2877640719968673
Trace,-22.0,1.4972762944098579,-4.0,-22.0,5.536317932317106,-1.6875113132376802
Trace,-22.0,-4.478457347770735,1.6471086502709469,-22.0,1.5026100271772846,3.729906532939506
Trace,-22.0,3.1013575932201034,-4.0,-22.0,5.47841493289391,-2.3920652230431525
Trace,-22.0,-5.517261507264868,-2.093523341635444,-22.0,1.9730445992944896,3.5956826583937804
Trace,-22.0,-0.6622199013009509,-0.09267213100417826,-22.0,2.288559480985604,3.442461477531771
Trace,-22.0,-5.544463495242502,-1.884471892431118,-22.0,-4.0134643331209485,-1.7254784731402328
Trace,-22.0,-4.541590251476624,1.549970468177019,-22.0,0.27712443007334286,3.443443525225085
Trace,-22.0,-5.34217950167907,-3.0908275560791094,-22.0,1.6974425973864147,0.12788451051892125
Trace,-22.0,3.4424629997755556,-1.627366167689932,-22.0,5.435512840112421,-0.6021121380572594
Trace,-22.0,1.7770680736270767,1.1204069017032618,-22.0,2.896786462985265,0.31334993258621624
Trace,-22.0,-4.860678141611763,1.059012255320047,-22.0,-4.253023401375694,-0.8339808849734687
Trace,-22.0,-4.423396419770861,-0.7908855775465553,-22.0,-1.4038906728464626,-3.715243517047169
Trace,-22.0,0.9165430570498304,-2.860495567320741,-22.0,2.521200695173956,-4.0
Trace,-22.0,3.009628286459623,-1.3126766863002435,-22.0,2.897145338490439,-3.400430970000936
Trace,-22.0,5.163012157717843,-1.2210237248599463,-22.0,5.47198021455167,-2.4415170203078573
Trace,-22.0,-0.3125184610268132,-0.4511316004811379,-22.0,0.3526566552031342,-3.3054563617994033
Trace,-22.0,2.916191453016041,1.245367874428695,-22.0,4.983311879646406,0.0774755860123888
Trace,-22.0,-4.80416933477311,-0.5628131268098813,-22.0,-4.141663670828316,-1.3365370744230036
Trace,-22.0,-4.153870141281937,-0.7730400530603118,-22.0,-3.166965011128072,-1.8508960153523994
Trace,-19.0,1.7910206576224756,3.4568126555581093,-19.0,1.6516439879602791,3.688459910097871
Trace,-19.0,2.183167990780933,-3.167526035755181,-19.0,2.6872746690188283,-2.0904749736468333
Trace,-19.0,4.509991865463492,-2.1397245699411767,-19.0,4.483974655882655,-1.459721365773565
Trace,-19.0,-2.4274842707669815,-4.0,-19.0,-2.3294523705149777,-3.855523263825614
Trace,-19.0,2.4401761783711313,-1.452173234135079,-19.0,1.7299153439433674,0.4646862445021168
Trace,-19.0,0.20855825602382835,-4.0,-19.0,2.607243674901788,-0.5091442963932096
Trace,-19.0,0.41647302337375913,-4.0,-19.0,3.285673905287622,2.8514497442726143
Trace,-19.0,0.35875851756991023,-2.0137319582036812,-19.0,0.3006650970060824,-0.8667122617099309
Trace,-19.0,2.73128446271194,0.2214555758729384,-19.0,2.860756039420358,3.1631624685338795
Trace,-19.0,-1.6066454085622994,-1.6445882245846524,-19.0,-2.19973902965469,0.4835884665767982
Trace,-19.0,-0.17933779502945704,-4.0,-19.0,-0.924980979074332,-1.764894699346832
Trace,-19.0,-0.9993449696827359,-2.097896320827263,-19.0,-0.8042379503388577,-0.1479788709674773
Trace,-19.0,0.3825927630283873,-4.0,-19.0,0.9538882112438125,-1.3889585815233574
Trace,-19.0,1.7897572370477792,3.3385206399880594,-19.0,1.818092636321722,3.6421702301155907
Trace,-19.0,0.01934527577172825,-4.0,-19.0,1.4109008562516827,-0.9419158788482642
Trace,-19.0,-4.444959835644377,1.6986489286617892,-19.0,-2.731377199497403,-4.0
Trace,-19.0,-1.2630269334566837,1.0926518224721464,-19.0,-2.7507092080261835,-4.0
Trace,-19.0,-3.5083253338168063,-0.9727957286286606,-19.0,-1.9775059770360732,-2.4574883032148582
Trace,-19.0,1.9408294898827678,3.12947660160534,-19.0,-0.5153518805960892,-4.0
Trace,-19.0,2.79135424265502,-2.90322574113359,-19.0,3.4671227538440257,-2.6651529583119373
Trace,-19.0,-4.43102944618487,0.14983767384371816,-19.0,-4.542803996038368,-1.4217395534847108
Trace,-19.0,1.3978214704750356,3.3963599277796854,-19.0,1.62182181207761,2.712410560536779
Trace,-19.0,-2.4200109505072938,0.3609755151931079,-19.0,-2.6891637706158527,-0.007291701758609298
Trace,-19.0,3.935596752345258,2.285238109631207,-19.0,2.621240896214878,-0.8090105511686186
Trace,-19.0,1.3416249944156036,1.4609310163195746,-19.0,1.0894895030172185,-1.1642986926016041
Trace,-19.0,-4.02821904046869,2.1872104301951794,-19.0,-1.499709490440612,-4.0
Trace,-19.0,2.4710228565239483,3.0994245997030982,-19.0,0.4589527868878813,2.358847000849868
Trace,-19.0,4.572753460768436,-0.7436990130205656,-19.0,2.699267790492633,-0.7162257305476629
Trace,-19.0,0.9393595784882947,2.6539437119752844,-19.0,1.0528905164843265,0.41993607920416975
Trace,-19.0,0.6754372907386127,-1.6456214683640389,-19.0,0.7437563212845056,-4.0
Trace,-19.0,1.5235324251953932,3.7240879749743065,-19.0,1.3805365459985048,3.6366120957629366
Trace,-19.0,-5.39839696165239,-2.837082118163402,-19.0,-5.412552396204521,-2.8803063683314942
Trace,-19.0,-5.475544186878181,-2.308368069805087,-19.0,-5.075168635472698,-3.889593118790963
Trace,-19.0,-1.9784716769476154,-2.0564471363596297,-19.0,-2.178485500176603,-3.1067958731861003
Trace,-19.0,1.1323246759451375,3.832883580692049,-19.0,0.6516530949496585,2.5373378335459282
Trace,-19.0,-1.7005881787507202,0.3472029131844009,-19.0,-2.3390753682725394,-0.7876312605152388
Trace,-19.0,-2.0572147516308714,3.554807723857598,-19.0,-2.318285097162602,2.4518100493423955
Trace,-19.0,2.022165851396037,-1.5754793294443794,-19.0,2.5413203388663708,-2.173876876636176
Trace,-19.0,-4.5499102458272604,0.025512361849219567,-19.0,-5.5038296883132665,-0.9917810564823054
Trace,-19.0,2.684238715111417,0.07676965252015666,-19.0,2.9646176517656966,-4.0
Trace,-19.0,-2.2000445951336625,3.0735321882296187,-19.0,-2.407005273662505,1.183480293294769
Trace,-19.0,-4.078269243598648,1.4559714431840192,-19.0,-5.518642739674443,-2.0829083587471664
Trace,-19.0,-3.82566421192608,-1.7526559946773408,-19.0,-3.0047156262626107,-3.8209915102450913
Trace,-19.0,-0.9331216444614254,-3.6435746976638397,-19.0,-1.0546723927320658,-4.0
Trace,-19.0,4.450802156181026,1.6375317579999114,-19.0,3.730649965577657,0.0758137411799702
Trace,-19.0,-1.3395485292786011,-1.4794755411975984,-19.0,-2.6029376113765097,-3.6971316882748537
Trace,-19.0,-2.667687754244022,-1.140659243796641,-19.0,-2.004191049603909,-3.152021153476988
Trace,-19.0,-0.7973834222332425,-1.7705771164788873,-19.0,0.2540727623117726,-3.510176247534906
Trace,-19.0,-0.21962235082573128,3.9414545604261217,-19.0,-1.0392284803329948,2.181685800607248
Trace,-19.0,-5.317992348189508,-0.08320353208617251,-19.0,-3.4102928446465643,-2.774536680581347
Trace,-19.0,-2.8858774827198186,3.1447337928831924,-19.0,-0.9986431634174417,0.18437508353753707
Trace,-19.0,-4.531715220060545,1.5651644881502966,-19.0,-4.313433080826391,-1.466379150501715
Trace,-19.0,-1.2404675364237776,-3.607258058373106,-19.0,-1.3381715075836393,-4.0
Trace,-19.0,4.727968614386559,1.2632031203760217,-19.0,4.697993471665387,0.4973781079546782
Trace,-19.0,5.306189189008098,-0.031086996691668426,-19.0,4.592170729242532,-2.8950060010728875
Trace,-19.0,-2.371630213513636,-2.661051512330793,-19.0,-2.5724721961426176,-4.0
Trace,-19.0,5.427677800320427,-0.8373542417722235,-19.0,4.609594281213419,-3.4655109125503665
Trace,-19.0,2.7449883674235083,-3.108331252284913,-19.0,1.96225036552459,-4.0
Trace,-19.0,-4.230559725529212,-0.5267116130501917,-19.0,-4.643408156104279,-4.0
Trace,-19.0,-3.531040339174617,-2.9683640341483475,-19.0,-3.654180551543227,-4.0
Trace,-19.0,-3.0463541466117134,-1.75308834143875,-19.0,-2.7988031025173057,-3.7712590221380546
Trace,-19.0,-2.6456709855004283,-2.806650846765509,-19.0,-2.6784955835587607,-2.982169720767422
Trace,-19.0,-3.565185858488472,-0.7110217235056111,-19.0,-2.9021202825145656,-3.7838644323027375
Trace,-19.0,2.6560318656954194,0.7154044072214615,-19.0,1.4185725151171007,-1.691582803951182
Trace,-19.0,-0.025324430458726177,1.7779267361918523,-19.0,0.742349380151518,-0.8464233557525431
Trace,-19.0,-4.0098519461969095,-4.0,-19.0,0.7781020043195004,-2.200018960047771
Trace,-19.0,-0.3044435164614727,2.042120118505322,-19.0,4.0771634307993185,2.1354096692473514
Trace,-19.0,-5.419154420762642,-2.8474913467447878,-19.0,-2.724505328169432,-1.6666301965683146
Trace,-19.0,-5.18986982990707,-3.5464633974511552,-19.0,4.462966304224822,1.6709436352068203
Trace,-19.0,-5.5241042674939065,-1.425957744434023,-19.0,2.881784912363293,3.147736034863439
Trace,-19.0,-5.215415025637095,0.2418041670381805,-19.0,5.085567516804547,0.5499740908463006
Trace,-19.0,-2.485045568532601,-4.0,-19.0,3.4877219481182338,-0.7007139746189557
Trace,-19.0,0.9969949380594452,2.535771072008501,-19.0,2.7810375780285197,3.203302946646804
Trace,-19.0,-4.349903155213002,-4.0,-19.0,2.5124126845963746,-0.20303419377274512
Trace,-19.0,-3.55026154189842,-2.7669682835895357,-19.0,4.3235848357412445,-1.0208565722433862
Trace,-19.0,5.041687347270134,-3.6841153250274083,-19.0,5.447186064282523,-2.6320638674653853
Trace,-19.0,-3.126768864045852,2.968019856482944,-19.0,0.5137698927895542,2.7503826994003555
Trace,-19.0,0.7963496600843989,2.3729069751602068,-19.0,2.2198669591336033,3.4758201237488358
Trace,-19.0,-5.534218581324443,-1.6425540663956462,-19.0,-4.8825818006847745,-1.323617614966912
Trace,-19.0,5.26379814599169,-0.5836158464547163,-19.0,5.355946836725047,-0.25079056660302307
Trace,-19.0,0.2656738192752473,-4.0,-19.0,4.182958662611344,-1.7572212185131595
Trace,-19.0,-5.343017369697811,-3.088321065879004,-19.0,-4.3708891013911755,-2.7465910160225224
Trace,-19.0,-4.958902971773562,0.8505898172652618,-19.0,2.370198108103066,3.402815909044333
Trace,-19.0,-0.38418544282750666,2.3653495040921966,-19.0,1.6862049267292154,3.6788484484774244
Trace,-19.0,2.4955125691066558,-4.0,-19.0,2.5594856268233808,-3.9669481518158403
Trace,-19.0,3.277695190445476,0.4713392005388186,-19.0,4.484524114606635,1.6377741405773583
Trace,-19.0,-5.341252451178554,-3.093600836527308,-19.0,2.8788315940011238,3.1499025404077603
Trace,-19.0,-2.1918176693661215,-1.4807868665011572,-19.0,2.024613021892812,3.5706398630639504
Trace,-19.0,-4.890420485791134,1.0131207943871379,-19.0,-1.791868052054527,2.2306706882612897
Trace,-19.0,1.857884267286684,-4.0,-19.0,2.6903760463265813,-3.119278025414337
Trace,-19.0,-3.073808712827138,-4.0,-19.0,2.4349461525519303,-1.4812432389687453
Trace,-19.0,-5.3894483193223195,-0.3987154718520458,-19.0,-0.519140249721211,0.38638618487123266
Trace,-19.0,-4.472151444222817,1.6568111028930845,-19.0,1.9418447481309087,3.6077545366919987
Trace,-19.0,-3.0966455795214234,2.990117800196471,-19.0,-2.4420281158390065,1.1664945747154947
Trace,-19.0,0.9918091601363436,-3.0770846229521083,-19.0,1.520370116724754,-4.0
Trace,-19.0,-4.433964786833423,1.7155662410430725,-19.0,-2.2309502211142034,-0.811398692638359
Trace,-19.0,-3.407844032715128,-1.9595421606030001,-19.0,-2.0758460534733376,-4.0
Trace,-19.0,0.1510135147186077,3.1542287064292536,-19.0,0.4215443335416601,2.7403392471904784
Trace,-19.0,-2.9987954205471787,0.20784740166915217,-19.0,-0.18396046488492623,-1.3254195386774326
Trace,-19.0,-0.6593714493841482,-1.832587538974476,-19.0,0.43181855210019726,-3.275519413856374
Trace,-19.0,-1.4300665857693982,-0.8652427591102749,-19.0,-0.050968434831150766,-1.6494225155070095
Trace,-19.0,-1.3396932341481667,-2.983611862964527,-19.0,0.33223655940727004,-4.0
Trace,-19.0,1.6922160391678807,-2.1069969566887847,-19.0,2.1714300373551803,-4.0
Trace,-19.0,0.12157989064268837,0.5210376628243125,-19.0,1.5712919675831902,-0.37923108307065795
Trace,-19.0,2.2851956441412375,-0.3089088909321944,-19.0,2.826440992987251,-2.56354539955562
Trace,-16.0,1.9836983404495132,2.913949223142255,-16.0,2.1131345961708004,3.527651779364254
Trace,-16.0,2.3760475969135726,-3.5110870213387795,-16.0,2.682777546057177,-1.6618154860025438
Trace,-16.0,4.374737666118183,-4.0,-16.0,4.0244453896864085,-1.8411872571755838
Trace,-16.0,0.9177042438314368,-4.0,-16.0,2.9153543586660726,-1.0927791354802712
Trace,-16.0,-2.365171943468034,-3.0398244855734977,-16.0,-2.5996451997471124,-0.6579845529973878
Trace,-16.0,0.3196480069696584,3.1889908506250597,-16.0,0.4204912676417698,3.923243186406513
Trace,-16.0,-0.6270818892180857,1.5150759857399536,-16.0,-0.90905769087999,2.5850399041844345
Trace,-16.0,-4.778049477437943,0.000708618534992489,-16.0,-4.536511206841638,1.0618368915481569
Trace,-16.0,4.068593754479058,0.7626266543826801,-16.0,4.113761030112135,2.096676251986227
Trace,-16.0,-1.472622426527142,-4.0,-16.0,-1.3178029426828224,-2.6556394417577516
Trace,-16.0,-3.9892125076899068,0.21774157023192364,-16.0,-4.373274480356462,1.808946169667288
Trace,-16.0,-2.803638479562655,0.31293705715618814,-16.0,-2.9872709817076823,1.284307153688789
Trace,-16.0,4.403611210856388,0.20073613754585495,-16.0,3.1450194373117357,2.6667792824803636
Trace,-16.0,1.5993713878825684,-4.0,-16.0,2.503389765190309,-2.013328189219256
Trace,-16.0,3.7630088001545623,0.5752626010672692,-16.0,2.7262245337716173,2.1849642262857407
Trace,-16.0,-0.04867149343173233,3.9569534741073564,-16.0,0.821046545546461,3.2309995636046986
Trace,-16.0,0.1223915658748096,-3.1704913649032176,-16.0,1.2802808304073658,-2.948742873413073
Trace,-16.0,-2.1127625097978306,3.335746500379134,-16.0,-0.18410700533085023,1.6495057833934872
Trace,-16.0,4.631596604413061,-3.884497685861228,-16.0,3.8094563975351323,-2.018109621616752
Trace,-16.0,2.1842898331359373,3.4930971828460846,-16.0,1.8214272498029045,0.056629154924140224
Trace,-16.0,-3.784982364209639,0.03242016027791861,-16.0,-4.087051796317578,-3.448363647872011
Trace,-16.0,1.8985492640057358,2.2137725599541174,-16.0,1.6940460264307935,2.7993117429242274
Trace,-16.0,3.0355726816642767,-1.0340217484312935,-16.0,5.279721476912386,0.08578048201016301
Trace,-16.0,-4.557980779463057,-1.95219782551941,-16.0,-5.326803339071309,-3.136825493736987
Trace,-16.0,3.001497543118148,3.059916827297487,-16.0,2.779442194210133,1.1933342996821081
Trace,-16.0,-2.6320574587000065,-1.270366214624274,-16.0,-0.9870432670839795,-1.5074035549933824
Trace,-16.0,0.841035427440112,-0.6122455340132804,-16.0,5.323591930102531,-3.1464324544142395
Trace,-16.0,1.0512370665145663,-2.2583840802179376,-16.0,0.21466195954110057,-3.725145506740989
Trace,-16.0,3.247948291304735,-2.2661820446126555,-16.0,2.562316874716144,-2.6747799428990398
Trace,-16.0,-1.4505183086663131,-2.513672691795374,-16.0,0.644816448658081,-3.33063271799598
Trace,-16.0,1.562020505820141,3.7133843678691107,-16.0,0.492160028284228,1.5669952374384495
Trace,-16.0,2.303416927705974,3.435246364511149,-16.0,2.2513345106967115,3.346247822563685
Trace,-16.0,2.6178946817344246,3.282528836359041,-16.0,2.609679255858864,3.251668245782306
Trace,-16.0,0.1991183699334662,-0.9916765317564471,-16.0,2.269769601264711,-1.7746775162523856
Trace,-16.0,1.3028469570229846,3.78546101584309,-16.0,0.8909293223304229,2.197981160315212
Trace,-16.0,2.2105605848117493,-1.6337763360815982,-16.0,2.7714414042178444,-4.0
Trace,-16.0,3.0766205413261,2.184977932057813,-16.0,4.297149917304679,0.43698383780941463
Trace,-16.0,1.7560921852475029,-2.606216537294861,-16.0,1.8519493364991102,-4.0
Trace,-16.0,-3.7983446467096837,2.43050018084277,-16.0,-3.777929879931011,2.353946839594353
Trace,-16.0,-0.25950223916447773,3.937838931020093,-16.0,0.20099253910405968,3.1739100465415433
Trace,-16.0,-4.454415652484277,1.6840999248282242,-16.0,-2.4352525013770556,-1.4832053529709128
Trace,-16.0,1.0271531169290191,3.435717818043462,-16.0,3.1228859434128107,-1.5782233390576157
Trace,-16.0,1.680463426375349,3.6804451704491252,-16.0,1.5628767968621688,2.788325111993659
Trace,-16.0,-2.6494004456814264,-0.2625205207881345,-16.0,-2.3035640393342933,-2.7350998193893936
Trace,-16.0,5.3357670153458985,-0.1616871020985678,-16.0,3.693692139194429,-4.0
Trace,-16.0,-0.7037705999699503,3.114900960928158,-16.0,-1.4254518109544732,0.2230983096725181
Trace,-16.0,5.182061392763712,-3.569822411926219,-16.0,4.68596337989681,-4.0
Trace,-16.0,2.086418936064363,0.38641777431623336,-16.0,1.8116489843007733,-1.3978655918223286
Trace,-16.0,5.280017357885248,-2.6690085352899207,-16.0,5.320932526590552,-3.154388085482388
Trace,-16.0,3.6077394870793187,-0.14629113953503814,-16.0,3.3201525802658276,-1.2997985826126157
Trace,-16.0,5.14005882143486,-1.064623663416416,-16.0,3.773309132651419,-3.0988672745578105
Trace,-16.0,-1.6644479715440097,1.9075406152936378,-16.0,-0.4887625185100878,-0.04608976510332563
Trace,-16.0,-1.847567457397162,-3.3165813575076637,-16.0,-1.8439716378919688,-4.0
Trace,-16.0,-1.6068346824983282,-1.3822912680742296,-16.0,-0.8730861627665507,-3.7235549113986997
Trace,-16.0,1.8420377378813861,3.635511052650039,-16.0,1.8079421186846996,1.9727172729038687
Trace,-16.0,5.419326941679022,-1.4416585471644996,-16.0,5.542685197379269,-1.823865218853663
Trace,-16.0,3.2820825162831273,1.5369757038738725,-16.0,1.1147078585869206,-2.6787935498445603
Trace,-16.0,-1.6923554542058434,2.97435682587167,-16.0,-1.1965428856053653,0.022578012096463818
Trace,-16.0,1.0837838237708617,-1.318069287806027,-16.0,1.816741624203845,-3.828461375020441
Trace,-16.0,2.0399135229599383,3.5632095928062686,-16.0,1.8769871909861933,1.1419430539532713
Trace,-16.0,4.110866358521814,-2.852386486825573,-16.0,5.516991149204466,-1.2736315179608537
Trace,-16.0,-4.044819461247515,-4.0,-16.0,-1.8942753891541455,-3.191525525233546
Trace,-16.0,1.3273229097566475,1.4773606782612407,-16.0,4.544266199737874,1.5458531737993333
Trace,-16.0,3.7160115776156992,-3.9993629566605318,-16.0,5.145966819917489,-3.67779967217777
Trace,-16.0,-5.539111207880297,-1.9256050416166386,-16.0,-5.294696152901411,-1.818496385526261
Trace,-16.0,-5.436084372034807,-2.717382074903524,-16.0,3.896305660835123,2.3268222099733875
Trace,-16.0,-5.3479828743095785,-0.5878776797078027,-16.0,2.167412519335845,3.5012931891211876
Trace,-16.0,-5.278477702459719,-3.281392098347117,-16.0,-1.6293226206412612,-2.4609256841635556
Trace,-16.0,-4.863131700615641,1.0552371357341148,-16.0,4.677624743312379,1.340663712692493
Trace,-16.0,-1.6015967706459688,-4.0,-16.0,5.337014095092153,-0.16719354954509266
Trace,-16.0,-5.296938014266922,-3.226167898830384,-16.0,0.16405808827545432,-0.2045617889796172
Trace,-16.0,-2.185241395405849,3.4926350826311023,-16.0,-1.0393145889298987,3.424129768158651
Trace,-16.0,1.029856055306718,1.217456371050385,-16.0,3.2102479093939524,2.9067810083797325
Trace,-16.0,4.623465289067928,0.9820647926438406,-16.0,4.7416261557660215,1.2421892169501
Trace,-16.0,-5.127624527770924,-3.7326708147497465,-16.0,-4.34991673859135,-3.4592849558722425
Trace,-16.0,-3.186247023702938,2.9243876614870565,-16.0,1.7653998403186368,1.9490255408959656
Trace,-16.0,-5.2696113288583275,0.11317889894845977,-16.0,3.062944968521822,3.0148400114937393
Trace,-16.0,-2.2811606493895624,2.744453403488791,-16.0,-0.4235400163997202,3.9229667777674715
Trace,-16.0,3.0388919759121533,-4.0,-16.0,5.429932153711433,-2.7646628162000924
Trace,-16.0,0.02675920600393933,-0.1479038181491774,-16.0,-1.009664534822555,3.6377770290834217
Trace,-16.0,-5.039000222212459,-3.9977912733480157,-16.0,3.638153887942499,2.5928762540366512
Trace,-16.0,-2.102231630947414,-0.9290645789189034,-16.0,1.7331096657864804,3.6658041529425134
Trace,-16.0,2.2515785878696044,-4.0,-16.0,2.624304781457221,-3.605680010948731
Trace,-16.0,1.1830066139829576,-4.0,-16.0,2.2956074738697065,-3.4912877761577255
Trace,-16.0,-5.395395584971842,-0.42497546512673184,-16.0,2.3639857003662916,0.825849537153979
Trace,-16.0,4.1063010515024025,1.9173418761397167,-16.0,4.175027059066207,2.0318347676274664
Trace,-16.0,-4.462566308313251,1.6715590809318583,-16.0,1.92152352664844,3.613405906339831
Trace,-16.0,2.8556081912368523,-3.80968909305292,-16.0,2.9716478419728607,-4.0
Trace,-16.0,-0.8736979797385348,-2.216877360387886,-16.0,-0.13885566924397855,-4.0
Trace,-16.0,3.724060216802589,2.5091198136499036,-16.0,3.96345693122256,1.5977850128638649
Trace,-16.0,-0.7460439206355798,-2.687758476713088,-16.0,0.5887051918153816,-3.4441762855761135
Trace,-16.0,-2.448525803718508,-0.5926383712808038,-16.0,-0.9857837277005882,-1.7446055878690774
Trace,-16.0,-5.5068383093314806,-2.1736272162165906,-16.0,-4.8690164882008355,-2.7969688625835145
Trace,-16.0,-0.3310340525444677,2.545895140762157,-16.0,3.3472259052701685,-1.040459194084165
Trace,-16.0,2.604593061739018,0.011141929349070656,-16.0,4.434258348652131,-1.1925614575178218
Trace,-16.0,-5.295836433756076,0.014625318734226213,-16.0,-3.802342677688845,-1.8446914166935504
Trace,-16.0,0.5650913549389902,3.9101333119929946,-16.0,1.39524967632194,3.488829653105296
Trace,-13.0,-3.1291277308979133,2.8221746707413686,-13.0,-1.8952440038824545,3.6207142907028143
Trace,-13.0,-2.1006145315997546,3.0065530660031765,-13.0,-2.0742540435516865,3.5465330573342113
Trace,-13.0,2.8597464819826333,0.14386796996897,-13.0,3.99557635442926,2.2217581273837848
Trace,-13.0,3.5918696392710614,-1.8043705734988893,-13.0,4.068690950527321,-1.2514372181278035
Trace,-13.0,1.5741036463075124,-3.8775773915014917,-13.0,1.2654198415237614,-0.8351825556744594
Trace,-13.0,3.4952010876126853,0.797956629156936,-13.0,2.6865232256472695,3.249201259279932
Trace,-13.0,-1.219594202354997,-3.6016030342274252,-13.0,1.2380810055213902,-0.8556429707144471
Trace,-13.0,4.765417448949785,0.7716252253571181,-13.0,2.6050992656871506,2.7309775903284645
Trace,-13.0,4.9937677867966475,-0.9745808292007159,-13.0,3.6794048676234765,2.074022436542074
Trace,-13.0,5.544640525150277,-1.8657382327353653,-13.0,5.30592853259075,-2.0299858494533884
Trace,-13.0,-2.7624081273555405,-3.1872110003704774,-13.0,-3.2899076412380985,-4.0
Trace,-13.0,2.12846800157841,-2.1020357297340424,-13.0,3.8171076315503893,-4.0
Trace,-13.0,-1.8907570040930102,-0.5055480193748627,-13.0,-3.0783883258502973,-0.8056454722709132
Trace,-13.0,-5.52384046824136,-1.4203085280071581,-13.0,-4.436330213546591,-3.5692564153061532
Trace,-13.0,3.622408253644721,2.6044269911471383,-13.0,3.594524325938239,2.2354720406502846
Trace,-13.0,0.0032939793474581203,1.944532776759897,-13.0,1.3198006626651053,-4.0
Trace,-13.0,3.162125611398648,1.37114143455781,-13.0,3.055044114552744,-0.42596508088989277
Trace,-13.0,-2.0234478758270975,2.5732842810566474,-13.0,-3.745082215682237,0.0732776383053515
Trace,-13.0,-4.719468105411089,0.8995109014119717,-13.0,-4.9608943540867685,0.8458636262027514
Trace,-13.0,-4.59676100350119,-1.8461107043731777,-13.0,-4.365858914667171,-3.722404011835481
Trace,-13.0,-1.152915871972817,3.8271571306189673,-13.0,-0.8158463412148211,3.1097126204589727
Trace,-13.0,-0.5377506934266025,-1.515706503445567,-13.0,-0.8322509364077649,-4.0
Trace,-13.0,-1.14440667796313,-2.0652293861309223,-13.0,-1.3820969053396548,-4.0
Trace,-13.0,0.2789508268318668,-0.48459713155297823,-13.0,0.2778521114198841,-3.4158444131921266
Trace,-13.0,2.1210309648629657,2.0360620362586968,-13.0,1.4658455216589827,0.9197626701297695
Trace,-13.0,0.1170801973113651,2.330117336426529,-13.0,1.6175475676326496,-4.0
Trace,-13.0,-4.081384993975062,2.101659496656072,-13.0,-3.394418837030234,0.23511104501509517
Trace,-13.0,-1.0202780088638597,3.1023412845922955,-13.0,0.05828338963888874,1.6411905978962642
Trace,-13.0,5.529768595032387,-1.5472583617350746,-13.0,3.8042773450622938,-2.902392782343645
Trace,-13.0,0.5017945712336209,-3.581299745725396,-13.0,0.3037077954411388,-4.0
Trace,-13.0,5.532168594477416,-1.5986539443927927,-13.0,5.4425566754490795,-1.9750034907433145
Trace,-13.0,-2.3376491741949668,2.184299996315144,-13.0,-2.5297689509583896,-4.0
Trace,-13.0,-5.451537833386009,-0.6728700695824996,-13.0,-4.793185776062615,-1.7055760917119507
Trace,-13.0,0.5320406939244853,3.5690289828632276,-13.0,2.8699132487222063,-2.0242199630075914
Trace,-13.0,-4.4585312694946415,-0.32341702413564966,-13.0,-4.407810538290122,-1.5051602606252534
Trace,-13.0,1.4648991155267401,2.8342445228004634,-13.0,-1.458870135933233,-4.0
Trace,-13.0,-2.7323091109417974,-1.7308486676101462,-13.0,-2.6579696032121025,-3.6110003340566297
Trace,-13.0,2.6521409232097466,1.8141663487446202,-13.0,2.5556492484292996,0.3895045771851462
Trace,-13.0,-4.6057520619177446,0.49283759061172056,-13.0,-5.192269009030364,-0.658772981624274
Trace,-13.0,-4.0546133534407645,0.7763978948397037,-13.0,-2.6658759768517593,-1.6570363166656799
Trace,-13.0,-0.8129837466916464,3.887658649738717,-13.0,-1.0600998351534168,1.6443292991666696
Trace,-13.0,5.156354717070658,0.38197328506472983,-13.0,2.4192607437481404,-3.6918640635144446
Trace,-13.0,-1.435818370896215,0.6440180214653042,-13.0,-1.8760092222823084,-1.3019490702539303
Trace,-13.0,0.3173887967142155,3.932590763374467,-13.0,-0.5088884565274784,1.9676808618207795
Trace,-13.0,2.843060265494932,0.98435896903976,-13.0,2.8761814342613725,0.7486043972031545
Trace,-13.0,1.978416135063518,-0.689973606362753,-13.0,2.2080751303147226,-1.9183447593611294
Trace,-13.0,1.8055394933032909,-0.9722067044541451,-13.0,2.881963231485475,-2.9918882914413945
Trace,-13.0,-1.6021145554127418,3.7022341377945174,-13.0,-0.7644442576081294,-1.2847661816363463
Trace,-13.0,3.48783051171203,1.3217115126699528,-13.0,4.3655460708030445,-1.933208582536416
Trace,-13.0,-5.3998387860012365,-0.4445943010802495,-13.0,-5.026223185527386,-0.7806901311470701
Trace,-13.0,-5.478176152387783,-2.3939002878512317,-13.0,-4.347624724559671,-2.48122689165746
Trace,-13.0,-3.391251338057014,-0.47074445918855956,-13.0,0.7245036917288823,-0.3623204786889075
Trace,-13.0,-5.194540150481315,-1.6246646594492076,-13.0,2.191217968741916,2.3673751739516886
Trace,-13.0,0.6421093650238361,3.8674291842182953,-13.0,4.130103909860491,2.0793796097903616
Trace,-13.0,-5.199827569648867,-3.5166747236746843,-13.0,-0.3826116344087911,-2.4335845846924897
Trace,-13.0,-4.32391042239778,1.874262644224775,-13.0,4.086183041467163,2.12586367852418
Trace,-13.0,-0.7181479727593356,-4.0,-13.0,5.435246834815617,-0.6009375987451211
Trace,-13.0,0.7934445372568346,3.260454051077238,-13.0,1.8855602035847998,3.6234073736518413
Trace,-13.0,2.73549212345072,1.2025828247517034,-13.0,4.018971664598635,2.1969974783860646
Trace,-13.0,2.135607231736347,-3.4798827638700613,-13.0,2.8189352019663216,-3.2858725682881706
Trace,-13.0,-3.7261673965471984,2.506889659928767,-13.0,3.278299846231298,1.1271684861173914
Trace,-13.0,-5.42855321718334,-0.5713821081439864,-13.0,3.6445714247269985,2.588168455106944
Trace,-13.0,3.5822713827176504,-4.0,-13.0,5.342215344195737,-3.0907203328473285
Trace,-13.0,3.2878055336999683,-2.8261727803076653,-13.0,1.4921178643296542,3.732824423023444
Trace,-13.0,-3.5492151263319056,-4.0,-13.0,4.265760423692155,1.9358062483379008
Trace,-13.0,-1.0650877644667127,0.0525671074158644,-13.0,0.43082875923383196,0.4954546159225108
Trace,-13.0,-5.401342850621365,-0.45123545840141777,-13.0,3.4531635295448444,0.9761255071041365
Trace,-13.0,4.98700572860314,-0.6976828761625935,-13.0,5.3477476994021815,-0.21458749385581027
Trace,-13.0,-1.876866950715205,3.456624258553541,-13.0,-1.7149637090721435,3.6708505773956275
Trace,-13.0,-4.452981172403685,1.6863070589706317,-13.0,1.9012023051659714,3.6190572759876627
Trace,-13.0,-1.8632945786298247,3.6295994855369025,-13.0,-1.7426207927533905,3.318444837841125
Trace,-13.0,-4.800836565639665,-1.1082573327399927,-13.0,-4.250580094851349,-1.9555583871075621
Trace,-13.0,-5.05542118795435,0.6215210303939868,-13.0,-4.711694077114819,-0.1499354386899704
Trace,-10.0,-0.5366785469633975,1.690532372713375,-10.0,2.221030767431105,3.475254952050168
Trace,-10.0,1.4013513882032773,0.700720349289945,-10.0,0.8624489527440338,3.8831739868916424
Trace,-10.0,-5.385131182934993,-2.9623371903675833,-10.0,-4.488167441356861,-1.3677859326701802
Trace,-10.0,-4.429113264668388,1.2777648614772443,-10.0,-4.444472445870472,1.6993988412086407
Trace,-10.0,-4.892621435860321,-4.0,-10.0,-3.955047663488003,-2.884808084133538
Trace,-10.0,3.793780907112099,2.2844553063972484,-10.0,3.826230484615467,2.4009869391121157
Trace,-10.0,-1.01046456716019,-4.0,-10.0,-0.9180356707277293,-3.8196603846003927
Trace,-10.0,-1.2778503715006804,-0.6844489308680389,-10.0,-0.27261954315776527,1.012591272473789
Trace,-10.0,3.43093058583773,-1.3004438598711752,-10.0,4.507984496437448,-0.048253244415795926
Trace,-10.0,-4.579360175178538,-4.0,-10.0,-3.0066870484306993,1.7361546522358697
Trace,-10.0,4.721002053729615,-3.804924891335854,-10.0,5.457895578145421,-2.549759611057597
Trace,-10.0,-0.8977771753557887,-4.0,-10.0,3.349056259260581,0.7449862253868433
Trace,-10.0,-5.513047126108317,-2.125911507125435,-10.0,-5.432642804036545,-1.8926610648352025
Trace,-10.0,4.6888178257721504,-3.3641753618127312,-10.0,3.844917447355761,-1.443010128481961
Trace,-10.0,4.071103494737785,-1.813892252329552,-10.0,5.02852975284638,0.6853430596560272
Trace,-10.0,0.9758345757837763,-4.0,-10.0,0.9553936762597053,-3.9412459467833725
Trace,-10.0,-5.269156906426456,0.08591193638579564,-10.0,-5.187569358902216,-1.660653061083834
Trace,-10.0,-3.9468608392442626,-1.8039571866560584,-10.0,-5.482830352825216,-2.3581320437385993
Trace,-10.0,4.227085826395571,-1.7407572503274993,-10.0,3.981549897513718,-2.568939835991066
Trace,-10.0,2.6615203686596254,1.652946478206904,-10.0,3.492582732525396,1.729293320415272
Trace,-10.0,5.318860118979436,-3.1605877126929944,-10.0,5.2825463213457216,-3.157928589477469
Trace,-10.0,-3.8304991722404917,-1.3929525880316076,-10.0,-2.701384611678167,-2.932220555550666
Trace,-10.0,-3.8565924179752566,2.3688530982110447,-10.0,-2.3683586152884226,-4.0
Trace,-10.0,0.1825960277434855,-2.060785779816556,-10.0,2.623214734957803,-1.7748732099531108
Trace,-10.0,4.348466350771785,1.8471167030587579,-10.0,1.1268962672569645,-2.676008236733199
Trace,-10.0,1.5055921244745194,0.04209139822999264,-10.0,3.1116015924945923,-0.9692430683857212
Trace,-10.0,3.585945601799987,-3.4241497808337886,-10.0,3.832320755176503,-4.0
Trace,-10.0,-0.8956508767187468,-0.4078960401000309,-10.0,-1.6058321469865473,-4.0
Trace,-10.0,-0.31541293918176916,3.932769900500824,-10.0,-0.3858692628768715,3.134035379996993
Trace,-10.0,4.15549763448169,0.0667565109226903,-10.0,3.7164351126119772,-1.8166575549563642
Trace,-10.0,-5.5334613188765465,-1.6263374190064055,-10.0,-4.469306326322729,-3.6220324931950163
Trace,-10.0,-1.3769011969283016,3.764866393415731,-10.0,0.463653731047455,-4.0
Trace,-10.0,-0.7682721128982889,3.1180355417808254,-10.0,-0.8254872867631887,2.8666843885721995
Trace,-10.0,-0.6389140395870938,0.9807683225071644,-10.0,-0.8608209783739047,-4.0
Trace,-10.0,-5.119496958270691,0.4694486076430927,-10.0,-5.239629819177417,-3.397605913129358
Trace,-10.0,2.7773472163189212,3.2050950699720873,-10.0,4.041291880353449,0.9152550122744645
Trace,-10.0,-4.138810238072292,1.7796984267018088,-10.0,-5.525804571611997,-1.4623694698723382
Trace,-10.0,-4.031891007321189,-0.3336405870952298,-10.0,-3.390783655878,-2.1181695322590715
Trace,-10.0,0.912070885736353,3.8786751147135905,-10.0,0.6762671874317709,3.267228585261436
Trace,-10.0,2.4200585166358075,-3.1868331719491616,-10.0,2.236739519711597,-4.0
Trace,-10.0,4.305561317223334,-1.0716110422528846,-10.0,3.1360080198287945,-3.0276525836170416
Trace,-10.0,2.9512552372580863,-0.8482112423655981,-10.0,3.007426888860017,-1.7207996567448685
Trace,-10.0,-2.8494422344681825,3.17008409440133,-10.0,-1.5974453962479127,1.3279277196542145
Trace,-10.0,-1.187619363659898,-0.6113464873137024,-10.0,0.6120747807822634,-4.0
Trace,-10.0,3.9452977943686514,-2.6149518066133624,-10.0,4.575300388881127,-4.0
Trace,-10.0,2.7209576558144764,-3.323470244524737,-10.0,3.04526112795003,-4.0
Trace,-10.0,3.8793681310791666,2.3447482056596787,-10.0,3.879169899580578,2.3434594426467266
Trace,-10.0,5.130585143623168,-1.6807675145551175,-10.0,4.559391840013325,-4.0
Trace,-10.0,4.987118017151905,0.21732815609432488,-10.0,4.641097659588416,-0.5308306649468734
Trace,-10.0,-5.4466172598650555,-2.636435216643364,-10.0,-3.4635276124085106,-2.7896139926751253
Trace,-10.0,-5.512795881539982,-1.1837905696774025,-10.0,-3.4020541993062636,-0.4206815771473056
Trace,-10.0,-4.953901487399487,0.5974964227041543,-10.0,2.2287427489152307,0.7867134370740879
Trace,-10.0,-5.121177436838014,-3.751957349002252,-10.0,-1.1316712908823083,-2.8549672982794916
Trace,-10.0,-3.489225856431365,2.7021273967873882,-10.0,3.2157861249378743,2.9027182649805616
Trace,-10.0,0.16530082512729777,-4.0,-10.0,5.506528201803642,-1.0495692669899193
Trace,-10.0,2.8378810518138256,1.317792106146252,-10.0,4.138189524137973,2.070822123028859
Trace,-10.0,-5.415929516420894,-2.870203680870487,-10.0,-3.4511135662125807,-1.9384712983920411
Trace,-10.0,-4.1434658116491425,2.065237913966047,-10.0,3.169941402551909,0.6246625730589743
Trace,-10.0,-5.514986073676345,-1.2306931642650363,-10.0,1.6325918041399436,1.2583207753670649
Trace,-10.0,3.1894127158120664,-2.9091820031614155,-10.0,5.536267869069179,-1.686439217241063
Trace,-10.0,4.125650789523148,-4.0,-10.0,5.2287791325301525,-3.4300658461229214
Trace,-10.0,-4.978805948613395,-0.16258702738422848,-10.0,-2.082733539877172,3.542415221645631
Trace,-10.0,5.52471203897371,-1.7636296036584396,-10.0,4.672804523701045,1.348080247381278
Trace,-10.0,-2.0565220607401105,-4.0,-10.0,4.775873613291719,1.1894950500401904
Trace,-10.0,-1.9733830764760907,-0.7217699087781071,-10.0,4.811090767318724,0.9936950811764458
Trace,-10.0,-1.5832842553091728,-0.23786612928013093,-10.0,1.023616759008784,0.5339442470760379
Trace,-10.0,2.954523330133395,-4.0,-10.0,5.476950133050542,-2.403322434475717
Trace,-10.0,3.393587473258709,-4.0,-10.0,5.4715477627840485,-2.4448404784612334
Trace,-10.0,-5.407290116270888,-0.47749545167610363,-10.0,3.4555630145305027,0.9512110237352486
Trace,-10.0,-0.5813396779588771,-4.0,-10.0,3.230812049504657,-1.8935582407167288
Trace,-10.0,-3.649287612480622,-0.31594666329554677,-10.0,-0.44732483643376364,3.920810375171714
Trace,-10.0,-4.44339603649412,1.701055037009405,-10.0,1.8808810836835035,3.6247086456354944
Trace,-10.0,2.7160443115091812,2.9620349591515076,-10.0,3.0453020808644604,0.8950056117168401
Trace,-10.0,-4.085915724030401,0.7520520972277139,-10.0,-1.4613061816968091,-2.3611487231610666
Trace,-10.0,-3.7405291954417828,2.49168971349377,-10.0,-2.31707669877181,1.1608530840530653
Trace,-10.0,4.36738985152997,0.8453407042725702,-10.0,4.3383311492048735,-0.6808360164660487
Trace,-10.0,1.515775516387913,-4.0,-10.0,4.715802459080023,-2.111218862586309
Trace,-7.0,-4.801131801450357,-4.0,-7.0,-3.1882335880717467,-1.1327170146746321
Trace,-7.0,0.2917104380642386,-0.5973460090808929,-7.0,1.6676899728132135,0.8364086358187124
Trace,-7.0,0.09110694855784346,-1.5635920439126794,-7.0,0.5784153408319936,-0.8482212632451616
Trace,-7.0,-4.773975761362823,-4.0,-7.0,-2.676876641023041,-1.5056170994884766
Trace,-7.0,-1.3647465037204425,-1.508702241643956,-7.0,-0.2170859748261057,1.176138157629624
Trace,-7.0,0.7145885664890917,2.711735126886607,-7.0,0.9943113085232094,3.8712189531399517
Trace,-7.0,-4.531530060241336,-1.828772685475069,-7.0,-4.063119231104181,-0.05030850255970443
Trace,-7.0,-2.4025777759148577,-1.303357558872107,-7.0,-1.0358517342015543,2.7431001780669684
Trace,-7.0,-1.0802107210295402,-1.5578512585427098,-7.0,-1.9712050773971748,1.0733239055743025
Trace,-7.0,-1.875775177408582,-4.0,-7.0,0.2995354043066198,3.9342094050827376
Trace,-7.0,0.6059136533417022,-0.837912528364318,-7.0,1.0996768508219565,1.6041941854238955
Trace,-7.0,4.803348297767634,-4.0,-7.0,4.850529031308696,1.0746279813019133
Trace,-7.0,-0.21938892261930273,-4.0,-7.0,3.5585192156125545,0.22105607688057205
Trace,-7.0,-4.008204372781817,-0.6507465277084685,-7.0,-3.673718227187849,1.0077514121560953
Trace,-7.0,-5.162251788100936,-0.4676333380411024,-7.0,-5.330038691056863,-0.13639383857714266
Trace,-7.0,2.3656738011009906,3.347737015701686,-7.0,1.938763509382229,2.674404293408894
Trace,-7.0,-3.145422473886814,2.954335876570813,-7.0,-3.6933850218423503,-4.0
Trace,-7.0,4.980314193955123,-3.975818128492751,-7.0,4.982428555837825,-4.0
Trace,-7.0,-5.499539037551336,-2.22972323923631,-7.0,-4.826946983593095,-4.0
Trace,-7.0,0.97129167900558,3.873305981285388,-7.0,0.381191566020361,3.269314063141715
Trace,-7.0,-0.7873740934397233,-2.7879765259854534,-7.0,-0.541134852672621,-3.8814554027708623
Trace,-7.0,-2.927170761588698,-4.0,-7.0,-3.0129100857785547,-3.954938991405793
Trace,-7.0,2.32196521084752,1.5046666262876438,-7.0,0.8810380155893925,-0.1732072805565643
Trace,-7.0,0.5201917787776393,3.9142040412414882,-7.0,0.058003055590142294,2.288633215561319
Trace,-7.0,4.457114531147313,1.679947349045544,-7.0,4.5224123547221815,-1.3270844903914782
Trace,-7.0,1.105006116747107,0.29215105858155466,-7.0,2.808427087803541,-0.5232395843157164
Trace,-7.0,5.457630182260074,-1.1538773093708508,-7.0,5.513337476010013,-1.1953887237557632
Trace,-7.0,4.549901383217223,-2.9557286708163,-7.0,5.344984328055373,-3.082436891120008
Trace,-7.0,-1.1939130261045323,2.5036838604279197,-7.0,-3.6034063968463315,0.11128683031009978
Trace,-7.0,3.1028630304250413,0.38745061902429323,-7.0,1.6137015100146925,-1.2867376343206094
Trace,-7.0,4.06123537982142,2.15226727346915,-7.0,5.309354748927174,-3.189023118212076
Trace,-7.0,0.1614030486205748,-3.751868597219656,-7.0,0.1357080898899116,-4.0
Trace,-7.0,3.922679315395545,-2.8402075516332674,-7.0,5.313485510253454,-2.9954232116954422
Trace,-7.0,5.022295400341249,0.7001391843855128,-7.0,4.538651473860733,0.1860048622944358
Trace,-7.0,-4.079186342375851,0.7055183351236035,-7.0,-3.8251111825686497,-0.10907312298627525
Trace,-7.0,-0.3432336446158698,3.6239485497460224,-7.0,1.5695111139802114,2.0434929817774368
Trace,-7.0,-1.5412876503026054,-3.416687611385067,-7.0,-1.6426327720381004,-4.0
Trace,-7.0,-3.3319597766896574,-2.562161397042064,-7.0,-3.616229401647055,-4.0
Trace,-7.0,-4.697699314608666,-1.1104725955226213,-7.0,-3.2800477073311063,-3.486989999903945
Trace,-7.0,-0.7232692299595922,-0.1705834034713134,-7.0,-1.5248313420177426,-3.5486194913571976
Trace,-7.0,-2.4372568004732607,3.3702506874707834,-7.0,-0.6902401055377386,-4.0
Trace,-7.0,4.7852270022628325,-0.4368372898932219,-7.0,5.294715844859754,-1.3271632785266956
Trace,-7.0,-2.9073670606554933,3.128969393643631,-7.0,-3.224982270280825,-4.0
Trace,-7.0,-2.9068904819173897,3.129319003930024,-7.0,-3.6588156500397853,1.221589798628885
Trace,-7.0,-2.4038907224557735,1.7948937146675776,-7.0,-3.8998405507832303,-1.0322620501789506
Trace,-7.0,2.635292007759704,-3.460920073396843,-7.0,2.486101718828782,-4.0
Trace,-7.0,1.3059980093459969,-3.236159817878822,-7.0,1.4281173058009808,-4.0
Trace,-7.0,-0.6598175101011714,1.671828150307432,-7.0,-1.9451545907813932,-1.7578753863220546
Trace,-7.0,3.1763829831225143,2.8698830208561565,-7.0,3.9993601467351256,0.6544093320212865
Trace,-7.0,-3.2740626753824773,1.2106826908653618,-7.0,-2.789474102681799,-1.3918024341649413
Trace,-7.0,-3.9226297748172456,0.2680397672552184,-7.0,-1.6558987122819115,-4.0
Trace,-7.0,-5.4692195862059885,-2.462732872504165,-7.0,-4.3643415918030035,-3.972012155345105
Trace,-7.0,3.5451878529657415,2.6610746009506534,-7.0,4.521896951930363,1.183978518516324
Trace,-7.0,-4.6698163107528465,-0.3124565424416449,-7.0,-2.3115689330203315,1.7363443882362022
Trace,-7.0,-5.412944486366135,-2.8791334268590196,-7.0,-3.2598379955567527,-3.045444726679089
Trace,-7.0,-5.215764736498078,0.24097419062698203,-7.0,-1.636575606683408,1.534979721439783
Trace,-7.0,-2.447557476688105,1.772929433445661,-7.0,-0.33601235395227613,1.8285552239882905
Trace,-7.0,1.9041172640133017,-4.0,-7.0,5.439637495710704,-2.6900757745603583
Trace,-7.0,-2.0724562004818954,3.547406130695067,-7.0,1.74787695416365,3.66169734246424
Trace,-7.0,1.0487496230139275,-4.0,-7.0,5.5287434237783835,-1.5253044925237527
Trace,-7.0,2.040382477135662,1.8291549488222039,-7.0,3.4370579796767644,2.740396889054824
Trace,-7.0,-0.3196650862582242,3.817959208596429,-7.0,2.5802460154856988,3.300811882374464
Trace,-7.0,-5.521785723070986,-1.376306507313688,-7.0,-3.3986697852273107,-0.7970678913802782
Trace,-7.0,0.7935533729356337,-0.6440392371087871,-7.0,4.552668027472857,1.5329258692634191
Trace,-7.0,-2.7492621029526667,3.218733837853831,-7.0,0.6892209660290881,3.8988793518965172
Trace,-7.0,-5.472182403170241,-2.439963169767241,-7.0,-4.015120134386164,-1.7490118880608274
Trace,-7.0,-4.50135139140362,1.6118831870222141,-7.0,1.4309005793601162,0.4433641021645537
Trace,-7.0,-4.846529358722145,1.0807819976899202,-7.0,1.0128555854271952,3.8661081578952285
Trace,-7.0,1.472846435070963,3.7380166402088633,-7.0,1.4731401515664873,3.738102160387193
Trace,-7.0,1.763952282326442,-1.8149931499207268,-7.0,5.293701270441846,0.02405307555160119
Trace,-7.0,-5.528864679626851,-1.5279011660336437,-7.0,-1.3957989633304253,3.759610889284303
Trace,-7.0,-0.5638289951483185,-4.0,-7.0,5.168244959033808,0.3537539145678395
Trace,-7.0,-3.5465792936295495,-3.193660171335431,-7.0,5.499836129052768,-0.906259659593437
Trace,-7.0,1.3507772396843363,-3.5709414543439513,-7.0,5.50157589775099,-0.9435165123481165
Trace,-7.0,-5.500200658905838,-0.9140660048129893,-7.0,-2.738653566546808,0.13098270693520442
Trace,-7.0,1.7377966437727972,-4.0,-7.0,5.512388652816772,-1.1750698353673725
Trace,-7.0,4.222260701325283,-2.371293238330532,-7.0,5.544717962139846,-1.8825162753009217
Trace,-7.0,2.989477637945985,-2.524473890890186,-7.0,5.5217718019258415,-1.3760083883422851
Trace,-7.0,-5.4132373819204105,-0.5037554449507897,-7.0,2.370501286949196,0.7509960075443054
Trace,-7.0,-0.7616854994673024,-4.0,-7.0,5.385139622024124,-0.6035115995931033
Trace,-7.0,-4.53528877119833,-2.9156294751808414,-7.0,0.6196007173656382,3.9051913309117143
Trace,-7.0,-2.553603656241457,2.2877051284147627,-7.0,1.4499416503248477,3.50546238824496
Trace,-7.0,-3.9158329052914365,-4.0,-7.0,-3.2164021173334487,-3.3455963994961895
Trace,-7.0,-2.0617846173477457,2.0397426670516388,-7.0,-0.2781829337298195,1.162718455031005
Trace,-7.0,2.465080852889463,2.8896765988888173,-7.0,3.222201417776026,2.0278657494783
Trace,-7.0,-3.5097552899726785,0.3072663891769153,-7.0,-2.7309126411530067,-1.42624376540053
Trace,-7.0,1.1858141367515744,-3.9242674809816807,-7.0,1.3917563858110213,-4.0
Trace,-7.0,-1.2854716417037908,-2.0881777505174575,-7.0,-0.11315218597341659,-3.157738959630755
Trace,-7.0,2.1829151741810557,-3.8779635212571457,-7.0,2.246887181718706,-4.0
Trace,-4.0,3.6562056945444708,-0.9564787433729914,-4.0,3.566792803823322,0.9646800347149834
Trace,-4.0,-4.655330086865323,-4.0,-4.0,-2.795291883307027,-1.787587890217488
Trace,-4.0,1.7364770418531563,1.6827215768379107,-4.0,2.230873210858382,3.4704752383440765
Trace,-4.0,0.8121496968702056,2.0007760925732,-4.0,1.1317287803192397,3.833049300378554
Trace,-4.0,-4.134479422764018,-3.5806761769708664,-4.0,-2.8546133936303164,1.278724481927871
Trace,-4.0,-0.20247888548048384,0.014778940928341755,-4.0,-0.18089684605688686,1.3269337173826368
Trace,-4.0,0.827809820361373,-4.0,-4.0,2.800180157839911,3.1940068758316147
Trace,-4.0,-1.9702165397184142,1.5305199234293023,-4.0,-1.0454141657177134,3.492279301911975
Trace,-4.0,3.3565667328439543,-4.0,-4.0,3.391771914043525,-0.2134289954041737
Trace,-4.0,2.5793323309070932,-2.9609194598298383,-4.0,3.0486509494906247,-1.5417197480022842
Trace,-4.0,-3.0430816811253414,-4.0,-4.0,-2.938441495385552,-2.7879128759663683
Trace,-4.0,-3.0797720234310577,-3.9207284020910116,-4.0,-1.4394809218227889,-1.8617071338497073
Trace,-4.0,-3.1357671192875496,2.443313102273481,-4.0,-3.1386016196527975,2.9593395425163127
Trace,-4.0,-1.8953274910300015,1.888660545457146,-4.0,-4.3756672186383945,-2.1579832149741343
Trace,-4.0,2.884294445710852,2.19360833872647,-4.0,1.8105238785778963,2.7399344546524835
Trace,-4.0,-2.3679669019408465,0.6180464664599226,-4.0,-1.247927611059774,-0.8437047070004571
Trace,-4.0,1.4601068769790002,-0.257114919353703,-4.0,2.298732479822247,-2.3087106924476313
Trace,-4.0,4.321680930954507,1.8766222476953265,-4.0,3.5977374343350212,-4.0
Trace,-4.0,0.3791729460267418,-3.765538275008483,-4.0,0.3069846160256154,-4.0
Trace,-4.0,-4.820945719334423,1.120145753759927,-4.0,-2.774147832006639,-1.8437789136849894
Trace,-4.0,-5.426104261866438,-0.8500909685005746,-4.0,-4.1939444345349575,-4.0
Trace,-4.0,-1.921788576239808,-1.9280658060765115,-4.0,-2.2427343580562566,-3.8753674099899404
Trace,-4.0,1.8111182321792845,1.4089229296209373,-4.0,2.433431413695465,-0.8632147347828372
Trace,-4.0,-0.5888275599548913,-3.1617850151459512,-4.0,-0.2006203049927545,-4.0
Trace,-4.0,-2.9912881889760388,-3.6281805328482784,-4.0,-3.0520099961469387,-4.0
Trace,-4.0,-1.1739094571275652,-0.6821287347925251,-4.0,-2.064655748774788,-4.0
Trace,-4.0,-1.6381797608343363,3.692204336808476,-4.0,-1.6177801141510908,2.814990774158253
Trace,-4.0,1.8843953336754344,-0.4387616896621176,-4.0,2.456603205450858,-4.0
Trace,-4.0,-3.4411422484926946,2.737400736947568,-4.0,-1.8441339421229324,-4.0
Trace,-4.0,-0.33761051767027234,-1.5722877934041348,-4.0,-0.8747325038411737,-3.0036492014102176
Trace,-4.0,-5.438308215331051,-0.614455042976488,-4.0,-5.507535062719945,-2.1682725595747248
Trace,-4.0,-0.7365607704348777,-2.1119376232343763,-4.0,-0.20731350696240386,-4.0
Trace,-4.0,4.407114388084818,-0.5700928593345447,-4.0,4.38288181533056,-0.6098906851627353
Trace,-4.0,-2.6621523359669452,3.2610363159196147,-4.0,-2.4789558442614417,1.6024698133257114
Trace,-4.0,3.336989111002153,-3.9441973785432882,-4.0,3.3339340996206444,-4.0
Trace,-4.0,-0.07828820446655027,-2.338277486162554,-4.0,-0.3908403408985187,-4.0
Trace,-4.0,0.6446440278235702,3.9029208298273863,-4.0,1.065152619774187,0.9264298592427487
Trace,-4.0,-3.674828572180017,-1.0621835916968698,-4.0,-2.1484358583550955,-2.679777901178458
Trace,-4.0,-0.9443422821473509,2.993007792123459,-4.0,-0.971013531619605,1.8817060372219654
Trace,-4.0,-5.505259386847583,-1.0223978090604104,-4.0,-3.923872205346086,-4.0
Trace,-4.0,-1.914739588637436,3.6152925321709226,-4.0,-1.9061693317896748,3.0176487313474203
Trace,-4.0,-1.356529841294397,0.06164932422091307,-4.0,-3.2149258422664815,-3.8663842583568924
Trace,-4.0,0.8357932213573607,3.885590674857822,-4.0,1.7841432937874284,1.944561171168747
Trace,-4.0,0.48503350105021004,3.2118111384394794,-4.0,2.826960582615637,-0.3299305338703169
Trace,-4.0,1.6012906553494801,0.09171338446645183,-4.0,1.5333275348388806,-1.587329043368063
Trace,-4.0,1.8937444990988301,1.8895825177387668,-4.0,0.8609817261133518,0.5546633566166385
Trace,-4.0,-0.6271062107798111,-3.7709786854857574,-4.0,-0.5690336039341081,-4.0
Trace,-4.0,-5.330557651445725,-3.1255944323238216,-4.0,-3.7033342024493248,-3.251285218197843
Trace,-4.0,-4.314544688146998,1.884174958133444,-4.0,-1.0636597457137302,3.059486723723915
Trace,-4.0,3.029624913027705,0.7820656940430423,-4.0,4.498829149591944,1.6157639840393911
Trace,-4.0,2.879694633373081,-2.578621605253452,-4.0,5.3847495477648915,-0.37796817103032015
Trace,-4.0,-0.7383298271165746,-3.439053458496933,-4.0,5.510004834103045,-1.1240207603369126
Trace,-4.0,5.022400917329887,-4.0,-4.0,5.041030808351943,-3.9917167554702084
Trace,-4.0,1.9321984209005607,-4.0,-4.0,5.5276179008020225,-2.0139328690842224
Trace,-4.0,-5.498897788397862,-2.2346513373203574,-4.0,-0.7362548151461503,-0.9352843668980269
Trace,-4.0,0.7484597814142013,-4.0,-4.0,5.338655368173958,-0.17444054717897417
Trace,-4.0,0.38330544309451753,-1.6595481290415481,-4.0,4.911597725730608,0.9628603891064325
Trace,-4.0,-5.472417741017883,-2.4381545623175707,-4.0,-3.8868924914716656,-1.936392085993573
Trace,-4.0,0.5414478489676515,0.6520812109333264,-4.0,2.76584291371772,0.9180907212373844
Trace,-4.0,-1.8245904280100051,-4.0,-4.0,-1.615781613037273,-3.8523948918740514
Trace,-4.0,-5.332991824985109,-0.14943332288220768,-4.0,2.256199481582533,3.4581762270062075
Trace,-4.0,-4.621991662129823,1.212068866320319,-4.0,1.1774436905317798,3.8203358984675813
Trace,-4.0,1.73493397140928,0.006760644409799621,-4.0,4.5808710948295985,1.4895317826351653
Trace,-4.0,4.530477685703377,-4.0,-4.0,5.112758264758157,-3.7532115740483833
Trace,-4.0,-5.508209455757112,-2.1630897456616682,-4.0,-0.7759217128978114,3.89101880406247
Trace,-4.0,-2.816598501805102,-2.481084300656413,-4.0,-1.316966595164763,0.3943036173959462
Trace,-4.0,0.9288640704434744,-4.0,-4.0,5.4306619340840765,-0.5806930915260726
Trace,-4.0,1.4672917977523132,-4.0,-4.0,5.367958210979038,-3.013710300393868
Trace,-4.0,-5.502576442809857,-2.2063803140193463,-4.0,-0.23905712067646867,1.0132372939506247
Trace,-4.0,-5.520006372252095,-1.3382020101319447,-4.0,-1.942004091880953,0.015816787548522115
Trace,-4.0,-5.262746003494514,-3.328453626422322,-4.0,0.4114075905132868,-2.768964258080463
Trace,-4.0,0.08200581428688831,-4.0,-4.0,3.52965829329287,-1.419753588790849
Trace,-4.0,2.778911855805604,-2.639322770112276,-4.0,5.522656709126713,-1.3949585265520996
Trace,-4.0,-5.419184647569933,-0.5300154382254757,-4.0,-0.5138823278968774,0.2607273490617518
Trace,-4.0,-0.9420313209757272,-4.0,-4.0,5.410133258737649,-0.4900492716088201
Trace,-4.0,-4.276080635821732,-4.0,-4.0,1.5548730815820446,3.7153720798988332
Trace,-4.0,3.3060855557282856,-4.0,-4.0,5.324394368251079,-3.1440319530100354
Trace,-4.0,-4.994955930235608,0.7650245448761388,-4.0,-3.952335864331552,-1.2802358020213447
Trace,-4.0,1.0867643142247339,-1.7687182278442855,-4.0,2.324526484070259,-3.3579000962917736
Trace,-4.0,-5.370522209597371,-3.0060400739785056,-4.0,-4.530639167029453,-3.4202594560256436
Trace,-4.0,2.2722990120503157,-2.573200950733793,-4.0,3.2849580667507405,-4.0
Trace,-4.0,-0.6428220170173455,1.4618381790678607,-4.0,1.2896395292690561,0.9197837201601362
Trace,-4.0,-4.230926468071257,1.9726730965261432,-4.0,-3.408154426350525,1.1941666811437373
Trace,-4.0,-3.3260551543338392,2.187813126973507,-4.0,-2.53376886498744,1.5404380576698986
Trace,-4.0,-3.1992647558153986,-1.4525029563766503,-4.0,-0.7514084546467825,-2.8972132151115466
Trace,-4.0,1.0320447673098545,-2.486972865440279,-4.0,1.8607677409749777,-4.0
Trace,-4.0,-2.630221258169136,1.1514226312110782,-4.0,-1.4253513045661799,-0.14709949578443704
Trace,-4.0,-1.187388780931966,-1.8562778755733913,-4.0,-0.4499856186452048,-2.722099008223642
Trace,-4.0,-5.349598886396622,-0.2227613607870952,-4.0,-4.3093219874215,-1.446506002503703
Trace,-4.0,-0.07166228835062996,-0.6811508258129938,-4.0,0.3812136673334927,-1.702998993234464
Trace,-1.0,4.232790176666629,-3.6329403681263392,-1.0,4.484321208808579,-1.660508300981944
Trace,-1.0,0.7273437012625328,1.7453152723004837,-1.0,0.7202057785296272,2.484080730029149
Trace,-1.0,5.033146201358749,-3.144566454788449,-1.0,5.311730547841501,-1.0802602350899326
Trace,-1.0,-4.385822343366036,-4.0,-1.0,-4.552028274737599,1.533910212039446
Trace,-1.0,-5.0604556580281495,-3.9336071316835244,-1.0,-4.915851169068087,-3.6516261351978114
Trace,-1.0,2.522604855267072,3.2878552009843895,-1.0,2.5307668140522255,3.324840104533468
Trace,-1.0,4.358408795566386,0.10720686871721763,-1.0,4.617917080059381,0.5468869326104424
Trace,-1.0,2.15187749841834,-2.4642159405971475,-1.0,2.7530399020650336,-0.5005945466269429
Trace,-1.0,3.5313948181313277,-4.0,-1.0,4.899758594592918,0.9909584571668765
Trace,-1.0,-3.1593051666075276,-3.4911999765162642,-1.0,-3.1111760078309736,-2.9837313933678278
Trace,-1.0,-0.6796753992339268,-3.788603446550889,-1.0,-1.1344667759381564,-0.44077524630212817
Trace,-1.0,5.436333167805256,-0.9673394172603014,-1.0,5.491745367093689,-0.8504053651245983
Trace,-1.0,-5.119826686455347,-3.7559981317045565,-1.0,-5.041140362709493,-2.723321905492716
Trace,-1.0,1.5130249037676118,2.5701497076102835,-1.0,2.033921413073246,1.9295483007317196
Trace,-1.0,0.20960403715437237,2.4636382185189794,-1.0,-0.5137984923617416,3.914783675621859
Trace,-1.0,0.027978296833619742,-2.9855480737905267,-1.0,2.2484948044907034,-3.905517345036691
Trace,-1.0,5.108308612411555,-2.903509810655107,-1.0,4.917733347503173,-4.0
Trace,-1.0,-3.1278507048873756,-3.910905958132116,-1.0,-3.06503043371386,-4.0
Trace,-1.0,-0.9527007908043168,-1.6897361431929763,-1.0,0.892624417824138,-1.1623880270825955
Trace,-1.0,2.2179631627636853,-0.07917597567330192,-1.0,2.2007558954615094,-2.532151873317452
Trace,-1.0,5.4685885366269344,-1.0052593628895514,-1.0,5.509688901776455,-1.1172551229368264
Trace,-1.0,4.873611376932023,1.0391127909542763,-1.0,4.87271023508812,1.0381614587850083
Trace,-1.0,4.173920215133223,2.0330062064295786,-1.0,4.062119726683418,1.7348879103453387
Trace,-1.0,0.745841846769058,3.8937459342786007,-1.0,0.3646599109281991,0.04397116773168808
Trace,-1.0,0.3870839509419985,3.9262719931978007,-1.0,0.4084347445101919,2.8693223451339285
Trace,-1.0,4.965797696155818,0.7734879545264792,-1.0,4.4246776262159315,-2.868775909660326
Trace,-1.0,-2.076815490287223,1.7001868443773587,-1.0,-0.7916399186862988,-0.47833979760119094
Trace,-1.0,-3.9828056552106155,-2.058988959085572,-1.0,-2.469711073220817,-3.1288893115727543
Trace,-1.0,0.5199123762152746,3.914229372709621,-1.0,1.6084172640839909,2.3833591849706517
Trace,-1.0,-4.374508589074789,1.8070473329218253,-1.0,-2.998027778708127,-4.0
Trace,-1.0,0.5085291947018614,-3.887888652018035,-1.0,0.48908283558736515,-4.0
Trace,-1.0,-0.014210960003994355,-1.3968751304554052,-1.0,0.7154771745817405,-4.0
Trace,-1.0,-0.0986863131273616,0.9529247509077565,-1.0,-0.14000936821522306,0.674308132843384
Trace,-1.0,0.5706724908252601,-0.1245944372256289,-1.0,0.2540437161250314,-3.434348650119574
Trace,-1.0,-2.6489443552396614,0.5720549137871054,-1.0,-2.429174077115134,-1.5522714025821351
Trace,-1.0,-4.656628671373841,1.3729688996790483,-1.0,-4.280959206368971,0.1264743320549131
Trace,-1.0,-2.4508626663458797,-1.212110299224193,-1.0,-2.9752347410203153,-4.0
Trace,-1.0,2.924682621379229,3.1162669844514674,-1.0,2.5515952000890154,2.231051634307991
Trace,-1.0,2.8890048917602,-0.6363297876203609,-1.0,2.5962802446145314,-4.0
Trace,-1.0,5.504845220643908,-1.0135285097782367,-1.0,4.495565679618049,-3.1515087094389225
Trace,-1.0,-3.8883837326182973,2.335206458036006,-1.0,-3.130872620467316,0.7466662137435056
Trace,-1.0,-1.8608612085676817,2.7931668783496937,-1.0,-2.2880035362417197,0.9778153482735861
Trace,-1.0,-3.6083657822341153,-0.23553817197303406,-1.0,-3.9992923538429133,-1.8104199527897662
Trace,-1.0,0.0714190818334709,-1.5742387489019192,-1.0,-0.623624986661373,-2.7216942192290077
Trace,-1.0,-2.4104077866059286,3.383289177407244,-1.0,-1.4540105503527738,1.425789192135765
Trace,-1.0,-5.2108721131967215,0.2525859601831099,-1.0,-4.262750698215718,-3.40286711295094
Trace,-1.0,-5.248170816525315,-3.3720554377886223,-1.0,-4.859726095287373,-3.4020598740638768
Trace,-1.0,1.8481307433564904,0.7191514858156351,-1.0,4.170283933753394,2.0368546994074896
Trace,-1.0,-5.311733288662753,-3.1819076938201216,-1.0,5.322820292788587,-3.148740814826828
Trace,-1.0,-0.6158558024431532,-4.0,-1.0,-0.49502819720419944,-3.808312324927668
Trace,-1.0,2.517111415431302,-2.862958386457379,-1.0,5.3782917760003714,-0.349454051584629
Trace,-1.0,-0.997039400620638,-1.9949227413150612,-1.0,5.191721093648519,0.29803749243104977
Trace,-1.0,3.608690033775654,-4.0,-1.0,5.287828366618674,-3.253419496989074
Trace,-1.0,2.8156472187871917,-4.0,-1.0,5.459200304373488,-2.5397325899069174
Trace,-1.0,-4.329512702730962,-4.0,-1.0,0.12887994617346887,0.05380641389606833
Trace,-1.0,0.35297204515694824,2.161833763001354,-1.0,2.227238121442897,3.4722405201900366
Trace,-1.0,-5.3527003675152365,-3.059354285199763,-1.0,0.7187444245718932,-1.4029137604979027
Trace,-1.0,-0.0976076440662812,-2.4360340556183244,-1.0,3.3072564756543654,0.1417852608937229
Trace,-1.0,0.7121171798780297,-4.0,-1.0,5.332884886730452,-0.1489611398633849
Trace,-1.0,1.03330810813351,-2.061048468115067,-1.0,5.175084208897751,0.3375221737479681
Trace,-1.0,2.1476179080376028,2.1932409639569537,-1.0,2.9234673456396747,3.117158490650511
Trace,-1.0,-3.1713529791752895,-4.0,-1.0,0.05829748485024222,-1.7169885954586666
Trace,-1.0,-5.5151877503753886,-1.2350120367036412,-1.0,3.205331761136518,2.9103874134977414
Trace,-1.0,-5.248592712149284,-3.370793332990142,-1.0,4.801942543984129,1.149384610191103
Trace,-1.0,-4.489916191272458,-4.0,-1.0,-3.7230456075659735,-3.2771845243598663
Trace,-1.0,-5.434405539496765,-2.730284160417919,-1.0,-0.2193158859864521,3.941482345440849
Trace,-1.0,2.4215571360352666,-4.0,-1.0,5.533914049856044,-1.6360325764476438
Trace,-1.0,4.795336443435771,-2.287737866787367,-1.0,5.518622037990831,-2.083067454360466
Trace,-1.0,-5.461740363932648,-2.5202118426606366,-1.0,2.2140122741866612,2.1749335221889634
Trace,-1.0,1.3764995346047337,2.444557522065706,-1.0,2.269132045169172,3.451895880882129
Trace,-1.0,1.8362433789767483,1.2690931889700265,-1.0,5.131625221152863,0.4406643369094621
Trace,-1.0,4.44345493701182,-1.9037578728831956,-1.0,5.523541616327584,-1.413908664761915
Trace,-1.0,5.0806590854279525,-0.6893942973119802,-1.0,5.455331819008956,-0.6896223121783581
Trace,-1.0,-1.1223771424841538,-4.0,-1.0,5.390074646905606,-0.40148100463536046
Trace,-1.0,-3.197350865291499,-4.0,-1.0,2.3900866768500912,3.3931575690866707
Trace,-1.0,-3.544352878079524,-4.0,-1.0,5.3506938676446705,-0.22759622136070118
Trace,-1.0,0.9630837704674984,-2.2236323155137083,-1.0,1.4565167048354348,-4.0
Trace,-1.0,1.3082079491536454,-2.4042154416646655,-1.0,3.9025626417425703,-3.6040378119731056
Trace,-1.0,-5.531906953630754,-1.5930509498633139,-1.0,-5.174475736791251,-1.7419293713760666
Trace,-1.0,4.789124817414815,0.1382844153275007,-1.0,5.371344556002718,-0.3187787864851469
Trace,-1.0,-2.896863230920909,-3.6302552336123357,-1.0,-2.487221910900883,-4.0
Trace,-1.0,-1.9056840369714871,-0.7467911532404019,-1.0,0.45841276704006484,-3.4496697301958923
Trace,-1.0,-0.1691927154119071,-3.1498135415346598,-1.0,0.25206656885047046,-3.498064060913822
Trace,-1.0,-1.6546535750692462,1.6995709810587984,-1.0,-1.373461054345972,1.179264319793263
Trace,-1.0,-3.9684454541835383,1.7877475149599615,-1.0,-3.4766364738007858,1.2790006094800777
Trace,-1.0,-2.0335696515298096,-1.8801690623878073,-1.0,-1.8248196339844138,-2.351182858109709
Trace,2.0,0.3052868471772223,2.7592810124770093,2.0,0.03218604826543277,3.9584480936461186
Trace,2.0,0.623925037644453,-4.0,2.0,0.6455121541375805,-3.295071029729866
Trace,2.0,1.795272551780359,-4.0,2.0,1.8614440018570881,-3.310805867707039
Trace,2.0,-1.0021484518619737,3.3387761309223425,2.0,-0.9918602048058159,3.871441177500325
Trace,2.0,-2.9171564670755865,1.5399584185006514,2.0,-2.585399670508207,3.298309150636196
Trace,2.0,-2.033496124167427,-4.0,2.0,-2.1923529765258625,1.2892189241640857
Trace,2.0,2.5100812862078907,3.0621979871456917,2.0,2.5484997262527065,3.3162286002744072
Trace,2.0,0.42200058719971584,-4.0,2.0,1.1188189185413473,0.9284676234101092
Trace,2.0,1.00078475486646,-3.1714429520790466,2.0,1.173946222583453,0.14425478217252774
Trace,2.0,-2.9777302097555687,-0.211138102078131,2.0,-3.8981231752741508,2.172426562799543
Trace,2.0,0.5466160211613923,-3.0589221182359325,2.0,0.24204132277729698,-0.8168748487344568
Trace,2.0,-5.399751122456282,-1.404895668997205,2.0,-5.074802375783024,-0.6345827720052067
Trace,2.0,0.9754652321986771,-0.7122928199367633,2.0,0.8773495261324317,1.2439754710394189
Trace,2.0,1.6300938354754198,2.7978005220019297,2.0,1.9257140919103846,3.612240502313845
Trace,2.0,4.490174663346924,-2.8528662508105143,2.0,4.77661656199918,-3.4304586576398695
Trace,2.0,4.199282530339344,-1.5589957489378667,2.0,5.509695749940593,-1.117401775214917
Trace,2.0,3.110286854114182,0.3176199642863696,2.0,3.677994328135306,-1.4520391918914157
Trace,2.0,0.4610965556226054,-4.0,2.0,-1.699749455808056,-0.7778904051785833
Trace,2.0,-2.8980659009811003,-1.8884452084522825,2.0,-1.3899551177170189,-2.5615474399848783
Trace,2.0,3.856412145453922,-2.6840223607343088,2.0,3.2292725424011626,-4.0
Trace,2.0,-4.506971160754919,-2.5257477082450492,2.0,-5.161016784417457,-3.6327775592824882
Trace,2.0,1.8249304273403042,1.268477510495658,2.0,2.0056918914978827,-0.6088725212636901
Trace,2.0,-0.6133484613976189,3.9057581790518086,2.0,-0.5973492472877808,3.8517428979222874
Trace,2.0,5.503252376002516,-0.9794180108791157,2.0,4.967506640284476,-2.6855646992881423
Trace,2.0,-5.178276055027059,0.32994689573670866,2.0,-4.151921615293321,-4.0
Trace,2.0,4.748926121050027,1.2309572710801535,2.0,4.706286965092306,-0.15548923335698417
Trace,2.0,-0.203899619352851,-1.348006624383477,2.0,-0.03365557745442123,-3.3199793840382528
Trace,2.0,-1.9957780580267999,-0.6953923077228576,2.0,-1.702838158053427,-3.0524149147056336
Trace,2.0,-0.19242031627300277,0.5686504458875093,2.0,0.5967133629045291,-0.7185462231873215
Trace,2.0,1.3874176655479356,-3.1051048541522674,2.0,1.638267856125885,-4.0
Trace,2.0,0.6172890863926188,-3.6015492825793656,2.0,0.5661257398544435,-4.0
Trace,2.0,-2.4836076377764607,-2.6492972422541783,2.0,-2.5545404866708177,-4.0
Trace,2.0,1.2786074391755755,3.7922020710281394,2.0,-2.841325194633294,-4.0
Trace,2.0,2.5414722697560554,-3.0743400906912774,2.0,2.5639628014633447,-4.0
Trace,2.0,3.2342089142734003,0.23805608804663803,2.0,4.074255424935351,-1.6355944234970217
Trace,2.0,0.32580386802874184,0.6602744852096738,2.0,-1.96275921476497,-2.2976876461239524
Trace,2.0,1.4519363086178938,2.938632267583773,2.0,2.2093744280909493,3.4809155347417176
Trace,2.0,-5.36335483625229,-0.2835003914583992,2.0,5.3557835799393585,-0.25006971060854294
Trace,2.0,-1.9462330138784354,-4.0,2.0,0.21485342280941744,-0.5715315315585405
Trace,2.0,-0.4871546371236537,-0.2660247832199527,2.0,4.51688029718889,1.5879899461075209
Trace,2.0,2.1949791502214224,-4.0,2.0,5.457967594066418,-2.5492061576606373
Trace,2.0,3.6990960166738263,-4.0,2.0,5.341542965077582,-3.0927317614168843
Trace,2.0,5.19511311971004,-3.299137036312171,2.0,5.352557300855714,-3.059782270481495
Trace,2.0,-4.9682670539395986,-4.0,2.0,2.887904556987847,3.14324676469934
Trace,2.0,-3.8993874728838733,0.5071269444305115,2.0,0.9216706259169902,3.877804773688748
Trace,2.0,-5.087841093162368,-3.8516833402817703,2.0,1.3384275629763849,-2.0984380767288853
Trace,2.0,-1.8428901348647144,-4.0,2.0,4.853598572366878,1.0699050932237157
Trace,2.0,1.4494252244938397,-3.3552243065404888,2.0,5.327114405286944,-0.12348173254779582
Trace,2.0,2.9345974682933402,-1.7379081075339466,2.0,5.372940085595523,-0.3258238049601501
Trace,2.0,-5.094516116563017,0.5287361839310952,2.0,-2.5172689300741204,1.0822592896728214
Trace,2.0,-1.6517977928266014,-0.1741629289079034,2.0,0.7611758984295789,3.8923557035029672
Trace,2.0,0.49200354211078245,1.0874746026167958,2.0,2.417142026155035,3.3800188779830416
Trace,2.0,1.3036277123952256,-4.0,2.0,5.371514659969614,-0.3195298760261126
Trace,2.0,-4.518115530340573,-4.0,2.0,-0.16667237903473975,-0.924003247007116
Trace,2.0,-5.499928745506165,-2.2267282738392797,2.0,3.9529927434790544,2.2668268969858953
Trace,2.0,2.9156889901213474,-4.0,2.0,5.413834258453856,-2.8764716651396114
Trace,2.0,-5.164419964333726,-3.622596913979734,2.0,-2.7111506331909516,-1.3102627651163292
Trace,2.0,-5.158411156982425,-3.6405723187015755,2.0,-3.8193120755322956,-2.8738514524978527
Trace,2.0,2.369827376646399,0.44629856771773424,2.0,4.163572851559194,2.0439574370674056
Trace,2.0,-5.299311189857985,-3.2190685213281056,2.0,0.29264746106987416,3.9348338865231645
Trace,2.0,3.91425020162706,-4.0,2.0,4.121176607574565,-3.842830595501284
Trace,2.0,4.020606269411523,-0.3564931095155981,2.0,5.29802066954239,0.004980883721722394
Trace,2.0,-5.42090428505544,-2.834043371301927,2.0,3.172838626083305,2.4226231861326735
Trace,2.0,0.4285947581151426,1.1921096712228865,2.0,2.382341689983334,3.396918710327061
Trace,2.0,-2.9142584931289903,3.0140950623119624,2.0,4.86026263620107,1.059651564426324
Trace,2.0,2.7837479554086855,-1.9339299493828586,2.0,5.3629202160427125,-0.28158133748416325
Trace,2.0,-4.289279528920061,-4.0,2.0,-1.2902365167681458,-1.6287051608810499
Trace,2.0,-2.1942043701323932,-0.6178876895234293,2.0,-0.815933361719034,2.373224645450054
Trace,2.0,5.116983247968351,-0.9900234475529704,2.0,5.503758605391535,-0.9902588277222136
Trace,2.0,-1.302722963992581,-4.0,2.0,5.370016035073562,-0.31291273766190025
Trace,2.0,-5.495966028624966,-2.257182360778892,2.0,-4.753186048735844,-1.3524204149777113
Trace,2.0,-2.1186210947612683,-4.0,2.0,3.140115639028918,2.9582288829224836
Trace,2.0,-0.10010187575115248,0.36599451795645066,2.0,4.0756997479367065,2.1369587719240304
Trace,2.0,-5.528676445045295,-1.5238701542701067,2.0,-4.1330224027318,-2.862206002368055
Trace,2.0,0.20816518767222458,3.5337884760834233,2.0,2.692034789175343,0.56332384213797
Trace,2.0,-1.6533167135448772,-0.11219837317503553,2.0,-0.6129708345987068,-0.23618293311167762
Trace,2.0,-4.246118912531374,1.9565940284577605,2.0,-2.948324692949087,1.308686740650311
Trace,2.0,-2.2785767759768207,-0.8734616234721027,2.0,-1.1481959797601984,-2.4428563915203076
Trace,2.0,-2.628189105034387,0.5456468166929791,2.0,-1.0207771884550771,-1.2173018533588367
Trace,2.0,4.131289306521101,-2.108907388363363,2.0,4.6411079237801545,-2.4155828378777873
Trace,2.0,-0.4043495082466714,-2.0875367252711112,2.0,0.9822856614101662,-3.0730377029091653
Trace,2.0,2.0357936737202014,0.06781422168669626,2.0,3.45158773519117,-1.8521857553333088
Trace,5.0,-1.1001658733182564,-2.814879321505652,5.0,-0.8499012341597091,-2.1171370465555883
Trace,5.0,1.0446207134821521,3.746335916378633,5.0,1.0176470014244523,3.8647756561575553
Trace,5.0,4.376299759751127,1.161591078553719,5.0,4.520586141143925,1.5822880232782952
Trace,5.0,-3.6153256567127965,-4.0,5.0,-3.7136549049846503,-3.2102156868049505
Trace,5.0,3.5060110728760714,-4.0,5.0,3.4716777794461056,-2.709838635459281
Trace,5.0,4.3267759627865345,1.8595547768519674,5.0,4.328118001567482,1.8698095127981398
Trace,5.0,-4.855282196498272,-4.0,5.0,-3.4489754821011607,2.7316544062234263
Trace,5.0,-3.2038099051443756,1.8487101805393615,5.0,-3.3935736014540407,2.4549310772194417
Trace,5.0,-3.8182433637637305,-3.444056300656565,5.0,-3.8610880706409225,-1.9472754884431218
Trace,5.0,1.4379313894162962,-4.0,5.0,2.2409575697206643,1.679656163408851
Trace,5.0,-1.6507220098843178,1.4362231022539016,5.0,-2.43146563410893,3.3730630091722356
Trace,5.0,2.733994861993883,2.97836070893433,5.0,2.698095343149346,3.2435815766226876
Trace,5.0,3.7593728631302628,-2.308189165171364,5.0,3.82760641839771,-1.0016522803606906
Trace,5.0,2.27840014191856,-4.0,5.0,2.1507465367193905,-3.0995608551955605
Trace,5.0,0.7561090864098412,-0.9366024161645455,5.0,1.9606912047510774,1.1109961391969163
Trace,5.0,-0.2624164003338635,-0.48972531195049407,5.0,-0.5362977148110916,1.5625272983468388
Trace,5.0,-2.0171705727632823,-3.255986629243978,5.0,-1.962594190214244,-0.4829559441939848
Trace,5.0,-3.6342442226238885,-3.545393881121393,5.0,-3.054216316297165,0.05705977889563307
Trace,5.0,2.0650801100906757,1.8435794761198998,5.0,-0.27204922552922406,1.7986039731034744
Trace,5.0,0.584323265539822,1.6805636213934223,5.0,1.7108214260696282,-0.4444552503791085
Trace,5.0,-0.13395860204166166,-0.6412776466984993,5.0,5.12165131904061,-3.7505397258560724
Trace,5.0,-4.018763270879738,-0.891790818777844,5.0,0.21003963195057707,-1.0608193671470798
Trace,5.0,0.6563940324037524,3.5895454607251613,5.0,0.8696737114906682,1.7064656235730473
Trace,5.0,-4.058225671462822,2.155452626931584,5.0,-3.7178778019719934,1.4592346494080892
Trace,5.0,1.8705253351366455,-2.415458145917997,5.0,1.013143888061128,-4.0
Trace,5.0,2.347172427596448,-3.3966081645785993,5.0,2.1050091321425013,-4.0
Trace,5.0,1.3683042600271336,1.893954921450848,5.0,1.4917403576854278,-0.9116302522199367
Trace,5.0,2.317603869957433,-3.7572746029174207,5.0,2.3032248897458336,-4.0
Trace,5.0,-1.0153022466068158,3.8654277368515935,5.0,-1.3480707830615661,2.7870738066355907
Trace,5.0,-4.090543353308409,-1.8782405979251184,5.0,-4.453089813800555,-4.0
Trace,5.0,-1.7543357008645126,-0.20849616675889138,5.0,-3.4868515327550904,-3.5356050254917424
Trace,5.0,4.720677890488657,1.2744208471717067,5.0,4.357974115254577,-1.3425643702656926
Trace,5.0,-0.035292966748547136,-0.5003393182697302,5.0,-0.023219815660907264,-2.3710933315387734
Trace,5.0,4.454595222950586,1.683823632314635,5.0,3.6198960273274916,0.3763333037454333
Trace,5.0,-1.43590900275617,-3.987604452727016,5.0,-1.4325278902380556,-4.0
Trace,5.0,-3.093762978429411,1.2037160804377876,5.0,-2.8975554441607265,-0.5212817945901087
Trace,5.0,1.0180521202940465,3.864662991843288,5.0,1.5657907876656838,1.6575429355413118
Trace,5.0,5.238369294512694,-2.262270458055082,5.0,5.071385103245131,-3.7874086854047224
Trace,5.0,-0.8299316188415826,-3.7332225339005993,5.0,-0.8822911256908387,-4.0
Trace,5.0,-0.1776565369991787,-0.08074274996885578,5.0,-0.5180245611993163,-1.5868417899515541
Trace,5.0,-2.9868837701292983,-2.3781743042117367,5.0,-1.857787253956078,-4.0
Trace,5.0,-2.929948546612701,2.2913872337832877,5.0,-2.438823160811523,-0.36585885886427993
Trace,5.0,0.5923212470657555,3.9076645689047433,5.0,-3.588659304731738,-4.0
Trace,5.0,-5.4603679752801995,-2.530758859919154,5.0,-4.18413210295113,-4.0
Trace,5.0,-4.845147175874734,-3.742385364664138,5.0,-4.794679433057733,-4.0
Trace,5.0,-3.5165459510920742,2.6820858268327243,5.0,-4.291843073071621,0.26036535784399595
Trace,5.0,-2.774543025006519,3.0474436310139517,5.0,-2.7029959889032833,2.213685519465641
Trace,5.0,-2.38582471278396,-1.571416737386541,5.0,-3.070031589865454,-3.417947838841479
Trace,5.0,-2.5978629125045725,1.402703807317414,5.0,-2.491633711069934,-0.361036661460168
Trace,5.0,-5.418001356954557,-2.856352818939518,5.0,-2.8190861300036776,-4.0
Trace,5.0,-1.1599011281304303,2.551531538470196,5.0,0.7183305199200335,3.8962401930766513
Trace,5.0,-3.6004078019280032,2.620566158949837,5.0,3.569923585867221,2.642928876073724
Trace,5.0,-3.2766102253137173,-4.0,5.0,-0.7822675041100702,-0.04283511110278315
Trace,5.0,1.0138266554766364,1.8300783577453053,5.0,3.4483811265723836,2.7320904156170926
Trace,5.0,0.7812682666671887,-4.0,5.0,5.544779698226857,-1.882041824004627
Trace,5.0,-4.145792235060143,-0.30732775778327937,5.0,-0.3570781712897857,3.885645913932974
Trace,5.0,4.582544814560456,-4.0,5.0,5.141468197574857,-3.6912573439871403
Trace,5.0,-5.1708375697817255,-3.6033985858376436,5.0,2.4773804205642773,3.3507657477498642
Trace,5.0,-4.748247347639425,1.2320016522394095,5.0,-0.9702755532690115,3.8733981062698453
Trace,5.0,0.773954680519898,3.7838247512646968,5.0,1.8694489742074232,3.6278879366323253
Trace,5.0,-2.4624468973551132,-4.0,5.0,1.207628465667634,-2.99871253577998
Trace,5.0,-1.5224376478931114,-4.0,5.0,4.940877641966299,0.8933697255073518
Trace,5.0,1.5346842076974978,2.2643261682310962,5.0,3.6629159464961623,2.573832433586054
Trace,5.0,-5.371785260633233,-0.3207247060581849,5.0,-0.43777031040152536,0.7389684787267234
Trace,5.0,-3.001873681758305,-2.3953696340143775,5.0,0.7307472607825014,3.895114454383302
Trace,5.0,-0.46091617232948767,0.8185096526804223,5.0,1.8927794670132603,3.621399683009106
Trace,5.0,-5.338695505292575,-3.101249964626306,5.0,-0.6036036963899343,-2.249944076488529
Trace,5.0,0.8906237562489336,-4.0,5.0,5.3012789829123745,-0.009406112290387353
Trace,5.0,-5.19625658292517,-3.5273573646484992,5.0,-1.9058767519278899,-1.2014169066596088
Trace,5.0,-5.3249066997903425,-3.1424993083050867,5.0,4.542740575746033,1.548200544701464
Trace,5.0,-5.418917042213615,-2.8493156372975537,5.0,-3.575079918020195,-1.1114030921517268
Trace,5.0,-5.075709174698557,-3.887976090521494,5.0,-0.5245399290880579,-1.2821372287283674
Trace,5.0,0.8542856164541348,-0.9155938051022261,5.0,4.169742477604873,2.0374277546713064
Trace,5.0,-3.2483947553235866,2.878797112615709,5.0,0.9031001816023259,3.8794884254576996
Trace,5.0,-5.144396726441925,-3.6824966218425477,5.0,0.7755829486080944,3.8910495174415347
Trace,5.0,2.9715085466608233,-2.833895620320225,5.0,5.5271599499288655,-2.017452291774089
Trace,5.0,-5.3327791279665115,-3.1189488640426952,5.0,3.1697823712919897,2.0819433604328297
Trace,5.0,0.36210103778743363,0.9343367355871397,5.0,2.4955513347974967,3.3419415397719923
Trace,5.0,-4.398886064467951,-4.0,5.0,3.039374613722355,0.19865756790173839
Trace,5.0,-2.3359022588450453,3.419470751103808,5.0,4.432394092596027,1.7179829583788835
Trace,5.0,2.4075092950691914,-2.206228593963585,5.0,5.369103028878363,-0.3088813830935015
Trace,5.0,-3.5343464264894675,-4.0,5.0,0.13545351667568317,-1.098348496315019
Trace,5.0,-0.5176424310924252,-1.536917414350324,5.0,5.264831922490658,0.12452196828737261
Trace,5.0,0.7333778634707127,-2.643068769697847,5.0,4.924024245060697,-0.20592336355176832
Trace,5.0,1.4346673179068312,-2.9898133954623507,5.0,5.453459290437744,-2.583853162423768
Trace,5.0,-0.10769382835041952,-1.0966766904441068,5.0,1.697019365853381,1.0796071266596643
Trace,5.0,-2.432535910819311,-3.7637968904828223,5.0,1.0752439117823052,3.8487578478143862
Trace,5.0,-5.444380713015526,-0.6412679949702649,5.0,-1.3054699293360192,-2.7298263678298196
Trace,5.0,-1.4830687855010083,-4.0,5.0,3.6753682467317668,-1.149655114971464
Trace,5.0,-5.453937336593709,-2.5801793044037793,5.0,-3.1825505161798175,0.186540875119098
Trace,5.0,-1.039891324231034,-4.0,5.0,3.81038200637165,2.4177603267740935
Trace,5.0,0.7981191695114571,-4.0,5.0,2.1883317778735947,-2.943976584762451
Trace,5.0,-3.8912907241511565,-1.3896686887394016,5.0,-2.8783382442140883,-1.9352906821357119
Trace,5.0,-2.0446574727278146,-3.537184142700767,5.0,-1.0112392937057268,-4.0
Trace,5.0,-0.03210691868005011,-2.8319244430689166,5.0,0.3158936786578558,-4.0
Trace,5.0,-5.334080728429186,-0.1542413470740511,5.0,-4.589049918174629,-1.0333022424869212
Trace,5.0,4.1655570467373195,1.072636443411239,5.0,5.487213698528749,-0.8303959031211702
Trace,5.0,0.9117222712534908,1.5231217973825106,5.0,1.5354126148326297,0.5532735522292846
Trace,5.0,-5.349432868673335,-3.069129039269488,5.0,-4.984803375694316,-3.0529213666185466
Trace,5.0,-3.041212581729391,0.8812520604216377,5.0,-1.2052997725247718,-0.4050708864343232
Trace,5.0,0.4811925855259916,3.9177398242089403,5.0,0.5764033969175346,3.7312551475525004
Trace,5.0,1.2009472042455163,3.813799527406727,5.0,1.5164461912538867,2.8071263099201205
Trace,5.0,2.944596804405924,-1.8431185380207928,5.0,5.139273765411158,-2.7688070048540476
Trace,5.0,0.8497331795904857,0.399579459962505,5.0,2.0845697399215424,0.050744305525585315
Trace,5.0,0.0032295178801591273,-2.551090942708096,5.0,2.3659304286342824,-2.491645966137158
Trace,8.0,-0.3742875091077022,-1.8005030850723214,8.0,-0.2945938155318238,3.9346574242330146
Trace,8.0,-3.1317812234743583,-4.0,8.0,-2.7659979152208916,-2.836059245795769
Trace,8.0,4.794543159787981,-4.0,8.0,4.502515415650324,-2.6115644213343168
Trace,8.0,-2.8466710052213684,-4.0,8.0,-1.2151171144627158,3.8098588489104532
Trace,8.0,2.4318918888661107,1.0327623900912182,8.0,1.9685505413051914,2.784080779536633
Trace,8.0,2.5423489919843663,-3.374149170571032,8.0,2.846195878808598,-1.225096143645142
Trace,8.0,-4.313208701212598,0.043758340283045705,8.0,-4.019985274125284,2.195924715104518
Trace,8.0,3.80783812931763,-0.14536744017057002,8.0,3.8472303655939197,1.764062666638528
Trace,8.0,-4.367085953359938,0.13757964371188658,8.0,-4.958472253161309,0.8516120511387814
Trace,8.0,3.634295744266032,-4.0,8.0,3.222587195204329,-3.0295940873162106
Trace,8.0,0.18210838882442437,1.8079515759271678,8.0,-0.41508126911164556,2.9399579505508355
Trace,8.0,0.2807459610164664,-3.849769141573037,8.0,0.2612381435412885,-4.0
Trace,8.0,0.9489006016544668,-4.0,8.0,0.9756343869999962,-3.133818951124852
Trace,8.0,2.1250562156773016,3.211621780626157,8.0,4.245712687813931,1.9570239602504997
Trace,8.0,-4.723655505178039,1.2698393997659265,8.0,-3.979935214597737,-4.0
Trace,8.0,2.037390663204757,1.8328401415718814,8.0,2.4422908572404616,-0.1889649770175308
Trace,8.0,-1.2729746254124554,0.7252611696437017,8.0,-1.6891880771179004,-0.8132558719451923
Trace,8.0,2.7345813117008113,3.2258631629732717,8.0,-0.48049341574898574,-2.053562894689585
Trace,8.0,-4.077007790606804,-2.3129088336018055,8.0,-5.049899792293437,-3.96518510509447
Trace,8.0,-0.14725460171964655,0.3634028772424869,8.0,2.3227848720734396,-1.5123911155888523
Trace,8.0,-4.285192468597409,1.9152401588215175,8.0,-3.635961981328548,0.5871697423116853
Trace,8.0,-0.8606897205126777,-2.486355687325427,8.0,-0.9585266789367749,-4.0
Trace,8.0,-3.6686417201652204,1.2843934340034004,8.0,-3.603855268988999,-2.3545812050316854
Trace,8.0,-0.4079612851830057,3.924379191920122,8.0,-0.3125652035723129,2.883298880194425
Trace,8.0,-4.800109367166891,1.152205191108985,8.0,-3.5517311092691175,-0.22459628140507193
Trace,8.0,3.290760993720167,2.8477179402670796,8.0,4.124309933863163,1.337332829765216
Trace,8.0,4.054685249244322,-0.20862008595002757,8.0,4.044760801872595,-2.322245128352452
Trace,8.0,-2.618000141577891,3.282477622667747,8.0,-2.6653938956670133,2.2304919138252854
Trace,8.0,-0.6446359077929982,1.3521455307018688,8.0,0.3626045875495851,-2.7790437258222833
Trace,8.0,4.819166474890782,-3.4896522736185,8.0,4.582816373557577,-4.0
Trace,8.0,-3.020936396189785,-1.1993463174176986,8.0,-2.686099637579871,-3.2190260368871657
Trace,8.0,-2.294436350793199,-3.186850252673759,8.0,-2.2596890697483794,-4.0
Trace,8.0,0.31088591567476076,-1.883238689551439,8.0,1.7384470164792094,-4.0
Trace,8.0,-3.742762631179627,2.48932593554155,8.0,-3.79296422627204,2.112118848459577
Trace,8.0,4.291872344067372,0.5301781209179672,8.0,5.471334594567143,-2.446478708898837
Trace,8.0,-4.576535337429746,-1.4941100436728139,8.0,-4.9200810327812,-3.6421096155473114
Trace,8.0,-0.1329946814661071,3.94930848283563,8.0,-4.335993414830181,-4.0
Trace,8.0,2.1319985148288043,0.5514532319764389,8.0,3.26507561399194,-1.2168769533510846
Trace,8.0,-3.250424749763151,2.877307942242276,8.0,-2.646959021705767,1.1919444144493831
Trace,8.0,4.402869638392659,1.7634101705025527,8.0,3.7773386742504327,-0.05282467136743674
Trace,8.0,-4.213595458518695,-1.9815551660821735,8.0,-3.818174000278706,-4.0
Trace,8.0,4.008924388437084,2.207631108657186,8.0,5.436768957524296,-0.6076584910759308
Trace,8.0,0.6804587097201837,-2.452794109675265,8.0,0.07425933182311578,-3.859816776866897
Trace,8.0,4.034455011311087,2.180610531152561,8.0,4.002663409604919,1.1444549002084374
Trace,8.0,1.351798436873909,-1.832421924934207,8.0,0.9284867199696466,-4.0
Trace,8.0,4.117619011155931,-3.126649867206485,8.0,4.02939020495414,-4.0
Trace,8.0,1.7233434525186617,-1.6621558018029357,8.0,0.9493979800643346,-3.2443024859871423
Trace,8.0,-2.161418099576802,-2.357442364835432,8.0,-1.6024364478969464,-4.0
Trace,8.0,-5.506912587448473,-1.057800820635589,8.0,1.179175897360344,-4.0
Trace,8.0,-2.747451306490241,2.8977631129560235,8.0,-1.637574677898797,3.6923726115029516
Trace,8.0,4.882403346994417,-3.908176855110255,8.0,5.083335899960096,-3.865160668880664
Trace,8.0,-1.3382163236955593,-2.5227681126229378,8.0,3.683267358300082,-0.941415267333591
Trace,8.0,-4.456525223419251,-3.7612983241505282,8.0,-3.961798811439024,-2.976436656803726
Trace,8.0,-0.6324426168870436,-4.0,8.0,5.516634317413354,-1.2659900254376126
Trace,8.0,-5.056140953430852,-3.9465146117968333,8.0,-4.414748213165985,-3.4572154967745212
Trace,8.0,-4.5295007557654525,-1.4562718372620183,8.0,0.33810517845859467,3.9307125545293156
Trace,8.0,-5.542856619569208,-1.8275361960910164,8.0,-5.040021875604304,-1.6874148591382048
Trace,8.0,-5.319728779278996,-3.157989107090006,8.0,2.0610069066485632,3.552966167393737
Trace,8.0,5.114791870546485,-1.1451867729261187,8.0,5.510314575842458,-1.1306538273584659
Trace,8.0,-5.5002828603038845,-0.915826333865011,8.0,-3.763714277819032,-0.27290400525416914
Trace,8.0,0.06536382455511358,3.5228781629488104,8.0,2.925350893118455,3.115776751347345
Trace,8.0,4.224145813550909,-2.560549947523554,8.0,5.539033064152623,-1.7456554027989963
Trace,8.0,4.316204263149491,-4.0,8.0,5.443827766525794,-2.657872900741969
Trace,8.0,4.74490866703948,-4.0,8.0,5.169805165494767,-3.6064870331466783
Trace,8.0,-0.4363605731307192,3.6985585625979462,8.0,-0.13596784954513233,3.9490389265659562
Trace,8.0,-5.510773734945958,-1.1404866419892439,8.0,0.5093851990258731,0.15248094282772895
Trace,8.0,-3.6803626885957192,-3.4847693164353295,8.0,0.7003186231354234,3.8978732052636365
Trace,8.0,4.228748844087317,-4.0,8.0,4.281401947462403,-3.981056725512569
Trace,8.0,-5.502072452561489,-0.9541501497266193,8.0,-4.500138373601775,-0.36357488503977464
Trace,8.0,-0.865751978536065,1.202228463759461,8.0,1.3033672402519898,3.7853163241053807
Trace,8.0,0.4776198001026416,-4.0,8.0,5.201756556618294,0.27422010935932034
Trace,8.0,-3.002998170686317,-4.0,8.0,-0.49574429541820786,-1.5618517832848862
Trace,8.0,5.217658046450605,-0.5874627764615223,8.0,5.407354531441566,-0.4777798751487545
Trace,8.0,-5.027303545262101,-4.0,8.0,4.995246591106125,0.7643347130947937
Trace,8.0,-4.756562539217969,-4.0,8.0,0.9663978329139509,-0.7232349013197501
Trace,8.0,0.5622067951673451,-1.1877683539605828,8.0,4.175912103650552,2.0308980722752072
Trace,8.0,-4.802274021989463,-3.906425546858314,8.0,1.226750357620895,3.8066236222609775
Trace,8.0,-0.6086520666363295,-2.345677898220044,8.0,5.395947712854851,-0.4274133711072283
Trace,8.0,-5.238748589106155,-3.400242121324742,8.0,2.1297984922135855,1.1069901079581363
Trace,8.0,1.0867078893034439,1.5693230735251058,8.0,2.6087609796116586,3.286964369216924
Trace,8.0,-5.53080267182682,-1.5694029415902278,8.0,2.857521911245389,3.1655349715162426
Trace,8.0,-1.4443442041963475,3.74611036713247,8.0,3.8012615327720023,2.4274130667403058
Trace,8.0,4.764726287969991,-0.7273368573295492,8.0,5.375285841714013,-0.33618142870284023
Trace,8.0,-2.779413324058875,-4.0,8.0,-0.11981453825913935,-1.8970982245537478
Trace,8.0,-2.7299041919548532,-2.809061812828405,8.0,5.405920965973712,-0.4714500049591293
Trace,8.0,-0.678845315056734,-3.313731379424409,8.0,5.258605453891462,0.13929938197100522
Trace,8.0,1.0294100357044162,-1.5339611006837783,8.0,5.508021685055201,-1.0815519585119462
Trace,8.0,-2.084796561368957,-4.0,8.0,3.479158681281024,2.709512510108814
Trace,8.0,4.850798099545973,-4.0,8.0,5.126940450071347,-3.7347172397376314
Trace,8.0,-1.3301075268629747,-4.0,8.0,2.133902697490704,3.517566318445765
Trace,8.0,-5.238867932511678,-3.3998851043844867,8.0,-4.049616032643052,-4.0
Trace,8.0,-5.406933310621337,-2.897115916652684,8.0,-3.2298857600285302,-0.2453080713872926
Trace,8.0,0.038838446299195445,-4.0,8.0,4.399037538254604,1.7693063548875865
Trace,8.0,-0.2847287423829372,1.5174815428039865,8.0,3.349010591018751,-1.3335965090209034
Trace,8.0,2.0820473574751626,-0.5755010528089282,8.0,5.000913698113108,-1.9180412307475188
Trace,8.0,-4.934680659043045,-2.7088045772598663,8.0,-3.8824265380570777,-4.0
Trace,8.0,3.815359648349512,-3.3832537435178454,8.0,5.114349724291026,-3.7723825164574762
Trace,8.0,-4.982239064315495,-0.9596307545891012,8.0,-4.57543607883486,-2.2676206794316274
Trace,8.0,2.344748314842053,0.3566528499362851,8.0,4.966020831638966,-3.4176756655518323
Trace,8.0,0.603573665563527,0.13824726274404986,8.0,2.2499149787348913,-2.2654364219477654
Trace,8.0,-2.4225563254207207,-0.2712945772448365,8.0,-0.2044581470671314,-0.6288259066338385
Trace,11.0,-4.139530096187235,1.57619707297272,11.0,-3.948953486423964,2.2711018831018555
Trace,11.0,-4.141469465964018,1.53394432332908,11.0,-2.968444407527502,3.0841640613348424
Trace,11.0,2.2275017760854503,-1.5416447578118673,11.0,2.296704133664667,3.4385062495104863
Trace,11.0,-0.8380598139444659,-4.0,11.0,0.809807358075771,3.8879466305872836
Trace,11.0,-2.807467680619446,-2.2176760623606224,11.0,-2.2450798700139956,-0.9406091565158732
Trace,11.0,3.174906171473402,0.11955667369441847,11.0,3.16491988159787,2.9300809632263443
Trace,11.0,-4.519025179625107,-0.41946736542263396,11.0,-4.962108260841945,0.8429826348335951
Trace,11.0,2.7351957997174816,-0.7775667941643722,11.0,2.218491541697685,0.5606574898782071
Trace,11.0,-2.7140509049607973,1.9103644250498606,11.0,-2.2270507506216077,2.917713475353322
Trace,11.0,-3.2020667346344127,0.914198106917532,11.0,-4.149824137947756,2.0585085188627907
Trace,11.0,3.022231680215683,-0.8436427060302532,11.0,4.543059638541841,1.547709625099493
Trace,11.0,-5.437483412995567,-0.6108131502043888,11.0,-4.297545978073254,1.1355633965972527
Trace,11.0,0.36705606681363034,-0.18857197611257037,11.0,0.6447840852635894,1.7720448378982014
Trace,11.0,1.4762173847863025,-0.2872057566911591,11.0,5.034116438745997,0.6720840562026363
Trace,11.0,-5.157370777536454,-3.643684623775155,11.0,-4.822854554133398,-4.0
Trace,11.0,3.075149820696677,3.0058867336341106,11.0,3.76713987580228,1.168902362477879
Trace,11.0,-1.0589534039445234,0.7415448565678295,11.0,-5.1853592654603435,-3.55995679417926
Trace,11.0,-0.3891438204797247,-2.9969444397848033,11.0,0.8328165067056449,-4.0
Trace,11.0,-1.8803677148051232,-3.4661456301652933,11.0,-1.6738348870209536,-4.0
Trace,11.0,0.21707094088181775,3.94168587884762,11.0,1.337862768005881,-4.0
Trace,11.0,-3.547716310904216,2.2186791956362795,11.0,-2.7995230065274828,0.18500914450302353
Trace,11.0,5.058773926969382,0.6135639017890525,11.0,5.047170692795072,0.580703054653568
Trace,11.0,-3.4723221082668685,0.5038094835338546,11.0,-2.579778079062703,2.047602903270994
Trace,11.0,3.911629255026151,2.3106043383401142,11.0,3.47978524809929,1.476103892864094
Trace,11.0,-2.8024882765949997,-2.1898317298691725,11.0,-1.9502135568902867,-2.512892143647861
Trace,11.0,-3.518904948091433,-2.059129492310724,11.0,-2.972765266499596,-4.0
Trace,11.0,-1.5384451711025537,2.262398727191621,11.0,-0.7733919166861494,-2.6697334461528133
Trace,11.0,-0.04799162462956663,-1.4663892237212475,11.0,-1.0516733936853255,-3.4436465731667756
Trace,11.0,4.9214966395649675,0.9393670810749957,11.0,4.755187052732113,-0.28202792793366216
Trace,11.0,1.0875506486998578,-1.7111197939079439,11.0,0.5434673930766356,-3.7052591140716897
Trace,11.0,-2.4661759062938264,-0.7755408192692257,11.0,-2.9904037442391243,-2.819281706084816
Trace,11.0,2.660275286944219,-1.0828931541818974,11.0,0.587143428752059,-4.0
Trace,11.0,-4.343412274258224,-3.4724154074309532,11.0,-4.1006881860357245,-4.0
Trace,11.0,4.999959577016742,-2.875745197127616,11.0,5.112152180475153,-3.778956489822712
Trace,11.0,2.8864842863066293,0.9457016788786035,11.0,2.809730430394728,-2.6524479980708975
Trace,11.0,3.6651519481023285,-2.3035884400736073,11.0,4.222264924575659,-3.2934329786272594
Trace,11.0,2.640933507629625,-2.7783972547133535,11.0,3.028490591191853,-4.0
Trace,11.0,-2.9740387563648993,-3.324311014710855,11.0,-2.8416685674996787,-4.0
Trace,11.0,5.016642449246197,0.624772406266005,11.0,5.2993002578080945,-0.0006691042276970011
Trace,11.0,-0.5035741976557684,1.2699627941830056,11.0,-0.07412487963783884,-1.0882124539211406
Trace,11.0,-5.097567406334098,0.5214944913894001,11.0,5.056109215355909,-3.9466095565518944
Trace,11.0,-2.608692124291947,-2.95575497209044,11.0,4.972590457170948,-0.5682767803113997
Trace,11.0,3.497092273321681,-4.0,11.0,5.446761067717749,-2.635330031241573
Trace,11.0,-2.046153500441275,-4.0,11.0,5.450199876136472,-0.6669623549376202
Trace,11.0,-5.199157193085322,-3.5186801615829464,11.0,-2.200274428360631,-1.2309232371289758
Trace,11.0,-2.9558573948147626,-0.43901261717042295,11.0,-0.10583906675436783,2.7151055380470916
Trace,11.0,-5.411115383715476,-0.49438581832331063,11.0,-2.4476853116032533,0.3314118988279011
Trace,11.0,-5.440085294170651,-2.6866343747229444,11.0,1.5900944971466984,3.7055769384479373
Trace,11.0,3.0263019405766354,0.34019011964535395,11.0,5.141217063432977,0.4178998084928674
Trace,11.0,-5.162736346434742,0.3668276249547818,11.0,0.10352925791626078,2.316534523710139
Trace,11.0,0.44945846344550056,3.1063945750843773,11.0,3.5373025465487586,2.666859131426574
Trace,11.0,2.0212338610602343,-3.7320283991922265,11.0,5.530239394090797,-1.5573404440338237
Trace,11.0,4.0477893160385685,-4.0,11.0,5.49301608107381,-2.279853160102569
Trace,11.0,3.7462210501894138,-4.0,11.0,5.477869958329229,-2.396253436147999
Trace,11.0,-5.537734145806757,-1.936187974832937,11.0,0.5767086324678115,-0.6229707660787196
Trace,11.0,-3.9120287025630036,-3.8211504174767015,11.0,0.6698899854883449,3.900631956143971
Trace,11.0,3.9728304220896695,-4.0,11.0,5.183913244211068,-3.564282580591183
Trace,11.0,-5.434341814629421,-2.7307738957960757,11.0,-4.123306175352481,-1.958003275513584
Trace,11.0,-0.7172023434652885,2.244944347509483,11.0,0.6729127271648815,3.900357905384358
Trace,11.0,0.06461584395634835,-4.0,11.0,5.087766081869404,0.5447561884420444
Trace,11.0,-2.925808726518685,-4.0,11.0,5.317585591592787,-0.08140750915332294
Trace,11.0,4.6576258004461675,1.182021905987844,11.0,4.7703835591234265,1.1979422122995027
Trace,11.0,-4.241763064620226,-4.0,11.0,1.5276775054930205,-0.696621980624613
Trace,11.0,1.2545555388263043,-0.5831298586247295,11.0,4.182081729696232,2.024368389879108
Trace,11.0,-2.5811968031238424,-1.7265710993570194,11.0,1.651563562413821,3.6884822765925507
Trace,11.0,-2.7088420837175295,-1.384660122802797,11.0,4.874385304235272,1.03792200315746
Trace,11.0,-0.34185171191875496,3.2033468713479625,11.0,0.5174679260411089,3.9144509938399565
Trace,11.0,1.155522076491368,2.6870264201562204,11.0,2.886942485573448,3.1439525243898725
Trace,11.0,-4.677405604469467,1.3410008862989198,11.0,0.1951926023767463,1.2321403009087266
Trace,11.0,-5.144718050245799,-3.6815353786067897,11.0,-1.164527033188969,-1.2469108817015369
Trace,11.0,-3.7020871976336114,2.532375167441939,11.0,-1.656267896329458,3.6871739925444174
Trace,11.0,-0.0806351885092135,3.9540555503502537,11.0,2.647177687373998,3.2683083448271173
Trace,11.0,-3.797316102346066,-3.7522642199596277,11.0,5.50788678011485,-1.0786629920052588
Trace,11.0,0.8724080035341255,-0.6767666068638781,11.0,5.462357093339166,-0.7206422241069534
Trace,11.0,0.28334913523807304,-2.6035089204946082,11.0,5.11218894083264,0.20478929357588416
Trace,11.0,-0.2249576607556838,2.780398341744892,11.0,1.1123685120497315,3.8384334271431073
Trace,11.0,-1.6542786326817112,-4.0,11.0,3.7344124696161862,2.4981634084388853
Trace,11.0,4.616234746189184,-4.0,11.0,5.2378991596369024,-3.4027831977147462
Trace,11.0,-1.6576226963675431,1.0444006868574682,11.0,1.2344473726511858,3.8044830680054855
Trace,11.0,1.1175682168294276,-4.0,11.0,4.896095334883078,0.9996525513071558
Trace,11.0,-0.7974202229725439,-0.3908789832550149,11.0,1.6174256799203932,-2.2855977620596764
Trace,11.0,-0.49183520393454505,1.9081631921352442,11.0,0.8264679045896817,0.8897123221664115
Trace,11.0,-0.025090167896734128,0.37190961785571686,11.0,1.3882632042747818,-0.45060570268277034
Trace,11.0,-1.4267499479261347,2.8563410117391745,11.0,-0.8502772573256687,1.795198896268257
Trace,11.0,2.16242809476897,-0.8826996352454095,11.0,3.7578928672485556,-2.4124607310729704
Trace,11.0,-3.824137895529111,-2.6774100607804368,11.0,-3.8368325614315615,-4.0
Trace,11.0,-2.0908106347389612,2.4242423133074538,11.0,-2.092489306283224,0.520595981072843
Trace,11.0,-3.234979283679043,-3.638776466883211,11.0,-2.4129273688726682,-4.0
Trace,11.0,4.856594344924148,-3.8628770183305763,11.0,5.053159221320862,-3.9554344919520146
Trace,14.0,4.574129118247129,0.19638436428288886,14.0,4.647644915570402,1.386791576221652
Trace,14.0,0.4073592168091653,-0.23756845351245004,14.0,0.40164225477445803,2.40765625422486
Trace,14.0,1.1705513773324365,-4.0,14.0,2.678125118592572,3.216395480562866
Trace,14.0,-5.079768565721236,-1.6860200806042984,14.0,-5.261383660392867,0.13270580390733158
Trace,14.0,3.74926832043085,-4.0,14.0,3.580809089797924,-2.773701864343778
Trace,14.0,-4.855221795612081,-1.735441093162671,14.0,-5.082738597563088,0.5566880265616481
Trace,14.0,-4.847153750890142,1.0766530687319067,14.0,-4.847875791526268,1.0787103357319432
Trace,14.0,0.04899694140675785,-2.169539026855058,14.0,-0.12009404019986351,-0.6745960014739868
Trace,14.0,4.165052382520155,-4.0,14.0,3.6553043591898366,-2.2637787902915876
Trace,14.0,-1.6764676512896526,1.6763737176211944,14.0,-1.39921193359427,2.2498710387680863
Trace,14.0,1.996475358366097,1.3939452414966316,14.0,1.832364875372262,3.638201093779647
Trace,14.0,4.329142499382124,-3.5331427269261004,14.0,4.206138345764691,-2.574779123264139
Trace,14.0,3.825238752377754,1.0888736159417916,14.0,4.773508758826442,-0.7959457233097993
Trace,14.0,-0.20366849616685528,-0.8655024766799719,14.0,-0.9954275019727712,1.9446130823243537
Trace,14.0,-2.3870515972020345,-2.9845887221662024,14.0,-3.2653353782641736,-4.0
Trace,14.0,0.18977416584077966,0.3216453102495384,14.0,-2.3132610329818184,0.8058579282624454
Trace,14.0,-4.019102329630104,0.12134976486113525,14.0,-2.0465873883886085,-1.2177905439248415
Trace,14.0,-2.007720316182383,3.5788433439997256,14.0,0.7148098780222796,2.243601352914914
Trace,14.0,2.3774467291435237,1.8865207024746653,14.0,0.3298877673447156,1.6699510999767397
Trace,14.0,-1.7540659953598592,0.5486877186842118,14.0,-2.4873473952574674,3.345925558837294
Trace,14.0,2.2021880779630334,-2.143087285765006,14.0,4.41813594178705,-1.337635108076244
Trace,14.0,-2.1061504996814695,3.5310434149841456,14.0,-1.8819188912907752,2.8714757330146368
Trace,14.0,-1.869448725738681,-1.5026564173661603,14.0,-4.585069311508248,0.4541755672600901
Trace,14.0,-4.397216747781295,1.6026928472571074,14.0,-4.029784305534557,2.185553817027679
Trace,14.0,-4.039817708766173,0.9563110068451026,14.0,-4.646293481504693,-0.6781264804562106
Trace,14.0,0.24869740300646742,3.938818529634021,14.0,2.1849819343431673,2.5585674283885016
Trace,14.0,2.9766325674324596,1.0875271088738223,14.0,3.4254368176864567,-3.886173016648198
Trace,14.0,0.9164247031382283,-1.835377141078837,14.0,1.0002156899207408,-4.0
Trace,14.0,-4.3154859721103875,-3.2286639989257884,14.0,-4.196506497931633,-4.0
Trace,14.0,-0.664599510230363,-2.241179692096349,14.0,-0.9956684901527844,-3.718572496645181
Trace,14.0,5.027109349687543,0.6887141334422792,14.0,4.746091666563418,0.08806787715371911
Trace,14.0,0.8332806722616035,3.8858184700391316,14.0,0.7017824849045213,3.494164127791888
Trace,14.0,4.045900132610971,2.168497478186343,14.0,4.877025184482094,-4.0
Trace,14.0,1.0313075053007426,2.6580978485314355,14.0,0.8629338226699854,-0.8436369773335862
Trace,14.0,0.4543952866023674,-1.2767546059262713,14.0,-0.5661111542892839,-2.7127106996802315
Trace,14.0,-1.62527406105839,3.514620154745904,14.0,-0.5411148852224482,-0.931799664150512
Trace,14.0,4.581537476300891,-3.4120165774297884,14.0,4.878044497260196,-4.0
Trace,14.0,4.528147688944936,1.5706535986899957,14.0,4.15079251555246,-0.7979458791478844
Trace,14.0,2.5556491805100134,1.1856002828266639,14.0,2.5609500563344656,-1.2535239120032409
Trace,14.0,-1.7628732780880882,-1.6881337516802617,14.0,-0.9113825155314956,-3.628182967382588
Trace,14.0,-4.821803315508401,1.1188262305252765,14.0,-4.261337906683221,0.603551061762384
Trace,14.0,3.564257856467678,2.647085161530101,14.0,1.541489220422824,0.7866865446052378
Trace,14.0,3.4853402033188403,-1.3922199064144865,14.0,3.1664131998413247,-3.0207748618708177
Trace,14.0,0.760845067219665,3.892385697645399,14.0,1.161619147998302,2.0237695283787542
Trace,14.0,1.4830603353591614,-0.3105439574997193,14.0,2.257094505767424,-3.1373944800511246
Trace,14.0,1.7829868726828624,0.9811682193159543,14.0,1.664611529331579,-0.4814748380766878
Trace,14.0,-1.2215289484294705,2.8269108948379467,14.0,-0.881438221616478,2.245640453328096
Trace,14.0,-4.2797218285192145,1.9210300627718546,14.0,5.480759209807131,-2.3740490954554123
Trace,14.0,-1.2695937948352267,-2.5669413962903853,14.0,3.6523394259887043,-1.0169387285567661
Trace,14.0,-4.324427108770183,1.8737158042890623,14.0,-2.10955018427891,2.9977637119929574
Trace,14.0,1.4828837821795213,-4.0,14.0,5.512591218026124,-1.1794077351041405
Trace,14.0,1.3425568827296388,-1.8647416863437054,14.0,5.3208678603595,-0.0959002795824531
Trace,14.0,-5.342173432739793,-3.0908457113690613,14.0,-1.379059962144387,-0.06750635599289456
Trace,14.0,-4.921914547030903,0.9383752521743549,14.0,-2.7612376201172486,1.5404755313534824
Trace,14.0,-5.507662881833333,-2.167290250086464,14.0,1.1009489940694792,3.8416092164214315
Trace,14.0,-1.5888229631413862,0.9891891966541092,14.0,1.3350930044110516,2.5523462484025687
Trace,14.0,4.117567534720216,1.9424028179281658,14.0,4.2547644583004285,1.9474439328774293
Trace,14.0,-4.366559258593827,1.819278411590117,14.0,1.0980472273526807,3.8424162031649476
Trace,14.0,2.148840144170136,2.502688038809617,14.0,3.975862203795111,2.2426227861810557
Trace,14.0,4.847650813471754,-0.4007941871697729,14.0,5.373447300786362,-0.32806340014307095
Trace,14.0,1.6231187649195498,-3.784993372307804,14.0,5.521445724028972,-1.3690254852686512
Trace,14.0,3.779374368927647,-4.0,14.0,5.542204395621825,-1.9018334194631712
Trace,14.0,2.7475334333393464,-4.0,14.0,5.383334079033386,-1.558883784894002
Trace,14.0,-5.437744483991624,-2.7046238599267567,14.0,-0.2616117648359584,-1.5929303159552601
Trace,14.0,-3.7452072862122376,-3.485971540039288,14.0,0.6394613478412676,3.9033907070243052
Trace,14.0,3.716912000092025,-4.0,14.0,4.942115375748196,-3.55920235731131
Trace,14.0,-0.3483881121899432,-4.0,14.0,4.973775607120514,0.8152922675247672
Trace,14.0,-5.054345004442254,-0.810682767837116,14.0,2.826800908909398,3.181079235485656
Trace,14.0,-0.8243139077752675,-4.0,14.0,5.503832564298117,-0.9918426452119977
Trace,14.0,-3.7269635900224864,-4.0,14.0,1.3025025406024655,-1.1203052248836443
Trace,14.0,3.698690609463126,1.5817952000195157,14.0,4.188251355741911,2.017838707483009
Trace,14.0,-3.876206285428786,-0.1256363624219885,14.0,3.8741014646337772,2.3503222321760298
Trace,14.0,-0.10185888550938249,3.0425307572837847,14.0,0.9089094992845543,3.878961735421298
Trace,14.0,-5.003572060164646,0.7445756958560419,14.0,0.9309431519831488,0.6119904153595486
Trace,14.0,-2.4442256598068814,-4.0,14.0,5.537216132759535,-1.7067461239696922
Trace,14.0,2.8598252620188753,2.2090002919046365,14.0,3.486059652978204,2.704450071316349
Trace,14.0,-1.5853174120344602,-2.2009423980655205,14.0,2.4556518325342034,-0.212499902525911
Trace,14.0,-1.223760703994467,-4.0,14.0,3.9636968593088553,2.255498094205602
Trace,14.0,4.381671392832399,-4.0,14.0,5.348857869202456,-3.070849155691868
Trace,14.0,-3.0223039893634374,-3.4683887215927154,14.0,-1.8311193569471458,-2.7175832718047435
Trace,14.0,-2.3058914950322054,1.9779675057735164,14.0,-0.25154246193370594,3.938560588121451
Trace,14.0,2.196297987359659,-4.0,14.0,5.280744655441962,0.0812626644299714
Trace,14.0,2.8817719804510293,-1.704591520939208,14.0,4.98997128303128,0.776854716767608
Trace,14.0,0.16506607092869974,-0.40433371092099124,14.0,4.558080328876903,1.524598339742795
Trace,14.0,4.3750904205357575,-1.9127140360892714,14.0,5.420991894005458,-2.8333700830856534
Trace,14.0,-2.553812346223702,3.3136486715526177,14.0,-1.0786522527209534,1.261862273080017
Trace,14.0,0.18007005260842449,3.945040489536449,14.0,0.9109761882721001,3.39491866140464
Trace,14.0,0.23860652780491598,-3.370905677187171,14.0,1.2605675773231182,-4.0
Trace,14.0,-4.57718198107413,1.4952079638767783,14.0,-4.409956201711817,1.1092610353236982
Trace,14.0,-3.7008478642062688,1.4264032407194307,14.0,1.3601274575798852,-0.49943120074111225
Trace,14.0,-0.05079709400165289,2.366126205337361,14.0,2.184546404720199,-0.26265174506286093
Trace,14.0,-1.2272884779560205,3.806473969990742,14.0,-0.6311636453953008,3.35499332117812
Trace,14.0,3.679362596814965,0.12624617701726992,14.0,5.368359626980794,-1.5054115091153148
Trace,14.0,3.0855370998712988,0.36841724804127013,14.0,5.051173285333243,0.35549422947706116
Trace,17.0,-2.066304268838433,-4.0,17.0,-3.0988201512636993,-2.0047338143425852
Trace,17.0,-0.6897202623306065,-1.4131170350401405,17.0,-0.1370192630486899,0.5525711089543621
Trace,17.0,-5.328749323880472,-3.1310040615488375,17.0,-4.82338502747113,0.07896002967727123
Trace,17.0,-3.9347449796914584,-1.178195092255008,17.0,-4.2459246457037185,1.9567996326022086
Trace,17.0,-4.7262313000266625,-1.0991347485122378,17.0,-5.032261317944569,0.6764868548483011
Trace,17.0,1.8903815976491174,2.4037612185988637,17.0,1.6316460390917822,3.3116607339608315
Trace,17.0,1.2716841878714893,-2.458467819846959,17.0,1.0071682836813636,-0.1198676040687372
Trace,17.0,-5.5358160099647655,-1.9509291429368627,17.0,-5.109756709558232,-0.9323859200125515
Trace,17.0,4.9564580314793005,-0.10213770466378441,17.0,4.92014501786775,0.8058506003088854
Trace,17.0,4.316660498981391,0.12973651579554923,17.0,4.791374939327065,1.1656442441571992
Trace,17.0,-1.9820632824427196,2.69383663371488,17.0,-3.6524070529156414,-4.0
Trace,17.0,-1.5278080300245707,2.6931260128301053,17.0,-3.950108760342195,2.2698791879643068
Trace,17.0,-2.298325523042643,3.325528391367959,17.0,-1.60256454508791,0.21764726335720663
Trace,17.0,-0.47327852611224136,0.1803414372318184,17.0,0.26134102506769535,-2.5683912506664806
Trace,17.0,-5.3592159455716875,-0.2652252297551351,17.0,-5.323855528650538,-0.6177718356203907
Trace,17.0,0.20474957624148923,3.9428029704487186,17.0,-0.7397068431569271,3.112294975796028
Trace,17.0,1.599954107402254,-1.7870992009155744,17.0,-1.1594459838711138,-0.5146251097830429
Trace,17.0,-2.114845851196022,-0.758112523108583,17.0,-2.377034844550326,-4.0
Trace,17.0,-4.367951164985382,-2.7472820179185424,17.0,-4.53068730791816,-4.0
Trace,17.0,1.6577530968984302,-1.959338406658512,17.0,-1.6192892615066725,-2.1289151078984867
Trace,17.0,1.298377309898362,-1.7793147749478717,17.0,-0.19782299646011614,1.589302316080783
Trace,17.0,0.08600129560559054,3.953569043105079,17.0,0.09548628684918253,3.8837694141089383
Trace,17.0,-3.1263177985988597,0.02985739733509085,17.0,-3.3508741477309885,-4.0
Trace,17.0,1.5338851959571307,0.8153716025712916,17.0,2.094362572934297,-3.344415518128142
Trace,17.0,4.650708757585368,-0.7040528904898129,17.0,4.546219848696273,-4.0
Trace,17.0,-1.1660507120665797,0.2802830178002873,17.0,-0.20767743796675037,-1.981247674481481
Trace,17.0,-3.239526071561798,-0.8655420586179381,17.0,-2.117365338691817,-2.0953599947596904
Trace,17.0,1.9197649114883901,-1.9900446170336563,17.0,2.7144146390325647,-3.8512088442049093
Trace,17.0,-3.2663768984731743,-3.8975885954275356,17.0,-3.3101185813426155,-4.0
Trace,17.0,-3.036730539579878,-1.8971645149373548,17.0,-2.066578056346322,-3.64141421734786
Trace,17.0,3.3473660716161016,-2.0934326481547827,17.0,3.229333779617201,-4.0
Trace,17.0,5.009049174328785,0.7315767413914794,17.0,4.876932253530933,0.5020181755703521
Trace,17.0,4.855983721527283,-0.12216650487769698,17.0,4.848830061756888,-2.9367014252239123
Trace,17.0,2.2486117040507225,2.9130470989345896,17.0,1.8991233702200334,1.483671103526261
Trace,17.0,0.5681743958081458,-3.7756589612819433,17.0,0.6278435660952317,-4.0
Trace,17.0,0.30683446330356534,3.9335476506635296,17.0,0.552561598433668,0.5541397575474951
Trace,17.0,1.3402552913197145,3.7750576882083373,17.0,3.299903533270858,0.4632912202986894
Trace,17.0,2.74321271298448,3.221671558792546,17.0,2.8456330005761075,1.2219317889231716
Trace,17.0,-4.902908468010978,0.9834827939063632,17.0,-3.706017219194491,0.3579101828434885
Trace,17.0,-0.7310666954498222,3.895085493485351,17.0,-2.2916343936402477,0.6932200272706521
Trace,17.0,-3.6737847138687854,-1.0778920033967432,17.0,-4.407159579354746,-2.9075281528868118
Trace,17.0,5.306569333655749,-3.1973557146650853,17.0,4.78784931172785,-3.8785021207644848
Trace,17.0,1.0050945967504852,-2.8514922333829205,17.0,1.177521323025383,-4.0
Trace,17.0,1.4670122063662834,3.70719980498129,17.0,1.0425216549339054,3.3167836097180383
Trace,17.0,-1.4386873881897533,3.747683538229031,17.0,-1.1335688654694156,2.3250630833576222
Trace,17.0,2.587624434167568,-1.5590697596322185,17.0,3.371247899904819,-3.574962721003705
Trace,17.0,-4.534643432257227,0.4621183851182288,17.0,-4.464720530030449,-2.1806670247700346
Trace,17.0,-0.1624943064163754,3.9466339590122175,17.0,-0.1586901830893342,3.93751383445934
Trace,17.0,-3.72095862934009,2.5124024082356855,17.0,-3.9460666659584223,1.288937557745713
Trace,17.0,-5.165819276932627,-1.4610412864611269,17.0,-5.183342840501244,-3.565988948750365
Trace,17.0,-2.9520270483783935,3.0962075646954257,17.0,5.433651300833575,-0.5938925608895638
Trace,17.0,-5.502805843493072,-0.9698555926269105,17.0,-3.074377864783008,0.5510848958978123
Trace,17.0,-5.273606526742299,0.10369700870218936,17.0,-0.8826252203957168,2.332115796034785
Trace,17.0,-0.531324708962641,-4.0,17.0,4.6295083741694265,-0.3876767466512723
Trace,17.0,-5.446954579246568,-2.633842865466386,17.0,-1.3748972041502512,0.47260649835383983
Trace,17.0,-5.53266255538941,-1.6092320338730348,17.0,0.5400542110070352,3.9124032540017186
Trace,17.0,0.424987678421055,-4.0,17.0,3.8032652219392626,-2.511145136832987
Trace,17.0,-3.614968074639761,-4.0,17.0,-0.27269205112103956,3.936643103399789
Trace,17.0,4.182725770192553,-4.0,17.0,4.853689896022633,-2.1702526731399265
Trace,17.0,4.353288119859757,-0.6373136781545105,17.0,5.410369616807175,-0.4910929043775495
Trace,17.0,-3.5133744945637186,2.684412354930836,17.0,3.0535819830083906,3.0217085429348773
Trace,17.0,2.599143184005353,-2.9863425174228544,17.0,5.512652053967147,-1.1807105265034783
Trace,17.0,4.083540101369929,-4.0,17.0,5.347347606919095,-3.0753671197723245
Trace,17.0,3.5109594218167244,-4.0,17.0,5.5319761522246225,-1.5945328260605443
Trace,17.0,1.7488458164892802,-4.0,17.0,3.99664653512749,-1.9182254198326083
Trace,17.0,0.49615175151568724,-1.2555806684486321,17.0,5.171040554246863,0.3471190674956758
Trace,17.0,-5.222669607608245,-3.4483425484215373,17.0,-2.363185444542091,-2.834202560973935
Trace,17.0,-3.1359268640770313,-2.4051285894209817,17.0,0.6090327101941897,3.90614945790464
Trace,17.0,-0.7613920683362356,-4.0,17.0,4.849372526240616,1.0764074147399676
Trace,17.0,-5.512232048828671,-1.171716187418972,17.0,2.936558482497398,3.1075550489941586
Trace,17.0,-1.1205888773275494,-0.40581477646775266,17.0,3.2160908617479866,2.9024947150927054
Trace,17.0,1.2771809109681516,-4.0,17.0,5.5323929452894625,-1.9772359199150928
Trace,17.0,4.789132219916727,-4.0,17.0,5.184486597972982,-3.5625673873229275
Trace,17.0,-3.2121641154247453,-4.0,17.0,0.17751621070661727,-2.059188694991316
Trace,17.0,-4.25670471984467,1.384764133200619,17.0,2.2472087513418506,3.462542329476258
Trace,17.0,-3.463116417945348,1.492275883404859,17.0,-1.5669007555093863,2.3455419901474803
Trace,17.0,-5.255574179519417,0.14649357152976927,17.0,-0.00760781135642663,0.029246742077759014
Trace,17.0,-0.22891550012455109,-4.0,17.0,5.482728901859605,-2.3589117099674723
Trace,17.0,-0.7932427753072215,-4.0,17.0,4.192981249001525,2.0128327799723196
Trace,17.0,4.719112625911386,-4.0,17.0,5.324407166848035,-3.1439936658847043
Trace,17.0,-4.137337316861453,-2.587906286842278,17.0,-2.1445038851405616,-1.3318204036483001
Trace,17.0,-2.167911614410598,2.2866049445213346,17.0,0.11678242724358066,3.9507783340700935
Trace,17.0,3.275027757889889,-4.0,17.0,5.506429915848863,-1.047464489872831
Trace,17.0,1.2367507404152205,-3.47094516494136,17.0,4.942113980084467,0.8904354972953341
Trace,17.0,-0.7482323205683725,-1.9110171719307605,17.0,5.049805889823308,0.6348479398800558
Trace,17.0,-1.6158366070991261,3.2596636549669578,17.0,0.20301288618297786,1.3712541167710388
Trace,17.0,3.486115011243908,-1.7069107583099832,17.0,5.531616052415316,-1.5868213494797718
Trace,17.0,-5.461390890292633,-0.7163759802565597,17.0,-4.477202964983035,-2.1825369181742413
Trace,17.0,0.36794914916378285,1.8246644006262347,17.0,1.0362795348393599,1.4095758575651534
Trace,17.0,1.3808679459322928,3.152523818155269,17.0,3.006972689401275,2.067540918208834
Trace,17.0,-0.2123989718118071,-2.737988172449346,17.0,2.1567897989005655,-4.0
Trace,17.0,-1.4713226391866268,3.7386076139745654,17.0,-1.122115905661032,3.634609332063189
Trace,20.0,2.900787222367306,-4.0,20.0,3.7905706309439418,-2.9642377370425796
Trace,20.0,5.40249112731838,-0.4563056436122486,20.0,5.120946773672446,0.4660077291394423
Trace,20.0,2.5131972410911043,-3.0031402343519717,20.0,2.591495199390482,-2.4529663812991798
Trace,20.0,-2.603664449627945,-4.0,20.0,-2.7056136947762752,-2.1681277689725134
Trace,20.0,-1.183207294358158,-0.1510739108213457,20.0,-1.2480381674726633,1.1682669306763678
Trace,20.0,-4.866281300966178,0.37960691439631356,20.0,-4.881549285088424,1.0268992870176687
Trace,20.0,-0.8651509127171576,-1.7133209005747985,20.0,-0.9613888517923562,1.2183970586980923
Trace,20.0,5.507827965715005,-1.1335146322633571,20.0,5.5100907931276275,-1.1258615583263871
Trace,20.0,-3.8837178241874497,2.00462845009528,20.0,-3.702851198009279,2.5315665803790157
Trace,20.0,0.7696322114090858,-4.0,20.0,0.6465938528475915,-3.3460126296029977
Trace,20.0,-1.4277135523128608,-4.0,20.0,-3.195807324627953,2.9173743827207907
Trace,20.0,-2.904688947163453,2.1348133750365426,20.0,-2.323528791199494,3.4254795875613713
Trace,20.0,-0.38460240254586536,-1.8346978512787007,20.0,-0.46660211964087045,-1.5393018967075016
Trace,20.0,3.0711214532072346,2.140434809607516,20.0,2.7943928943639773,3.1968173022019633
Trace,20.0,0.8263669383607196,-2.1504828669411826,20.0,1.2895701255511607,1.1785148491372408
Trace,20.0,1.3853004135638205,1.1521724511839246,20.0,1.163632332051392,3.5293889342686273
Trace,20.0,-1.474249093961785,-4.0,20.0,-1.7000888867236288,-2.299444223233907
Trace,20.0,-2.8819213206399414,-3.3168780115513865,20.0,-2.6049954610546386,-1.06167565533499
Trace,20.0,-3.4800237468232047,-2.986930679218555,20.0,-3.4255163459845357,-2.2806025851684644
Trace,20.0,3.767242015463004,0.37594981459678345,20.0,3.7562185961544023,2.390728259890592
Trace,20.0,-0.5020817477433195,-1.513114395391169,20.0,-0.08769239700081533,0.22407973629769518
Trace,20.0,3.313311118004034,2.8311755417529394,20.0,4.53223882278565,0.23769881737501164
Trace,20.0,-2.615860253843017,0.775031090080927,20.0,-1.3807258974507017,-0.8568644968091368
Trace,20.0,1.5678275395492227,0.8444514665614753,20.0,-1.805392489834652,-2.7222151999687334
Trace,20.0,-1.6195502895144287,0.37263874416781384,20.0,-4.983456946624983,-4.0
Trace,20.0,-3.391243186881619,0.4221326453409653,20.0,-3.2464471577613363,-1.701856002084743
Trace,20.0,4.403740950815723,1.7620695430350348,20.0,3.4083319752967967,0.13824581196413777
Trace,20.0,2.0861299174020123,0.6988465604795802,20.0,2.6780860688329082,-0.9044639822741654
Trace,20.0,0.6639407496931105,0.43357860669564807,20.0,3.478821855665399,-2.421685677288037
Trace,20.0,5.417561358849134,-2.8597342718561807,20.0,5.0244332427112,-3.223965498034193
Trace,20.0,5.512243010088176,-2.1320912620564725,20.0,4.792727961026393,-2.711071411455266
Trace,20.0,-5.499233557517008,-0.8933556919540003,20.0,-4.0262356379744215,-0.784615233802981
Trace,20.0,4.4260464321831225,-3.323496411849225,20.0,5.111538084514341,-3.7807935637690537
Trace,20.0,-1.4795632430036698,1.1711719594341954,20.0,-4.088119317630159,-2.814599679307301
Trace,20.0,4.450252226947349,1.6905058964246624,20.0,4.297784893514025,1.4004691708692545
Trace,20.0,-2.073438035235868,-0.6254077250585991,20.0,-0.27645487029206683,-2.2887809248099966
Trace,20.0,4.206564728881889,0.7749747099109121,20.0,4.0551873308732915,-4.0
Trace,20.0,5.344458889521053,-0.20006584130997038,20.0,5.534017969299761,-1.8224590383845702
Trace,20.0,0.5242344506707368,-2.264968023365606,20.0,1.2645972877235623,-4.0
Trace,20.0,2.447256983299176,3.3653943719359654,20.0,1.4380679868231505,1.642976631460719
Trace,20.0,3.788777729566477,-3.926874486212441,20.0,3.786928200347354,-4.0
Trace,20.0,-1.7156325191403496,-2.0376766321018094,20.0,-2.2408483104440595,-3.6426864708098714
Trace,20.0,-4.9894466839895175,-2.84361316043117,20.0,-5.233675087128208,-3.4154195510672554
Trace,20.0,1.7529964513922884,-3.334068644163703,20.0,1.3471363275714716,-4.0
Trace,20.0,-2.7478736558046686,-0.9868785772960025,20.0,-4.9813811843043725,-4.0
Trace,20.0,2.226613071646827,-1.2073519801703974,20.0,2.3461674218553292,-3.407698133899607
Trace,20.0,2.9398618921626474,-0.8730035845987014,20.0,3.673855339653713,-2.1038374115137195
Trace,20.0,-1.3742514868945503,2.488241034835915,20.0,-1.0175780029528572,2.4368914599098153
Trace,20.0,-5.41615234439749,-0.5166263842286141,20.0,-0.5463529547971611,2.533361149916998
Trace,20.0,-0.776161506719768,3.863837329458268,20.0,-0.7423014314223382,3.8940669188743553
Trace,20.0,-5.518641292292298,-1.308969053410446,20.0,-0.6393477192785859,1.167267739330918
Trace,20.0,-2.545533200104803,-4.0,20.0,2.0484970588429494,-0.7844101788091153
Trace,20.0,-5.510512314104104,-2.1453919261072047,20.0,-2.1030659880421902,0.4540457774433806
Trace,20.0,-5.504339079845083,-1.0026895900791888,20.0,-0.04981794256560374,3.956849533615705
Trace,20.0,2.397676001084111,-4.0,20.0,5.1406797197999285,-2.7911193282118103
Trace,20.0,-4.200684471965411,-4.0,20.0,-0.8816587718429301,3.881432367501225
Trace,20.0,-5.075674007710237,-3.888081292903753,20.0,-4.864281207607769,-3.881348062794836
Trace,20.0,-3.329479502898582,2.819314681790985,20.0,2.893753181899083,3.1389563101180937
Trace,20.0,4.0565065836338805,-4.0,20.0,5.356099553606684,-3.0491855874622003
Trace,20.0,-2.8780986042576098,-4.0,20.0,-0.1426706219857156,3.948431233261195
Trace,20.0,3.2425444747058014,-4.0,20.0,5.517843274223237,-1.2918796312792487
Trace,20.0,0.7501581996392128,-4.0,20.0,1.216031376441658,-3.5685369574769417
Trace,20.0,-1.1257168621810791,-2.5836371828314277,20.0,5.379217161292587,-0.35354006572660945
Trace,20.0,-1.8729210304152697,-0.22258006443760348,20.0,0.5786040725471121,3.9089082087849745
Trace,20.0,-2.0000956485126906,3.2721879731567762,20.0,0.24767495918451135,3.938911227434909
Trace,20.0,-1.1743960244825262,-4.0,20.0,4.696441552682134,1.3117116045572308
Trace,20.0,-0.18354726335639446,-4.0,20.0,5.329410793027498,-0.13362137153093834
Trace,20.0,-5.518407378282334,-1.3039598244046697,20.0,3.040677578295083,3.031175000975998
Trace,20.0,3.1603544637752035,2.6255243502997505,20.0,3.5919453472202085,2.626774075874018
Trace,20.0,-2.283023930987983,-0.5805520011137761,20.0,2.717480756299181,3.234167580432094
Trace,20.0,3.3786757297115653,-4.0,20.0,5.351798054395135,-3.062053563537609
Trace,20.0,-0.8934229338398826,-4.0,20.0,-0.685364064157237,-3.7918441047316893
Trace,20.0,-2.6973646408270024,-4.0,20.0,-2.555981828929034,-3.919049192471001
Trace,20.0,-2.2290672885574554,3.4713522351627684,20.0,-2.209887391974048,3.473060730244973
Trace,20.0,-5.524313109369661,-1.430430057921397,20.0,-4.862577299726631,-1.1262027349884507
Trace,20.0,1.986394659557776,-4.0,20.0,5.362526693281889,-3.0299587375881396
Trace,20.0,3.1716323126437618,-4.0,20.0,5.46918755617508,-0.7508019510645821
Trace,20.0,3.7985409030536927,-2.8688750900300595,20.0,5.52429485882045,-1.4300392254933083
Trace,20.0,4.285405611053381,-4.0,20.0,5.177797095991422,-3.5825790965483972
Trace,20.0,4.353757528420123,-4.0,20.0,5.459581760409028,-2.5368010417751075
Trace,20.0,0.64291990960974,-4.0,20.0,4.894256677137653,1.0040162778230604
Trace,20.0,-0.3622241099808887,-2.8471870854678802,20.0,5.373579807040808,-0.32864847798483326
Trace,20.0,-3.441614827688229,-2.2794182299951085,20.0,-2.6056996239526344,-3.7353015591872993
Trace,20.0,2.198847382862132,-3.537923652814216,20.0,2.3525784485754677,-4.0
Trace,20.0,-5.343446817949796,-3.0870363673215,20.0,-4.236051607127482,-4.0
Trace,20.0,1.994174164772663,-1.1377762065707124,20.0,3.9920242586890327,-3.3825133631823148
Trace,20.0,1.289265405630764,1.3794480332963257,20.0,2.9318112984140523,0.05631497201309921
Trace,23.0,-4.635170558894244,-0.47842319137326,23.0,-4.139857881077,1.1506078121402117
Trace,23.0,-2.4433367782945705,-4.0,23.0,-2.279813087705623,-2.622038119818103
Trace,23.0,4.359888372028046,1.0526488594439538,23.0,3.947165632773801,2.2729940750142728
Trace,23.0,-0.554196793469351,-4.0,23.0,-0.5598834475374533,-3.8853175921516927
Trace,23.0,-1.4061285472107934,3.2067646466597015,23.0,-1.197434108628735,3.8147765258590955
Trace,23.0,-5.1948857716447545,-3.531458159718491,23.0,-4.480332919801858,-1.9810206333069118
Trace,23.0,2.3108175901269483,-4.0,23.0,0.2824223205593936,3.935760928203834
Trace,23.0,-0.40863552178203766,1.9183993740339247,23.0,0.40802776092155424,3.9243731650317555
Trace,23.0,-1.4248744755785991,1.1682111037648304,23.0,-1.101778775091117,2.494352641852241
Trace,23.0,-0.18569921076162854,-4.0,23.0,-0.8562378931645822,1.0491032424385107
Trace,23.0,0.23539957161336256,-0.813953798789937,23.0,-0.061512034733705534,1.0898957751216616
Trace,23.0,-0.5839995277765823,-0.03741446429828299,23.0,-0.5571707863142376,1.7898735115781965
Trace,23.0,2.032450410384101,0.5103619878451756,23.0,2.672126688547241,1.9097443535598209
Trace,23.0,-2.347537184426553,-4.0,23.0,-0.35145166231764713,-0.7102378437642693
Trace,23.0,-5.1219710007365995,-1.8550335149308625,23.0,-5.509987526719026,-2.149424997640977
Trace,23.0,-4.794870579539634,1.160265747120452,23.0,-3.7315766679752547,-0.58162498408262
Trace,23.0,-3.013142830453355,1.263786299612232,23.0,-4.583453262593724,1.485558781747431
Trace,23.0,-4.3908687200656225,-2.3821882697477053,23.0,-2.870149359011231,0.17593880752829216
Trace,23.0,-0.6386480572674318,-3.7701644581061626,23.0,-0.7256907426919342,-4.0
Trace,23.0,-1.3393244893914202,1.1306661237922848,23.0,-0.6134776268302465,-1.2013884070743173
Trace,23.0,-3.6362096296399167,0.7345081909778319,23.0,-1.2995121995137437,2.485579070587086
Trace,23.0,3.248494016377703,2.8787242963467845,23.0,2.207432359481325,0.7171665547145292
Trace,23.0,5.419441736521315,-2.845283281077703,23.0,5.174074498216329,-3.4178062740308603
Trace,23.0,4.1871028605712945,0.27556391595694363,23.0,4.856947989070215,-1.8534551094432703
Trace,23.0,3.6869680122477875,-0.1260404266038737,23.0,3.5641548130503105,-4.0
Trace,23.0,3.1973058734493818,-0.6217654807750637,23.0,2.513351870337351,-1.4697335285367252
Trace,23.0,-0.5685506666140594,-0.8689323661161357,23.0,0.38857797779882036,-2.7746084086134024
Trace,23.0,-3.5147465211820554,-2.1313660123825016,23.0,-2.9999682723607357,-2.7401493978090765
Trace,23.0,2.310154880115153,3.431974262037906,23.0,1.7698337124299188,2.057083483471496
Trace,23.0,-1.5185057985617056,1.9811487678849398,23.0,-1.2733998053666957,0.3655216820255195
Trace,23.0,-4.305174388659357,1.581008304887921,23.0,-5.182326132085257,-1.412342650602764
Trace,23.0,2.5857268982025414,-2.347028285689709,23.0,2.2089911627882413,-3.9372277321592124
Trace,23.0,-2.5698762107582866,-0.6367421320468707,23.0,-3.237120212325873,-4.0
Trace,23.0,-0.15639763757091743,-1.4305097297321894,23.0,0.47176780523080775,-3.6082493527277437
Trace,23.0,1.8795174521747364,-0.20044931947326772,23.0,2.14312701378754,-4.0
Trace,23.0,-3.3263857865934083,2.8215841809460955,23.0,-3.3323351024976833,2.5852500969375622
Trace,23.0,1.5348026996100734,0.08115698739379207,23.0,3.8454465304170378,-3.7935623287406095
Trace,23.0,3.6969878385361366,-2.966912730095417,23.0,4.131717401232473,-4.0
Trace,23.0,-1.086658995836361,-2.9138297463310576,23.0,-1.1264134436065263,-4.0
Trace,23.0,3.2859099396030307,-2.465283180510937,23.0,2.907349670506736,-3.0218447972654747
Trace,23.0,-2.339136265770716,3.4179002440094637,23.0,-2.944645273157184,1.7594703301953762
Trace,23.0,-1.3009524032762234,1.8915827306732198,23.0,1.0239205132106393,3.863030980812898
Trace,23.0,-5.310863353107711,-0.05172564393798607,23.0,0.9580085775280083,3.874510266811406
Trace,23.0,-1.977217800856259,3.356422116579925,23.0,-0.5665652256263519,3.9099996864885136
Trace,23.0,-5.4558581176890355,-2.5654178071223153,23.0,-1.4956606599674878,-0.5556214084043014
Trace,23.0,-4.5597416912469635,-4.0,23.0,-2.5137079670923077,-2.567879433447194
Trace,23.0,-5.533443131560476,-1.6259479407053388,23.0,-3.7253645035248706,-0.2466194621459472
Trace,23.0,3.502277842651872,-4.0,23.0,5.276848682469738,0.09600232982477211
Trace,23.0,5.167580715746781,0.2834359435010896,23.0,5.1928290720316586,0.2954079031768312
Trace,23.0,-5.366266696912157,-0.29635763474482724,23.0,-4.4650932640589795,0.523036916121089
Trace,23.0,4.370364323747165,-4.0,23.0,4.849688091841214,-3.7887552120968846
Trace,23.0,-4.786400869291059,-4.0,23.0,-1.534976206616244,3.720905437987836
Trace,23.0,-3.854528980374119,2.3710369570186685,23.0,-2.9951032538225246,2.5859629174238323
Trace,23.0,0.9667926253183116,-4.0,23.0,2.332273090908459,-1.666840886944625
Trace,23.0,-3.1455845112334457,2.954217008651133,23.0,2.6780161590459524,3.253332483719614
Trace,23.0,4.029473065897834,-4.0,23.0,5.3648515002942725,-3.0230040551520787
Trace,23.0,-4.892137945966984,-4.0,23.0,-2.3393215207357643,3.4178102799977723
Trace,23.0,-5.238109757738714,-3.4021531914768364,23.0,0.5277805010659655,-3.017953440486255
Trace,23.0,2.9741295275948794,-4.0,23.0,5.5037103962218525,-0.989226436497955
Trace,23.0,-0.5836960583684241,-3.169843966793061,23.0,5.508015181641366,-1.0814126890033535
Trace,23.0,3.2100077299878347,-2.1116904324080137,23.0,5.54477429773445,-1.868602950025778
Trace,23.0,4.308510117541035,1.1891111806615295,23.0,4.6796014016581085,1.3376223667848275
Trace,23.0,-1.5873999806288206,-4.0,23.0,4.543510579123651,1.5470157943744964
Trace,23.0,2.050420679058269,-4.0,23.0,5.53033767519539,-1.55944511728498
Trace,23.0,-5.5245827077359975,-1.436203461390367,23.0,3.144796674092768,2.954794952957837
Trace,23.0,-1.0617284895660524,1.0631799019337762,23.0,2.06068828831223,3.445168354939624
Trace,23.0,-5.140062222896752,0.4206406167167527,23.0,-0.6359992073116482,3.9037045949921043
Trace,23.0,5.2788411559836605,-0.41340331167602207,23.0,5.3765182506326665,-0.3416230975003503
Trace,23.0,0.5688381368269888,-4.0,23.0,0.9518152175504921,-3.77726814499737
Trace,23.0,0.04638122437746617,2.0053402648075007,23.0,2.744963125507621,3.2208215187806335
Trace,23.0,-5.427482671105511,-2.7834874656701865,23.0,-2.834496171664382,-1.5913843187182448
Trace,23.0,4.201704819240107,-4.0,23.0,5.1271471508941575,-3.734098892247166
Trace,23.0,1.6241519993761373,-4.0,23.0,4.994438530990706,0.7662524997850412
Trace,23.0,5.067896742060586,-2.0670992411635045,23.0,5.535825535866258,-1.6769667264285835
Trace,23.0,2.1855915314515526,-4.0,23.0,5.4690349638481885,-2.464151723636857
Trace,23.0,0.5982356146102203,-3.882684445144538,23.0,4.832916517449836,1.1017271241882267
Trace,23.0,1.3091874648011714,-3.2189482350817014,23.0,5.52146215089075,-1.3693772637384687
Trace,23.0,-2.9968481521748602,2.1858399576927523,23.0,-0.3810107494176052,3.9268226077289605
Trace,23.0,0.45491656160424676,-2.0004012331722025,23.0,2.4801871756004283,-3.4273830001921723
Trace,23.0,1.9900740192183415,-3.550269987147116,23.0,2.417557827378567,-4.0
Trace,23.0,3.227898839539457,-1.5571546965441367,23.0,5.113288293593077,-3.775557796552901
Trace,23.0,-1.1816530686805107,3.819165262542644,23.0,0.6657227422723686,-0.022140161401009717
Trace,23.0,3.1531943300987324,-0.5260616256282187,23.0,5.482211047238924,-2.3628915021436634
Trace,23.0,-3.1599452271179667,-0.3037170465913648,23.0,-1.445041271120104,-2.35481041934538
Tunnel,-25.0,5.038261890411377,-4.0,-25.0,5.416370868682861,-2.8688833713531494
Tunnel,-25.0,5.416370868682861,-2.8688833713531494,-25.0,5.5452375411987305,-1.8785232305526733
Tunnel,-25.0,5.5452375411987305,-1.8785232305526733,-25.0,5.49865198135376,-0.8809013366699219
Tunnel,-25.0,5.49865198135376,-0.8809013366699219,-25.0,5.278054714202881,0.09314002841711044
Tunnel,-25.0,5.278054714202881,0.09314002841711044,-25.0,4.890265941619873,1.0134875774383545
Tunnel,-25.0,4.890265941619873,1.0134875774383545,-25.0,4.346057415008545,1.850823163986206
Tunnel,-25.0,4.346057415008545,1.850823163986206,-25.0,3.660210132598877,2.5766961574554443
Tunnel,-25.0,3.660210132598877,2.5766961574554443,-25.0,2.854999542236328,3.1673853397369385
Tunnel,-25.0,2.854999542236328,3.1673853397369385,-25.0,1.9566841125488281,3.6036276817321777
Tunnel,-25.0,1.9566841125488281,3.6036276817321777,-25.0,0.9945588707923889,3.8711965084075928
Tunnel,-25.0,0.9945588707923889,3.8711965084075928,-25.0,0.0,3.9613661766052246
Tunnel,-25.0,0.0,3.9613661766052246,-25.0,-0.9945588707923889,3.8711965084075928
Tunnel,-25.0,-0.9945588707923889,3.8711965084075928,-25.0,-1.9566841125488281,3.6036276817321777
Tunnel,-25.0,-1.9566841125488281,3.6036276817321777,-25.0,-2.854999542236328,3.1673853397369385
Tunnel,-25.0,-2.854999542236328,3.1673853397369385,-25.0,-3.660210132598877,2.5766961574554443
Tunnel,-25.0,-3.660210132598877,2.5766961574554443,-25.0,-4.346057415008545,1.850823163986206
Tunnel,-25.0,-4.346057415008545,1.850823163986206,-25.0,-4.890265941619873,1.0134875774383545
Tunnel,-25.0,-4.890265941619873,1.0134875774383545,-25.0,-5.278054714202881,0.09314002841711044
Tunnel,-25.0,-5.278054714202881,0.09314002841711044,-25.0,-5.49865198135376,-0.8809013366699219
Tunnel,-25.0,-5.49865198135376,-0.8809013366699219,-25.0,-5.5452375411987305,-1.8785232305526733
Tunnel,-25.0,-5.5452375411987305,-1.8785232305526733,-25.0,-5.416370868682861,-2.8688833713531494
Tunnel,-25.0,-5.416370868682861,-2.8688833713531494,-25.0,-5.038261890411377,-4.0
Tunnel,-25.0,-5.038261890411377,-4.0,-25.0,5.038261890411377,-4.0
Tunnel,-25.0,5.038261890411377,-4.0,-25.0,5.038261890411377,-4.0
Tunnel,-22.0,5.038261890411377,-4.0,-22.0,5.416370868682861,-2.8688833713531494
Tunnel,-22.0,5.416370868682861,-2.8688833713531494,-22.0,5.5452375411987305,-1.8785232305526733
Tunnel,-22.0,5.5452375411987305,-1.8785232305526733,-22.0,5.49865198135376,-0.8809013366699219
Tunnel,-22.0,5.49865198135376,-0.8809013366699219,-22.0,5.278054714202881,0.09314002841711044
Tunnel,-22.0,5.278054714202881,0.09314002841711044,-22.0,4.890265941619873,1.0134875774383545
Tunnel,-22.0,4.890265941619873,1.0134875774383545,-22.0,4.346057415008545,1.850823163986206
Tunnel,-22.0,4.346057415008545,1.850823163986206,-22.0,3.660210132598877,2.5766961574554443
Tunnel,-22.0,3.660210132598877,2.5766961574554443,-22.0,2.854999542236328,3.1673853397369385
Tunnel,-22.0,2.854999542236328,3.1673853397369385,-22.0,1.9566841125488281,3.6036276817321777
Tunnel,-22.0,1.9566841125488281,3.6036276817321777,-22.0,0.9945588707923889,3.8711965084075928
Tunnel,-22.0,0.9945588707923889,3.8711965084075928,-22.0,0.0,3.9613661766052246
Tunnel,-22.0,0.0,3.9613661766052246,-22.0,-0.9945588707923889,3.8711965084075928
Tunnel,-22.0,-0.9945588707923889,3.8711965084075928,-22.0,-1.9566841125488281,3.6036276817321777
Tunnel,-22.0,-1.9566841125488281,3.6036276817321777,-22.0,-2.854999542236328,3.1673853397369385
Tunnel,-22.0,-2.854999542236328,3.1673853397369385,-22.0,-3.660210132598877,2.5766961574554443
Tunnel,-22.0,-3.660210132598877,2.5766961574554443,-22.0,-4.346057415008545,1.850823163986206
Tunnel,-22.0,-4.346057415008545,1.850823163986206,-22.0,-4.890265941619873,1.0134875774383545
Tunnel,-22.0,-4.890265941619873,1.0134875774383545,-22.0,-5.278054714202881,0.09314002841711044
Tunnel,-22.0,-5.278054714202881,0.09314002841711044,-22.0,-5.49865198135376,-0.8809013366699219
Tunnel,-22.0,-5.49865198135376,-0.8809013366699219,-22.0,-5.5452375411987305,-1.8785232305526733
Tunnel,-22.0,-5.5452375411987305,-1.8785232305526733,-22.0,-5.416370868682861,-2.8688833713531494
Tunnel,-22.0,-5.416370868682861,-2.8688833713531494,-22.0,-5.038261890411377,-4.0
Tunnel,-22.0,-5.038261890411377,-4.0,-22.0,5.038261890411377,-4.0
Tunnel,-22.0,5.038261890411377,-4.0,-22.0,5.038261890411377,-4.0
Tunnel,-19.0,5.038261890411377,-4.0,-19.0,5.416370868682861,-2.8688833713531494
Tunnel,-19.0,5.416370868682861,-2.8688833713531494,-19.0,5.5452375411987305,-1.8785232305526733
Tunnel,-19.0,5.5452375411987305,-1.8785232305526733,-19.0,5.49865198135376,-0.8809013366699219
Tunnel,-19.0,5.49865198135376,-0.8809013366699219,-19.0,5.278054714202881,0.09314002841711044
Tunnel,-19.0,5.278054714202881,0.09314002841711044,-19.0,4.890265941619873,1.0134875774383545
Tunnel,-19.0,4.890265941619873,1.0134875774383545,-19.0,4.346057415008545,1.850823163986206
Tunnel,-19.0,4.346057415008545,1.850823163986206,-19.0,3.660210132598877,2.5766961574554443
Tunnel,-19.0,3.660210132598877,2.5766961574554443,-19.0,2.854999542236328,3.1673853397369385
Tunnel,-19.0,2.854999542236328,3.1673853397369385,-19.0,1.9566841125488281,3.6036276817321777
Tunnel,-19.0,1.9566841125488281,3.6036276817321777,-19.0,0.9945588707923889,3.8711965084075928
Tunnel,-19.0,0.9945588707923889,3.8711965084075928,-19.0,0.0,3.9613661766052246
Tunnel,-19.0,0.0,3.9613661766052246,-19.0,-0.9945588707923889,3.8711965084075928
Tunnel,-19.0,-0.9945588707923889,3.8711965084075928,-19.0,-1.9566841125488281,3.6036276817321777
Tunnel,-19.0,-1.9566841125488281,3.6036276817321777,-19.0,-2.854999542236328,3.1673853397369385
Tunnel,-19.0,-2.854999542236328,3.1673853397369385,-19.0,-3.660210132598877,2.5766961574554443
Tunnel,-19.0,-3.660210132598877,2.5766961574554443,-19.0,-4.346057415008545,1.850823163986206
Tunnel,-19.0,-4.346057415008545,1.850823163986206,-19.0,-4.890265941619873,1.0134875774383545
Tunnel,-19.0,-4.890265941619873,1.0134875774383545,-19.0,-5.278054714202881,0.09314002841711044
Tunnel,-19.0,-5.278054714202881,0.09314002841711044,-19.0,-5.49865198135376,-0.8809013366699219
Tunnel,-19.0,-5.49865198135376,-0.8809013366699219,-19.0,-5.5452375411987305,-1.8785232305526733
Tunnel,-19.0,-5.5452375411987305,-1.8785232305526733,-19.0,-5.416370868682861,-2.8688833713531494
Tunnel,-19.0,-5.416370868682861,-2.8688833713531494,-19.0,-5.038261890411377,-4.0
Tunnel,-19.0,-5.038261890411377,-4.0,-19.0,5.038261890411377,-4.0
Tunnel,-19.0,5.038261890411377,-4.0,-19.0,5.038261890411377,-4.0
Tunnel,-16.0,5.038261890411377,-4.0,-16.0,5.416370868682861,-2.8688833713531494
Tunnel,-16.0,5.416370868682861,-2.8688833713531494,-16.0,5.5452375411987305,-1.8785232305526733
Tunnel,-16.0,5.5452375411987305,-1.8785232305526733,-16.0,5.49865198135376,-0.8809013366699219
Tunnel,-16.0,5.49865198135376,-0.8809013366699219,-16.0,5.278054714202881,0.09314002841711044
Tunnel,-16.0,5.278054714202881,0.09314002841711044,-16.0,4.890265941619873,1.0134875774383545
Tunnel,-16.0,4.890265941619873,1.0134875774383545,-16.0,4.346057415008545,1.850823163986206
Tunnel,-16.0,4.346057415008545,1.850823163986206,-16.0,3.660210132598877,2.5766961574554443
Tunnel,-16.0,3.660210132598877,2.5766961574554443,-16.0,2.854999542236328,3.1673853397369385
Tunnel,-16.0,2.854999542236328,3.1673853397369385,-16.0,1.9566841125488281,3.6036276817321777
Tunnel,-16.0,1.9566841125488281,3.6036276817321777,-16.0,0.9945588707923889,3.8711965084075928
Tunnel,-16.0,0.9945588707923889,3.8711965084075928,-16.0,0.0,3.9613661766052246
Tunnel,-16.0,0.0,3.9613661766052246,-16.0,-0.9945588707923889,3.8711965084075928
Tunnel,-16.0,-0.9945588707923889,3.8711965084075928,-16.0,-1.9566841125488281,3.6036276817321777
Tunnel,-16.0,-1.9566841125488281,3.6036276817321777,-16.0,-2.854999542236328,3.1673853397369385
Tunnel,-16.0,-2.854999542236328,3.1673853397369385,-16.0,-3.660210132598877,2.5766961574554443
Tunnel,-16.0,-3.660210132598877,2.5766961574554443,-16.0,-4.346057415008545,1.850823163986206
Tunnel,-16.0,-4.346057415008545,1.850823163986206,-16.0,-4.890265941619873,1.0134875774383545
Tunnel,-16.0,-4.890265941619873,1.0134875774383545,-16.0,-5.278054714202881,0.09314002841711044
Tunnel,-16.0,-5.278054714202881,0.09314002841711044,-16.0,-5.49865198135376,-0.8809013366699219
Tunnel,-16.0,-5.49865198135376,-0.8809013366699219,-16.0,-5.5452375411987305,-1.8785232305526733
Tunnel,-16.0,-5.5452375411987305,-1.8785232305526733,-16.0,-5.416370868682861,-2.8688833713531494
Tunnel,-16.0,-5.416370868682861,-2.8688833713531494,-16.0,-5.038261890411377,-4.0
Tunnel,-16.0,-5.038261890411377,-4.0,-16.0,5.038261890411377,-4.0
Tunnel,-16.0,5.038261890411377,-4.0,-16.0,5.038261890411377,-4.0
Tunnel,-13.0,5.038261890411377,-4.0,-13.0,5.416370868682861,-2.8688833713531494
Tunnel,-13.0,5.416370868682861,-2.8688833713531494,-13.0,5.5452375411987305,-1.8785232305526733
Tunnel,-13.0,5.5452375411987305,-1.8785232305526733,-13.0,5.49865198135376,-0.8809013366699219
Tunnel,-13.0,5.49865198135376,-0.8809013366699219,-13.0,5.278054714202881,0.09314002841711044
Tunnel,-13.0,5.278054714202881,0.09314002841711044,-13.0,4.890265941619873,1.0134875774383545
Tunnel,-13.0,4.890265941619873,1.0134875774383545,-13.0,4.346057415008545,1.850823163986206
Tunnel,-13.0,4.346057415008545,1.850823163986206,-13.0,3.660210132598877,2.5766961574554443
Tunnel,-13.0,3.660210132598877,2.5766961574554443,-13.0,2.854999542236328,3.1673853397369385
Tunnel,-13.0,2.854999542236328,3.1673853397369385,-13.0,1.9566841125488281,3.6036276817321777
Tunnel,-13.0,1.9566841125488281,3.6036276817321777,-13.0,0.9945588707923889,3.8711965084075928
Tunnel,-13.0,0.9945588707923889,3.8711965084075928,-13.0,0.0,3.9613661766052246
Tunnel,-13.0,0.0,3.9613661766052246,-13.0,-0.9945588707923889,3.8711965084075928
Tunnel,-13.0,-0.9945588707923889,3.8711965084075928,-13.0,-1.9566841125488281,3.6036276817321777
Tunnel,-13.0,-1.9566841125488281,3.6036276817321777,-13.0,-2.854999542236328,3.1673853397369385
Tunnel,-13.0,-2.854999542236328,3.1673853397369385,-13.0,-3.660210132598877,2.5766961574554443
Tunnel,-13.0,-3.660210132598877,2.5766961574554443,-13.0,-4.346057415008545,1.850823163986206
Tunnel,-13.0,-4.346057415008545,1.850823163986206,-13.0,-4.890265941619873,1.0134875774383545
Tunnel,-13.0,-4.890265941619873,1.0134875774383545,-13.0,-5.278054714202881,0.09314002841711044
Tunnel,-13.0,-5.278054714202881,0.09314002841711044,-13.0,-5.49865198135376,-0.8809013366699219
Tunnel,-13.0,-5.49865198135376,-0.8809013366699219,-13.0,-5.5452375411987305,-1.8785232305526733
Tunnel,-13.0,-5.5452375411987305,-1.8785232305526733,-13.0,-5.416370868682861,-2.8688833713531494
Tunnel,-13.0,-5.416370868682861,-2.8688833713531494,-13.0,-5.038261890411377,-4.0
Tunnel,-13.0,-5.038261890411377,-4.0,-13.0,5.038261890411377,-4.0
Tunnel,-13.0,5.038261890411377,-4.0,-13.0,5.038261890411377,-4.0
Tunnel,-10.0,5.038261890411377,-4.0,-10.0,5.416370868682861,-2.8688833713531494
Tunnel,-10.0,5.416370868682861,-2.8688833713531494,-10.0,5.5452375411987305,-1.8785232305526733
Tunnel,-10.0,5.5452375411987305,-1.8785232305526733,-10.0,5.49865198135376,-0.8809013366699219
Tunnel,-10.0,5.49865198135376,-0.8809013366699219,-10.0,5.278054714202881,0.09314002841711044
Tunnel,-10.0,5.278054714202881,0.09314002841711044,-10.0,4.890265941619873,1.0134875774383545
Tunnel,-10.0,4.890265941619873,1.0134875774383545,-10.0,4.346057415008545,1.850823163986206
Tunnel,-10.0,4.346057415008545,1.850823163986206,-10.0,3.660210132598877,2.5766961574554443
Tunnel,-10.0,3.660210132598877,2.5766961574554443,-10.0,2.854999542236328,3.1673853397369385
Tunnel,-10.0,2.854999542236328,3.1673853397369385,-10.0,1.9566841125488281,3.6036276817321777
Tunnel,-10.0,1.9566841125488281,3.6036276817321777,-10.0,0.9945588707923889,3.8711965084075928
Tunnel,-10.0,0.9945588707923889,3.8711965084075928,-10.0,0.0,3.9613661766052246
Tunnel,-10.0,0.0,3.9613661766052246,-10.0,-0.9945588707923889,3.8711965084075928
Tunnel,-10.0,-0.9945588707923889,3.8711965084075928,-10.0,-1.9566841125488281,3.6036276817321777
Tunnel,-10.0,-1.9566841125488281,3.6036276817321777,-10.0,-2.854999542236328,3.1673853397369385
Tunnel,-10.0,-2.854999542236328,3.1673853397369385,-10.0,-3.660210132598877,2.5766961574554443
Tunnel,-10.0,-3.660210132598877,2.5766961574554443,-10.0,-4.346057415008545,1.850823163986206
Tunnel,-10.0,-4.346057415008545,1.850823163986206,-10.0,-4.890265941619873,1.0134875774383545
Tunnel,-10.0,-4.890265941619873,1.0134875774383545,-10.0,-5.278054714202881,0.09314002841711044
Tunnel,-10.0,-5.278054714202881,0.09314002841711044,-10.0,-5.49865198135376,-0.8809013366699219
Tunnel,-10.0,-5.49865198135376,-0.8809013366699219,-10.0,-5.5452375411987305,-1.8785232305526733
Tunnel,-10.0,-5.5452375411987305,-1.8785232305526733,-10.0,-5.416370868682861,-2.8688833713531494
Tunnel,-10.0,-5.416370868682861,-2.8688833713531494,-10.0,-5.038261890411377,-4.0
Tunnel,-10.0,-5.038261890411377,-4.0,-10.0,5.038261890411377,-4.0
Tunnel,-10.0,5.038261890411377,-4.0,-10.0,5.038261890411377,-4.0
Tunnel,-7.0,5.038261890411377,-4.0,-7.0,5.416370868682861,-2.8688833713531494
Tunnel,-7.0,5.416370868682861,-2.8688833713531494,-7.0,5.5452375411987305,-1.8785232305526733
Tunnel,-7.0,5.5452375411987305,-1.8785232305526733,-7.0,5.49865198135376,-0.8809013366699219
Tunnel,-7.0,5.49865198135376,-0.8809013366699219,-7.0,5.278054714202881,0.09314002841711044
Tunnel,-7.0,5.278054714202881,0.09314002841711044,-7.0,4.890265941619873,1.0134875774383545
Tunnel,-7.0,4.890265941619873,1.0134875774383545,-7.0,4.346057415008545,1.850823163986206
Tunnel,-7.0,4.346057415008545,1.850823163986206,-7.0,3.660210132598877,2.5766961574554443
Tunnel,-7.0,3.660210132598877,2.5766961574554443,-7.0,2.854999542236328,3.1673853397369385
Tunnel,-7.0,2.854999542236328,3.1673853397369385,-7.0,1.9566841125488281,3.6036276817321777
Tunnel,-7.0,1.9566841125488281,3.6036276817321777,-7.0,0.9945588707923889,3.8711965084075928
Tunnel,-7.0,0.9945588707923889,3.8711965084075928,-7.0,0.0,3.9613661766052246
Tunnel,-7.0,0.0,3.9613661766052246,-7.0,-0.9945588707923889,3.8711965084075928
Tunnel,-7.0,-0.9945588707923889,3.8711965084075928,-7.0,-1.9566841125488281,3.6036276817321777
Tunnel,-7.0,-1.9566841125488281,3.6036276817321777,-7.0,-2.854999542236328,3.1673853397369385
Tunnel,-7.0,-2.854999542236328,3.1673853397369385,-7.0,-3.660210132598877,2.5766961574554443
Tunnel,-7.0,-3.660210132598877,2.5766961574554443,-7.0,-4.346057415008545,1.850823163986206
Tunnel,-7.0,-4.346057415008545,1.850823163986206,-7.0,-4.890265941619873,1.0134875774383545
Tunnel,-7.0,-4.890265941619873,1.0134875774383545,-7.0,-5.278054714202881,0.09314002841711044
Tunnel,-7.0,-5.278054714202881,0.09314002841711044,-7.0,-5.49865198135376,-0.8809013366699219
Tunnel,-7.0,-5.49865198135376,-0.8809013366699219,-7.0,-5.5452375411987305,-1.8785232305526733
Tunnel,-7.0,-5.5452375411987305,-1.8785232305526733,-7.0,-5.416370868682861,-2.8688833713531494
Tunnel,-7.0,-5.416370868682861,-2.8688833713531494,-7.0,-5.038261890411377,-4.0
Tunnel,-7.0,-5.038261890411377,-4.0,-7.0,5.038261890411377,-4.0
Tunnel,-7.0,5.038261890411377,-4.0,-7.0,5.038261890411377,-4.0
Tunnel,-4.0,5.038261890411377,-4.0,-4.0,5.416370868682861,-2.8688833713531494
Tunnel,-4.0,5.416370868682861,-2.8688833713531494,-4.0,5.5452375411987305,-1.8785232305526733
Tunnel,-4.0,5.5452375411987305,-1.8785232305526733,-4.0,5.49865198135376,-0.8809013366699219
Tunnel,-4.0,5.49865198135376,-0.8809013366699219,-4.0,5.278054714202881,0.09314002841711044
Tunnel,-4.0,5.278054714202881,0.09314002841711044,-4.0,4.890265941619873,1.0134875774383545
Tunnel,-4.0,4.890265941619873,1.0134875774383545,-4.0,4.346057415008545,1.850823163986206
Tunnel,-4.0,4.346057415008545,1.850823163986206,-4.0,3.660210132598877,2.5766961574554443
Tunnel,-4.0,3.660210132598877,2.5766961574554443,-4.0,2.854999542236328,3.1673853397369385
Tunnel,-4.0,2.854999542236328,3.1673853397369385,-4.0,1.9566841125488281,3.6036276817321777
Tunnel,-4.0,1.9566841125488281,3.6036276817321777,-4.0,0.9945588707923889,3.8711965084075928
Tunnel,-4.0,0.9945588707923889,3.8711965084075928,-4.0,0.0,3.9613661766052246
Tunnel,-4.0,0.0,3.9613661766052246,-4.0,-0.9945588707923889,3.8711965084075928
Tunnel,-4.0,-0.9945588707923889,3.8711965084075928,-4.0,-1.9566841125488281,3.6036276817321777
Tunnel,-4.0,-1.9566841125488281,3.6036276817321777,-4.0,-2.854999542236328,3.1673853397369385
Tunnel,-4.0,-2.854999542236328,3.1673853397369385,-4.0,-3.660210132598877,2.5766961574554443
Tunnel,-4.0,-3.660210132598877,2.5766961574554443,-4.0,-4.346057415008545,1.850823163986206
Tunnel,-4.0,-4.346057415008545,1.850823163986206,-4.0,-4.890265941619873,1.0134875774383545
Tunnel,-4.0,-4.890265941619873,1.0134875774383545,-4.0,-5.278054714202881,0.09314002841711044
Tunnel,-4.0,-5.278054714202881,0.09314002841711044,-4.0,-5.49865198135376,-0.8809013366699219
Tunnel,-4.0,-5.49865198135376,-0.8809013366699219,-4.0,-5.5452375411987305,-1.8785232305526733
Tunnel,-4.0,-5.5452375411987305,-1.8785232305526733,-4.0,-5.416370868682861,-2.8688833713531494
Tunnel,-4.0,-5.416370868682861,-2.8688833713531494,-4.0,-5.038261890411377,-4.0
Tunnel,-4.0,-5.038261890411377,-4.0,-4.0,5.038261890411377,-4.0
Tunnel,-4.0,5.038261890411377,-4.0,-4.0,5.038261890411377,-4.0
Tunnel,-1.0,5.038261890411377,-4.0,-1.0,5.416370868682861,-2.8688833713531494
Tunnel,-1.0,5.416370868682861,-2.8688833713531494,-1.0,5.5452375411987305,-1.8785232305526733
Tunnel,-1.0,5.5452375411987305,-1.8785232305526733,-1.0,5.49865198135376,-0.8809013366699219
Tunnel,-1.0,5.49865198135376,-0.8809013366699219,-1.0,5.278054714202881,0.09314002841711044
Tunnel,-1.0,5.278054714202881,0.09314002841711044,-1.0,4.890265941619873,1.0134875774383545
Tunnel,-1.0,4.890265941619873,1.0134875774383545,-1.0,4.346057415008545,1.850823163986206
Tunnel,-1.0,4.346057415008545,1.850823163986206,-1.0,3.660210132598877,2.5766961574554443
Tunnel,-1.0,3.660210132598877,2.5766961574554443,-1.0,2.854999542236328,3.1673853397369385
Tunnel,-1.0,2.854999542236328,3.1673853397369385,-1.0,1.9566841125488281,3.6036276817321777
Tunnel,-1.0,1.9566841125488281,3.6036276817321777,-1.0,0.9945588707923889,3.8711965084075928
Tunnel,-1.0,0.9945588707923889,3.8711965084075928,-1.0,0.0,3.9613661766052246
Tunnel,-1.0,0.0,3.9613661766052246,-1.0,-0.9945588707923889,3.8711965084075928
Tunnel,-1.0,-0.9945588707923889,3.8711965084075928,-1.0,-1.9566841125488281,3.6036276817321777
Tunnel,-1.0,-1.9566841125488281,3.6036276817321777,-1.0,-2.854999542236328,3.1673853397369385
Tunnel,-1.0,-2.854999542236328,3.1673853397369385,-1.0,-3.660210132598877,2.5766961574554443
Tunnel,-1.0,-3.660210132598877,2.5766961574554443,-1.0,-4.346057415008545,1.850823163986206
Tunnel,-1.0,-4.346057415008545,1.850823163986206,-1.0,-4.890265941619873,1.0134875774383545
Tunnel,-1.0,-4.890265941619873,1.0134875774383545,-1.0,-5.278054714202881,0.09314002841711044
Tunnel,-1.0,-5.278054714202881,0.09314002841711044,-1.0,-5.49865198135376,-0.8809013366699219
Tunnel,-1.0,-5.49865198135376,-0.8809013366699219,-1.0,-5.5452375411987305,-1.8785232305526733
Tunnel,-1.0,-5.5452375411987305,-1.8785232305526733,-1.0,-5.416370868682861,-2.8688833713531494
Tunnel,-1.0,-5.416370868682861,-2.8688833713531494,-1.0,-5.038261890411377,-4.0
Tunnel,-1.0,-5.038261890411377,-4.0,-1.0,5.038261890411377,-4.0
Tunnel,-1.0,5.038261890411377,-4.0,-1.0,5.038261890411377,-4.0
Tunnel,2.0,5.038261890411377,-4.0,2.0,5.416370868682861,-2.8688833713531494
Tunnel,2.0,5.416370868682861,-2.8688833713531494,2.0,5.5452375411987305,-1.8785232305526733
Tunnel,2.0,5.5452375411987305,-1.8785232305526733,2.0,5.49865198135376,-0.8809013366699219
Tunnel,2.0,5.49865198135376,-0.8809013366699219,2.0,5.278054714202881,0.09314002841711044
Tunnel,2.0,5.278054714202881,0.09314002841711044,2.0,4.890265941619873,1.0134875774383545
Tunnel,2.0,4.890265941619873,1.0134875774383545,2.0,4.346057415008545,1.850823163986206
Tunnel,2.0,4.346057415008545,1.850823163986206,2.0,3.660210132598877,2.5766961574554443
Tunnel,2.0,3.660210132598877,2.5766961574554443,2.0,2.854999542236328,3.1673853397369385
Tunnel,2.0,2.854999542236328,3.1673853397369385,2.0,1.9566841125488281,3.6036276817321777
Tunnel,2.0,1.9566841125488281,3.6036276817321777,2.0,0.9945588707923889,3.8711965084075928
Tunnel,2.0,0.9945588707923889,3.8711965084075928,2.0,0.0,3.9613661766052246
Tunnel,2.0,0.0,3.9613661766052246,2.0,-0.9945588707923889,3.8711965084075928
Tunnel,2.0,-0.9945588707923889,3.8711965084075928,2.0,-1.9566841125488281,3.6036276817321777
Tunnel,2.0,-1.9566841125488281,3.6036276817321777,2.0,-2.854999542236328,3.1673853397369385
Tunnel,2.0,-2.854999542236328,3.1673853397369385,2.0,-3.660210132598877,2.5766961574554443
Tunnel,2.0,-3.660210132598877,2.5766961574554443,2.0,-4.346057415008545,1.850823163986206
Tunnel,2.0,-4.346057415008545,1.850823163986206,2.0,-4.890265941619873,1.0134875774383545
Tunnel,2.0,-4.890265941619873,1.0134875774383545,2.0,-5.278054714202881,0.09314002841711044
Tunnel,2.0,-5.278054714202881,0.09314002841711044,2.0,-5.49865198135376,-0.8809013366699219
Tunnel,2.0,-5.49865198135376,-0.8809013366699219,2.0,-5.5452375411987305,-1.8785232305526733
Tunnel,2.0,-5.5452375411987305,-1.8785232305526733,2.0,-5.416370868682861,-2.8688833713531494
Tunnel,2.0,-5.416370868682861,-2.8688833713531494,2.0,-5.038261890411377,-4.0
Tunnel,2.0,-5.038261890411377,-4.0,2.0,5.038261890411377,-4.0
Tunnel,2.0,5.038261890411377,-4.0,2.0,5.038261890411377,-4.0
Tunnel,5.0,5.038261890411377,-4.0,5.0,5.416370868682861,-2.8688833713531494
Tunnel,5.0,5.416370868682861,-2.8688833713531494,5.0,5.5452375411987305,-1.8785232305526733
Tunnel,5.0,5.5452375411987305,-1.8785232305526733,5.0,5.49865198135376,-0.8809013366699219
Tunnel,5.0,5.49865198135376,-0.8809013366699219,5.0,5.278054714202881,0.09314002841711044
Tunnel,5.0,5.278054714202881,0.09314002841711044,5.0,4.890265941619873,1.0134875774383545
Tunnel,5.0,4.890265941619873,1.0134875774383545,5.0,4.346057415008545,1.850823163986206
Tunnel,5.0,4.346057415008545,1.850823163986206,5.0,3.660210132598877,2.5766961574554443
Tunnel,5.0,3.660210132598877,2.5766961574554443,5.0,2.854999542236328,3.1673853397369385
Tunnel,5.0,2.854999542236328,3.1673853397369385,5.0,1.9566841125488281,3.6036276817321777
Tunnel,5.0,1.9566841125488281,3.6036276817321777,5.0,0.9945588707923889,3.8711965084075928
Tunnel,5.0,0.9945588707923889,3.8711965084075928,5.0,0.0,3.9613661766052246
Tunnel,5.0,0.0,3.9613661766052246,5.0,-0.9945588707923889,3.8711965084075928
Tunnel,5.0,-0.9945588707923889,3.8711965084075928,5.0,-1.9566841125488281,3.6036276817321777
Tunnel,5.0,-1.9566841125488281,3.6036276817321777,5.0,-2.854999542236328,3.1673853397369385
Tunnel,5.0,-2.854999542236328,3.1673853397369385,5.0,-3.660210132598877,2.5766961574554443
Tunnel,5.0,-3.660210132598877,2.5766961574554443,5.0,-4.346057415008545,1.850823163986206
Tunnel,5.0,-4.346057415008545,1.850823163986206,5.0,-4.890265941619873,1.0134875774383545
Tunnel,5.0,-4.890265941619873,1.0134875774383545,5.0,-5.278054714202881,0.09314002841711044
Tunnel,5.0,-5.278054714202881,0.09314002841711044,5.0,-5.49865198135376,-0.8809013366699219
Tunnel,5.0,-5.49865198135376,-0.8809013366699219,5.0,-5.5452375411987305,-1.8785232305526733
Tunnel,5.0,-5.5452375411987305,-1.8785232305526733,5.0,-5.416370868682861,-2.8688833713531494
Tunnel,5.0,-5.416370868682861,-2.8688833713531494,5.0,-5.038261890411377,-4.0
Tunnel,5.0,-5.038261890411377,-4.0,5.0,5.038261890411377,-4.0
Tunnel,5.0,5.038261890411377,-4.0,5.0,5.038261890411377,-4.0
Tunnel,8.0,5.038261890411377,-4.0,8.0,5.416370868682861,-2.8688833713531494
Tunnel,8.0,5.416370868682861,-2.8688833713531494,8.0,5.5452375411987305,-1.8785232305526733
Tunnel,8.0,5.5452375411987305,-1.8785232305526733,8.0,5.49865198135376,-0.8809013366699219
Tunnel,8.0,5.49865198135376,-0.8809013366699219,8.0,5.278054714202881,0.09314002841711044
Tunnel,8.0,5.278054714202881,0.09314002841711044,8.0,4.890265941619873,1.0134875774383545
Tunnel,8.0,4.890265941619873,1.0134875774383545,8.0,4.346057415008545,1.850823163986206
Tunnel,8.0,4.346057415008545,1.850823163986206,8.0,3.660210132598877,2.5766961574554443
Tunnel,8.0,3.660210132598877,2.5766961574554443,8.0,2.854999542236328,3.1673853397369385
Tunnel,8.0,2.854999542236328,3.1673853397369385,8.0,1.9566841125488281,3.6036276817321777
Tunnel,8.0,1.9566841125488281,3.6036276817321777,8.0,0.9945588707923889,3.8711965084075928
Tunnel,8.0,0.9945588707923889,3.8711965084075928,8.0,0.0,3.9613661766052246
Tunnel,8.0,0.0,3.9613661766052246,8.0,-0.9945588707923889,3.8711965084075928
Tunnel,8.0,-0.9945588707923889,3.8711965084075928,8.0,-1.9566841125488281,3.6036276817321777
Tunnel,8.0,-1.9566841125488281,3.6036276817321777,8.0,-2.854999542236328,3.1673853397369385
Tunnel,8.0,-2.854999542236328,3.1673853397369385,8.0,-3.660210132598877,2.5766961574554443
Tunnel,8.0,-3.660210132598877,2.5766961574554443,8.0,-4.346057415008545,1.850823163986206
Tunnel,8.0,-4.346057415008545,1.850823163986206,8.0,-4.890265941619873,1.0134875774383545
Tunnel,8.0,-4.890265941619873,1.0134875774383545,8.0,-5.278054714202881,0.09314002841711044
Tunnel,8.0,-5.278054714202881,0.09314002841711044,8.0,-5.49865198135376,-0.8809013366699219
Tunnel,8.0,-5.49865198135376,-0.8809013366699219,8.0,-5.5452375411987305,-1.8785232305526733
Tunnel,8.0,-5.5452375411987305,-1.8785232305526733,8.0,-5.416370868682861,-2.8688833713531494
Tunnel,8.0,-5.416370868682861,-2.8688833713531494,8.0,-5.038261890411377,-4.0
Tunnel,8.0,-5.038261890411377,-4.0,8.0,5.038261890411377,-4.0
Tunnel,8.0,5.038261890411377,-4.0,8.0,5.038261890411377,-4.0
Tunnel,11.0,5.038261890411377,-4.0,11.0,5.416370868682861,-2.8688833713531494
Tunnel,11.0,5.416370868682861,-2.8688833713531494,11.0,5.5452375411987305,-1.8785232305526733
Tunnel,11.0,5.5452375411987305,-1.8785232305526733,11.0,5.49865198135376,-0.8809013366699219
Tunnel,11.0,5.49865198135376,-0.8809013366699219,11.0,5.278054714202881,0.09314002841711044
Tunnel,11.0,5.278054714202881,0.09314002841711044,11.0,4.890265941619873,1.0134875774383545
Tunnel,11.0,4.890265941619873,1.0134875774383545,11.0,4.346057415008545,1.850823163986206
Tunnel,11.0,4.346057415008545,1.850823163986206,11.0,3.660210132598877,2.5766961574554443
Tunnel,11.0,3.660210132598877,2.5766961574554443,11.0,2.854999542236328,3.1673853397369385
Tunnel,11.0,2.854999542236328,3.1673853397369385,11.0,1.9566841125488281,3.6036276817321777
Tunnel,11.0,1.9566841125488281,3.6036276817321777,11.0,0.9945588707923889,3.8711965084075928
Tunnel,11.0,0.9945588707923889,3.8711965084075928,11.0,0.0,3.9613661766052246
Tunnel,11.0,0.0,3.9613661766052246,11.0,-0.9945588707923889,3.8711965084075928
Tunnel,11.0,-0.9945588707923889,3.8711965084075928,11.0,-1.9566841125488281,3.6036276817321777
Tunnel,11.0,-1.9566841125488281,3.6036276817321777,11.0,-2.854999542236328,3.1673853397369385
Tunnel,11.0,-2.854999542236328,3.1673853397369385,11.0,-3.660210132598877,2.5766961574554443
Tunnel,11.0,-3.660210132598877,2.5766961574554443,11.0,-4.346057415008545,1.850823163986206
Tunnel,11.0,-4.346057415008545,1.850823163986206,11.0,-4.890265941619873,1.0134875774383545
Tunnel,11.0,-4.890265941619873,1.0134875774383545,11.0,-5.278054714202881,0.09314002841711044
Tunnel,11.0,-5.278054714202881,0.09314002841711044,11.0,-5.49865198135376,-0.8809013366699219
Tunnel,11.0,-5.49865198135376,-0.8809013366699219,11.0,-5.5452375411987305,-1.8785232305526733
Tunnel,11.0,-5.5452375411987305,-1.8785232305526733,11.0,-5.416370868682861,-2.8688833713531494
Tunnel,11.0,-5.416370868682861,-2.8688833713531494,11.0,-5.038261890411377,-4.0
Tunnel,11.0,-5.038261890411377,-4.0,11.0,5.038261890411377,-4.0
Tunnel,11.0,5.038261890411377,-4.0,11.0,5.038261890411377,-4.0
Tunnel,14.0,5.038261890411377,-4.0,14.0,5.416370868682861,-2.8688833713531494
Tunnel,14.0,5.416370868682861,-2.8688833713531494,14.0,5.5452375411987305,-1.8785232305526733
Tunnel,14.0,5.5452375411987305,-1.8785232305526733,14.0,5.49865198135376,-0.8809013366699219
Tunnel,14.0,5.49865198135376,-0.8809013366699219,14.0,5.278054714202881,0.09314002841711044
Tunnel,14.0,5.278054714202881,0.09314002841711044,14.0,4.890265941619873,1.0134875774383545
Tunnel,14.0,4.890265941619873,1.0134875774383545,14.0,4.346057415008545,1.850823163986206
Tunnel,14.0,4.346057415008545,1.850823163986206,14.0,3.660210132598877,2.5766961574554443
Tunnel,14.0,3.660210132598877,2.5766961574554443,14.0,2.854999542236328,3.1673853397369385
Tunnel,14.0,2.854999542236328,3.1673853397369385,14.0,1.9566841125488281,3.6036276817321777
Tunnel,14.0,1.9566841125488281,3.6036276817321777,14.0,0.9945588707923889,3.8711965084075928
Tunnel,14.0,0.9945588707923889,3.8711965084075928,14.0,0.0,3.9613661766052246
Tunnel,14.0,0.0,3.9613661766052246,14.0,-0.9945588707923889,3.8711965084075928
Tunnel,14.0,-0.9945588707923889,3.8711965084075928,14.0,-1.9566841125488281,3.6036276817321777
Tunnel,14.0,-1.9566841125488281,3.6036276817321777,14.0,-2.854999542236328,3.1673853397369385
Tunnel,14.0,-2.854999542236328,3.1673853397369385,14.0,-3.660210132598877,2.5766961574554443
Tunnel,14.0,-3.660210132598877,2.5766961574554443,14.0,-4.346057415008545,1.850823163986206
Tunnel,14.0,-4.346057415008545,1.850823163986206,14.0,-4.890265941619873,1.0134875774383545
Tunnel,14.0,-4.890265941619873,1.0134875774383545,14.0,-5.278054714202881,0.09314002841711044
Tunnel,14.0,-5.278054714202881,0.09314002841711044,14.0,-5.49865198135376,-0.8809013366699219
Tunnel,14.0,-5.49865198135376,-0.8809013366699219,14.0,-5.5452375411987305,-1.8785232305526733
Tunnel,14.0,-5.5452375411987305,-1.8785232305526733,14.0,-5.416370868682861,-2.8688833713531494
Tunnel,14.0,-5.416370868682861,-2.8688833713531494,14.0,-5.038261890411377,-4.0
Tunnel,14.0,-5.038261890411377,-4.0,14.0,5.038261890411377,-4.0
Tunnel,14.0,5.038261890411377,-4.0,14.0,5.038261890411377,-4.0
Tunnel,17.0,5.038261890411377,-4.0,17.0,5.416370868682861,-2.8688833713531494
Tunnel,17.0,5.416370868682861,-2.8688833713531494,17.0,5.5452375411987305,-1.8785232305526733
Tunnel,17.0,5.5452375411987305,-1.8785232305526733,17.0,5.49865198135376,-0.8809013366699219
Tunnel,17.0,5.49865198135376,-0.8809013366699219,17.0,5.278054714202881,0.09314002841711044
Tunnel,17.0,5.278054714202881,0.09314002841711044,17.0,4.890265941619873,1.0134875774383545
Tunnel,17.0,4.890265941619873,1.0134875774383545,17.0,4.346057415008545,1.850823163986206
Tunnel,17.0,4.346057415008545,1.850823163986206,17.0,3.660210132598877,2.5766961574554443
Tunnel,17.0,3.660210132598877,2.5766961574554443,17.0,2.854999542236328,3.1673853397369385
Tunnel,17.0,2.854999542236328,3.1673853397369385,17.0,1.9566841125488281,3.6036276817321777
Tunnel,17.0,1.9566841125488281,3.6036276817321777,17.0,0.9945588707923889,3.8711965084075928
Tunnel,17.0,0.9945588707923889,3.8711965084075928,17.0,0.0,3.9613661766052246
Tunnel,17.0,0.0,3.9613661766052246,17.0,-0.9945588707923889,3.8711965084075928
Tunnel,17.0,-0.9945588707923889,3.8711965084075928,17.0,-1.9566841125488281,3.6036276817321777
Tunnel,17.0,-1.9566841125488281,3.6036276817321777,17.0,-2.854999542236328,3.1673853397369385
Tunnel,17.0,-2.854999542236328,3.1673853397369385,17.0,-3.660210132598877,2.5766961574554443
Tunnel,17.0,-3.660210132598877,2.5766961574554443,17.0,-4.346057415008545,1.850823163986206
Tunnel,17.0,-4.346057415008545,1.850823163986206,17.0,-4.890265941619873,1.0134875774383545
Tunnel,17.0,-4.890265941619873,1.0134875774383545,17.0,-5.278054714202881,0.09314002841711044
Tunnel,17.0,-5.278054714202881,0.09314002841711044,17.0,-5.49865198135376,-0.8809013366699219
Tunnel,17.0,-5.49865198135376,-0.8809013366699219,17.0,-5.5452375411987305,-1.8785232305526733
Tunnel,17.0,-5.5452375411987305,-1.8785232305526733,17.0,-5.416370868682861,-2.8688833713531494
Tunnel,17.0,-5.416370868682861,-2.8688833713531494,17.0,-5.038261890411377,-4.0
Tunnel,17.0,-5.038261890411377,-4.0,17.0,5.038261890411377,-4.0
Tunnel,17.0,5.038261890411377,-4.0,17.0,5.038261890411377,-4.0
Tunnel,20.0,5.038261890411377,-4.0,20.0,5.416370868682861,-2.8688833713531494
Tunnel,20.0,5.416370868682861,-2.8688833713531494,20.0,5.5452375411987305,-1.8785232305526733
Tunnel,20.0,5.5452375411987305,-1.8785232305526733,20.0,5.49865198135376,-0.8809013366699219
Tunnel,20.0,5.49865198135376,-0.8809013366699219,20.0,5.278054714202881,0.09314002841711044
Tunnel,20.0,5.278054714202881,0.09314002841711044,20.0,4.890265941619873,1.0134875774383545
Tunnel,20.0,4.890265941619873,1.0134875774383545,20.0,4.346057415008545,1.850823163986206
Tunnel,20.0,4.346057415008545,1.850823163986206,20.0,3.660210132598877,2.5766961574554443
Tunnel,20.0,3.660210132598877,2.5766961574554443,20.0,2.854999542236328,3.1673853397369385
Tunnel,20.0,2.854999542236328,3.1673853397369385,20.0,1.9566841125488281,3.6036276817321777
Tunnel,20.0,1.9566841125488281,3.6036276817321777,20.0,0.9945588707923889,3.8711965084075928
Tunnel,20.0,0.9945588707923889,3.8711965084075928,20.0,0.0,3.9613661766052246
Tunnel,20.0,0.0,3.9613661766052246,20.0,-0.9945588707923889,3.8711965084075928
Tunnel,20.0,-0.9945588707923889,3.8711965084075928,20.0,-1.9566841125488281,3.6036276817321777
Tunnel,20.0,-1.9566841125488281,3.6036276817321777,20.0,-2.854999542236328,3.1673853397369385
Tunnel,20.0,-2.854999542236328,3.1673853397369385,20.0,-3.660210132598877,2.5766961574554443
Tunnel,20.0,-3.660210132598877,2.5766961574554443,20.0,-4.346057415008545,1.850823163986206
Tunnel,20.0,-4.346057415008545,1.850823163986206,20.0,-4.890265941619873,1.0134875774383545
Tunnel,20.0,-4.890265941619873,1.0134875774383545,20.0,-5.278054714202881,0.09314002841711044
Tunnel,20.0,-5.278054714202881,0.09314002841711044,20.0,-5.49865198135376,-0.8809013366699219
Tunnel,20.0,-5.49865198135376,-0.8809013366699219,20.0,-5.5452375411987305,-1.8785232305526733
Tunnel,20.0,-5.5452375411987305,-1.8785232305526733,20.0,-5.416370868682861,-2.8688833713531494
Tunnel,20.0,-5.416370868682861,-2.8688833713531494,20.0,-5.038261890411377,-4.0
Tunnel,20.0,-5.038261890411377,-4.0,20.0,5.038261890411377,-4.0
Tunnel,20.0,5.038261890411377,-4.0,20.0,5.038261890411377,-4.0
Tunnel,23.0,5.038261890411377,-4.0,23.0,5.416370868682861,-2.8688833713531494
Tunnel,23.0,5.416370868682861,-2.8688833713531494,23.0,5.5452375411987305,-1.8785232305526733
Tunnel,23.0,5.5452375411987305,-1.8785232305526733,23.0,5.49865198135376,-0.8809013366699219
Tunnel,23.0,5.49865198135376,-0.8809013366699219,23.0,5.278054714202881,0.09314002841711044
Tunnel,23.0,5.278054714202881,0.09314002841711044,23.0,4.890265941619873,1.0134875774383545
Tunnel,23.0,4.890265941619873,1.0134875774383545,23.0,4.346057415008545,1.850823163986206
Tunnel,23.0,4.346057415008545,1.850823163986206,23.0,3.660210132598877,2.5766961574554443
Tunnel,23.0,3.660210132598877,2.5766961574554443,23.0,2.854999542236328,3.1673853397369385
Tunnel,23.0,2.854999542236328,3.1673853397369385,23.0,1.9566841125488281,3.6036276817321777
Tunnel,23.0,1.9566841125488281,3.6036276817321777,23.0,0.9945588707923889,3.8711965084075928
Tunnel,23.0,0.9945588707923889,3.8711965084075928,23.0,0.0,3.9613661766052246
Tunnel,23.0,0.0,3.9613661766052246,23.0,-0.9945588707923889,3.8711965084075928
Tunnel,23.0,-0.9945588707923889,3.8711965084075928,23.0,-1.9566841125488281,3.6036276817321777
Tunnel,23.0,-1.9566841125488281,3.6036276817321777,23.0,-2.854999542236328,3.1673853397369385
Tunnel,23.0,-2.854999542236328,3.1673853397369385,23.0,-3.660210132598877,2.5766961574554443
Tunnel,23.0,-3.660210132598877,2.5766961574554443,23.0,-4.346057415008545,1.850823163986206
Tunnel,23.0,-4.346057415008545,1.850823163986206,23.0,-4.890265941619873,1.0134875774383545
Tunnel,23.0,-4.890265941619873,1.0134875774383545,23.0,-5.278054714202881,0.09314002841711044
Tunnel,23.0,-5.278054714202881,0.09314002841711044,23.0,-5.49865198135376,-0.8809013366699219
Tunnel,23.0,-5.49865198135376,-0.8809013366699219,23.0,-5.5452375411987305,-1.8785232305526733
Tunnel,23.0,-5.5452375411987305,-1.8785232305526733,23.0,-5.416370868682861,-2.8688833713531494
Tunnel,23.0,-5.416370868682861,-2.8688833713531494,23.0,-5.038261890411377,-4.0
Tunnel,23.0,-5.038261890411377,-4.0,23.0,5.038261890411377,-4.0
Tunnel,23.0,5.038261890411377,-4.0,23.0,5.038261890411377,-4.0
