trace_id,face_id,set_id,x_face_nominal,x_mid_rough,x_span,rough_offset_p0,rough_offset_p1,rough_offset_mid,p0_x,p0_y,p0_z,p1_x,p1_y,p1_z,length_yz,length_3d,length_ratio_3d_to_yz,theta_yz_deg,valid_length,valid_x_tolerance,confidence,parent_fracture_id,x_face,normal_x,normal_y,normal_z,rough_length_warning,censoring_class,is_p0_on_boundary,is_p1_on_boundary,distance_p0_to_boundary,distance_p1_to_boundary
1,1,1,-0.009629006,-0.009629005000000001,0.06780435,0.033902176,-0.033902174,9.999999994736442e-10,0.02427317,-1.3330636,2.9,-0.04353118,-1.6493112,1.6,1.3379135041196646,1.3396305365229184,1.0012833657766118,76.32738694465247,True,True,1.0,8466,-0.009629006,-0.4075918,0.892075,-0.19511819,False,0,False,False,2.9,1.6
2,1,1,0.021301953,0.0213019525,0.071440009,0.035720004,-0.035720005,-4.999999997368221e-10,0.057021957,5.356325,2.45,-0.014418052,4.9547625,0.6968999,1.798502822357046,1.7999211307477283,1.0007886050402877,77.09847908094638,True,True,1.0,29955,0.021301953,-0.25887978,0.94365567,-0.20614381,False,0,False,False,0.17338251117565734,0.300133850242263
3,1,1,0.024561964,0.024561964,0.0051508019999999995,-0.002575400999999998,0.0025754010000000015,0.0,0.021986563,4.5374155,1.2,0.027137365,3.7421668,0.05,1.3981847141389043,1.3981942016804862,1.0000067856138648,55.33534298014099,True,True,1.0,41145,0.024561964,-0.31641462,0.7800077,-0.5398794,False,1,False,True,0.8554519014058883,0.05
4,1,1,0.041605778,0.041605778999999996,0.057568902,0.028784451999999995,-0.028784450000000003,9.999999925347502e-10,0.07039023,2.4688864,7.35,0.012821328,0.9855595,3.9,3.755363989317628,3.7558052226840912,1.000117494167734,66.73472139114321,True,True,1.0,161829,0.041605778,-0.17545578,0.90553474,-0.38629273,False,1,True,False,0.004399305342394916,3.7402857357490302
5,1,1,0.086464524,0.08646452,0.029085319999999998,-0.014542663999999997,0.014542656000000001,-3.999999997894577e-09,0.07192186,-1.3990685,7.75,0.10100718,-1.2734976,6.5,1.2562913877468118,1.2566280303917752,1.0002679654165003,95.73650100222413,True,True,1.0,169022,0.086464524,-0.21684165,0.9717624,0.09304579,False,1,True,False,0.008383377612835311,1.2463247301773355
6,1,1,-0.01251442,-0.012514418999999999,0.012033516,-0.006016756999999999,0.006016759,1.0000000012083676e-09,-0.018531177,-3.6146848,6.55,-0.006497661,-2.592178,4.3,2.4714409068489256,2.4714702024409605,1.0000118536485958,114.43930166811971,True,True,1.0,190299,-0.01251442,-0.818149,0.5249956,0.234546,False,1,True,False,0.048453477224376366,2.315692318787712
7,1,1,0.014222403,0.014222403299999999,0.0186644574,0.009332229,-0.0093322284,2.9999999880125916e-10,0.023554632,0.2618571,0.85,0.0048901746,0.12855536,0.05,0.8110298107264785,0.8112445475052907,1.000264770512714,80.53987935768666,True,True,1.0,204735,0.014222403,-0.24425538,0.957453,-0.15369776,False,1,False,True,0.85,0.05
8,1,1,0.019938,0.019938000249999997,0.0207575835,0.010378791999999998,-0.010378791500000002,2.499999963989641e-10,0.030316792,4.2661715,5.9,0.0095592085,4.221307,5.75,0.15656571578813172,0.15793574843273928,1.008750527774941,73.34825122188452,True,True,1.0,328735,0.019938,-0.073658615,0.9581999,-0.27645484,False,1,True,False,0.024292261901038503,0.1595427377168148
9,1,1,-0.011153313,-0.011153314999999997,0.09759189,-0.048795947,0.048795943,-1.999999997212565e-09,-0.05994926,-4.4761367,3.9,0.03764263,-4.8749576,0.05,3.870601776245757,3.8718319032817767,1.0003178128640278,84.08583362081158,True,True,1.0,364605,-0.011153313,-0.28668755,0.9521726,-0.10572428,False,1,False,True,0.8139917674477738,0.05
10,1,1,0.02253998,0.0225399804,0.043543891200000004,0.021771946,-0.0217719452,3.999999984016789e-10,0.044311926,-2.044035,2.9,0.0007680348,-3.3452373,0.9852745,2.315016450454627,2.3154259297883786,1.0001768796647952,55.80089670767828,True,True,1.0,385435,0.02253998,-0.3185651,0.7871348,-0.528143,False,0,False,False,2.9,0.9852745
11,1,1,0.01688355,0.0168835495,0.0038537430000000015,-0.0019268720000000013,0.0019268710000000001,-4.999999997368221e-10,0.014956678,1.8323721,7.6,0.018810421,1.8429983,7.5,0.10056299581078486,0.10063680967493943,1.0007340062172916,96.06560231880255,True,True,1.0,437309,0.01688355,0.10000204,0.9885232,0.11323206,False,1,True,False,0.0368023136830478,0.1302989294296057
12,1,1,-0.008685367,-0.008685368000000002,0.141925124,-0.070962563,0.07096256100000001,-1.0000000029430911e-09,-0.07964793,-5.339848,3.8,0.062277194,-4.315848,1.6,2.4266388276791417,2.4307856221440867,1.0017088634771871,114.95983735325048,True,True,1.0,448968,-0.008685367,-0.62243587,0.72417873,0.29688177,False,1,True,False,0.004482516521780001,1.1518243046380476
13,1,1,0.042426903,0.0424269025,0.021988079,0.010994038999999997,-0.010994040000000004,-4.999999997368221e-10,0.053420942,3.6387775,0.9,0.031432863,3.6597536,0.05,0.8502587822370374,0.8505430455828324,1.0003343256802912,91.4136448458844,True,True,1.0,512832,0.042426903,-0.073347464,0.9969603,0.02627425,False,1,False,True,0.9,0.05
14,1,1,-0.015045499,-0.015045498499999997,0.117724503,-0.05886225099999999,0.058862252000000004,5.00000003206269e-10,-0.07390775,-4.1452374,5.202744,0.043816753,-3.027008,3.5,2.0370994380639256,2.0404982673766123,1.001668465097569,123.29378566638604,True,True,1.0,564647,-0.015045499,-0.32326984,0.80109584,0.50372815,False,0,False,False,0.5215501590659984,2.30473382422347
15,1,1,-0.033515554,-0.033515553499999996,0.030534007,-0.015267002999999994,0.015267004000000004,5.00000006675716e-10,-0.048782557,4.4846077,4.75,-0.01824855,4.283554,3.1,1.6622041361648965,1.6624845610913703,1.0001687066710836,83.0527160060561,True,True,1.0,579500,-0.033515554,-0.4577949,0.8814328,-0.11619001,False,0,False,False,0.47613892993869955,1.1893041194916665
16,1,1,-0.02740119,-0.027401191249999998,0.0409863275,0.0204931625,-0.020493165,-1.2499999993420552e-09,-0.0069080275,4.532534,5.55,-0.047894355,4.7186904,4.9,0.6761317957772428,0.6773729285282196,1.0018356373102526,105.98141940497004,True,True,1.0,630053,-0.02740119,-0.67357033,0.6980965,0.24282569,False,1,True,False,0.0075773127224844005,0.20217950603514376
17,1,1,0.09424085,0.094240852,0.015070096000000005,-0.007535046000000004,0.0075350500000000015,1.9999999989472883e-09,0.086705804,-0.35004053,7.9,0.1017759,-0.595403,5.55,2.36277437384201,2.3628224329132212,1.0000203401017647,84.03936981713662,True,True,1.0,718924,0.09424085,-0.66835153,0.7392416,-0.0826321,False,1,True,False,0.029509429768455386,2.343274636468351
18,1,1,0.015633235,0.01563323325,0.0377416375,0.018870817,-0.0188708205,-1.7499999990788773e-09,0.034504052,-1.3728092,3.35,-0.0032375855,-1.163384,2.35,1.0216941393563144,1.0223909944811824,1.0006820584537237,101.82823289106717,True,True,1.0,723371,0.015633235,0.15958485,0.96741515,0.196572,False,0,False,False,3.35,2.35
19,1,2,0.0043522697,0.00435227,0.045513488000000005,0.0227567443,-0.022756743700000002,2.999999996686209e-10,0.027109014,-1.8796257,0.05,-0.018404474,-2.0451653,1.65,1.6085407545872623,1.6091845253910708,1.0004002203873124,95.90693329419597,True,True,1.0,768884,0.0043522697,0.9161036,-0.4006487,-0.015325139,False,1,True,False,0.05,1.65
20,1,2,-0.0030492977,-0.0030492977,0.0023413206000000002,0.0011706603000000001,-0.0011706603000000001,0.0,-0.0018786374,-4.195237,0.024980115,-0.004219958,-4.1848125,0.05,0.027104701541674027,0.027205635956823553,1.0037238711149186,67.38101718561778,True,True,1.0,908254,-0.0030492977,0.9819792,-0.16517328,0.091840066,False,2,True,True,0.024980115,0.05
21,1,2,-0.004883147,-0.0048831467,0.0057219786,0.0028609896,-0.0028609890000000004,2.999999996686209e-10,-0.0020221574,-1.0452373,2.3885338,-0.007744136,-2.5452373,4.3692503,2.484600139533976,2.4846067283196653,1.0000026518495209,127.13670930858413,True,True,1.0,908511,-0.004883147,0.88675904,-0.37038204,-0.27654204,False,0,False,False,2.3885338,2.3173130093094594
22,1,2,0.011631376,0.0116313765,0.022170221,0.011085111,-0.01108511,4.999999997368221e-10,0.022716487,3.7547626,0.046191365,0.000546266,4.4778423,0.8,1.0445437811564688,1.044779033792238,1.0002252204646787,46.19195489699306,True,True,1.0,966653,0.011631376,0.9679401,-0.1660321,0.18848176,False,1,True,False,0.046191365,0.7851379015995748
23,1,2,-0.0004548605,-0.0004548607500000001,0.0317049585,0.015852479,-0.0158524795,-2.5000000008525147e-10,0.0153976185,0.8547627,4.9256454,-0.01630734,2.4137275,6.1,1.9517889163995679,1.9520464078944657,1.0001319258925667,36.990396275148974,True,True,1.0,999915,-0.0004548605,0.90403694,-0.24498563,0.35028452,False,0,False,False,2.875309947938931,1.1216523915668608
24,1,2,0.097628176,0.09762818000000001,0.044092019999999996,-0.022046005999999993,0.022046014000000003,4.0000000117723644e-09,0.07558217,0.75476265,0.94183946,0.11967419,1.5047626,0.84615195,0.7560793771622148,0.7573639355010794,1.0016989728561119,172.72929209889142,True,True,1.0,1100185,0.097628176,0.99146384,-0.043788627,0.12280896,False,0,False,False,0.94183946,0.84615195
25,1,2,0.11484815,0.114848148,0.02471188399999999,0.012355939999999996,-0.012355943999999994,-1.9999999989472883e-09,0.12720409,-0.82870764,6.75,0.102492206,-0.7134198,7.85,1.1060249934119324,1.1063010274164506,1.000249573026073,84.01683755654913,True,True,1.0,1127462,0.11484815,0.93511504,-0.34919587,0.060183536,False,1,False,True,1.1246396442663715,0.04649467174882009
26,1,2,0.06371843,0.06371842999999999,0.031132339999999994,-0.015566170000000004,0.01556616999999999,-1.3877787807814457e-17,0.04815226,3.4547627,0.010010507,0.0792846,3.1547627,0.36089295,0.46164758074276546,0.46269613289882133,1.002271326006667,130.53001908628582,True,True,1.0,1288528,0.06371843,0.8767954,-0.3239521,-0.35536572,False,1,True,False,0.010010507,0.36089295
27,1,2,-0.028445497,-0.028445497,0.008833166000000003,0.004416583000000002,-0.004416583000000002,0.0,-0.024028914,4.666332,5.35,-0.03286208,5.0793676,4.05,1.3640375386577013,1.3640661390449305,1.0000209674487825,107.62607732330194,True,True,1.0,1422774,-0.028445497,0.9559717,0.28144494,0.08310694,False,1,True,False,0.004380917215584393,0.19984853111868756
28,1,2,-0.059786607,-0.0597866065,0.034110246999999996,-0.017055123,0.017055123999999998,4.999999997368221e-10,-0.07684173,-4.472535,5.65,-0.042731483,-4.0413256,6.15,0.6602586967608677,0.6611392104532603,1.0013335889352344,49.22489812716255,True,True,1.0,1494524,-0.059786607,0.9085827,-0.34427878,0.23653671,False,2,True,True,0.003390062192602902,0.016028824572446882
29,1,2,0.0751124,0.0751124,0.002212339999999993,-0.0011061699999999897,0.0011061700000000035,0.0,0.07400623,-5.195237,0.788796,0.07621857,-5.2952375,0.8170432,0.10391344623334377,0.10393699416649313,1.0002266110306504,164.2265747103592,True,True,1.0,1518337,0.0751124,0.8529503,-0.10486244,-0.5113508,False,1,False,True,0.10119880605169486,0.015312305976800087
30,1,2,0.060919613,0.060919612500000005,0.108384625,-0.054192313,0.054192312000000006,-4.999999927979282e-10,0.0067273,0.20476267,0.040702276,0.115111925,1.5047626,0.7773382,1.4941995524451674,1.4981253383691664,1.002627350488477,29.53775796428049,True,True,1.0,1553051,0.060919613,0.9736125,-0.16982119,0.15244505,False,1,True,False,0.040702276,0.7773382
31,1,2,0.036908038,0.03690804,0.014209080000000002,-0.007104537999999997,0.007104542000000005,2.0000000058861822e-09,0.0298035,5.378957,1.1,0.04401258,4.7047625,1.8132046,0.981427035133743,0.9815298891250616,1.0001048004463262,133.38941415774133,True,True,1.0,1604485,0.036908038,0.9840401,-0.11940988,-0.1319332,False,1,True,False,0.02561881758815485,0.793671437952135
32,1,2,-0.0029648847,-0.0029648845,0.024875067,0.0124375337,-0.0124375333,2.0000000006820118e-10,0.009472649,-0.29523733,3.857276e-05,-0.015402418,-0.94523734,0.34514296,0.7359327762046586,0.7363530539425707,1.000571081695912,152.0348346977773,True,True,1.0,1778297,-0.0029648847,0.95265526,-0.17611638,-0.24785273,False,1,True,False,3.857276e-05,0.34514296
33,1,2,-0.0034074823,-0.0034074822000000004,0.0098466236,-0.0049233117,0.0049233118999999995,9.999999960041972e-11,-0.008330794,-3.3417597,0.05,0.0015158296,-3.5300243,0.9,0.8705995403244594,0.8706552220078164,1.0000639578598172,102.48870045903512,True,True,1.0,2134256,-0.0034074823,0.86598736,-0.48612073,-0.11727116,False,1,True,False,0.05,0.9
34,1,2,-0.0062426566,-0.0062426566,0.005702946800000001,0.0028514734000000003,-0.0028514734000000003,0.0,-0.0033911832,1.5069503,7.65,-0.00909413,1.4547627,7.724695,0.09112018776736516,0.09129847874397204,1.0019566572564804,124.94107406368316,True,True,1.0,2199389,-0.0062426566,0.9688295,-0.2402123,-0.060559485,False,1,False,True,0.0758219344532262,0.017840802777657493
35,1,2,-0.01148908,-0.011489078499999996,0.10886827099999999,0.054434137,-0.054434133999999995,1.5000000044146367e-09,0.042945057,-5.4818726,1.75,-0.065923214,-5.014361,3.7,2.005259857508388,2.0082129858571003,1.0014726911016818,76.51783631498212,True,True,1.0,2451116,-0.01148908,0.83035314,-0.52967554,0.17308229,False,1,True,False,0.014902265354469325,0.3440183685984513
36,1,3,-0.010094324,-0.010094324500000001,0.049296191,0.024648095000000002,-0.024648096,-5.000000014715456e-10,0.014553771,-2.2588441,0.1,-0.03474242,-2.0885005,1.35,1.2615533845465914,1.2625161608898592,1.0007631673419939,82.23982656964756,True,True,1.0,2477730,-0.010094324,-0.46874756,-0.8775719,0.100713864,False,0,False,False,0.1,1.35
37,1,3,0.05935861,0.05935861,0.04837071999999999,-0.024185359999999996,0.024185359999999996,0.0,0.03517325,1.2047744,3.55,0.08354397,0.29128897,5.4,2.0632391114028175,2.0638060367620805,1.000274774434107,116.2790501505513,True,True,1.0,2622032,0.05935861,-0.5091179,-0.7771697,-0.36987332,False,0,False,False,3.55,2.5246024339488264
38,1,3,-0.0139724165,-0.013972418,0.043782904,0.0218914505,-0.021891453499999998,-1.5000000009451897e-09,0.007919034,-0.42163888,0.05,-0.03586387,-0.6452373,1.5636337,1.5300598783061354,1.530686177465799,1.0004093298363963,98.40312813614469,True,True,1.0,2794432,-0.0139724165,-0.5394145,-0.8306717,-0.13790001,False,1,True,False,0.05,1.5636337
39,1,3,0.008708459,0.008708461,0.109609758,0.054804881,-0.054804877,2.0000000006820118e-09,0.06351334,-3.0293624,3.25,-0.046096418,-4.055188,6.1,3.028996230043108,3.0309787958123655,1.0006545289656004,109.7957724522547,True,True,1.0,2838541,0.008708459,-0.06133615,-0.93839,-0.34009126,False,1,False,True,2.379385473899302,0.04029188061712311
40,1,3,0.007954905,0.007954905,0.010721146,-0.005360573,0.005360573,0.0,0.002594332,-4.3452373,0.035976604,0.013315478,-4.375974,0.5,0.4650402743443441,0.465163841816855,1.0002657134861817,93.78971033019099,True,True,1.0,2870582,0.007954905,-0.895918,-0.44408208,-0.011048661,False,1,True,False,0.035976604,0.5
41,1,3,-0.02214393,-0.02214392993,0.043410234140000004,0.02170511714,-0.021705117000000003,6.999999885293207e-11,-0.00043881286,4.5047626,2.8930283,-0.043849047,5.115341,4.4,1.6259673081422794,1.6265466902537842,1.0003563307260874,67.94372850128902,True,True,1.0,2887291,-0.02214393,-0.4999361,-0.8073818,0.31336638,False,1,False,True,1.0033526388380622,0.030796205285925634
42,1,3,0.03724374,0.0372437385,0.011621751,-0.005810876999999999,0.005810874000000001,-1.4999999992104662e-09,0.031432863,3.6971605,0.05,0.043054614,3.7033172,1.85,1.800010529123341,1.8000480465952002,1.0000208429180009,89.80402691660447,True,True,1.0,2898063,0.03724374,-0.32287654,-0.946425,0.005518305,False,1,True,False,0.05,1.791492778222052
43,1,3,-0.014196229,-0.014196229000000001,0.002122839999999999,-0.0010614200000000004,0.0010614199999999987,-1.734723475976807e-18,-0.015257649,4.2706966,3.05,-0.013134809,4.1845665,5.55,2.501483238825719,2.501484139581076,1.000000360088504,91.9731760520221,True,True,1.0,2924421,-0.014196229,-0.7211909,-0.69236195,-0.022772301,False,0,False,False,1.212888058359614,0.29933788888628776
44,1,3,0.09310141,0.09310141499999999,0.03981386999999999,0.019906939999999998,-0.01990692999999999,4.999999997368221e-09,0.11300835,-0.63542163,5.95,0.07319448,-0.18629064,7.9,2.0010543836133943,2.0014504216749307,1.0001979146917643,77.02962819079414,True,True,1.0,2935281,0.09310141,-0.72930276,-0.6699143,0.13904063,False,1,False,True,1.9457763465580844,0.04429486111801216
45,1,3,-0.03283957,-0.03283957175,0.0726590965,0.0363295465,-0.03632955,-1.7499999990788773e-09,0.0034899765,-4.172744,0.55,-0.06916912,-4.38593,5.75,5.204368191298153,5.204875369775937,1.0000974524590003,92.34765799290612,True,True,1.0,2969794,-0.03283957,-0.63607484,-0.77057457,-0.04029383,False,1,False,True,0.55,0.02151116485494167
46,1,3,0.002280806,0.0022808055,0.029485757,0.014742878000000001,-0.014742879,-4.999999997368221e-10,0.017023684,4.1736846,0.95,-0.012462073,3.8148336,2.7,1.7864137371283844,1.7866570600053229,1.0001362074596054,101.58829961075266,True,True,1.0,3029918,0.002280806,-0.6004719,-0.78135085,-0.17007153,False,0,False,False,0.95,1.7015345821278762
47,1,3,0.02042605,0.0204260475,0.09234182499999999,-0.046170915,0.046170909999999996,-2.5000000021535573e-09,-0.025744865,4.531269,3.65,0.06659696,3.9346895,6.25,2.667565762979472,2.669163560455706,1.0005989721034843,102.9230303863574,True,True,1.0,3041881,0.02042605,-0.53904563,-0.82495844,-0.16992158,False,1,False,True,0.8262223445043424,0.02486041964676601
48,1,3,0.01661171,0.0166117083,0.0369806914,-0.0184903474,0.018490344000000002,-1.6999999984113057e-09,-0.0018786374,-4.195237,0.010942236,0.035102054,-3.258008,1.35,1.6344644057824202,1.634882706895544,1.0002559254956205,55.01117998484876,True,True,1.0,3057506,0.01661171,-0.6075055,-0.6425892,0.46692204,False,1,True,False,0.010942236,1.35
49,1,3,0.06798788,0.06798788,0.014966380000000001,0.007483190000000001,-0.007483190000000001,0.0,0.07547107,-1.7004006,6.7,0.06050469,-1.5578042,7.7,1.0101157029236603,1.010226571529013,1.0001097583227663,81.8845388559355,True,True,1.0,3283595,0.06798788,-0.90808237,-0.41624057,0.046154745,False,1,False,True,0.9248038386051329,0.014024590898888606
50,1,3,0.029189209,0.029189208,0.100527084,0.050263541,-0.050263543,-9.999999994736442e-10,0.07945275,-2.749959,2.9,-0.021074334,-2.6545768,4.65,1.7525974335473737,1.7554781282301368,1.0016436716313868,86.88023113936295,True,True,1.0,3291878,0.029189209,-0.69383174,-0.72013706,0.00040320284,False,0,False,False,2.7291965197623678,2.0541789349785056
51,1,3,0.12261459,0.122614595,0.05361961000000001,-0.026809799999999995,0.026809810000000017,5.0000000112460086e-09,0.09580479,2.625282,0.05,0.1494244,2.6414557,1.3,1.2501046310496133,1.2512540314213745,1.000919443335552,89.25869356788671,True,True,1.0,3322790,0.12261459,-0.50757885,-0.8610096,0.032035053,False,1,True,False,0.05,1.3
52,1,3,-0.026680876,-0.0266808771,0.055221885799999995,-0.027610944,0.0276109418,-1.1000000008087873e-09,-0.05429182,5.0047626,0.018564364,0.0009300658,4.7464314,0.85,0.8706435698402445,0.8723930779043774,1.0020094423536074,107.26028029942607,True,True,1.0,3414730,-0.026680876,-0.10595084,-0.95153785,-0.28870434,False,1,True,False,0.018564364,0.5462560480021109
53,1,3,0.1110106,0.111010605,0.0034329700000000074,-0.0017164800000000063,0.001716490000000001,4.999999997368221e-09,0.10929412,0.57669485,1.8,0.11272709,1.0047626,2.70588,1.0019284270795308,1.001934308362122,1.000005869962796,64.70722587063706,True,True,1.0,3424512,0.1110106,-0.72578484,-0.62181133,0.29425675,False,0,False,False,1.8,2.70588
54,1,3,0.09642972,0.09642972,0.02674994,-0.01337497,0.01337497,0.0,0.08305475,2.9547627,0.04725759,0.10980469,2.7030585,0.4,0.43333844984059283,0.43416330038391265,1.0019034787788235,125.51027810210378,True,True,1.0,3444123,0.09642972,-0.82986075,-0.4793206,-0.28562716,False,1,True,False,0.04725759,0.4
55,1,3,0.028183654,0.028183655000000002,0.013907796000000004,0.006953899000000003,-0.0069538970000000006,1.0000000029430911e-09,0.035137553,-2.1499352,7.15,0.021229757,-2.0560837,7.55,0.41086263404238843,0.4110979577203312,1.000572755121651,76.79560831505503,True,True,1.0,3530808,0.028183654,-0.39080507,-0.8990397,0.19748165,False,1,False,True,0.3236371559843515,0.0048187295601890496
56,1,3,0.10810528,0.108105275,0.08257847000000001,0.04128923000000001,-0.041289240000000005,-4.999999997368221e-09,0.14939451,2.0252335,0.95,0.06681604,2.0192592,2.95,2.0000089230452174,2.0017129904079733,1.0008520298800274,90.17115057871113,True,True,1.0,3533501,0.10810528,-0.23057102,-0.97297454,-0.012553276,False,0,False,False,0.95,2.95
57,1,3,0.08335904,0.08335904499999999,0.05261850999999999,-0.026309249999999992,0.02630926,4.999999997368221e-09,0.05704979,3.6047628,1.5696592,0.1096683,1.8759959,2.65,2.0385708814461787,2.039249848908875,1.0003330605125758,147.99791805980607,True,True,1.0,3543858,0.08335904,0.16790037,-0.51878697,-0.83825386,False,0,False,False,1.5696592,2.65
58,1,3,-0.035076078,-0.035076078499999996,0.027326337,0.013663167999999996,-0.013663169000000003,-4.999999997368221e-10,-0.02141291,4.365368,0.05,-0.048739247,4.9840913,4.75,4.740550445039362,4.7406292040884965,1.0000166139038174,82.50052052171675,True,True,1.0,3547316,-0.035076078,-0.399124,-0.90934086,0.117470264,False,2,True,True,0.05,0.015846193059502776
59,1,3,0.019473646,0.01947364615,0.053862093699999995,-0.026931046700000003,0.026931046999999996,1.4999999853326784e-10,-0.0074574007,-0.041870855,0.75,0.046404693,-0.7612841,3.6,2.93939711796168,2.939890566367935,1.0001678740185325,104.16697556389299,True,True,1.0,3705002,0.019473646,-0.47387406,-0.8558921,-0.20710403,False,0,False,False,0.75,3.6
60,1,3,0.027701257,0.027701257,0.007672202000000003,-0.0038361010000000015,0.0038361010000000015,0.0,0.023865156,-4.6947575,0.05,0.031537358,-4.7315803,0.25,0.2033615465122156,0.20350621927442128,1.000711406677845,100.4321262203395,True,True,1.0,3802371,0.027701257,-0.5755845,-0.80744016,-0.12939441,False,1,True,False,0.05,0.25
61,1,3,-0.03216157,-0.032161571,0.014260330000000002,-0.007130166,0.007130164000000001,-9.999999994736442e-10,-0.039291736,-3.254057,4.75,-0.025031406,-3.2388055,5.8,1.0501107599926065,1.0502075819874652,1.0000922016977136,89.16782368231941,True,True,1.0,3808545,-0.03216157,-0.15658444,-0.98752993,0.016306492,False,0,False,False,1.5155001658517007,0.8397248770828689
62,1,4,0.07642912,0.076429125,0.0022563100000000114,-0.0011281500000000083,0.001128160000000003,4.999999997368221e-09,0.07530097,5.5047626,1.8204808,0.07755728,3.0547626,0.020280946,3.040266355821743,3.040267193073076,1.000000275387494,36.30753237768377,True,True,1.0,3878550,0.07642912,0.28064314,0.56850064,-0.7733346,False,2,True,True,0.0012979667473787938,0.020280946
63,1,4,0.04718884,0.047188842499999994,0.088885295,-0.044442645,0.04444264999999999,2.4999999917452165e-09,0.002746195,0.6547627,7.8681626,0.09163149,-3.7952373,2.193906,7.211080914997664,7.211628703580821,1.000075964836564,51.89490723406763,True,True,1.0,3884933,0.04718884,0.34461397,0.7413616,-0.5758682,False,1,True,False,0.03370257326173253,1.7447163197384161
64,1,4,0.00050672446,0.0005067249999999995,0.127069362,0.06353468154,-0.06353468045999999,5.3999999957699e-10,0.064041406,0.4047627,7.438772,-0.063027956,-4.2452374,5.795577,4.93179386613279,4.93343058740914,1.0003318713881353,19.46214807207795,True,True,1.0,3933153,0.00050672446,0.0027397377,0.3331188,-0.94288087,False,0,False,False,0.4839124193345266,0.11122436856703397
65,1,4,0.047103446,0.0471034472,0.1040640376,0.052032020000000005,-0.0520320176,1.2000000021439305e-09,0.099135466,2.8547628,7.127661,-0.0049285716,-5.4952374,2.5498815,9.522529521646037,9.523098120598249,1.0000597109151428,28.733185584501996,True,True,1.0,3934136,0.047103446,0.17523141,0.47157723,-0.8642389,False,2,True,True,0.0321701664061636,0.029962279355198063
66,1,4,0.052593224,0.052593223499999994,0.044552863,-0.022276432000000002,0.022276430999999992,-5.00000006675716e-10,0.030316792,4.256471,5.9,0.074869655,-0.99523735,4.966851,5.333967346137463,5.334153410548128,1.0000348829302075,10.075436546242287,True,True,1.0,3935807,0.052593224,-0.29180562,0.16491872,-0.9421525,False,1,True,False,0.031343196790480116,2.791883249696334
67,1,4,0.06625422,0.0662542225,0.022606115000000003,-0.011303055,0.011303060000000004,2.4999999986841104e-09,0.054951165,5.5047626,2.625054,0.07755728,3.0547626,0.009919008,3.583494248130286,3.5835655516284666,1.0000198977571173,46.86731212311801,True,True,1.0,3942944,0.06625422,0.088947535,0.72728986,-0.6805423,False,2,True,True,0.01694097695269922,0.009919008
68,1,4,0.040900744,0.040900744,0.061134504000000006,0.030567252000000003,-0.030567252000000003,0.0,0.071467996,5.4547625,1.7015977,0.010333492,3.9047627,0.03065236,2.2791572366266784,2.279977003578563,1.0003596798582874,47.15042931355873,True,True,1.0,3944429,0.040900744,0.22037317,0.711086,-0.66767687,False,2,True,True,0.03554023993029403,0.03065236
69,1,4,-0.03442316,-0.034423161,0.076831838,0.038415918,-0.03841592,-9.999999994736442e-10,0.003992758,-1.9952374,4.5170145,-0.07283908,-5.3452373,3.718448,3.44386523907691,3.444722182738794,1.0002488319380678,13.407832307084846,True,True,1.0,3945818,-0.03442316,0.2939684,0.2149611,-0.9313293,False,1,False,True,2.6247604803360596,0.017239715263053495
70,1,4,-0.035894856,-0.035894856,0.015728347999999996,-0.007864173999999995,0.007864174000000002,0.0,-0.04375903,4.8547626,5.0104275,-0.028030682,3.2047627,3.7327247,2.0868694533026853,2.086928723281813,1.0000284013832461,37.75296055319589,True,True,1.0,3949402,-0.035894856,0.086918645,0.61045116,-0.7872703,False,1,True,False,0.03143624029311781,2.0505615764972043
71,1,4,0.017084291,0.0170842905,0.005759772999999999,0.002879885999999998,-0.002879887000000001,-4.999999997368221e-10,0.019964177,1.875646,3.5,0.014204404,0.34740973,0.5,3.366824334137959,3.3668292608815977,1.0000014633206695,63.00515658540051,True,True,1.0,3964077,0.017084291,0.0145775685,0.89094853,-0.45387024,False,0,False,False,3.352440717485498,0.5
72,1,4,-0.091328986,-0.0913289875,0.008751545,0.0043757710000000005,-0.004375773999999999,-1.4999999992104662e-09,-0.086953215,-4.5452375,5.4168534,-0.09570476,-4.6512423,5.35,0.12532515595282553,0.125630347665232,1.0024351991432698,32.23815011766868,True,True,1.0,3967207,-0.091328986,-0.27636102,0.5257741,-0.8044788,False,1,False,True,0.0694835836605459,0.017033189528771565
73,1,4,0.0016625606,0.0016625600000000004,0.20004164000000002,0.1000208194,-0.1000208206,-5.999999995540822e-10,0.10168338,3.5047626,6.654516,-0.09835826,-5.2452374,4.1180353,9.11022690943933,9.112422894006093,1.0002410460890374,16.16600213433634,True,True,1.0,3995761,0.0016625606,-0.014641017,0.27870187,-0.96026605,False,2,True,True,0.029199704471011535,0.020575907573255964
74,1,4,0.0001530792,0.00015307924999999984,0.014122213500000001,-0.0070611067,0.0070611068,4.999999985441997e-11,-0.0069080275,4.5254173,5.55,0.007214186,-0.14523733,0.015332419,7.24206875864299,7.242082527963,1.0000019012965038,49.83929084483202,True,True,1.0,4000087,0.0001530792,0.03907703,0.76369965,-0.6443879,False,2,True,True,0.013544457620743354,0.015332419
75,1,4,0.05869812,0.05869812,0.06911648,0.03455824,-0.034558240000000004,0.0,0.09325636,3.1047628,0.69189066,0.02413988,0.8547627,0.0073351664,2.3518326202810336,2.3528480107362526,1.0004317443539403,16.922219059287613,True,True,1.0,4002460,0.05869812,0.38612148,0.25744408,-0.885795,False,1,False,True,0.69189066,0.0073351664
76,1,4,-0.015316775,-0.015316775999999999,0.044066535999999996,-0.022033269,0.022033267,-9.999999994736442e-10,-0.037350044,4.7547626,5.1726303,0.006716492,-0.09523733,0.04961792,7.054626507947339,7.0547641368247245,1.0000195090239334,46.568087448012875,True,True,1.0,4003495,-0.015316775,0.29057723,0.6959939,-0.65662575,False,2,True,True,0.026891455734883548,0.04961792
77,1,4,0.058988,0.058988,0.030114460000000003,-0.015057229999999998,0.015057230000000005,0.0,0.04393077,2.0047626,7.0130863,0.07404523,0.19044237,2.25,5.096935255448606,5.097024218005643,1.0000174541273488,69.14752564879065,True,True,1.0,4007496,0.058988,0.3179518,0.88674986,-0.3355314,False,0,False,False,0.5102133722551953,2.25
78,1,4,0.030528164,0.0305281635,0.020760546999999997,0.010380272999999999,-0.010380273999999998,-4.999999997368221e-10,0.040908437,4.162921,6.0,0.02014789,0.75476265,0.042943537,6.863094421763756,6.863125821544912,1.0000045751638003,60.22521105540564,True,True,1.0,4018219,0.030528164,0.43005288,0.7830122,-0.44938445,False,2,True,True,0.030662989477631245,0.042943537
79,1,4,0.02848217,0.02848217075,0.035358678500000004,0.01767934,-0.017679338500000003,7.499999996052331e-10,0.04616151,4.1047626,6.081063,0.0108028315,-2.0452373,5.4485774,6.182437771964015,6.182538883044137,1.000016354564955,5.8718371335818915,True,True,1.0,4022174,0.02848217,0.13425739,0.10055182,-0.9858318,False,1,True,False,0.01726353545288296,1.8648602181470855
80,1,4,0.024164643,0.0241646415,0.097570517,-0.04878526,0.048785257,-1.4999999992104662e-09,-0.024620617,4.6047626,5.370457,0.0729499,-5.195237,0.57600933,10.909936783518436,10.910373074563317,1.0000399902449977,26.06923828653092,True,True,1.0,4029604,0.024164643,0.14469749,0.43594074,-0.88826704,False,2,True,True,0.044857086989997984,0.033737960270412586
81,1,4,-0.03345939,-0.0334593905,0.017252999,-0.008626500000000002,0.008626499,-4.999999997368221e-10,-0.04208589,5.1047626,0.31470633,-0.024832891,4.4047627,0.009090604,0.7638068027836077,0.7640016347842529,1.0002550802112984,23.585790812065227,True,True,1.0,4032274,-0.03345939,0.18901376,0.39661124,-0.8983169,False,2,True,True,0.03670290395340445,0.009090604
82,1,4,-0.0067056445,-0.006705644999999998,0.04932177,-0.024660885499999997,0.0246608845,-4.999999980020986e-10,-0.03136653,3.8047626,3.355534,0.01795524,-0.6452373,0.032419536,5.553880521837503,5.554099520880226,1.000039431716592,36.75117319172671,True,True,1.0,4032961,-0.0067056445,-0.1266457,0.5926918,-0.79541016,False,1,False,True,1.5998266940863533,0.032419536
83,1,4,0.08556631,0.085566314,0.05703094200000001,0.028515475,-0.02851546700000001,3.999999997894577e-09,0.114081785,3.0047626,1.0685434,0.057050843,1.5547627,0.012024249,1.7940826141596073,1.7949888453066158,1.0005051223058827,36.07835146066847,True,True,1.0,4034215,0.08556631,-0.3965517,0.55020046,-0.7348648,False,1,False,True,1.0685434,0.012024249
84,1,4,0.08118227,0.08118227,0.017638920000000002,0.008819460000000001,-0.008819460000000001,0.0,0.09000173,-2.9452374,2.3558896,0.07236281,-5.3952374,1.1785327,2.718210674318238,2.7182679046547964,1.0000210544153545,25.66679065087763,True,True,1.0,4037148,0.08118227,-0.06380547,0.43265045,-0.8993011,False,1,False,True,2.3558896,0.0270750905073699
85,1,4,0.046026867,0.046026867,0.059751466,-0.029875732999999998,0.029875733,0.0,0.016151134,5.4547625,3.2899232,0.0759026,1.8547627,0.006095045,4.872732899674549,4.873099234497477,1.0000751805671417,42.37027438555239,True,True,1.0,4038155,0.046026867,0.35426465,0.6335505,-0.68783015,False,2,True,True,0.005073237014470017,0.006095045
86,1,4,0.1215369,0.12153690750000001,0.047160665000000004,-0.023580325,0.023580340000000005,7.500000009930119e-09,0.097956575,3.5717604,6.6,0.14511724,2.70326,1.5,5.173421782998188,5.173636735713419,1.0000415494278734,80.33557274798109,True,True,1.0,4058786,0.1215369,-0.08405716,0.98220384,-0.1679582,False,1,True,False,0.03352759146428546,1.5
87,1,4,0.068207294,0.068207289,0.054630702,0.027315346000000004,-0.027315356,-4.999999997368221e-09,0.09552264,2.7810884,7.2,0.040891938,-2.297341,3.45,6.31291891051868,6.313155287523456,1.000037443377323,36.442800581284615,True,True,1.0,4059071,0.068207294,0.024319071,0.59366435,-0.8043452,False,1,True,False,0.0029489715572952645,2.9965636353774294
88,1,4,-0.043793224,-0.043793223500000006,0.00047104099999999843,0.00023552099999999548,-0.00023552000000000295,4.999999927979282e-10,-0.043557703,-3.3257308,5.0,-0.044028744,-5.448612,3.2,2.7832758737346603,2.7832759135940983,1.000000014321052,40.29475331736896,True,True,1.0,4065929,-0.043793224,0.15576693,0.6388491,-0.75339794,False,1,False,True,1.319167134882225,0.03093425750593286
89,1,4,0.03622536,0.03622535825,0.0783116635,-0.0391558335,0.03915583,-1.7499999990788773e-09,-0.0029304735,5.3547626,3.5631335,0.07538119,1.2351463,0.5,5.133617174862958,5.134214449620124,1.0001163457922204,36.632583008669485,True,True,1.0,4073654,0.03622536,0.26463872,0.5787467,-0.7713745,False,1,True,False,0.042255894907238994,0.5
90,1,4,0.06243494,0.062434935,0.22192413,-0.11096207,0.11096206,-5.000000004307115e-09,-0.04852713,5.0047626,4.650963,0.173397,1.7464825,1.45,4.567554415376462,4.572942559982716,1.001179656357922,44.49159031786857,True,True,1.0,4075733,0.06243494,-0.016933672,0.7001151,-0.71382916,False,1,True,False,0.03525189657763021,1.45
91,1,4,0.04463233,0.044632329,0.100094462,-0.050047232,0.05004723,-9.999999994736442e-10,-0.005414902,5.267453,0.75,0.09467956,2.5047626,0.010687698,2.8599022581446203,2.8616533381008553,1.0006122866441496,14.98164779380906,True,True,1.0,4078059,0.04463233,0.53043395,0.23709075,-0.81389666,False,2,True,True,0.020408460798155052,0.010687698
92,1,4,0.12267247,0.122672465,0.09970662999999999,-0.049853320000000007,0.049853309999999984,-5.0000000112460086e-09,0.07281915,5.4547625,1.7710899,0.17252578,2.1047628,1.7366648,3.3501765740793576,3.3516599603145987,1.0004427785229943,0.5887593110124385,True,True,1.0,4078466,0.12267247,-0.0037835897,0.010164472,-0.9999412,False,1,True,False,0.04450702583512743,1.7366648
93,1,4,-0.009847567,-0.0098475675,0.073864265,-0.036932133,0.036932132,-4.999999997368221e-10,-0.0467797,-1.7510191,0.65,0.027084565,-2.3452373,0.048672616,0.8453933356488703,0.8486140592775456,1.0038097338751828,45.340699211784084,True,True,1.0,4080215,-0.009847567,0.099248774,0.71338207,-0.6937116,False,1,False,True,0.65,0.048672616
94,1,4,0.027374437,0.027374437,0.027068,0.013533999999999997,-0.013534000000000001,0.0,0.040908437,4.1547627,6.0199194,0.013840437,0.84150624,4.7,3.5664906550036117,3.566593370269744,1.000028800094005,21.721113855595206,True,True,1.0,4095904,0.027374437,-0.38338158,0.34506992,-0.8567061,False,1,True,False,0.022912661973609406,3.09625700398913
95,1,4,0.09406969,0.094069688,0.014354335999999995,0.007177165999999999,-0.007177169999999997,-1.9999999989472883e-09,0.101246856,2.2547626,0.20293497,0.08689252,2.1047628,0.0036169307,0.24945464676056103,0.2498673002864464,1.001654222646257,53.03615772164504,True,True,1.0,4110884,0.09406969,-0.17325246,0.7928829,-0.5842262,False,1,False,True,0.20293497,0.0036169307
96,1,4,0.019111842,0.019111842,0.011042395999999998,0.005521197999999998,-0.005521198,0.0,0.02463304,5.4547625,3.1161597,0.013590644,-3.4952374,3.7470496,8.97220821625992,8.972215011379934,1.0000007573520195,175.9678619060963,True,True,1.0,4114882,0.019111842,0.21282627,-0.06904318,-0.97464764,False,1,True,False,0.043454502264829116,1.7773161085732576
97,1,4,0.021822847,0.021822849499999998,0.097876321,-0.048938157999999995,0.048938163,2.4999999986841104e-09,-0.027115311,5.2676706,4.0,0.07076101,1.8047627,0.0021837372,5.289070428250183,5.2899759705695315,1.0001712101080205,49.10089396448137,True,True,1.0,4114994,0.021822847,-0.078513384,0.7525545,-0.65383285,False,2,True,True,0.03070072904415703,0.0021837372
98,1,4,-0.039932977,-0.0399329765,0.065812207,0.032906104,-0.032906103,4.999999997368221e-10,-0.007026873,1.1547626,4.981936,-0.07283908,-5.3452373,3.7104752,6.623187394747083,6.6235143626723465,1.0000493671559894,11.067839769241118,True,True,1.0,4127457,-0.039932977,0.49205205,0.16221362,-0.85531956,False,1,False,True,2.7086271268404873,0.019000764917256628
99,1,5,0.08161863,0.081618627,0.0018926660000000012,-0.0009463359999999921,0.0009463300000000091,-2.9999999984209325e-09,0.080672294,1.9547627,0.044141907,0.08256496,1.8047627,0.2012807,0.2172385791370789,0.21724682379745958,1.0000379521004668,133.6685202677192,True,True,1.0,4289339,0.08161863,-0.6604444,-0.54777104,-0.51357585,False,1,True,False,0.044141907,0.2012807
100,1,5,0.05459795,0.054597951,0.001256361999999997,0.000628181999999998,-0.000628179999999999,9.999999994736442e-10,0.055226132,-1.2452374,4.6927333,0.05396977,-1.8104044,6.15,1.5630227038715367,1.5630232088050915,1.0000003230494052,111.1976246929499,True,True,1.0,4364750,0.05459795,-0.49230903,-0.811573,-0.31461254,False,0,False,False,2.9292539496869514,1.3714974330625636
101,1,5,0.05790408,0.057904079000000004,0.08524263,0.04262131400000001,-0.04262131599999999,-9.999999925347502e-10,0.100525394,-1.3294339,6.6,0.015282764,-2.2068114,7.45,1.221593744870303,1.2245642422819505,1.0024316573526357,135.90801453649874,True,True,1.0,4441056,0.05790408,-0.7921822,-0.3842134,-0.4741597,False,1,False,True,1.1349937733137436,0.02892933503415037
102,1,5,0.061146136,0.061146135,0.013750589999999993,-0.006875295999999996,0.006875293999999997,-9.999999994736442e-10,0.05427084,1.4547627,0.021180753,0.06802143,0.8137113,0.75,0.9706309248316823,0.9707283198531684,1.0001003419724166,131.33406032443727,True,True,1.0,4579399,0.061146136,-0.9005825,-0.33440918,-0.27770793,False,1,True,False,0.021180753,0.75
103,1,5,0.012712353,0.012712352,0.05308745,0.026543724,-0.026543725999999997,-9.999999994736442e-10,0.039256077,-5.0952373,2.1499095,-0.013831373,-5.4952374,2.653709,0.6432837757943688,0.6454705985153485,1.0033994681713825,128.44841007446715,True,True,1.0,4614872,0.012712353,-0.8280689,-0.3973894,-0.3954536,False,1,False,True,0.4481839352422771,0.025119177483459102
104,1,5,0.050914902,0.0509148995,0.07245518100000001,-0.036227592999999995,0.036227588000000005,-2.4999999986841104e-09,0.014687309,0.50476265,7.8873806,0.08714249,-1.3452374,7.634114,1.8672557820704592,1.8686609935805116,1.0007525543760771,7.795382636462648,True,True,1.0,4654766,0.050914902,-0.7533584,0.059414208,-0.65492064,False,1,True,False,0.02810699388757939,0.1344554458220943
105,1,5,0.013295293,0.013295292,0.094879536,0.047439767,-0.047439769,-9.999999994736442e-10,0.06073506,-4.6078005,1.65,-0.034144476,-5.4952374,3.0215037,1.633574807162286,1.6363278329683435,1.001685276850492,122.90504649438333,True,True,1.0,4693865,0.013295293,-0.771548,-0.5085537,-0.38221315,False,1,False,True,0.8687640884635666,0.007963152345748542
106,1,5,-0.012619217,-0.012619216499999999,0.0015131569999999993,-0.0007565779999999991,0.0007565790000000003,5.000000014715456e-10,-0.013375795,3.6547627,5.742145,-0.011862638,2.7547626,6.129144,0.9796777051668628,0.979678873736245,1.000001192810019,156.73235122797394,True,True,1.0,4695416,-0.012619217,-0.9090069,-0.16522928,-0.3826301,False,0,False,False,0.5771147617769212,0.896432857386061
107,1,5,0.108788304,0.108788304,0.12009651199999999,0.060048255999999994,-0.060048256,0.0,0.16883656,2.273243,1.55,0.048740048,0.24240603,4.45,3.540381165738907,3.5424175319848095,1.0005751827700387,125.0031167842386,True,True,1.0,4763226,0.108788304,-0.67655134,-0.589572,-0.44122908,False,0,False,False,1.55,3.4751357120114124
108,2,1,3.0210805,3.0210806,0.0672676000000001,0.03363389999999988,-0.03363370000000021,9.999999983634211e-08,3.0547144,3.6850386,6.5,2.9874468,3.2031639,3.95,2.5951306761895614,2.596002341391442,1.0003358848977735,79.29897607292907,True,True,1.0,67239,3.0210805,-0.4170901,0.8949807,-0.15825738,False,1,True,False,0.034626819948461444,1.9676691051275406
109,2,1,3.0608342,3.06083415,0.022814700000000077,-0.011407399999999956,0.01140730000000012,-5.000000014021566e-08,3.0494268,-2.3735332,7.4,3.0722415,-3.9952374,5.5866413,2.4327339121168454,2.4328408903377596,1.0000439744849945,48.19342649373729,True,True,1.0,154119,3.0608342,-0.51338965,0.6365079,-0.57557684,False,1,True,False,0.001076092925967507,0.43643349850757396
110,2,1,3.1600595,3.1600596000000003,0.04618999999999973,0.023095099999999924,-0.023094899999999807,1.0000000028043132e-07,3.1831546,-0.0092461975,5.35,3.1369646,0.016692957,4.15,1.2002803171493621,1.2011687457789488,1.0007401842860313,91.23831055472185,True,True,1.0,171406,3.1600595,-0.4563725,0.8890175,0.03704046,False,0,False,False,2.5998646207312563,3.794290550427539
111,2,1,3.0067043,3.0067042500000003,0.06685469999999993,-0.033427399999999885,0.03342730000000005,-4.999999969612645e-08,2.9732769,3.7010899,3.3,3.0401316,4.0047626,1.0470207,2.2733527739780683,2.2743355921820045,1.0004323210261012,97.67647133614406,True,True,1.0,229094,3.0067043,-0.35724393,0.9269041,0.115002714,False,0,False,False,1.7132052019133883,1.0470207
112,2,1,2.9801993,2.9801994499999998,0.25750610000000007,0.1287531999999998,-0.12875290000000028,1.4999999953246856e-07,3.1089525,-0.8357217,3.95,2.8514464,-1.2198225,1.1,2.8757665803330843,2.887272556600407,1.0040010118853213,82.32437038857927,True,True,1.0,249218,2.9801993,-0.15346235,0.98103714,-0.11838666,False,0,False,False,3.776264383892329,1.1
113,2,1,3.083633,3.0836328,0.012500999999999873,0.006250300000000042,-0.006250699999999831,-1.9999999967268423e-07,3.0898833,3.0403564,6.35,3.0773823,2.0394402,4.15,2.4169884648923,2.417020793130137,1.0000133754208207,65.53627303719307,True,True,1.0,277291,3.083633,-0.5705212,0.7489833,-0.3369415,False,0,False,False,0.549427477625235,2.844690214236277
114,2,1,2.9812229,2.9812228999999997,0.00320380000000009,-0.001601900000000267,0.001601899999999823,-4.440892098500626e-16,2.979621,-3.6166327,3.4,2.9828248,-3.982307,0.1,3.320198441912846,3.3201999876535946,1.0000004655567358,83.67682852030487,True,True,1.0,364605,2.9812229,-0.28668755,0.9521726,-0.10572428,False,0,False,False,1.7734881300529972,0.1
115,2,1,2.9085238,2.9085238,0.09520859999999987,0.04760429999999971,-0.047604300000000155,0.0,2.9561281,-0.57570565,2.0,2.8609195,-0.923609,0.05,1.9807919479191203,1.9830787726298675,1.00115450020541,79.88418231674113,True,True,1.0,438300,2.9085238,-0.5827139,0.8044929,-0.1150465,False,1,False,True,2.0,0.05
116,2,1,3.0940194,3.0940193000000002,0.019765199999999705,-0.009882699999999911,0.009882499999999794,-9.999999983634211e-08,3.0841367,-1.7885379,7.0,3.1039019,-1.8557483,6.75,0.2588768778167722,0.2596303160249203,1.0029104113681462,74.9523046047366,True,True,1.0,463451,3.0940194,-0.24153574,0.93226945,-0.26932174,False,0,False,False,0.6164400083940061,0.8119651640929287
117,2,1,3.0413957,3.04139575,0.09522750000000002,0.04761380000000015,-0.04761369999999987,5.000000014021566e-08,3.0890095,-3.4614568,6.35,2.993782,-3.7350023,3.65,2.7138215012358953,2.715491745030078,1.0006154582360787,84.21492367078224,True,True,1.0,681948,3.0413957,-0.19771731,0.9759505,-0.09180709,False,0,False,False,0.3001575327140303,1.594047213675952
118,2,1,3.1544106,3.1544106000000003,0.06193439999999972,-0.03096719999999964,0.030967200000000084,4.440892098500626e-16,3.1234434,-0.43433237,6.25,3.1853778,0.42090315,4.7,1.770290313668826,1.771373383726037,1.0006118036396903,118.88837008553907,True,True,1.0,692657,3.1544106,-0.37629068,0.81750554,0.4359931,False,0,False,False,1.665158673537319,3.2089507727318667
119,2,1,3.1398473,3.1398474,0.03989060000000011,0.019945400000000113,-0.019945199999999996,9.999999983634211e-08,3.1597927,-1.6549712,5.65,3.1199021,-1.2339593,4.2,1.509884439267327,1.5104112949491508,1.0003489377518715,106.19081548208709,True,True,1.0,748325,3.1398473,-0.19491018,0.9404724,0.27842718,False,0,False,False,1.8891667344612801,3.3514659034990153
120,2,2,2.999188,2.9991881,0.07200220000000002,0.036001199999999844,-0.03600100000000017,9.999999983634211e-08,3.0351892,-3.840562,4.25,2.963187,-4.9952374,4.730834,1.2507903960780797,1.2528610983369224,1.0016555149970254,157.3920062829684,True,True,1.0,801498,2.999188,0.87083626,-0.23044606,-0.43421057,False,1,False,True,1.2637960224817781,0.013016612897659291
121,2,2,3.0543952,3.0543951500000004,0.036318300000000026,0.018159100000000095,-0.01815919999999993,-4.999999969612645e-08,3.0725543,-0.83738786,6.9,3.036236,-1.6452373,7.6874366,1.1281299201456687,1.128714372922912,1.0005180722244897,135.7331009771266,True,True,1.0,998760,3.0543952,0.9722485,-0.18550625,-0.14254913,False,1,False,True,0.9777983200032634,0.002702359997103602
122,2,2,2.9660387,2.9660387,0.02092980000000022,0.01046490000000011,-0.01046490000000011,0.0,2.9765036,-4.945237,0.884841,2.9555738,-5.3952374,1.112888,0.5044856729473697,0.5049196478026978,1.0008602322694176,153.12544583369024,True,True,1.0,1144174,2.9660387,0.95938855,-0.16010882,-0.2322472,False,1,False,True,0.36875189361308475,0.01426421006946945
123,2,2,3.1322184,3.1322184,0.061233199999999766,0.03061659999999966,-0.030616600000000105,0.0,3.162835,-1.3164053,5.55,3.1016018,-1.6998075,6.75,1.259760789580641,1.2612480928616228,1.0011806235701912,107.71877632969588,True,True,1.0,1149481,3.1322184,0.8739458,-0.47426295,-0.106270604,False,0,False,False,2.127018952767532,0.880085895895588
124,2,2,3.1175303,3.1175302499999997,0.031586900000000195,0.01579340000000018,-0.015793500000000016,-5.000000014021566e-08,3.1333237,3.8047626,0.018365184,3.1017368,4.054763,0.26208687,0.34914246408427996,0.3505683848815417,1.0040840658010524,44.271403018213995,True,True,1.0,1260465,3.1175303,0.9193668,-0.20925061,0.33313495,False,1,True,False,0.018365184,0.26208687
125,2,2,3.1179154,3.1179153,0.023247999999999713,-0.011624099999999693,0.01162390000000002,-9.999999983634211e-08,3.1062913,2.170298,4.95,3.1295393,2.033279,6.35,1.406689093709409,1.4068811875439229,1.0001365574208068,95.58977667288087,True,True,1.0,1268723,3.1179154,0.8871294,-0.4576479,-0.059663948,False,0,False,False,2.192894843719508,1.0942294087977409
126,2,2,2.9976761,2.9976761,0.02414800000000028,-0.01207400000000014,0.01207400000000014,0.0,2.9856021,4.804763,2.0366855,3.0097501,2.523083,3.65,2.7944314803391137,2.79453581551825,1.000037336817836,144.73689771482543,True,True,1.0,1326357,2.9976761,0.97749555,-0.11540764,-0.17658845,False,0,False,False,0.7233433192132016,2.710875977370534
127,2,2,3.0334427,3.0334427,0.06419660000000027,0.03209829999999991,-0.03209830000000036,0.0,3.065541,2.7547626,1.4936436,3.0013444,5.1547627,4.2532516,3.657244426294749,3.6578078130371434,1.0001540467840606,48.98688217785521,True,True,1.0,1382987,3.0334427,0.8325815,-0.40867165,0.37389234,False,0,False,False,1.4936436,0.05144857624497573
128,2,2,3.1188715,3.11887145,0.07881729999999987,0.039408599999999794,-0.039408700000000074,-5.000000014021566e-08,3.1582801,-1.2452374,4.919721,3.0794628,-2.4452374,4.2320805,1.3830580093547231,1.3853019974068974,1.0016224829594973,29.814164555178053,True,True,1.0,1551279,3.1188715,0.98686814,0.027855774,-0.15910798,False,0,False,False,2.7250692941481622,2.475910215423245
129,2,2,3.021725,3.0217249500000003,0.013114900000000151,0.0065574000000001575,-0.006557499999999994,-4.999999969612645e-08,3.0282824,4.3913884,4.75,3.0151675,4.7047625,5.2867236,0.6215106993027314,0.6216490569041186,1.0002226149952729,59.720841747836005,True,True,1.0,1921881,3.021725,0.9665988,-0.21122919,0.14515156,False,1,False,True,0.5618810360387567,0.006640324229768371
130,2,2,2.9362228,2.93622265,0.024292700000000167,0.012146200000000107,-0.01214650000000006,-1.4999999997655777e-07,2.948369,-4.23365,2.4,2.9240763,-5.2452374,4.1635075,2.0330439666655047,2.0331890973709994,1.0000713859158357,119.83954792481748,True,True,1.0,1950811,2.9362228,0.9529824,-0.26720884,-0.14291224,False,1,False,True,1.297167761082288,0.0029195072721982045
131,2,2,2.9315634,2.93156325,0.021734900000000223,0.010867300000000135,-0.010867600000000088,-1.4999999997655777e-07,2.9424307,-3.4452374,1.5666478,2.9206958,-5.2750196,4.0,3.0445534695061083,3.0446310506463163,1.0000254819437349,126.9416820216388,True,True,1.0,2022311,2.9315634,0.74582595,-0.53532225,-0.3964514,False,1,False,True,1.5666478,0.0235332457237207
132,2,2,3.1087265,3.1087264,0.08142020000000016,0.040710000000000246,-0.04071019999999992,-9.999999983634211e-08,3.1494365,2.2859173,0.05,3.0680163,1.7547626,1.6320863,1.6688685915852632,1.670853561790446,1.0011894107272385,108.55847503472346,True,True,1.0,2134256,3.1087265,0.86598736,-0.48612073,-0.11727116,False,1,True,False,0.05,1.6320863
133,2,2,2.9116485,2.9116485,0.0038920000000000066,0.0019459999999997812,-0.0019460000000002253,0.0,2.9135945,-5.232082,3.6,2.9097025,-5.3452373,3.765841,0.2007669275530458,0.20080464850966456,1.0001878843148049,124.30618624134546,True,True,1.0,2389227,2.9116485,0.937713,-0.29840225,-0.17790568,False,1,False,True,0.15376319066731975,0.006771444860982533
134,2,2,2.9639957,2.96399585,0.21048329999999993,-0.10524149999999999,0.10524179999999994,1.4999999997655777e-07,2.8587542,-1.624792,0.05,3.0692375,1.2415782,7.8,8.263085266620939,8.265765623523748,1.000324377253329,69.70287347268989,True,True,1.0,2451116,2.9639957,0.83035314,-0.52967554,0.17308229,False,2,True,True,0.05,0.002408479618017309
135,2,3,3.1044207,3.10442075,0.08487549999999988,0.04243780000000008,-0.0424376999999998,5.000000014021566e-08,3.1468585,0.1329195,6.1,3.061983,1.0685831,7.85,1.984430994609024,1.9862452574808604,1.0009142484050921,61.8681474904599,True,True,1.0,2542913,3.1044207,-0.6815229,-0.6590031,0.31818467,False,1,False,True,1.8417613666218309,0.0005878410358024179
136,2,3,3.07128,3.0712801499999998,0.017894500000000146,0.008947400000000272,-0.008947099999999875,1.4999999997655777e-07,3.0802274,4.6547627,0.0031974476,3.0623329,3.1921492,6.9,7.050186075358112,7.05020878487323,1.000003221122801,101.9733927519553,True,True,1.0,2673183,3.07128,-0.49852937,-0.847721,-0.18121165,False,2,True,True,0.0031974476,0.01617296444494789
137,2,3,2.9922786,2.99227855,0.2077574999999996,-0.10387879999999994,0.10387869999999966,-5.000000014021566e-08,2.8883998,-2.1106515,1.75,3.0961573,-1.0207288,3.8,2.3217302797644885,2.3310072223786737,1.0039957021257122,62.00177877776113,True,True,1.0,2785828,2.9922786,-0.6401087,-0.6494122,0.41051748,False,0,False,False,1.75,3.8
138,2,3,2.9716923,2.9716923,0.04076579999999996,0.02038289999999998,-0.02038289999999998,0.0,2.9920752,-4.29615,0.05,2.9513094,-4.294167,1.95,1.900001034812613,1.9004383133210718,1.0002301464580527,89.94020132130484,True,True,1.0,2837996,2.9716923,-0.44020367,-0.8978603,-0.0082262345,False,1,True,False,0.05,1.2184856023017103
139,2,3,3.0299206,3.0299207,0.049924599999999764,-0.024962200000000045,0.024962399999999718,9.999999983634211e-08,3.0049584,-3.3952372,3.728639,3.054883,-4.203607,5.95,2.3638752982915663,2.3644024385789746,1.0002229983484279,109.99682307538761,True,True,1.0,2838541,3.0299206,-0.06133615,-0.93839,-0.34009126,False,1,False,True,1.8766186684004935,0.035428962165735156
140,2,3,3.1207187,3.1207187000000003,0.06309600000000026,0.031548000000000354,-0.03154799999999991,4.440892098500626e-16,3.1522667,-1.5952374,4.9451513,3.0891707,-2.897927,6.75,2.225865904280815,2.2267600070631435,1.000401687622156,125.82070347086659,True,True,1.0,2972918,3.1207187,-0.21217278,-0.7888472,-0.576804,False,0,False,False,2.536949715437127,0.3111501772626756
141,2,3,2.9312744,2.93127455,0.1652363000000001,-0.08261800000000008,0.08261830000000003,1.4999999997655777e-07,2.8486564,-1.2952373,1.0712613,3.0138927,-3.8977163,4.0,3.917959586100741,3.9214423817208357,1.0008889309712254,131.6243112371555,True,True,1.0,3016562,2.9312744,-0.11642838,-0.74570197,-0.6560282,False,0,False,False,1.0712613,1.3081987054505921
142,2,3,3.070159,3.0701591,0.012589199999999856,0.0062947000000002085,-0.006294499999999648,1.0000000028043132e-07,3.0764537,4.7047625,0.015549975,3.0638645,4.2815843,0.55,0.6817012675488737,0.681817502073965,1.0001705065409503,128.3722254171039,True,True,1.0,3035165,3.070159,-0.42098007,-0.70604926,-0.56944734,False,1,True,False,0.015549975,0.55
143,2,3,3.037255,3.0372551999999997,0.013266799999999801,0.006633599999999795,-0.006633200000000006,1.9999999967268423e-07,3.0438886,0.99112594,0.05,3.0306218,0.94089735,0.6,0.5522887933440149,0.5524481145190271,1.000288474394071,95.21804599918357,True,True,1.0,3051468,3.037255,-0.07396346,-0.9929609,-0.09250983,False,1,True,False,0.05,0.6
144,2,3,3.1186693,3.1186693,0.060246000000000244,0.030123000000000122,-0.030123000000000122,0.0,3.1487923,-0.7789037,4.55,3.0885463,-0.94223017,6.7,2.156194688752076,2.1570361879946898,1.0003902705293746,94.34417608707315,True,True,1.0,3156196,3.1186693,-0.64722276,-0.758518,-0.07584953,False,0,False,False,3.2575459383735805,1.1423949923394663
145,2,3,3.0994418,3.0994419,0.04525120000000005,0.02262569999999986,-0.022625500000000187,9.999999983634211e-08,3.1220675,2.9467773,0.65,3.0768163,2.8923454,1.25,0.602463967169498,0.6041609908286449,1.002816805239191,95.18367394646619,True,True,1.0,3199418,3.0994418,-0.2067936,-0.9728416,-0.10399813,False,0,False,False,0.65,1.25
146,2,3,2.8791,2.8791001,0.04032940000000007,0.02016479999999987,-0.0201646000000002,9.999999983634211e-08,2.8992648,-5.240442,1.95,2.8589354,-5.5129266,2.5,0.6137978960840125,0.6151213845587878,1.002156228431572,116.35503620374422,True,True,1.0,3202863,2.8791,-0.32636413,-0.83789545,-0.43751302,False,1,False,True,0.28012117524727737,0.014619089368793126
147,2,3,3.0636559,3.06365585,0.1749111000000001,-0.08745560000000019,0.08745549999999991,-5.000000014021566e-08,2.9762003,-1.0221432,2.4,3.1511114,-2.2792823,5.6,3.4380806733915956,3.442527067381173,1.0012932779687196,111.44767804999363,True,True,1.0,3277769,3.0636559,-0.5193129,-0.80465615,-0.28782386,False,0,False,False,2.4,1.6043304478192528
148,2,3,2.9747503,2.9747503,0.11764000000000019,-0.058820000000000316,0.05881999999999987,0.0,2.9159303,-0.24523732,0.003310762,3.0335703,0.9047627,1.2607198,1.7039887132384668,1.7080447021211378,1.0023802909321873,47.55461565402171,True,True,1.0,3281007,2.9747503,-0.049782366,-0.73467946,0.6765854,False,1,True,False,0.003310762,1.2607198
149,2,3,3.1147144,3.1147143,0.028973399999999927,0.014486600000000127,-0.0144867999999998,-9.999999983634211e-08,3.129201,2.0595868,5.35,3.1002276,1.9823872,7.55,2.2013540783436363,2.2015447386205262,1.0000866104543407,92.00972594532531,True,True,1.0,3312570,3.1147144,-0.56864923,-0.8217824,-0.03621783,False,1,False,True,1.9358563947902085,0.03701209724391658
150,2,3,3.1028447,3.1028446,0.011588800000000177,0.005794300000000252,-0.005794499999999925,-9.999999983634211e-08,3.108639,1.9151479,4.5,3.0970502,2.4780476,6.95,2.513832944381963,2.5138596564934828,1.000010626048791,77.06056950359032,True,True,1.0,3404117,3.1028447,0.13144812,-0.96601546,0.22256581,False,0,False,False,2.694659837425756,0.36021359950987203
151,2,3,3.0186417,3.01864155,0.07550690000000015,-0.03775359999999983,0.03775330000000032,-1.4999999997655777e-07,2.9808881,4.0489492,3.6,3.056395,3.7819703,5.0,1.4252290107365937,1.427227741109603,1.0014023924281308,100.79662830380977,True,True,1.0,3438878,3.0186417,-0.3906469,-0.90783906,-0.15239184,False,0,False,False,1.3076731933698138,0.9366236519745236
152,2,3,3.1081927,3.1081925999999998,0.10639740000000009,0.053198599999999985,-0.0531988000000001,-1.0000000028043132e-07,3.1613913,2.9681969,0.05,3.0549939,3.8293629,6.35,6.358585289162677,6.359475393952143,1.0001399847212844,82.21630726370593,True,True,1.0,3547316,3.1081927,-0.399124,-0.90934086,0.117470264,False,2,True,True,0.05,0.032740187574264404
153,2,3,3.0753477,3.0753476500000003,0.10847529999999983,-0.05423769999999983,0.0542376,-4.999999969612645e-08,3.02111,-0.5952373,2.7331836,3.1295853,-2.708644,5.25,3.2864650722187587,3.2882547896450998,1.0005445721731443,130.0206601874148,True,True,1.0,3588423,3.0753477,-0.5086017,-0.6699098,-0.5408744,False,0,False,False,2.7331836,1.6028100193012091
154,2,3,3.0079331,3.0079333,0.10617520000000003,-0.053087399999999896,0.05308780000000013,2.0000000011677344e-07,2.9548457,-3.8780887,1.5,3.0610209,-4.144264,6.05,4.55777898656024,4.559015514716431,1.0002713005961539,93.347991128972,True,True,1.0,3648958,3.0079331,-0.61963475,-0.78426313,-0.031370535,False,1,False,True,1.5,0.009884950949672271
155,2,3,3.1026382,3.10263815,0.0778105,-0.0389052999999997,0.038905200000000306,-4.999999969612645e-08,3.0637329,1.1755354,0.05,3.1415434,1.8846018,5.15,5.149055754175611,5.149643641410463,1.0001141737947536,82.0847577018228,True,True,1.0,3682856,3.1026382,-0.36215985,-0.9225135,0.13345079,False,1,True,False,0.05,2.200620873321996
156,2,3,3.0421941,3.0421942499999997,0.02200729999999984,0.011003799999999675,-0.011003500000000166,1.4999999953246856e-07,3.0531979,-0.045237325,7.336946,3.0311906,0.45476267,7.912878,0.7626910669622399,0.7630085090464521,1.0004162131929466,49.03685561171822,True,True,1.0,3749578,3.0421941,-0.8244097,-0.44156662,0.35407275,False,1,False,True,0.6177850295500064,0.007228380757962398
157,2,3,2.9766023,2.9766024,0.17603659999999977,-0.08801820000000005,0.08801839999999972,9.999999983634211e-08,2.8885841,-2.3651178,1.55,3.0646207,-3.075687,7.0,5.496126689586826,5.49894512361491,1.0005128036865352,97.428303038157,True,True,1.0,3802387,2.9766023,-0.7303818,-0.67996037,-0.064779155,False,1,False,True,1.55,0.004428858099116874
158,2,4,3.0680952,3.0680952,0.06002099999999988,-0.03001049999999994,0.03001049999999994,0.0,3.0380847,5.5047626,2.8959756,3.0981057,1.5547627,0.014991266,4.889025459409415,4.889393874826862,1.0000753555939739,36.10563280460005,True,True,1.0,3878550,3.0680952,0.28064314,0.56850064,-0.7733346,False,2,True,True,0.004303661135073375,0.014991266
159,2,4,2.9555423,2.9555422,0.1279747999999996,0.06398729999999997,-0.06398749999999964,-9.999999983634211e-08,3.0195296,-0.74523735,7.8716793,2.8915548,-5.4039392,1.8,7.6530250521765515,7.654094982339647,1.0001398048687677,52.501553434745674,True,True,1.0,3884933,2.9555423,0.34461397,0.7413616,-0.5758682,False,1,True,False,0.0220310311779664,0.09863581487073739
160,2,4,3.0954778,3.0954777499999997,0.008192500000000269,-0.004096300000000053,0.004096200000000216,-5.000000014021566e-08,3.0913815,1.7047627,3.978395,3.099574,-0.3452373,3.7734435,2.060219676964632,2.060235965710846,1.0000079063152323,5.709251021191903,True,True,1.0,3906031,3.0954778,0.12081075,0.099213354,-0.9877052,False,0,False,False,3.205810219596109,3.7734435
161,2,4,3.0095427,3.00954285,0.05972409999999995,0.029862200000000172,-0.029861899999999775,1.4999999997655777e-07,3.0394049,5.464564,3.2,2.9796808,5.083268,1.7,1.5477036666028807,1.5488555800128077,1.0007442725857563,75.73763797872353,True,True,1.0,3912768,3.0095427,-0.24730653,0.9414032,-0.22934586,False,1,True,False,0.015376264047286503,0.40372300221337293
162,2,4,3.1640837,3.1640835999999997,0.053172399999999787,-0.02658629999999995,0.026586099999999835,-1.0000000028043132e-07,3.1374974,1.9047626,6.238073,3.1906698,0.20476267,5.3462424,1.9197295593641215,1.9204657990232799,1.0003835121752265,27.68178463653652,True,True,1.0,3914309,3.1640837,0.36229074,0.4418628,-0.8206721,False,0,False,False,1.2510530269178775,2.5859531478171944
163,2,4,3.0622983,3.06229815,0.021393100000000054,-0.010696700000000003,0.01069640000000005,-1.4999999997655777e-07,3.0516016,3.669147,6.55,3.0729947,3.4047627,6.440583,0.28613132994394375,0.28692996132000576,1.002791135721553,22.48250585940869,True,True,1.0,3930309,3.0622983,-0.32522297,0.34024343,-0.88230634,False,1,True,False,0.011838714378261643,0.2608451917955531
164,2,4,3.1033356,3.1033356000000003,0.02596379999999998,-0.012981899999999769,0.012981900000000213,4.440892098500626e-16,3.0903537,2.5547626,7.292409,3.1163175,1.5547627,7.016719,1.0373065005580608,1.037631386866478,1.0003132018436618,15.413000755887083,True,True,1.0,3933064,3.1033356,-0.016284097,0.26531777,-0.96402353,False,1,True,False,0.018690836074833985,0.6731379371477224
165,2,4,3.0652652,3.0652652,0.018756400000000006,-0.009378200000000003,0.009378200000000003,0.0,3.055887,0.054762673,7.323817,3.0746434,-3.9452374,5.9106793,4.242282256422985,4.242323720050399,1.0000097738964329,19.45752084316507,True,True,1.0,3933153,3.0652652,0.0027397377,0.3331188,-0.94288087,False,0,False,False,0.6300003309994694,0.2502330407157855
166,2,4,2.9883401,2.98834015,0.2197022999999998,0.10985120000000004,-0.10985109999999976,5.000000014021566e-08,3.0981913,2.2547626,7.407982,2.878489,-5.467846,3.15,8.818678716288396,8.821415045316893,1.0003102878692522,28.870837849805582,True,True,1.0,3934136,2.9883401,0.17523141,0.47157723,-0.8642389,False,2,True,True,0.04577936797328596,0.023219438144265827
167,2,4,3.066307,3.06630715,0.11846470000000009,-0.05923220000000029,0.0592324999999998,1.4999999997655777e-07,3.0070748,4.804763,5.074068,3.1255395,1.7047627,4.4938807,3.153826114908903,3.1560502290406394,1.0007052114005976,10.600678798266046,True,True,1.0,3935807,3.066307,-0.29180562,0.16491872,-0.9421525,False,1,True,False,0.038678770364613535,2.836029556732009
168,2,4,3.0628405,3.06284035,0.19728309999999993,0.09864139999999999,-0.09864169999999994,-1.4999999997655777e-07,3.1614819,-1.4952374,5.628154,2.9641988,-4.9952374,4.7601304,3.606031748356767,3.611424316208575,1.0014954299429741,13.92870589128907,True,True,1.0,3945818,3.0628405,0.2939684,0.2149611,-0.9313293,False,1,False,True,1.9785957538074184,0.001641113894313573
169,2,4,3.0228395,3.0228397,0.015344400000000036,-0.007671999999999901,0.007672400000000135,2.0000000011677344e-07,3.0151675,4.72859,5.25,3.0305119,2.0178952,3.15,3.428974525823579,3.4290088581627196,1.0000100124217552,37.76527075726494,True,True,1.0,3949402,3.0228395,0.086918645,0.61045116,-0.7872703,False,1,True,False,0.006674062285749384,3.15
170,2,4,3.0193284,3.0193285000000003,0.1428878,0.07144400000000006,-0.07144379999999995,1.0000000028043132e-07,3.0907724,3.175372,6.15,2.9478846,0.054762673,0.019651607,6.878907906878611,6.880391770437634,1.0002157120838235,63.02196126721738,True,True,1.0,3964077,3.0193284,0.0145775685,0.89094853,-0.45387024,False,1,False,True,0.6308282308391003,0.019651607
171,2,4,2.9832635,2.98326345,0.13279629999999987,0.0663980999999998,-0.06639820000000007,-5.000000014021566e-08,3.0496616,-4.0452375,4.6660495,2.9168653,-5.2952375,3.8945525,1.4689137554700071,1.4749042268237926,1.0040781641069654,31.682785084337752,True,True,1.0,3967207,2.9832635,-0.27636102,0.5257741,-0.8044788,False,1,False,True,0.8978669840748297,0.027106194339868783
172,2,4,3.0429583,3.0429581,0.13553879999999996,-0.0677696000000001,0.06776919999999986,-2.0000000011677344e-07,2.9751887,5.304763,0.90163106,3.1107275,4.2047625,0.0017151837,1.4212141585338387,1.4276625829384502,1.004537264398818,39.28676928447828,True,True,1.0,3973543,3.0429583,0.2034173,0.6348491,-0.7453778,False,2,True,True,0.03309551199577041,0.0017151837
173,2,4,3.0510972,3.0510972499999998,0.16437549999999979,0.08218779999999981,-0.08218769999999997,4.999999969612645e-08,3.133285,-1.9452373,4.7341456,2.9689095,-4.8952374,4.336364,2.9766979677653844,2.9812329825591997,1.0015235051869302,7.679512752792164,True,True,1.0,3989338,3.0510972,0.3119389,0.109798014,-0.94373643,False,0,False,False,2.5000623786689764,0.25833909088391777
174,2,4,3.056276,3.056276,0.011414000000000257,0.005707000000000129,-0.005707000000000129,0.0,3.061983,1.0547627,7.8371854,3.050569,-2.3452373,7.408818,3.426878846615789,3.4268978550255564,1.0000055468578313,7.180882913580035,True,True,1.0,3992991,3.056276,-0.3026298,0.12003308,-0.94551957,False,2,True,True,0.01663685689087984,0.005504643569600303
175,2,4,3.0078287,3.00782885,0.17191670000000014,0.08595849999999983,-0.08595820000000032,1.4999999997655777e-07,3.0937872,2.8547628,6.420262,2.9218705,-5.2452374,4.0718966,8.433553420232613,8.435305486089765,1.0002077494230308,16.16801790242249,True,True,1.0,3995761,3.0078287,-0.014641017,0.27870187,-0.96026605,False,1,False,True,0.6025522436875737,0.03669916042393188
176,2,4,2.9726477,2.97264765,0.1234926999999999,0.06174629999999981,-0.06174640000000009,-5.000000014021566e-08,3.034394,4.4547625,5.6506724,2.9109013,-0.29523733,0.013683388,7.371441073929084,7.372475429146038,1.000140319268184,49.88088932800355,True,True,1.0,4000087,2.9726477,0.03907703,0.76369965,-0.6443879,False,2,True,True,0.01792536179561025,0.013683388
177,2,4,3.0041032,3.00410305,0.054445499999999925,0.027222599999999986,-0.02722289999999994,-1.4999999997655777e-07,3.0313258,5.5047626,2.6698427,2.9768803,-3.5952373,0.0009677679,9.483295396811796,9.483451686789047,1.0000164805556204,16.345514143619596,True,True,1.0,4002460,3.0041032,0.38612148,0.25744408,-0.885795,False,2,True,True,0.014851778649717814,0.0009677679
178,2,4,3.0425131,3.0425132,0.009983599999999981,0.004991900000000271,-0.00499169999999971,1.0000000028043132e-07,3.047505,4.2047625,5.954083,3.0375214,0.9498207,2.5,4.746086334262815,4.746096834720632,1.0000022124455978,46.70018765215238,True,True,1.0,4003495,3.0425131,0.29057723,0.6959939,-0.65662575,False,1,True,False,0.031784939207142794,2.5
179,2,4,2.9614909,2.9614909999999997,0.21549299999999993,0.10774660000000003,-0.10774639999999991,9.999999983634211e-08,3.0692375,1.2175621,7.8,2.8537445,-1.5805174,0.2,8.098718965880977,8.10158540789204,1.0003539377058446,69.78788974996395,True,True,1.0,4007496,2.9614909,0.3179518,0.88674986,-0.3355314,False,1,True,False,0.008843203669860711,0.2
180,2,4,2.9654026,2.9654026,0.19887120000000014,0.09943560000000007,-0.09943560000000007,0.0,3.0648382,3.0768912,7.0,2.865967,-0.804644,0.05,7.960453222577157,7.9629369746990015,1.0003120113958839,60.816891657047236,True,True,1.0,4018219,2.9654026,0.43005288,0.7830122,-0.44938445,False,2,True,True,0.003716580129242266,0.05
181,2,4,3.0964563,3.09645615,0.08932329999999977,-0.04466179999999964,0.04466150000000013,-1.4999999997655777e-07,3.0517945,3.7547626,6.4540453,3.1411178,-0.29523733,6.053126,4.069795537629931,4.070775647224418,1.0002408252663864,5.653429040258345,True,True,1.0,4022174,3.0964563,0.13425739,0.10055182,-0.9858318,False,1,True,False,0.015507902749773626,1.8737877720794727
182,2,4,3.0056517,3.0056517,0.07164999999999999,0.035824999999999996,-0.035824999999999996,0.0,3.0414767,4.361223,5.75,2.9698267,-5.3452373,0.97438216,10.817665982512233,10.817903264112799,1.0000219346392234,26.197373173624385,True,True,1.0,4029604,3.0056517,0.14469749,0.43594074,-0.88826704,False,2,True,True,0.042227262063098174,0.01777378044059778
183,2,4,2.9573917,2.9573917,0.04083919999999974,0.02041959999999987,-0.02041959999999987,0.0,2.9778113,3.7047627,2.8018959,2.9369721,-0.045237325,0.014161543,4.672682637703764,4.672861101397605,1.0000381929841333,36.62695845961008,True,True,1.0,4032961,2.9573917,-0.1266457,0.5926918,-0.79541016,False,1,False,True,1.8067326687166216,0.014161543
184,2,4,3.122425,3.1224251,0.02179719999999996,-0.0108984999999997,0.010898700000000261,1.0000000028043132e-07,3.1115265,4.002797,0.2,3.1333237,3.8047626,0.03976738,0.2547393100709516,0.2556701664709131,1.0036541529444445,38.976843993190386,True,True,1.0,4034215,3.122425,-0.3965517,0.55020046,-0.7348648,False,1,False,True,0.2,0.03976738
185,2,4,2.9845328,2.9845327,0.02941199999999977,0.014705899999999605,-0.014706100000000166,-1.0000000028043132e-07,2.9992387,-1.5452373,2.822855,2.9698267,-5.3452373,0.9972364,4.215789756696361,4.215892353750266,1.000024336378194,25.660837530128134,True,True,1.0,4037148,2.9845328,-0.06380547,0.43265045,-0.8993011,False,1,False,True,2.822855,0.02501937698143565
186,2,4,2.9828174,2.9828173500000004,0.02556130000000012,0.012780600000000142,-0.012780699999999978,-4.999999969612645e-08,2.995598,5.1047626,4.5032,2.9700367,0.25476268,0.02257611,6.60291524007682,6.602964716526693,1.0000074931220642,42.73298734472135,True,True,1.0,4038155,2.9828174,0.35426465,0.6335505,-0.68783015,False,2,True,True,0.000473067335963203,0.02257611
187,2,4,3.0486772,3.0486769999999996,0.01276799999999989,-0.006384200000000284,0.0063837999999996065,-2.0000000056086265e-07,3.042293,-0.29523733,7.433313,3.055061,-2.3452373,7.395397,2.0503505797926365,2.050390334029109,1.0000193889946745,1.0595995797846456,True,True,1.0,4068000,3.0486772,-0.14042372,0.017586663,-0.9899353,False,1,False,True,0.49923846993979787,0.017577378180269092
188,2,4,3.0290475,3.0290475,0.062184999999999935,-0.031092499999999745,0.03109250000000019,0.0,2.997955,5.1047626,4.4052787,3.06014,1.6547626,1.8377737,4.3005327489771545,4.30098231794203,1.0001045379703206,36.65678325841796,True,True,1.0,4073654,3.0290475,0.26463872,0.5787467,-0.7713745,False,1,True,False,0.038494928402725365,1.8377737
189,2,4,3.0324087,3.03240875,0.07029150000000017,-0.03514570000000017,0.035145800000000005,5.000000014021566e-08,2.997263,5.0264487,4.6,3.0675545,2.0203834,1.65,4.211760746749997,4.212347265223553,1.0001392573103798,44.460682508919376,True,True,1.0,4075733,3.0324087,-0.016933672,0.7001151,-0.71382916,False,1,True,False,0.035055770897724804,1.65
190,2,4,3.0111914,3.01119135,0.05096869999999987,0.025484300000000015,-0.02548439999999985,-5.000000014021566e-08,3.0366757,5.5047626,2.8017294,2.985707,-3.9952374,0.0010789621,9.90422348674087,9.904354632366974,1.0000132413839693,16.425796767537804,True,True,1.0,4078059,3.0111914,0.53043395,0.23709075,-0.81389666,False,2,True,True,0.008699836980820682,0.0010789621
191,2,4,3.0204701,3.02047,0.07811199999999996,-0.039056099999999816,0.03905590000000014,-9.999999983634211e-08,2.981414,5.4547625,1.760084,3.059526,2.4047627,1.7287933,3.0501603052801225,3.0511603321442373,1.0003278604283137,0.5877909081908967,True,True,1.0,4078466,3.0204701,-0.0037835897,0.010164472,-0.9999412,False,1,True,False,0.04308690172062291,1.7287933
192,2,4,2.9289815,2.92898155,0.02299350000000011,-0.011496699999999915,0.011496800000000196,5.000000014021566e-08,2.9174848,-0.99523735,1.851454,2.9404783,-2.7952373,0.0036623934,2.5795995118276425,2.5797019871418603,1.0000397252805127,45.75061952376515,True,True,1.0,4080215,2.9289815,0.099248774,0.71338207,-0.6937116,False,1,False,True,1.851454,0.0036623934
193,2,4,3.1607926,3.16079255,0.008287900000000015,-0.0041440000000001476,0.004143899999999867,-5.000000014021566e-08,3.1566486,2.88331,0.15,3.1649365,2.8047626,0.041500207,0.13394737447147967,0.1342035335384758,1.0019123858754744,54.09769639418016,True,True,1.0,4110884,3.1607926,-0.17325246,0.7928829,-0.5842262,False,1,False,True,0.15,0.041500207
194,2,4,3.1099558,3.1099558500000004,0.1353803,0.06769020000000037,-0.06769009999999964,5.000000058430487e-08,3.177646,1.3047627,5.708822,3.0422657,-4.0452375,4.526224,5.479145934322615,5.480818186660832,1.0003052031025021,12.464589530352697,True,True,1.0,4113548,3.1099558,-0.15336624,0.2169366,-0.9640629,False,0,False,False,1.9892380330044401,0.9679249121241131
195,2,4,3.0452151,3.0452151,0.07897279999999984,-0.03948639999999992,0.03948639999999992,0.0,3.0057287,4.9047627,3.806267,3.0847015,-2.5952373,4.3548994,7.520039727975495,7.520454388763328,1.0000551407709046,175.81620915927965,True,True,1.0,4114882,3.0452151,0.21282627,-0.06904318,-0.97464764,False,0,False,False,0.427437155166919,2.2832099448995313
196,2,4,3.0855632,3.0855632,0.12236840000000004,-0.06118420000000002,0.06118420000000002,0.0,3.024379,5.3547626,3.733984,3.1467474,2.1547627,0.036197502,4.890155860991664,4.89168665902771,1.0003130366555915,49.12765944678256,True,True,1.0,4114994,3.0855632,-0.078513384,0.7525545,-0.65383285,False,2,True,True,0.0045180595237636,0.036197502
197,2,4,3.052035,3.0520350499999997,0.03473090000000001,0.017365499999999923,-0.017365400000000086,4.999999969612645e-08,3.0694005,2.9547627,7.0921297,3.0346696,-4.445237,5.671785,7.535076285401375,7.535156326330131,1.000010622444382,10.865125826549303,True,True,1.0,4127457,3.052035,0.49205205,0.16221362,-0.85531956,False,2,True,True,0.001669953023983941,0.014406975909141704
198,2,4,3.0193217,3.01932155,0.1077634999999999,0.053881599999999974,-0.05388189999999993,-1.4999999997655777e-07,3.0732033,-1.4452373,3.6388476,2.9654398,-5.3452373,1.0499032,4.681093152917527,4.682333401011039,1.0002649483898305,33.577475528463424,True,True,1.0,4140642,3.0193217,-0.311821,0.53185946,-0.78733295,False,1,False,True,3.627644833268623,0.041716601824484736
199,2,5,2.875712,2.8757118,0.04477960000000003,-0.022390000000000132,0.0223895999999999,-2.0000000011677344e-07,2.853322,-1.3452374,0.001206416,2.8981016,-2.614633,1.3,1.8161029605005674,1.8166549412904711,1.0003039369473588,134.3441655872558,True,True,1.0,4289339,2.875712,-0.6604444,-0.54777104,-0.51357585,False,1,True,False,0.001206416,1.3
200,2,5,3.036054,3.0360538999999998,0.0076446000000003345,0.003822200000000109,-0.0038224000000002256,-1.0000000028043132e-07,3.0398762,4.1632876,0.9,3.0322316,2.0512862,2.55,2.68012124979486,2.6801321522475567,1.0000040678953228,142.00128598327643,True,True,1.0,4410729,3.036054,-0.58330923,-0.49857688,-0.64122653,False,0,False,False,0.9,2.55
201,2,5,3.026996,3.0269959,0.11206619999999967,0.05603299999999978,-0.056033199999999894,-9.999999983634211e-08,3.083029,-3.2952373,4.7344933,2.9709628,-4.945237,4.833552,1.6529705490557836,1.6567650615667322,1.002295571759047,176.56433798964312,True,True,1.0,4445929,3.026996,-0.5073463,-0.01861828,-0.86154115,False,1,False,True,1.4894220113111958,0.01920947169864641
202,2,5,3.006939,3.0069388999999997,0.030473799999999773,-0.015236999999999945,0.015236799999999828,-1.0000000028043132e-07,2.991702,0.545462,0.75,3.0221758,-0.5452373,2.703651,2.23749350676633,2.237701017854693,1.0000927426550001,119.17408527193622,True,True,1.0,4449305,3.006939,-0.7694735,-0.56205934,-0.3033148,False,0,False,False,0.75,2.703651
203,2,5,3.0514045,3.05140435,0.0007654999999999745,-0.0003828999999999638,0.0003826000000000107,-1.4999999997655777e-07,3.0510216,4.349864,5.5,3.0517871,4.2462063,5.85,0.3650272849655075,0.36502808763099287,1.000002198919145,106.49743801603523,True,True,1.0,4470783,3.0514045,-0.8130637,-0.55877393,-0.16339876,False,0,False,False,0.1879880964935158,0.0731433500127287
204,2,5,3.0706823,3.0706822999999996,0.06293820000000006,-0.03146910000000025,0.031469099999999806,-4.440892098500626e-16,3.0392132,4.054763,4.821714,3.1021514,2.8047626,5.8607144,1.625430045003574,1.6266481021473453,1.0007493753099468,140.26663912835824,True,True,1.0,4513795,3.0706823,-0.47254333,-0.5767122,-0.6664127,False,0,False,False,0.8050512938919808,1.0832952834797558
205,2,5,3.0568583,3.0568584000000003,0.07797600000000005,0.03898810000000008,-0.038987899999999964,1.0000000028043132e-07,3.0958464,1.7858617,7.65,3.0178704,-0.29523733,7.9055085,2.09672548661936,2.0981749266482033,1.0006912874566045,173.000497173883,True,True,1.0,4647831,3.0568583,-0.7455134,-0.05332123,-0.6643543,False,2,True,True,0.0010921534349435692,0.028971763327944457
206,2,5,3.0863042,3.0863042,0.08878139999999979,0.044390700000000116,-0.04439069999999967,0.0,3.1306949,-1.8535047,6.35,3.0419135,-2.0454357,7.55,1.2152520350779095,1.218490724522333,1.0026650351951198,99.08706461888032,True,True,1.0,4850932,3.0863042,-0.86503386,-0.48168784,-0.14033264,False,1,False,True,1.1727614983811638,0.009470171339599834
207,2,5,2.9820645,2.9820645,0.034813399999999994,-0.017406699999999997,0.017406699999999997,0.0,2.9646578,-2.540285,2.8,2.9994712,-3.612779,3.7,1.4000869187432619,1.400519672427189,1.0003090905844014,139.99778425832602,True,True,1.0,4858320,2.9820645,-0.6851631,-0.48135802,-0.5466681,False,0,False,False,2.8,1.6872660361665002
208,3,1,6.0485463,6.0485463500000005,0.05477530000000019,-0.027387599999999956,0.027387700000000237,5.000000058430487e-08,6.0211587,3.1299746,6.3,6.075934,3.2774665,4.4,1.9057161017752902,1.906503132453681,1.0004129842202927,94.43881575072862,True,True,1.0,87749,6.0485463,-0.15461336,0.98535097,0.0719592,False,0,False,False,0.5367342261409139,1.686603287466
209,3,1,6.0013328,6.0013328,0.018438399999999966,-0.009219200000000427,0.009219199999999539,0.0,5.9921136,1.4584893,7.7,6.010552,1.3547627,7.4261055,0.2928777981988563,0.29345762772906414,1.0019797660791419,69.2578195135916,True,True,1.0,395597,6.0013328,-0.677879,0.6721229,-0.29787728,False,1,True,False,0.040634405803739414,0.33230645124783037
210,3,1,5.911876,5.9118759999999995,0.0760259999999997,0.03801299999999941,-0.0380130000000003,-8.881784197001252e-16,5.949889,-4.9038544,2.15,5.873863,-4.9743495,0.4,1.7514192984902301,1.7530685987148393,1.000941693531658,87.6932062403486,True,True,1.0,438281,5.911876,0.058663625,0.99736434,-0.042695686,False,0,False,False,0.6393542933247761,0.18742957603942084
211,3,1,5.999379,5.999379149999999,0.025130299999999828,-0.012565000000000381,0.012565299999999446,1.4999999908837935e-07,5.986814,1.6489264,7.65,6.0119443,1.9341929,6.85,0.8493391407572426,0.8497108378738858,1.0004376309754333,109.62537658827118,True,True,1.0,465773,5.999379,-0.37445033,0.87720984,0.30048272,False,1,True,False,0.03778174368716272,0.6877435883988678
212,3,1,6.0310597,6.0310597,0.011253400000000191,-0.00562670000000054,0.005626699999999651,0.0,6.025433,-2.1078281,7.5,6.0366864,-2.0733306,6.75,0.750792965807652,0.7508772979107905,1.0001123240453482,92.63355865084942,True,True,1.0,602883,6.0310597,-0.34253666,0.9387177,0.03843992,False,1,True,False,0.0271918850898728,0.7169171362303962
213,3,1,6.098273,6.09827275,0.012360500000000663,-0.006180500000000144,0.006180000000000518,-2.500000002569891e-07,6.0920925,1.4626712,3.1,6.104453,1.2722284,0.05,3.055939865257797,3.0559648626959195,1.0000081799509233,86.42707503807779,True,True,1.0,724122,6.098273,-0.014986602,0.9979402,-0.06237592,False,1,False,True,3.1,0.05
214,3,2,6.0851827,6.0851827,0.05968939999999989,0.029844699999999946,-0.029844699999999946,0.0,6.1150274,-1.1952373,3.5048747,6.055338,1.4547627,4.707675,2.910193904481296,2.9108059684823466,1.0002103172575916,24.41267592322183,True,True,1.0,791567,6.0851827,0.92286193,-0.14163533,0.35814142,False,0,False,False,3.5048747,2.8115190054489227
215,3,2,6.058438,6.0584378,0.1029529999999994,-0.051476699999999376,0.05147630000000003,-1.9999999967268423e-07,6.0069613,-2.7452374,7.2194734,6.1099143,-1.853613,5.35,2.0712133796359375,2.07377052351313,1.0012346115095305,115.49828541770441,True,True,1.0,931180,6.058438,0.99318165,0.0722689,0.09147377,False,1,True,False,0.0010929053330215434,2.0576888147464554
216,3,2,6.013556,6.013556250000001,0.06502110000000005,-0.032510300000000214,0.03251079999999984,2.500000002569891e-07,5.9810457,-2.6242557,3.25,6.0460668,-3.7260075,6.45,3.384354743345213,3.3849792868270927,1.0001845384214252,108.9984542991663,True,True,1.0,1317917,6.013556,0.92306626,-0.3576062,-0.1416561,False,1,False,True,2.7729575648262195,0.03918716308342655
217,3,2,6.141849,6.14184885,0.033130299999999835,0.01656499999999994,-0.016565299999999894,-1.4999999997655777e-07,6.158414,3.9833283,3.3,6.1252837,4.8577595,5.05,1.9563051713711335,1.9565856843776432,1.0001433891862144,63.44984897206706,True,True,1.0,1373568,6.141849,0.87922436,-0.41941607,0.22595277,False,1,False,True,1.43793795135052,0.007358528717892112
218,3,2,6.157292,6.15729185,0.0006056999999994872,-0.00030299999999972016,0.00030269999999976704,-1.4999999997655777e-07,6.156989,4.6047626,3.943442,6.1575947,4.7547626,3.9874334,0.15631776378249562,0.1563189372611332,1.0000075070075798,16.34514680107244,True,True,1.0,1376986,6.157292,0.9528719,-0.090999946,0.28940305,False,0,False,False,0.6785901169478358,0.5232781108584816
219,3,2,6.043079,6.043078850000001,0.004234299999999358,0.0021170000000001465,-0.0021172999999992115,-1.4999999908837935e-07,6.045196,-4.9952374,4.726893,6.0409617,-4.1452374,5.3200974,1.0365285621628377,1.0365372108495912,1.0000083438962217,34.91070757630359,True,True,1.0,1476386,6.043079,0.9346062,-0.20236085,0.2925087,False,1,True,False,0.014546863767124142,0.4575988250832992
220,3,2,6.0066295,6.00662945,0.13486010000000004,-0.06743010000000016,0.06742999999999988,-4.999999969612645e-08,5.9391994,-2.0452373,0.5102776,6.0740595,-0.19523732,0.5136828,1.8500031138857689,1.8549120647510629,1.0026534824879203,0.10546128117375514,True,True,1.0,1744226,6.0066295,0.8323613,-0.061757647,0.5507819,False,0,False,False,0.5102776,0.5136828
221,3,2,6.011508,6.0115082,0.049560999999999744,-0.024780299999999755,0.02478069999999999,1.9999999967268423e-07,5.9867277,-4.5445085,2.85,6.0362887,-5.3952374,3.5644677,1.1109472335077395,1.112052178793558,1.0009945974502585,139.97545008001904,True,True,1.0,1914182,6.011508,0.83427936,-0.32486644,-0.4454658,False,1,False,True,0.9656570855812948,0.0024861014879838275
222,3,2,6.0070066,6.0070066,0.024254800000000465,-0.012127400000000677,0.012127399999999788,0.0,5.9948792,2.1547627,7.068872,6.019134,1.7047627,6.867291,0.4930871115340574,0.4936832941107487,1.0012090816465198,24.130364782232988,True,True,1.0,1993697,6.0070066,0.95452964,0.1635685,-0.24923576,False,0,False,False,0.394506255845579,0.7724132621197087
223,3,2,6.0767484,6.0767485,0.1248749999999994,0.06243759999999998,-0.06243739999999942,1.0000000028043132e-07,6.139186,-0.054019902,3.0,6.014311,-3.1452372,6.937687,5.006096612473977,5.00765384776628,1.0003110677665354,128.1331110609304,True,True,1.0,2022311,6.0767484,0.74582595,-0.53532225,-0.3964514,False,1,False,True,3.0,0.013533804047228681
224,3,2,6.125957,6.12595685,0.04993029999999976,0.024964999999999904,-0.024965299999999857,-1.4999999997655777e-07,6.150922,2.214355,1.7,6.1009917,1.0047626,3.4500132,2.1273598600876156,2.127945725146694,1.0002753953715446,124.65185768328273,True,True,1.0,2065645,6.125957,0.80272156,-0.50114733,-0.3232483,False,0,False,False,1.7,3.4500132
225,3,2,6.059534,6.059534,0.005527999999999977,-0.0027639999999999887,0.0027639999999999887,0.0,6.05677,-1.3869683,7.1,6.062298,-1.366339,7.75,0.6503272776214223,0.6503507721241596,1.0000361271986364,88.18219198096381,True,True,1.0,2104618,6.059534,0.9223439,-0.3863607,0.002664505,False,1,False,True,0.6378596974962113,0.017152715717473035
226,3,2,6.1643386,6.1643385,0.03431899999999999,0.017159400000000602,-0.017159599999999386,-9.99999993922529e-08,6.181498,3.5843651,0.05,6.147179,5.0367064,4.65,4.8238257899395265,4.823947869271256,1.0000253075747438,72.47771942259449,True,True,1.0,2451116,6.1643386,0.83035314,-0.52967554,0.17308229,False,2,True,True,0.05,0.0061884186380050405
227,3,3,6.0322556,6.03225545,0.011100300000000729,0.005550000000000388,-0.005550300000000341,-1.4999999997655777e-07,6.0378056,-1.2452374,0.032824554,6.0267053,-1.2592524,0.1,0.06862186801813923,0.06951386502266246,1.0129987281064317,101.7847312537087,True,True,1.0,2631257,6.0322556,-0.811932,-0.55398625,-0.1840261,False,1,True,False,0.032824554,0.1
228,3,3,6.0135703,6.0135703,0.007081999999999589,0.0035410000000002384,-0.0035409999999993502,0.0,6.0171113,-2.9629576,6.8,6.0100293,-3.0283043,7.0,0.21040482694294355,0.21052397945338677,1.0005663012211956,108.09394934334016,True,True,1.0,2633357,6.0135703,-0.3320249,-0.89312404,-0.30346164,False,1,False,True,0.23236947649030373,0.032455476072184006
229,3,3,6.112049,6.112049000000001,0.05451400000000017,-0.027256999999999643,0.02725700000000053,8.881784197001252e-16,6.084792,0.26809445,1.45,6.139306,0.1738867,3.5,2.05216351691576,2.0528874485358575,1.0003527650765303,92.63117636233066,True,True,1.0,2634723,6.112049,-0.6936163,-0.7201891,-0.014971188,False,0,False,False,1.45,3.5
230,3,3,6.0212207,6.0212204499999995,0.016554300000000133,0.008276900000000253,-0.00827739999999988,-2.500000002569891e-07,6.0294976,2.8377256,5.8,6.0129433,3.4047627,6.702689,1.0660105550591001,1.0661390848974166,1.0001205708871328,57.86442400836967,True,True,1.0,2640181,6.0212207,-0.18650475,-0.83351177,0.5200712,False,1,False,True,1.1127524005650902,0.04950680320874184
231,3,3,6.0881834,6.0881833,0.17513740000000055,0.0875686,-0.08756880000000056,-1.0000000028043132e-07,6.175752,2.8238585,0.05,6.0006146,1.2820868,7.75,7.85283770206165,7.854790454480606,1.0002486683786225,101.32260810331901,True,True,1.0,2673183,6.0881834,-0.49852937,-0.847721,-0.18121165,False,2,True,True,0.05,0.03972672472645805
232,3,3,6.038733,6.0387328,0.009474400000000216,0.004737000000000435,-0.004737399999999781,-1.9999999967268423e-07,6.04347,2.8936827,4.85,6.0339956,3.7719865,6.4,1.781549203669223,1.7815743962433348,1.0000141408242107,60.462044097242654,True,True,1.0,2702283,6.038733,-0.67911536,-0.64052504,0.35851088,False,1,False,True,1.7430252055344206,0.040105849717222974
233,3,3,6.1030173,6.1030175,0.039486999999999384,-0.01974330000000002,0.019743699999999365,1.9999999967268423e-07,6.083274,0.24882984,0.35,6.122761,-0.06690247,2.55,2.2225406389035802,2.2228913861785813,1.0001578136610245,98.16701992897187,True,True,1.0,2703596,6.1030173,-0.2587143,-0.95679325,-0.13271642,False,0,False,False,0.35,2.55
234,3,3,6.017758,6.01775765,0.0415902999999993,-0.0207954999999993,0.020794800000000002,-3.49999999649242e-07,5.9969625,-4.96058,2.95,6.0385528,-5.3551807,3.6,0.7604010208044764,0.7615375666994897,1.0014946664508826,121.26101644776084,True,True,1.0,2861386,6.017758,-0.21463987,-0.84075284,-0.4970557,False,1,False,True,0.5453739142190572,0.033704967913565205
235,3,3,5.9777255,5.9777252,0.10800959999999993,-0.05400510000000036,0.05400449999999957,-2.9999999995311555e-07,5.9237204,-2.746913,0.05,6.03173,-1.2670056,2.3,2.6930699791455033,2.6952350521368116,1.0008039423438952,56.66561579490267,True,True,1.0,2883837,5.9777255,-0.7707541,-0.5144436,0.37588018,False,1,True,False,0.05,2.3
236,3,3,6.0923615,6.09236165,0.0018046999999992153,0.0009024999999995842,-0.0009021999999996311,1.4999999997655777e-07,6.093264,0.4319483,0.05,6.0914593,0.5695998,1.7,1.655731842857487,1.6557328263926943,1.0000005940184165,85.23113383602701,True,True,1.0,2927405,6.0923615,-0.5711547,-0.8180501,0.06764892,False,1,True,False,0.05,1.7
237,3,3,6.0649276,6.064928,0.0979000000000001,-0.04894960000000026,0.04895039999999984,4.0000000023354687e-07,6.015978,-1.7509295,3.0,6.113878,-1.8114983,4.9,1.9009651705208703,1.9034844337512826,1.0013252548071263,91.82587461920335,True,True,1.0,2955522,6.0649276,-0.6629148,-0.7486298,0.009867151,False,0,False,False,3.0,2.4454384228840285
238,3,3,5.9274764,5.9274763,0.0720445999999999,-0.036022399999999344,0.03602220000000056,-9.99999993922529e-08,5.891454,-3.6952374,0.046659466,5.9634986,-4.8721642,2.4,2.6312294391644464,2.632215566004199,1.000374777974537,116.57004751894793,True,True,1.0,3113970,5.9274764,-0.8831846,-0.42991418,-0.18750656,False,1,True,False,0.046659466,0.6593485844527902
239,3,3,6.019111,6.0191115,0.0003229999999998512,0.00016200000000043957,-0.00016099999999941161,5.000000005139782e-07,6.019273,-4.549163,3.8,6.01895,-4.2450824,4.4,0.6726551949523325,0.6726552725024614,1.000000115289571,63.124062739550055,True,True,1.0,3177034,6.019111,-0.83634526,-0.48879513,0.24820541,False,0,False,False,0.7756379865474794,0.8327719113684818
240,3,3,6.0210204,6.02102045,0.035896299999999215,0.017948199999999304,-0.01794809999999991,4.999999969612645e-08,6.0389686,2.348597,4.65,6.0030723,2.8160236,6.7,2.1026144740269337,2.102920866495278,1.0001457197561079,77.15541044504556,True,True,1.0,3404117,6.0210204,0.13144812,-0.96601546,0.22256581,False,0,False,False,2.2765843416363363,0.39991105053969533
241,3,3,6.0533776,6.05337785,0.003261100000000461,0.0016308000000000433,-0.0016303000000004175,2.500000002569891e-07,6.0550084,-0.045237325,7.491157,6.0517473,0.12529892,7.9,0.4429844348368237,0.4429964382259863,1.0000270966386595,67.3580482894808,True,True,1.0,3418631,6.0533776,-0.4569958,-0.82250345,0.33858967,False,1,False,True,0.4642039405872346,0.04980197253623227
242,3,3,5.941029,5.94102915,0.08002969999999987,-0.0400147000000004,0.04001499999999947,1.4999999997655777e-07,5.9010143,-5.2674556,0.7,5.981044,-5.3952374,2.4558313,1.76047486277735,1.762292965245285,1.001032734125534,94.16240067767079,True,True,1.0,3420331,5.941029,-0.017155087,-0.9972731,-0.07177839,False,1,True,False,0.004554239316227866,0.13424046254836366
243,3,3,6.0495243,6.04952435,0.1422566999999999,0.07112840000000009,-0.07112829999999981,5.000000058430487e-08,6.1206527,1.6689451,0.05,5.978396,2.6617799,7.25,7.2681304982843455,7.26952253650719,1.0001915263110883,82.14878463076268,True,True,1.0,3547316,6.0495243,-0.399124,-0.90934086,0.117470264,False,2,True,True,0.05,0.010090323684286815
244,3,3,6.0239553,6.0239553,0.03208539999999971,-0.016042699999999854,0.016042699999999854,0.0,6.0079126,-1.1799222,0.65,6.039998,-4.7147655,5.0,5.605142028134067,5.605233860281661,1.000016383554089,129.09757411607183,True,True,1.0,3588423,6.0239553,-0.5086017,-0.6699098,-0.5408744,False,0,False,False,0.65,0.154502146389
245,3,3,6.188175,6.18817535,0.015521299999999627,0.007760999999999463,-0.007760300000000164,3.49999999649242e-07,6.195936,3.3512468,0.8,6.1804147,3.4886818,2.15,1.3569776634952395,1.3570664279904243,1.0000654133797282,84.18710384521624,True,True,1.0,3829625,6.188175,-0.70056003,-0.71066445,0.06458884,False,0,False,False,0.8,2.04304378624954
246,3,4,6.125554,6.12555435,0.05944869999999991,0.02972470000000005,-0.02972399999999986,3.49999999649242e-07,6.1552787,5.304763,3.8800235,6.09583,0.10476267,0.034981124,6.467175141067067,6.467448372671213,1.000042248987879,36.480376313839855,True,True,1.0,3878550,6.125554,0.28064314,0.56850064,-0.7733346,False,2,True,True,0.021025167072188423,0.034981124
247,3,4,6.081427,6.0814273,0.1779914000000007,0.08899600000000074,-0.08899539999999995,2.9999999995311555e-07,6.170423,-0.5952373,4.369296,5.9924316,-2.3952372,3.378279,2.054778414887846,2.0624730962519173,1.0037447742823846,28.835642989481016,True,True,1.0,3884857,6.081427,-0.22156143,0.48690853,-0.844885,False,0,False,False,3.480853348297052,2.934197188392072
248,3,4,6.026862,6.0268621499999995,0.03602029999999967,-0.018010000000000304,0.01801029999999937,1.4999999908837935e-07,6.008852,-2.579455,7.3,6.0448723,-5.3525634,3.75,4.504734198390684,4.504878207028759,1.0000319682875243,52.00456609172255,True,True,1.0,3884933,6.026862,0.34461397,0.7413616,-0.5758682,False,2,True,True,0.001075866063625538,0.0031252909514567356
249,3,4,5.9935102,5.99351,0.05343479999999978,0.02671719999999933,-0.026717600000000452,-2.0000000056086265e-07,6.0202274,-3.088354,4.7,5.9667926,-5.497962,1.95,3.6563247549505227,3.656715191468299,1.0001067838728626,48.7744735417335,True,True,1.0,3885537,5.9935102,-0.2949251,0.72161865,-0.62632716,False,1,False,True,1.6816846161410963,0.02475396460020531
250,3,4,5.981693,5.981692750000001,0.022902499999999826,0.0114510000000001,-0.011451499999999726,-2.499999993688107e-07,5.993144,-4.036759,3.0,5.9702415,-5.534755,2.05,1.7738353971031244,1.7739832413307206,1.000083347207885,32.38207753644966,True,True,1.0,3909829,5.981693,-0.0017708703,0.53558135,-0.8444818,False,1,False,True,1.4520916252012486,0.00117184132059888
251,3,4,6.056775,6.0567752,0.04324360000000027,0.021621999999999808,-0.021621600000000463,1.9999999967268423e-07,6.078397,4.4047627,5.7178907,6.0351534,2.6047628,5.0396495,1.923541204491718,1.924027228060562,1.0002526712543038,20.646443616837615,True,True,1.0,3930309,6.056775,-0.32522297,0.34024343,-0.88230634,False,1,True,False,0.023218349687296053,1.822782454327653
252,3,4,5.9626126,5.9626125000000005,0.18902299999999972,0.09451140000000002,-0.0945115999999997,-9.99999993922529e-08,6.057124,-0.9363226,2.05,5.868101,-5.0952373,0.20676936,4.549073606143442,4.552999052123765,1.0008629110716127,23.902917039622537,True,True,1.0,3931480,5.9626126,-0.059814893,0.40674034,-0.9115835,False,1,False,True,2.05,0.011517020544900376
253,3,4,6.043054,6.0430545,0.12939699999999998,-0.06469799999999992,0.06469900000000006,5.000000005139782e-07,5.978356,2.6047628,7.257348,6.107753,-1.0952374,6.2368956,3.8381407713456523,3.8403213621095302,1.0005681372554538,15.418746307698257,True,True,1.0,3933064,6.043054,-0.016284097,0.26531777,-0.96402353,False,1,True,False,0.028387685663670593,1.547571258370217
254,3,4,6.0139585,6.013958499999999,0.05919299999999961,-0.029596500000000248,0.02959649999999936,-8.881784197001252e-16,5.984362,1.6547626,7.665635,6.043555,-5.2952375,3.8857117,7.9114045240957624,7.911625961528508,1.0000279896486233,28.540613030184232,True,True,1.0,3934136,6.0139585,0.17523141,0.47157723,-0.8642389,False,2,True,True,0.0211546859250284,0.029058969749119885
255,3,4,6.054924,6.054924,0.018796000000000035,0.009398000000000017,-0.009398000000000017,0.0,6.064322,-0.24523732,7.9116445,6.045526,-5.0952373,4.5122647,5.9226921944879125,5.922722019499484,1.000005035718655,35.02673111095723,True,True,1.0,3938383,6.054924,-0.40469712,0.5259121,-0.7480887,False,2,True,True,0.027375466722880448,0.00573125366776629
256,3,4,6.061407,6.06140715,0.003673700000000224,-0.0018367000000001354,0.0018370000000000886,1.4999999997655777e-07,6.0595703,4.1912904,6.0,6.063244,-1.0408223,2.35,6.379459483804352,6.379460541579749,1.0000001658095643,34.90020348220705,True,True,1.0,3942815,6.061407,-0.049945775,0.5714164,-0.819139,False,1,True,False,0.010042321238620939,2.35
257,3,4,6.0497117,6.0497117,0.02206139999999923,-0.011030699999999172,0.01103070000000006,0.0,6.038681,-2.4952374,6.3060684,6.0607424,-4.2952375,5.897516,1.845783146403111,1.8459149842058622,1.000071426485288,12.787964957479346,True,True,1.0,3945818,6.0497117,0.2939684,0.2149611,-0.9313293,False,1,False,True,0.9072849386619987,0.004871228461787933
258,3,4,6.0913897,6.091389449999999,0.005422099999999652,0.002710800000000013,-0.002711299999999639,-2.500000002569891e-07,6.0941005,4.554763,5.4553833,6.0886784,1.6047627,3.1673317,3.7333204917690432,3.7333244291691368,1.0000010546643672,37.797535989070695,True,True,1.0,3949402,6.0913897,0.086918645,0.61045116,-0.7872703,False,1,True,False,0.04049999314868916,3.1673317
259,3,4,6.060775,6.06077485,0.06993369999999999,-0.03496699999999997,0.03496670000000002,-1.4999999997655777e-07,6.025808,3.1273344,6.15,6.0957417,0.004762674,0.022584205,6.877185362401548,6.877540929084013,1.0000517023555027,62.99630739838473,True,True,1.0,3964077,6.060775,0.0145775685,0.89094853,-0.45387024,False,1,False,True,0.6592422187195501,0.022584205
260,3,4,6.0013514,6.00135115,0.008149699999999704,0.004074600000000039,-0.004075099999999665,-2.500000002569891e-07,6.005426,-4.7352,3.2,5.9972763,-5.505075,2.7,0.9179910215383371,0.9180271963482834,1.0000394064964664,33.00195399808345,True,True,1.0,3967207,6.0013514,-0.27636102,0.5257741,-0.8044788,False,1,False,True,0.7267253325636037,0.013133011648957716
261,3,4,6.1290264,6.12902615,0.10780290000000026,-0.05390169999999994,0.053901200000000316,-2.500000002569891e-07,6.0751247,5.5047626,1.9180197,6.1829276,3.2547626,0.031184183,2.936434618412721,2.938412791535776,1.0006736649645291,39.98298046378156,True,True,1.0,3973543,6.1290264,0.2034173,0.6348491,-0.7453778,False,2,True,True,0.013883702034116258,0.031184183
262,3,4,5.912548,5.91254825,0.006585499999999911,0.0032930000000002124,-0.0032924999999996984,2.500000002569891e-07,5.915841,-2.9353302,0.1,5.9092555,-3.2452374,0.0020041717,0.32503177533287897,0.325098483211308,1.000205234944678,17.54748742947882,True,True,1.0,3980593,5.912548,0.44473234,0.26084653,-0.8568385,False,1,False,True,0.1,0.0020041717
263,3,4,6.0214496,6.021449499999999,0.0709249999999999,-0.03546260000000068,0.03546239999999923,-1.0000000116860974e-07,5.985987,2.8547628,7.129547,6.056912,-3.9452374,6.2433925,6.8574975404932,6.857864308477916,1.0000534842313178,7.424762987210698,True,True,1.0,3992991,6.0214496,-0.3026298,0.12003308,-0.94551957,False,2,True,True,0.030649467906798587,0.021731456019562626
264,3,4,6.081796,6.0817958999999995,0.01409479999999963,-0.007047499999999651,0.007047299999999979,-1.0000000028043132e-07,6.0747485,4.382949,5.75,6.0888433,-0.44523734,0.028544635,7.486416688072464,7.486429956316757,1.0000017723090826,49.83985683674035,True,True,1.0,4000087,6.081796,0.03907703,0.76369965,-0.6443879,False,2,True,True,0.02401064620749412,0.028544635
265,3,4,6.0305715,6.030571500000001,0.25382499999999997,0.12691250000000043,-0.12691249999999954,8.881784197001252e-16,6.157484,5.304763,3.9742842,5.903659,-5.2952375,0.7834497,11.06984351318439,11.072753159761826,1.0002628444181683,16.752956172496965,True,True,1.0,4002460,6.0305715,0.38612148,0.25744408,-0.885795,False,2,True,True,0.00020465569100295463,0.004661986937766908
266,3,4,5.982567,5.9825668499999995,0.13436889999999924,0.0671842999999992,-0.06718460000000004,-1.500000008647362e-07,6.0497513,0.1874131,7.9,5.9153824,-2.5952373,0.41909957,7.981667400499369,7.982798349794486,1.0001416933628489,69.59644435314864,True,True,1.0,4007496,5.982567,0.3179518,0.88674986,-0.3355314,False,1,True,False,0.04419351109406654,0.41909957
267,3,4,5.959631,5.9596313,0.04571460000000016,0.022857600000000033,-0.022857000000000127,2.9999999995311555e-07,5.9824886,1.8197784,7.6,5.936774,-2.4952374,0.041036267,8.703866616111425,8.703986666793101,1.0000137927988757,60.28022130863438,True,True,1.0,4018219,5.959631,0.43005288,0.7830122,-0.44938445,False,2,True,True,0.04017659111742276,0.041036267
268,3,4,6.087472,6.08747225,0.06229749999999967,-0.03114849999999958,0.031149000000000093,2.500000002569891e-07,6.0563235,1.4047626,4.7901707,6.118621,0.35476267,4.284985,1.1652091848610253,1.166873353449613,1.0014282144444184,25.693569140804158,True,True,1.0,4029604,6.087472,0.14469749,0.43594074,-0.88826704,False,0,False,False,2.7719185200274334,3.626512986034286
269,3,4,6.1316795,6.13167975,0.07338850000000008,0.036694500000000296,-0.03669399999999978,2.500000002569891e-07,6.168374,2.4384081,1.35,6.0949855,0.6547627,0.033041634,2.217153637147988,2.218367896145903,1.0005476656996477,36.44038472846216,True,True,1.0,4032961,6.1316795,-0.1266457,0.5926918,-0.79541016,False,1,False,True,1.35,0.033041634
270,3,4,5.918439,5.9184389,0.024376800000000642,0.01218830000000004,-0.012188500000000602,-1.0000000028043132e-07,5.9306273,-2.2952373,2.2542014,5.9062505,-5.2952375,0.8126124,3.328390007934923,3.3284792733768493,1.0000268194056927,25.665664113026907,True,True,1.0,4037148,5.918439,-0.06380547,0.43265045,-0.8993011,False,1,False,True,2.2542014,0.013907586802014704
271,3,4,6.0006833,6.00068355,0.022675900000000304,-0.01133770000000034,0.011338199999999965,2.499999993688107e-07,5.9893456,2.9547627,7.0728693,6.0120215,-3.0952373,6.9621086,6.0510137937922845,6.051056282096978,1.0000070216836618,1.0488283943906254,True,True,1.0,4068000,6.0006833,-0.14042372,0.017586663,-0.9899353,False,2,True,True,0.017199784082935217,0.023417129744254115
272,3,4,6.1493745,6.1493743,0.004863399999999629,0.0024314999999992537,-0.0024319000000003754,-2.0000000056086265e-07,6.151806,5.054763,4.5529175,6.1469426,3.0547626,2.5915105,2.801270965053035,2.80127518682273,1.0000015070907984,44.441822372931426,True,True,1.0,4075733,6.1493745,-0.016933672,0.7001151,-0.71382916,False,1,True,False,0.02724475277598985,2.4658388079752647
273,3,4,6.0480585,6.0480585,0.19824100000000033,0.09912050000000061,-0.09912049999999972,0.0,6.147179,5.0047626,4.682581,5.948938,-5.445237,1.5082512,10.921486222999514,10.923285257341274,1.0001647243154481,16.896873640018157,True,True,1.0,4078059,6.0480585,0.53043395,0.23709075,-0.81389666,False,2,True,True,0.0229749435223816,0.020038033860888038
274,3,4,6.136654,6.1366539,0.11089899999999986,-0.05544960000000021,0.05544939999999965,-1.0000000028043132e-07,6.0812044,5.4547625,1.7483568,6.1921034,3.3047626,1.726085,2.1501152534399757,2.152973337335196,1.0013292700894278,0.5935044463899999,True,True,1.0,4078466,6.136654,-0.0037835897,0.010164472,-0.9999412,False,1,True,False,0.04157370611502673,1.726085
275,3,4,6.0174656,6.01746535,0.2126747,0.1063370999999993,-0.1063376000000007,-2.500000002569891e-07,6.1238027,-0.5452373,2.773079,5.911128,-3.1952374,0.017241357,3.823237063611908,3.829147708380534,1.0015459791454946,46.12161522143563,True,True,1.0,4080215,6.0174656,0.099248774,0.71338207,-0.6937116,False,1,False,True,2.773079,0.017241357
276,3,4,6.0804996,6.0805,0.11914400000000036,0.059572400000000414,-0.05957159999999995,4.0000000023354687e-07,6.140072,-0.045237325,4.933773,6.020928,-2.7229214,4.35,2.7405807634582873,2.7431693738764307,1.0009445481237622,12.29884498844666,True,True,1.0,4113548,6.0804996,-0.15336624,0.2169366,-0.9640629,False,0,False,False,3.011141705182299,2.178820471078891
277,3,4,6.148638,6.14863755,0.025102099999999794,-0.012551499999999827,0.012550599999999967,-4.499999999296733e-07,6.1360865,5.4047627,3.417648,6.1611886,2.4547627,0.019281559,4.500154938145464,4.500224948015312,1.0000155572132094,49.03992392925741,True,True,1.0,4114994,6.148638,-0.078513384,0.7525545,-0.65383285,False,2,True,True,0.02562593096628928,0.019281559
278,3,4,5.9831324,5.9831325,0.23877700000000068,0.11938860000000062,-0.11938840000000006,1.0000000028043132e-07,6.102521,0.7887344,3.95,5.863744,-5.049855,0.1,6.9936847356591905,6.997759687037085,1.0005826615771107,33.40109172960058,True,True,1.0,4140642,5.9831324,-0.311821,0.53185946,-0.78733295,False,1,False,True,3.7967901812553735,0.020708584161489192
279,3,5,6.1057706,6.1057703,0.011776600000000137,0.0058880000000005595,-0.0058885999999995775,-2.9999999995311555e-07,6.1116586,0.15476267,5.704144,6.099882,-1.3226275,6.2,1.5583821377148253,1.5584266346081836,1.0000285532619255,161.44671864106306,True,True,1.0,4362767,6.1057706,-0.8005918,-0.18539958,-0.56980675,False,0,False,False,2.2340281194946514,1.522192371686873
280,3,5,6.0919323,6.0919320500000005,0.04187730000000034,0.020938400000000357,-0.020938899999999983,-2.499999993688107e-07,6.1128707,-1.0452373,3.2298648,6.0709934,-2.1952374,4.7289724,1.8893977417097148,1.8898617765945371,1.0002455993645905,127.49264730139039,True,True,1.0,4444702,6.0919323,-0.793852,-0.47140798,-0.38415307,False,0,False,False,3.2298648,2.333818908337779
281,3,5,6.0424805,6.0424805,0.05999100000000013,0.029995500000000064,-0.029995500000000064,0.0,6.072476,-0.72308534,7.8,6.012485,-2.4952374,7.1953206,1.8724743257376333,1.8734350857789561,1.0005130965098517,18.840252666977506,True,True,1.0,4480390,6.0424805,-0.91025084,0.1605709,-0.38165483,False,0,False,False,0.0954177066175363,0.1320286128792428
282,3,5,6.089962,6.089962,0.011735999999999969,0.005868000000000428,-0.00586799999999954,0.0,6.09583,0.10476267,0.021431277,6.084094,-0.09523733,0.2846777,0.33060350757712015,0.33081174845868905,1.0006298810411753,127.22555047039639,True,True,1.0,4512519,6.089962,-0.6310767,-0.6033975,-0.4874974,False,1,True,False,0.021431277,0.2846777
283,3,5,6.0329065,6.03290655,0.005771700000000379,-0.0028858000000004935,0.0028858999999998858,4.999999969612645e-08,6.0300207,2.8547628,5.836247,6.0357924,1.3547627,6.7511435,1.7569962736762592,1.7570057536141281,1.0000053955366957,148.61969201336447,True,True,1.0,4518878,6.0329065,-0.70137686,-0.37330237,-0.60721976,False,0,False,False,1.0734487092798386,0.982590041765698
284,3,5,6.0479827,6.04798235,0.043047299999999566,0.021523299999999246,-0.02152400000000032,-3.500000005374204e-07,6.069506,-0.7846199,0.05,6.0264587,-0.94523734,0.86846304,0.8340741632961634,0.8351842790160056,1.0013309556496213,101.1027890803311,True,True,1.0,4595607,6.0479827,-0.81724674,-0.55564874,-0.15284725,False,1,True,False,0.05,0.86846304
285,3,5,6.1151423,6.1151423000000005,0.026297399999999804,-0.013148699999999458,0.013148700000000346,8.881784197001252e-16,6.1019936,5.304763,0.8145202,6.128291,5.054763,0.96210116,0.29031041964511295,0.29149904459754505,1.0040943241165272,149.4456335335919,True,True,1.0,4732521,6.1151423,-0.7610867,-0.38726762,-0.5203564,False,1,True,False,0.005478310728722025,0.289370107146971
286,3,5,6.1139107,6.1139105,0.09278899999999979,0.04639430000000022,-0.04639469999999957,-1.9999999967268423e-07,6.160305,4.0399184,3.25,6.067516,1.6047627,4.008166,2.550450737967407,2.552138077244155,1.0006615847354468,162.70644617111884,True,True,1.0,4754383,6.1139107,-0.82457113,-0.13884847,-0.5484556,False,0,False,False,1.3937897092556184,3.2580503231413123
287,3,5,6.002084,6.00208385,0.046055700000000144,-0.02302800000000005,0.023027700000000095,-1.4999999997655777e-07,5.979056,-2.4452374,3.190252,6.0251117,-3.906415,4.9,2.2490616270448798,2.249533135952492,1.0002096469487285,130.5177222814719,True,True,1.0,4765651,6.002084,-0.5813578,-0.62576133,-0.52004415,False,0,False,False,2.9611291450640143,0.8867750670793156
288,3,5,6.026767,6.02676705,0.007464900000000441,0.0037324999999999164,-0.003732400000000524,4.999999969612645e-08,6.0304995,-2.0105085,7.15,6.0230346,-2.1633766,7.45,0.3367026224988601,0.3367853629978891,1.0002457376138472,117.00158672821533,True,True,1.0,4773569,6.026767,-0.6429654,-0.6757996,-0.3604032,False,1,False,True,0.38454391570874596,0.04790326848647388
289,4,1,9.022736,9.0227355,0.05338700000000074,0.026692999999999856,-0.026694000000000884,-5.000000005139782e-07,9.049429,-0.9572529,7.85,8.996042,-1.1656814,6.6,1.2672578425925207,1.268381887043981,1.0008869895404717,80.53343362079964,True,True,1.0,13209,9.022736,0.023705825,0.98592407,-0.16550454,False,1,True,False,0.024478305442866794,1.1788685968820753
290,4,1,8.977018,8.977018999999999,0.0368580000000005,0.01843000000000039,-0.01842800000000011,9.999999992515995e-07,8.995448,-4.014396,3.95,8.95859,-3.7986193,1.5,2.4594836011372165,2.4597597639661664,1.000112284883226,95.03317411317285,True,True,1.0,135020,8.977018,-0.23500153,0.9679526,0.08855542,False,0,False,False,1.220088516789391,1.5
291,4,1,9.014392,9.0143925,0.040013000000000076,-0.020006000000000412,0.020006999999999664,4.999999987376214e-07,8.994386,-5.153798,4.35,9.034399,-5.181,3.9,0.4508214156448202,0.45259362453861385,1.003931066343108,86.54074314603714,True,True,1.0,163519,9.014392,-0.36512542,0.92667496,-0.08920148,False,1,True,False,0.014771147486038095,0.13731882854951966
292,4,1,8.960117,8.960117499999999,0.02055499999999988,0.010277999999999565,-0.010277000000000314,4.999999987376214e-07,8.970395,-4.3952374,1.8521657,8.94984,-4.436323,1.45,0.4042589229489561,0.40478115668698067,1.0012918298357276,84.16685005732381,True,True,1.0,220931,8.960117,-0.26008376,0.9618511,-0.084846,False,0,False,False,1.1056362686625079,1.0130014916749146
293,4,1,8.976361,8.976361,0.03972399999999965,-0.019861999999999824,0.019861999999999824,0.0,8.956499,3.523485,1.4,8.996223,2.7497163,0.2,1.4278368257961729,1.4283893017226397,1.0003869321175118,57.18578373742372,True,True,1.0,261068,8.976361,-0.12817131,0.831445,-0.54062134,False,0,False,False,1.4,0.2
294,4,1,8.926865,8.926865,0.08592800000000089,0.042964000000001334,-0.04296399999999956,0.0,8.969829,4.741657,5.2,8.883901,4.579798,1.65,3.5536879907894283,3.554726706381941,1.0002922922876754,87.38945933380056,True,True,1.0,297988,8.926865,-0.30060092,0.95306224,-0.036214486,False,1,True,False,0.0229650937909089,0.8965324960285891
295,4,1,9.020042,9.020042,0.00018400000000085015,-9.200000000042508e-05,9.200000000042508e-05,0.0,9.01995,2.9047627,7.118626,9.020134,2.7011385,6.5,0.6512763950133921,0.6512764210054284,1.0000000399093787,71.78075135850034,True,True,1.0,304050,9.020042,-0.24040547,0.9221968,-0.3029163,False,1,True,False,0.009880488890295901,0.6291267541490014
296,4,1,9.009007,9.0090075,0.10868900000000004,0.054344999999999644,-0.05434400000000039,4.999999987376214e-07,9.063352,-0.5157178,7.9,8.954663,-0.04136371,6.7,1.2903533635015365,1.294922816781266,1.0035412418093985,111.56864317461678,True,True,1.0,385756,9.009007,-0.43181834,0.82475716,0.36511448,False,1,True,False,0.014549969937570044,1.2524790334951355
297,4,1,8.997858,8.997858,0.07926999999999929,0.039634999999998755,-0.03963500000000053,0.0,9.037493,-2.5931642,2.2,8.958223,-2.8490674,0.05,2.1651758468471427,2.1666264515763305,1.0006699708623206,83.21231774689366,True,True,1.0,531454,8.997858,-0.60740906,0.7910734,-0.072505765,False,1,False,True,2.2,0.05
298,4,1,8.998369,8.99836925,0.0763455000000004,-0.03817249999999994,0.03817300000000046,2.499999993688107e-07,8.9601965,-3.4452374,4.819527,9.036542,-1.9811226,2.65,2.6173420776253224,2.6184553054574544,1.0004253276030093,124.01361778913461,True,True,1.0,551616,8.998369,-0.7088905,0.5960125,0.3771517,False,0,False,False,1.317312488608373,2.65
299,4,1,9.010436,9.010435999999999,0.0013079999999998648,0.0006539999999990442,-0.0006540000000008206,-1.7763568394002505e-15,9.01109,2.099936,7.5,9.009782,2.1146166,7.3,0.20053807622583816,0.20054234186415615,1.0000212709645881,94.19815302303412,True,True,1.0,687769,9.010436,-0.050107133,0.99601084,0.07383526,False,1,True,False,0.03063944741775402,0.20413453947030935
300,4,2,8.916291,8.9162915,0.05883700000000047,-0.029417999999999722,0.02941900000000075,5.000000005139782e-07,8.886873,-0.7952373,0.04918585,8.94571,-0.24523732,1.2611268,1.3309022669929234,1.3322021756685067,1.000976712346069,65.59062277319019,True,True,1.0,798577,8.916291,0.9684188,-0.2407627,0.064795464,False,1,True,False,0.04918585,1.2611268
301,4,2,9.025735,9.025734499999999,0.04695899999999931,-0.02347999999999928,0.023479000000000028,-5.000000005139782e-07,9.002255,-0.09211018,7.35,9.049214,0.056548316,7.95,0.6181418513844397,0.6199229759526441,1.002881417209036,76.084388470716,True,True,1.0,812607,9.025735,0.8565889,-0.5117978,0.06571493,False,1,False,True,0.6005520717066355,0.006213891831797978
302,4,2,8.906469,8.906469000000001,0.005191999999999197,0.002596000000000487,-0.0025959999999987105,1.7763568394002505e-15,8.909065,1.2608567,3.35,8.903873,0.6527855,4.15,1.0048634654864512,1.0048768785943083,1.0000133481893987,127.23806617335065,True,True,1.0,867397,8.906469,0.86613977,-0.39951625,-0.30031437,False,0,False,False,3.35,3.676269585553128
303,4,2,8.926875,8.9268745,0.022235000000000227,0.011116999999998711,-0.011118000000001516,-5.000000005139782e-07,8.937992,3.3047626,2.33663,8.915757,-0.29523733,5.533924,4.8148404354075955,4.814891775903276,1.0000106629692862,138.39052739202057,True,True,1.0,1083443,8.926875,0.9486728,-0.21312489,-0.23366158,False,0,False,False,2.2280000014167145,2.3908689696052594
304,4,2,9.004799,9.004799,0.012585999999998876,-0.006292999999999438,0.006292999999999438,0.0,8.998506,-3.4452374,3.6326983,9.011092,-1.9359912,5.8,2.6410264578450042,2.641056447415187,1.000011355270635,55.14776312163201,True,True,1.0,1111309,9.004799,0.8492079,-0.43575433,0.29826865,False,0,False,False,1.8677944361252685,1.6314756712454856
305,4,2,8.993735,8.993736,0.0030220000000014124,-0.0015099999999996783,0.0015120000000017342,1.0000000010279564e-06,8.992225,1.4275957,6.2,8.995247,1.09912,7.8,1.6333696108016973,1.6333724063955803,1.000001711550077,101.60147300603909,True,True,1.0,1295092,8.993735,0.90200126,-0.42282444,-0.0872537,False,1,False,True,1.4937454567863853,0.04057784125134865
306,4,2,9.041188,9.041187749999999,0.008637500000000742,-0.004319000000000628,0.004318500000000114,-2.500000011451675e-07,9.036869,-1.1452373,7.6862917,9.0455065,-1.0635355,7.85,0.1829633613927387,0.18316713138109664,1.0011137201831384,63.47762111727423,True,True,1.0,1319777,9.041188,0.97738314,-0.20778035,0.03936435,False,1,False,True,0.13777228103226494,0.001940263499236703
307,4,2,9.038355,9.0383545,0.039861000000000146,-0.0199309999999997,0.019930000000000447,-4.999999987376214e-07,9.018424,-0.56783754,7.3,9.058285,-0.11159529,7.95,0.7941391507066397,0.7951389123958549,1.0012589250741832,54.93455512939364,True,True,1.0,1380767,9.038355,0.8931414,-0.39164096,0.2211691,False,1,False,True,0.6073930933034076,0.0012435480039156537
308,4,2,8.978142,8.9781425,0.1411490000000004,0.07057499999999983,-0.07057400000000058,5.000000005139782e-07,9.048717,-5.3959436,2.75,8.907568,-4.8682733,0.05,2.7510790511183227,2.7546976214646666,1.0013153276511166,101.05813185084826,True,True,1.0,1466940,8.978142,0.9299433,0.3669841,0.022980934,False,1,False,True,0.11981333919533657,0.05
309,4,2,8.969417,8.9694165,0.06735300000000066,0.03367599999999982,-0.033677000000000845,-5.000000005139782e-07,9.003093,3.199045,0.6,8.93574,3.3867428,2.15,1.5613233054447242,1.5627753807677671,1.0009300285968827,83.09536632133137,True,True,1.0,1547062,8.969417,0.9250354,-0.36975408,0.08712865,False,0,False,False,0.6,2.144130607025216
310,4,2,9.038571,9.03857125,0.0030005000000006277,0.0015005000000005708,-0.0015000000000000568,2.500000011451675e-07,9.0400715,3.6047628,0.0521136,9.037071,3.6033692,0.05,0.002531684403712338,0.003925866295482318,1.5506933999062522,56.6011793267153,True,True,1.0,1668504,9.038571,0.99538666,0.08090959,-0.05156531,True,1,False,True,0.0521136,0.05
311,4,2,8.956684,8.956684,0.023062000000001248,-0.011530999999999736,0.011531000000001512,0.0,8.945153,-1.489753,0.05,8.968215,-1.57899,0.3,0.2654491329219215,0.26644905331601393,1.003766900208284,109.64392190667444,True,True,1.0,1740059,8.956684,0.69916755,-0.65123504,-0.2950554,False,1,True,False,0.05,0.3
312,4,2,8.96657,8.9665705,0.042434999999999334,-0.02121700000000004,0.021217999999999293,4.999999987376214e-07,8.945353,-5.301959,0.9,8.987788,-2.1581652,7.5,7.310501997600332,7.31062515699878,1.0000168469139998,64.53002702595717,True,True,1.0,1918946,8.96657,0.8057811,-0.5367616,0.25020748,False,2,True,True,0.03523776100343644,0.005202770702723388
313,4,2,8.98165,8.9816505,0.04114500000000021,-0.02057199999999959,0.02057300000000062,5.000000005139782e-07,8.961078,-3.6952374,6.5179286,9.002223,-2.5452373,6.7346306,1.1702392861308364,1.1709623810477472,1.000617903471094,10.671481934318667,True,True,1.0,1956217,8.98165,0.9956118,-0.049537994,0.079392344,False,1,True,False,0.014900641479584925,0.5245961664723738
314,4,2,9.025015,9.025015499999999,0.07677900000000015,-0.03838900000000045,0.0383899999999997,4.999999987376214e-07,8.986626,-1.2819744,6.0,9.063405,-0.5931779,7.9,2.02099990559432,2.022457819894707,1.000721382666249,70.07317997459558,True,True,1.0,2089558,9.025015,0.8742331,-0.46678168,0.13353385,False,1,False,True,1.72577217676152,0.0075558828521990595
315,4,2,9.012339,9.012339,0.03712599999999888,-0.01856300000000033,0.018562999999998553,0.0,8.993776,3.3547628,5.284162,9.030902,2.0047626,6.1015244,1.5781577338573607,1.5785943661402695,1.0002766721434375,148.80704259942382,True,True,1.0,2426983,9.012339,0.9140291,-0.1916552,-0.3575179,False,0,False,False,1.109708284278522,1.330200325529684
316,4,3,9.021846,9.0218455,0.09499100000000027,0.04749499999999962,-0.04749600000000065,-5.000000005139782e-07,9.069341,5.033428,0.05,8.97435,4.423916,5.7,5.682781438533775,5.683575298016646,1.000139695585948,96.1571558915383,True,True,1.0,2573061,9.021846,-0.6834909,-0.7244517,-0.08949826,False,2,True,True,0.020436422062352404,0.016908343349616953
317,4,3,9.003789,9.003789,0.11923200000000023,-0.05961600000000011,0.05961600000000011,0.0,8.944173,1.2047627,0.009607677,9.063405,-0.5519927,7.9,8.083593294215543,8.08447257501134,1.0001087735074976,102.55188219001566,True,True,1.0,2673183,9.003789,-0.49852937,-0.847721,-0.18121165,False,2,True,True,0.009607677,0.01127460869206232
318,4,3,8.994869,8.994868499999999,0.020508999999998778,0.010253999999999763,-0.010254999999999015,-5.000000005139782e-07,9.005123,-1.02707,2.15,8.984614,-1.1102527,3.05,0.903835915185544,0.9040685707734175,1.0002574090982275,95.28057296014725,True,True,1.0,2675350,8.994869,-0.41589773,-0.90448564,-0.09452385,False,0,False,False,2.15,3.05
319,4,3,9.049039,9.049039,0.025147999999999726,-0.012574000000000751,0.012573999999998975,0.0,9.036465,-5.2589936,2.55,9.061613,-5.3794756,3.35,0.8090215771683722,0.8094123388162553,1.0004830052237306,98.56452370508185,True,True,1.0,2902593,9.049039,-0.33147678,-0.93443644,-0.13019885,False,0,False,False,0.2659434002230348,0.06523069154401683
320,4,3,8.915021,8.915021,0.022678000000000864,-0.011338999999999544,0.01133900000000132,0.0,8.903682,0.96070844,3.75,8.92636,0.14356618,6.2,2.5826771910321873,2.582776754727731,1.0000385505768548,108.44495825692715,True,True,1.0,2962916,8.915021,-0.4496415,-0.848537,-0.27893975,False,0,False,False,3.75,1.7412085218600384
321,4,3,9.001935,9.001935,0.006007999999999569,-0.0030039999999988964,0.003004000000000673,0.0,8.998931,-2.4688401,0.5,9.004939,-3.3214974,2.55,2.220253244844671,2.2202613736466454,1.000003661204862,112.58391048593738,True,True,1.0,3037062,9.001935,-0.8370232,-0.5060501,-0.20809954,False,0,False,False,0.5,2.2013306335951066
322,4,3,8.992562,8.99256175,0.0638664999999996,-0.03193349999999917,0.03193300000000043,-2.499999993688107e-07,8.9606285,4.1547627,1.0915161,9.024495,2.047559,4.9,4.352569017241761,4.353037557806635,1.0001076469007195,118.95540477064286,True,True,1.0,3268815,8.992562,0.2936939,-0.8341445,-0.46684778,False,0,False,False,1.0915161,2.3058097597357756
323,4,3,8.95016,8.95016025,0.05436749999999968,-0.027183499999999583,0.027184000000000097,2.499999993688107e-07,8.9229765,-3.4278634,0.05,8.977344,-4.4329295,1.95,2.1494552485151233,2.1501427139670195,1.000319832409803,117.87804157258988,True,True,1.0,3396781,8.95016,-0.6882742,-0.6490372,-0.32408234,False,1,True,False,0.05,1.080883114854466
324,4,3,9.024872,9.0248715,0.04720100000000116,0.023600000000000065,-0.023601000000001093,-5.000000005139782e-07,9.048472,-2.3452373,2.0822692,9.001271,-1.6430783,3.6,1.672284079500143,1.6729500820259524,1.0003982592036686,65.17297476197089,True,True,1.0,3410561,9.024872,-0.14611207,-0.89955246,0.41165105,False,0,False,False,2.0822692,3.4929472769805137
325,4,3,8.901151,8.9011505,0.05479100000000159,-0.027396000000001308,0.02739500000000028,-5.000000005139782e-07,8.873755,4.1331205,2.45,8.928546,5.054763,4.57034,2.3119832640843767,2.312632410714519,1.000280774796352,66.50699006628966,True,True,1.0,3490873,8.901151,-0.4976806,-0.7904737,0.3570229,False,1,False,True,1.3952555518057588,0.020479770341773732
326,4,3,8.943335,8.943334,0.10008200000000045,-0.050041999999999476,0.05004000000000097,-9.999999992515995e-07,8.893293,0.45108855,0.05,8.993375,1.4026942,7.75,7.758579336006814,7.759224814363606,1.0000831954316425,82.95481531842255,True,True,1.0,3547316,8.943335,-0.399124,-0.90934086,0.117470264,False,2,True,True,0.05,0.007411930167381847
327,4,3,8.979998,8.9799975,0.008331000000000088,0.004165000000000418,-0.00416599999999967,-5.000000005139782e-07,8.984163,3.7727199,5.35,8.975832,3.9297535,6.05,0.7173977638165318,0.7174461353230361,1.0000674263413467,77.35595754546729,True,True,1.0,3565370,8.979998,-0.01188366,-0.97571075,0.21874033,False,0,False,False,0.7536485389415977,0.16580470442645268
328,4,3,8.991745,8.991745,0.02149999999999963,-0.010749999999999815,0.010749999999999815,0.0,8.980995,-2.6702063,0.3,9.002495,-1.7252975,4.2,4.012835984726692,4.0128935807366535,1.000014352943948,76.38057801248391,True,True,1.0,3617869,8.991745,0.03813823,-0.9712178,0.23512009,False,0,False,False,0.3,3.038689808970625
329,4,3,9.010488,9.010487000000001,0.0015060000000008955,-0.0007540000000005875,0.000752000000000308,-9.999999992515995e-07,9.009734,-1.8586127,5.1,9.01124,-1.9221066,5.95,0.8523681571581677,0.8523694875892796,1.0000015608643995,94.27198662280654,True,True,1.0,3720968,9.010488,-0.74784017,-0.66217357,-0.047552615,False,0,False,False,2.2563087320740642,1.5026098876484335
330,4,3,9.014852,9.014851,0.001580000000000581,0.0007890000000010389,-0.0007909999999995421,-9.999999992515995e-07,9.015641,3.1547627,0.046318106,9.014061,3.2743816,0.3,0.2804695787079896,0.2804740290662171,1.000015867525626,64.75466510974701,True,True,1.0,3723109,9.014852,-0.41992727,-0.8209219,0.38697332,False,1,True,False,0.046318106,0.3
331,4,3,9.014709,9.014709499999999,0.001514999999999489,-0.0007570000000001187,0.0007579999999993703,4.999999987376214e-07,9.013952,2.9382515,5.3,9.015467,2.827409,6.8,1.5040897778411535,1.5040905408356406,1.0000005072798834,94.22619046599833,True,True,1.0,3756072,9.014709,-0.41755635,-0.90623456,-0.0662237,False,0,False,False,1.4015776923489724,0.31254576085113694
332,4,3,8.947173,8.947173,0.005789999999999296,-0.0028949999999987597,0.002895000000000536,0.0,8.944278,3.5235045,1.6,8.950068,4.2071424,4.25,2.7367610013145853,2.7367671260844264,1.0000022379629927,75.5344305287023,True,True,1.0,3777444,8.947173,-0.6849733,-0.7050278,0.18370466,False,0,False,False,1.6,0.9259785333744871
333,4,3,8.939921,8.93992075,0.058503500000000486,0.029251500000000874,-0.02925199999999961,-2.499999993688107e-07,8.9691725,-4.0452375,4.3788314,8.910669,-4.5656238,5.2,0.9721727062891914,0.9739314300123497,1.0018090651092968,122.36302049555981,True,True,1.0,3803364,8.939921,-0.2357501,-0.8134557,-0.5317064,False,0,False,False,1.0251559840100954,0.17056378578357598
334,4,3,9.025503,9.0255035,0.1068510000000007,0.053425999999999974,-0.05342500000000072,4.999999987376214e-07,9.078929,4.5788856,0.05,8.972078,4.729717,0.8,0.7650164123899305,0.7724423910085206,1.0097069533389371,78.62900914102285,True,True,1.0,3814986,9.025503,-0.8778428,-0.47798592,-0.030356951,False,1,True,False,0.05,0.5462564600293438
335,4,3,9.0077,9.007700499999999,0.006783000000000428,0.0033919999999998396,-0.003391000000000588,4.999999987376214e-07,9.011092,-1.9047219,5.8,9.004309,-1.5814441,6.3,0.5954061941001623,0.5954448295701626,1.0000648892644772,57.11508519767375,True,True,1.0,3851944,9.0077,-0.6699671,-0.62739366,0.39688954,False,0,False,False,1.6451352625708924,1.3365847013734744
336,4,4,8.87663,8.876629999999999,0.009819999999999496,0.00490999999999886,-0.004910000000000636,-1.7763568394002505e-15,8.88154,5.5047626,2.1524513,8.87172,5.2323017,2.0,0.31221201274214333,0.3123664087261949,1.0004945228810882,29.228522672629538,True,True,1.0,3877443,8.87663,0.3916162,0.4393093,-0.8084826,False,1,True,False,0.03898584002807747,0.2946450739814225
337,4,4,8.931275,8.931276,0.011390000000000455,0.0056960000000003674,-0.005694000000000088,1.0000000010279564e-06,8.936971,5.0047626,4.6690483,8.925581,-1.2952373,0.034067504,7.821319947380289,7.821328240867327,1.0000010603692335,36.342335640198456,True,True,1.0,3878550,8.931275,0.28064314,0.56850064,-0.7733346,False,2,True,True,0.02822955553486649,0.034067504
338,4,4,8.9932575,8.9932575,0.0345329999999997,-0.01726649999999985,0.01726649999999985,0.0,8.975991,4.2047625,5.040338,9.010524,-4.0452375,3.6869454,8.360273412379213,8.36034473319275,1.0000085309187894,9.316254060251822,True,True,1.0,3912446,8.9932575,0.5335413,0.13895349,-0.8342815,False,0,False,False,0.5601426971639318,1.2920885244307496
339,4,4,8.984721,8.984721,0.032695999999999614,-0.016348000000000695,0.01634799999999892,0.0,8.968373,4.7547626,5.201959,9.001069,2.5547626,4.5738077,2.2879191540986956,2.2881527667766615,1.0001021070510938,15.93527954075185,True,True,1.0,3918569,8.984721,0.21547037,0.2710503,-0.9381387,False,1,True,False,0.010908880973705291,2.1790577215354165
340,4,4,8.963876,8.96387575,0.023950499999999764,-0.011975500000000139,0.011974999999999625,-2.500000011451675e-07,8.9519005,4.9047627,4.851262,8.975851,2.5547626,3.9359608,2.521958912575986,2.5220726363789963,1.000045093440041,21.280408947168894,True,True,1.0,3930309,8.963876,-0.32522297,0.34024343,-0.88230634,False,1,True,False,0.04963143049932165,2.5454459549047472
341,4,4,8.927456,8.927455,0.037487999999999744,0.01874300000000062,-0.018744999999999123,-9.999999992515995e-07,8.946199,-0.24523732,2.1688833,8.908711,-5.0452375,0.02950294,5.255183160723683,5.2553168698849895,1.000025443292311,24.02273489387511,True,True,1.0,3931480,8.927456,-0.059814893,0.40674034,-0.9115835,False,1,False,True,2.1688833,0.002737841565717509
342,4,4,8.993252,8.993252,0.0591620000000006,0.0295810000000003,-0.0295810000000003,0.0,9.022833,2.7047627,7.233422,8.963671,-0.7952373,6.271156,3.6298699501161193,3.6303520486310967,1.0001328142665171,15.372689879771542,True,True,1.0,3933064,8.993252,-0.016284097,0.26531777,-0.96402353,False,1,True,False,0.006226424951701394,1.5949436656691511
343,4,4,8.983079,8.983079,0.0359000000000016,0.0179500000000008,-0.0179500000000008,0.0,9.001029,0.9047627,7.8684244,8.965129,-5.0452375,4.6139975,6.7818726637591515,6.781967681834208,1.0000140105955637,28.677004922540817,True,True,1.0,3934136,8.983079,0.17523141,0.47157723,-0.8642389,False,2,True,True,0.010868649848718336,0.012306102849276955
344,4,4,9.019324,9.0193245,0.042902999999999025,-0.021450999999999,0.021452000000000027,5.000000005139782e-07,8.997873,1.6547626,7.6603065,9.040776,-5.445237,2.6446393,8.69292308611758,8.69302895707618,1.0000121789825531,35.238608261525854,True,True,1.0,3938383,9.019324,-0.40469712,0.5259121,-0.7480887,False,1,True,False,0.026288361764666826,0.07548821410434552
345,4,4,8.935022,8.935023,0.07700200000000024,0.03850199999999937,-0.03850000000000087,9.999999992515995e-07,8.973524,4.2547626,5.8666945,8.896522,-4.1452374,0.011655182,10.239213124812174,10.239502659960097,1.0000282770896938,34.87759553305497,True,True,1.0,3942815,8.935022,-0.049945775,0.5714164,-0.819139,False,1,False,True,0.055458602296281787,0.011655182
346,4,4,8.960653,8.9606535,0.028544999999999376,0.014272999999999314,-0.014272000000000062,4.999999987376214e-07,8.974926,4.4047627,5.657146,8.946381,1.8047627,3.638386,3.291715652604277,3.2918394181103365,1.0000375990878683,37.82741441880319,True,True,1.0,3949402,8.960653,0.086918645,0.61045116,-0.7872703,False,0,False,False,0.05632096620610854,3.336461314890413
347,4,4,8.894082,8.894081499999999,0.005843000000000487,-0.002921999999999869,0.0029210000000006175,-5.000000005139782e-07,8.89116,5.2547626,4.100368,8.897003,5.1547627,4.086653,0.10093602540723523,0.10110500419865498,1.001674117746741,7.809401873272492,True,True,1.0,3958105,8.894082,0.075159,0.14090124,-0.98716664,False,1,True,False,0.01865811690435107,0.11613714577088219
348,4,4,8.919675,8.9196755,0.0904670000000003,0.04523400000000066,-0.045232999999999635,5.000000005139782e-07,8.964909,1.933031,3.9,8.874442,-0.026759975,0.05,4.320101927697014,4.321049055933114,1.0002192374744743,63.02223977731725,True,True,1.0,3964077,8.919675,0.0145775685,0.89094853,-0.45387024,False,1,False,True,3.0863464405912633,0.05
349,4,4,8.933709,8.933709,0.10660200000000053,-0.05330100000000115,0.05330099999999938,0.0,8.880408,5.5047626,2.68343,8.98701,2.3547628,0.029723397,4.118817485007783,4.120196774573982,1.0003348751361816,40.112348107241615,True,True,1.0,3973543,8.933709,0.2034173,0.6348491,-0.7453778,False,2,True,True,0.01421799012488699,0.029723397
350,4,4,8.944277,8.9442775,0.0021510000000013463,-0.0010750000000001592,0.0010760000000011871,5.000000005139782e-07,8.943202,-4.945237,1.0588914,8.945353,-5.3452373,0.93925184,0.4175091188430306,0.41751465976428165,1.0000132713777998,16.651854433960892,True,True,1.0,3980593,8.944277,0.44473234,0.26084653,-0.8568385,False,1,False,True,0.423931981691772,0.006636235500555176
351,4,4,8.967356,8.9673555,0.010426999999999964,0.005212999999999468,-0.005214000000000496,-5.000000005139782e-07,8.972569,4.1547627,6.012167,8.962142,0.9047627,5.244488,3.3394357378217356,3.3394520163299246,1.0000048746283705,13.290174652946746,True,True,1.0,3982313,8.967356,-0.09202796,0.22917593,-0.9690249,False,1,True,False,0.028236874193619706,2.5547283949419506
352,4,4,8.943753,8.9437535,0.06303499999999929,0.03151800000000016,-0.03151699999999913,5.000000005139782e-07,8.975271,3.9047627,6.305681,8.912236,-4.7452374,5.228402,8.71682463824075,8.717052551468646,1.0000261463591795,7.099116400378591,True,True,1.0,3992991,8.943753,-0.3026298,0.12003308,-0.94551957,False,2,True,True,0.008372371106851422,0.004485460295914928
353,4,4,8.924773,8.9247735,0.09673100000000012,0.04836599999999969,-0.048365000000000435,5.000000005139782e-07,8.973139,4.31908,5.85,8.876408,-0.5952373,0.019999545,7.624920972074365,7.625534520067461,1.0000804661445466,49.871254734489696,True,True,1.0,4000087,8.924773,0.03907703,0.76369965,-0.6443879,False,2,True,True,0.020174151120642532,0.019999545
354,4,4,8.983277,8.9832775,0.044026999999999816,-0.022012999999999394,0.022014000000000422,5.000000005139782e-07,8.961264,4.8547626,5.065664,9.005291,-5.4952374,2.0771618,10.772819751550884,10.772909717255308,1.0000083511751332,16.105765064705366,True,True,1.0,4002460,8.983277,0.38612148,0.25744408,-0.885795,False,2,True,True,0.0013352985263224363,0.04386385422527311
355,4,4,9.033299,9.0333,0.03555000000000064,0.017776000000001346,-0.01777399999999929,1.0000000010279564e-06,9.051075,-0.9095356,7.85,9.015525,-2.7115252,3.05,5.127101180833879,5.12722442662774,1.0000240381044794,69.42313648902376,True,True,1.0,4007496,9.033299,0.3179518,0.88674986,-0.3355314,False,1,True,False,0.028786832693395586,2.73354869289502
356,4,4,8.965416,8.965415499999999,0.13288499999999992,0.06644200000000033,-0.06644299999999959,-5.000000005139782e-07,9.031858,0.31576785,7.9,8.898973,-4.1169806,0.05,9.015085070090986,9.016064398849556,1.0001086322259807,60.54739384325033,True,True,1.0,4018219,8.965416,0.43005288,0.7830122,-0.44938445,False,2,True,True,0.03260400502163747,0.05
357,4,4,8.976508,8.976507999999999,0.030859999999998777,0.0154299999999985,-0.015430000000000277,-1.7763568394002505e-15,8.991938,3.5047626,6.6565657,8.961078,-3.6952374,6.532871,7.201062447917535,7.2011285725508385,1.0000091826218396,0.9842343235778515,True,True,1.0,4068000,8.976508,-0.14042372,0.017586663,-0.9899353,False,2,True,True,0.02754701321218327,0.004638463486152105
358,4,4,8.92558,8.92558,0.0007899999999985141,0.00039499999999925706,-0.00039499999999925706,0.0,8.925975,5.067886,4.5,8.925185,4.9547625,4.389,0.15848635983027004,0.15848832875719848,1.0000124233210388,44.45715666895808,True,True,1.0,4075733,8.92558,-0.016933672,0.7001151,-0.71382916,False,1,True,False,0.035698755408628303,0.18304646250720497
359,4,4,9.016652,9.0166525,0.08507299999999951,-0.04253600000000013,0.04253699999999938,4.999999987376214e-07,8.974116,3.9547627,6.2197366,9.059189,-5.3958516,3.55,9.72427279032957,9.72464491465231,1.0000382675733974,15.93481596847002,True,True,1.0,4078059,9.016652,0.53043395,0.23709075,-0.81389666,False,2,True,True,0.0310543243547007,0.005082729421151057
360,4,4,8.879642,8.879642,0.0016180000000005634,-0.0008090000000002817,0.0008090000000002817,0.0,8.878833,5.4547625,1.737772,8.880451,4.554763,1.7286234,0.9000459970924873,0.900047451419207,1.0000016158359954,0.5823982294081702,True,True,1.0,4078466,8.879642,-0.0037835897,0.010164472,-0.9999412,False,1,True,False,0.04020791778992794,0.9315032228814828
361,4,4,8.914868,8.914868,0.004979999999999762,0.002489999999999881,-0.002489999999999881,0.0,8.917358,-0.42089447,3.3,8.912378,-3.5952373,0.035642266,4.553293732881508,4.553296456227952,1.0000005981047135,45.800959459710384,True,True,1.0,4080215,8.914868,0.099248774,0.71338207,-0.6937116,False,1,False,True,3.3,0.035642266
362,4,4,8.983248,8.983248,0.02025399999999955,0.010127000000000663,-0.010126999999998887,0.0,8.993375,1.3591284,7.75,8.973121,1.2404233,7.25,0.5138977532214068,0.5142967288268612,1.0007763715699345,76.64465209141821,True,True,1.0,4092658,8.983248,-0.22217998,0.9505415,-0.21704118,False,1,True,False,0.01908467891083991,0.5326084505806581
363,4,4,8.9224205,8.922421,0.0022820000000010054,-0.0011404999999999887,0.0011415000000010167,5.000000005139782e-07,8.92128,1.4547627,3.2828124,8.923562,-3.3952372,0.005606302,5.853424539427189,5.853424984254296,1.0000000759943355,34.04739027354128,True,True,1.0,4140642,8.9224205,-0.311821,0.53185946,-0.78733295,False,1,False,True,3.2828124,0.005606302
364,4,5,9.0329895,9.03299,0.09187800000000124,0.04593950000000113,-0.045938500000000104,5.000000005139782e-07,9.078929,4.578159,0.05,8.987051,4.3314166,0.8,0.7895453197617982,0.7948731841254681,1.0067480158900535,108.21068166007235,True,True,1.0,4206539,9.0329895,-0.81200606,-0.51719755,-0.27046776,False,1,True,False,0.05,0.8
365,4,5,8.918719,8.9187195,0.03046499999999952,-0.015231999999999246,0.015233000000000274,5.000000005139782e-07,8.903487,4.1547627,1.614858,8.933952,3.4547627,1.9350009,0.7697346792372098,0.7703373239337493,1.00078292522449,155.42315471856253,True,True,1.0,4408230,8.918719,-0.7557869,-0.29922137,-0.5824541,False,0,False,False,1.3134801522961042,1.9350009
366,4,5,8.991605,8.991604500000001,0.012954999999999828,-0.00647799999999954,0.006477000000000288,-4.999999987376214e-07,8.985127,1.5810605,6.9,8.998082,0.9359484,7.85,1.1483334104546505,1.148406484478126,1.0000636348492609,124.17906802387319,True,True,1.0,4598760,8.991605,-0.39999667,-0.7608965,-0.51091987,False,1,False,True,0.7785433109341182,0.026401947786605498
367,4,5,8.980148,8.9801485,0.0019190000000008922,0.0009600000000009601,-0.0009589999999999321,5.000000005139782e-07,8.981108,2.6872163,2.35,8.979189,2.1025586,4.1,1.8450811977171324,1.8450821956569545,1.0000005408649892,108.47396427817284,True,True,1.0,4835805,8.980148,-0.94092596,-0.32119593,-0.10719839,False,0,False,False,2.35,2.833150904535443
