face_id,trace_id,x_face,y0,z0,y1,z1,length,local_orientation_2d,confidence
1,1,-25.0,-1.0479664719275616,1.4547572210305173,-1.3357942829395417,0.0,1.4829576598582919,-1.7661264355473956,1.0
1,2,-25.0,-3.8039130901386016,4.011950356690437,-3.4252954646427933,0.9523952627696428,3.082892907493344,-1.4476730362340464,1.0
1,3,-25.0,4.75453179209132,0.42341754907453444,4.691916042159527,0.0,0.42802237441961666,-1.7176140456461182,1.0
1,4,-25.0,-4.793691149757139,5.162080650917946,-4.255951830511354,3.45048101805332,1.7940838549759153,-1.2663875352606193,1.0
1,5,-25.0,-1.575693143399287,2.718168108343391,-2.1955436925245553,1.2187066705921707,1.6225286766506943,-1.9627855201210276,1.0
1,6,-25.0,2.308531241502201,3.4339543457644477,0.06846484891241646,0.0,4.099992669750123,-2.148806734462273,1.0
1,7,-25.0,0.21570333942635958,6.232434812370816,-0.517242159078357,3.85967735507196,2.4833821806048424,-1.8703984037888943,1.0
1,8,-25.0,1.7861263048211184,7.651060013798849,0.15703088163551257,0.0,7.822574463218355,-1.7805875058624252,1.0
1,9,-25.0,-1.547778355008642,1.9435585557862614,-1.5589302256205106,0.36985303917844925,1.5737450292915953,-1.5778825852019573,1.0
1,10,-25.0,-2.2589107776741124,7.456859492735459,-1.8970715236325904,5.740423636672638,1.7541606807084222,-1.363029915390679,1.0
1,11,-25.0,-0.6402919733453736,3.4460900837531847,-1.196637907421527,0.924031157457031,2.5826927858483626,-1.7879111980481317,1.0
1,12,-25.0,2.2188308097724367,5.929955238423598,1.8620393163122706,4.343870258735694,1.625720065877614,-1.7920641844750647,1.0
1,13,-25.0,-3.522353507745692,4.553646479684921,-3.6059758064934004,4.093623289233528,0.46756178693401534,-1.7506113579714544,1.0
1,14,-25.0,-0.6523104839855839,0.9787432904442437,-0.6182088601234907,0.0,0.9793371989971875,-1.535968160264365,1.0
1,15,-25.0,0.791067487301914,7.889645588601285,0.8653634514674589,7.590201302628857,0.3085235334505705,-1.3275946267346668,1.0
1,16,-25.0,1.8046631241689988,2.3656054857740294,0.6334715020893493,3.4097916864718263,1.5690808256292155,2.413460819430001,1.0
1,17,-25.0,4.986634789440086,4.784773682064131,4.034740638448909,4.031488286076527,1.213895120057501,-2.4721458438646526,1.0
1,18,-25.0,2.0226138559501883,0.6421148088989531,0.5791700906386147,1.6380850697138034,1.7537065501515507,2.5376124619104825,1.0
1,19,-25.0,2.9039962340891186,1.0261207778099082,2.8883232042314044,2.5433009541229548,1.5172611282380526,1.5811263275518452,1.0
1,20,-25.0,3.137532445069974,4.033597585239114,2.954438240414165,7.09443882652552,3.0663125398657995,1.6305433942980294,1.0
1,21,-25.0,-2.718397005806991,1.1158898202370298,-1.758083624347381,3.437093140445463,2.512008488114052,1.1785240652701472,1.0
1,22,-25.0,2.3554609319449473,2.567342935293624,2.4551036552557437,4.099859338026466,1.535752322789714,1.5058686915118777,1.0
1,23,-25.0,3.7095343831852166,0.3473961708379252,3.9712568697780934,0.7233398720979034,0.4580745861815632,0.9626423065237286,1.0
1,24,-25.0,-2.66555119557067,0.6244712817328011,-2.2191031785886888,2.369026606880344,1.8007745873284065,1.320263703348319,1.0
1,25,-25.0,-2.9745852293998514,6.790903258804791,-2.9049252087694377,7.1307607617035975,0.3469231049538815,1.368628134640425,1.0
1,26,-25.0,-2.2143397846971187,6.495484541425748,-2.7094901523443884,7.2380480259444555,0.8925101764808013,2.158899655883423,1.0
1,27,-25.0,4.979725877780954,0.0,5.517378555568121,1.90737736652683,1.981706037804431,1.296044596124848,1.0
1,28,-25.0,-4.011104858752493,0.5143650282699805,-4.279652341519039,2.850142643057268,2.351164565963352,1.685265067742795,1.0
1,29,-25.0,-2.2200918600766317,0.0,-3.9248553830795307,6.296606426838007,6.52330216714349,1.835200755812175,1.0
1,30,-25.0,-1.497387608919977,0.7684918262941216,-2.76592835494502,4.063015261580961,3.5303088094357937,1.9383446156915562,1.0
1,31,-25.0,-4.8219493402762765,0.8798098640890544,-2.9167081741242606,7.122116974611458,6.5265873136945665,1.274562696211472,1.0
1,32,-25.0,-1.6648003097445283,0.0,-1.4751303572208896,1.674879221886796,1.68558449767386,1.4580327650988927,1.0
1,33,-25.0,0.5735424559006657,2.4851762928843213,-0.12640044365146463,4.14987694068003,1.8058649754078777,1.9688167401250631,1.0
1,34,-25.0,-4.135084641923782,5.83502285950647,-4.1556401593604235,6.0523530613260075,0.21830012808060606,1.6650977600415307,1.0
1,35,-25.0,-3.392488874453539,0.0,-4.870567625895515,4.404191279310142,4.645601965323308,1.894592054674673,1.0
1,36,-25.0,-1.1909233067540603,0.0,-1.426070230319335,1.235919481694947,1.2580902355933454,1.758809891839924,1.0
1,37,-25.0,0.5529154096255124,0.9613579724684631,-0.5828568455190672,4.394703374566902,3.6163295294630844,1.8902708207096102,1.0
1,38,-25.0,0.03455607640265135,4.654409120616089,0.4925795623702338,6.501412827978486,1.902947242754863,1.3277179533359889,1.0
1,39,-25.0,-3.3533360070813716,4.1471370194929005,-5.500430377873175,3.0810125001544226,2.397214159773914,-2.6807145271616424,1.0
1,40,-25.0,-3.658786649634725,1.774174633532238,-5.219265362601341,0.5414733144346529,1.9886292655311275,-2.4730094150464828,1.0
1,41,-25.0,4.458027204275918,5.6785430266975405,-2.6514513354161835,4.519210949276944,7.203383647431178,-2.979946914261223,1.0
1,42,-25.0,-0.9955956223253203,5.487363533018155,-2.325357613253147,5.022035335035789,1.4088283374328658,-2.804977124870163,1.0
1,43,-25.0,-1.1540058533524924,6.559952415605736,-3.837354784549021,6.389213556388783,2.6887754172857683,-3.078049297519002,1.0
1,44,-25.0,-4.975947067755693,1.9566146695793925,-5.453542555227211,1.4167869074380088,0.720771435638047,-2.295104046664614,1.0
1,45,-25.0,0.8191293468785799,1.806478491949342,-2.5138671917085262,0.0,3.791072469382404,-2.644913524123171,1.0
1,46,-25.0,4.088910450373007,6.122977113148105,2.679149547616154,5.169591157925209,1.701872669314038,-2.5469676405903736,1.0
1,47,-25.0,1.9865669002059938,2.387549019088429,-2.348855244106166,1.4585077321910982,4.43384741304345,-2.930494412226917,1.0
1,48,-25.0,4.140483514822739,6.068394246961635,-1.2223267209134738,2.439235508426968,6.475378504303793,-2.5466574721139263,1.0
1,49,-25.0,-4.101896314810354,0.13370187426680724,-4.283262226899067,0.0,0.22532151528477715,-2.5063378451816796,1.0
1,50,-25.0,3.5649640417391053,6.646567269409308,-5.482310217178463,1.6378712549567547,10.341189838759625,-2.635979155395653,1.0
1,51,-25.0,5.091325635077886,4.53630858132344,4.354945970455557,4.358805231386676,0.7574710883644781,-2.9050563384188925,1.0
1,52,-25.0,1.8243405224669638,7.64043256687338,-4.017238598831659,3.2305366115481977,7.319236911535613,-2.4949533311465926,1.0
1,53,-25.0,2.127805117471943,7.520527346672255,-5.502774980928977,3.030803088550852,8.853438685170635,-2.6097568481134927,1.0
1,54,-25.0,3.8907715253699204,0.6479972490434913,0.8521398664906141,0.9141535863374413,3.0502658169781425,3.0542247792021646,1.0
1,55,-25.0,0.37507722238576235,7.92736055805506,0.14181351978750412,7.499039594060585,0.4877200048665266,-2.069484403327599,1.0
1,56,-25.0,5.066121776786641,4.5961254559626425,1.2568092488808535,0.0,5.96952520240997,-2.2628588641761604,1.0
1,57,-25.0,2.933626571693595,7.109705919997803,-5.50356835785913,3.0138130105313294,9.378837721439046,-2.689647219092078,1.0
1,58,-25.0,5.473191987781066,3.2315162702837714,0.9527614888824677,0.0,5.556706695560003,-2.5209569507275407,1.0
1,59,-25.0,3.260684146222287,5.260240519085419,-5.379530592288245,1.0209083985109253,9.624201138593753,-2.685451980106879,1.0
1,60,-25.0,-3.1108928300057794,0.24865722124340373,-3.301937619459196,0.0,0.3135737955470631,-2.225910589243513,1.0
1,61,-25.0,4.919697761268965,4.943636812326353,2.677003957657492,4.2221780873489685,2.3558816159992615,-2.8303547942177487,1.0
1,62,-25.0,-4.054154061630918,6.127513124772987,-4.086476131215218,6.125553499063165,0.03238141928845795,-3.081038673778379,1.0
1,63,-25.0,2.1534755486714383,7.5080612085849765,-0.34151763521114376,7.598425085319614,2.4966290509082554,3.1053903918803094,1.0
1,64,-25.0,0.07699594462932158,2.7480388552200976,-3.4971572668529034,0.0,4.508468556943487,-2.486127294970903,1.0
1,65,-25.0,2.305628451759147,1.6310104986194258,0.5764078208817691,0.0,2.3770568434218697,-2.3854133677492895,1.0
1,66,-25.0,5.093325892126478,0.16472409232580332,4.980751812282492,0.0,0.1995167913867901,-2.17030102256,1.0
1,67,-25.0,-4.485288087718569,4.617113640599258,-5.1836553421710665,4.317180444240338,0.7600504880398391,-2.735935434202426,1.0
1,68,-25.0,5.101151534318075,0.18813458148436293,4.710658331086485,0.0,0.43345076135630933,-2.6926212503275835,1.0
1,69,-25.0,3.2272344470311096,6.466579968227752,-4.373544583660141,3.9830815901147645,7.996224488312324,-2.8257854316577857,1.0
1,70,-25.0,-2.1071221690115576,3.306824538369221,-3.4166290924125238,3.049128244547953,1.3346219548187723,-2.947286685800792,1.0
1,71,-25.0,2.4774048206163695,3.1550515434424997,1.0018248173049837,4.511803931345326,2.0045232321558286,2.3981238808627467,1.0
1,72,-25.0,0.05571507348910165,3.5193642536856165,-2.4383599051722022,3.8053764507606087,2.510420876279523,3.0274147547100907,1.0
1,73,-25.0,5.437703324955181,1.2950597439366742,2.3446334639080098,3.583883172417931,3.847829758718941,2.5045324080238394,1.0
1,74,-25.0,5.418543310556855,1.147811792786461,5.1733479728282905,1.274982502554199,0.27621213417707563,2.663136130972622,1.0
2,1,-22.0,-3.2267109043925717,6.894704136015223,-2.9082317456679716,5.859818745135931,1.0827819479458056,-1.272250713604702,1.0
2,2,-22.0,-0.6002205384735879,1.515643458404935,-0.9000948629318598,0.0,1.5450241756927225,-1.7661264355473956,1.0
2,3,-22.0,-1.921918026642262,5.6671342036938395,-3.8347997989385108,0.4482736686528348,5.55838303456965,-1.9221228109600337,1.0
2,4,-22.0,2.1986036721803184,7.486145977987194,0.6046224293142107,0.0,7.653963535733811,-1.7805875058624252,1.0
2,5,-22.0,-0.718916853380774,2.9010800166799355,-0.506010040126743,1.4432113818173433,1.4733330470895252,-1.4257816879694702,1.0
2,6,-22.0,-3.052782437200065,7.022295162077174,-3.1065770415890768,6.506508590408135,0.5185842718165203,-1.6747168562924948,1.0
2,7,-22.0,0.2356430992871184,4.8749926286710785,-0.550282358235612,2.832611143320018,2.1883786136057712,-1.938138251898879,1.0
2,8,-22.0,-5.4579784315463025,3.298691391090179,-4.6599429949145055,1.3899807982659746,2.06882495278828,-1.1747829494072268,1.0
2,9,-22.0,-3.3871296000134032,0.09535346732368144,-3.384190671650108,0.0,0.09539874753146901,-1.5399846703863271,1.0
2,10,-22.0,5.296210125534894,4.012975765583298,4.856762601182904,1.7467432275181045,2.3084462400594266,-1.762330327654019,1.0
2,11,-22.0,1.2822896526527474,7.791177949213596,-0.7991497240555872,2.036250514878021,6.119769575186653,-1.9178379357052482,1.0
2,12,-22.0,3.1817051899686812,6.77407783451735,2.8100023309721123,4.703329116333972,2.103844877657173,-1.748406535079539,1.0
2,13,-22.0,-3.3806312558643827,5.473227478796402,-3.796946229785521,3.1829945456681683,2.3277639582861727,-1.750611357971455,1.0
2,14,-22.0,4.041485921660584,3.4764996526295917,3.893490675162501,1.9262897740355462,1.5572582511184823,-1.665975744812721,1.0
2,15,-22.0,-0.48603811838738387,7.681638978622857,-0.44396749358301707,7.921114752099985,0.24314313388187345,1.3968928834399152,1.0
2,16,-22.0,-4.1785687567714085,1.0009449271363628,-4.469583537704922,0.0,1.0423916489889005,-1.8537362560880768,1.0
2,17,-22.0,-3.515625920162678,2.5254554843962995,-4.931103112240261,4.916568240467929,2.7786680070746668,2.105293643781388,1.0
2,18,-22.0,-3.910239025746411,3.538030497130179,-5.392623515842068,3.587264574767812,1.4832018645069827,3.108392099498326,1.0
2,19,-22.0,5.019488522600238,2.830461198303322,5.323367740935944,3.893061915906864,1.1051981109230518,1.2922539258093833,1.0
2,20,-22.0,-1.1066235405558664,5.78851267003156,-3.474801706034772,6.712708856869659,2.5421263570517336,2.7695142316404917,1.0
2,21,-22.0,-0.0227426174529477,0.5151147116130761,1.5230874153171932,2.099936292726626,2.213876675467129,0.7978522902693206,1.0
2,22,-22.0,-0.3860555445135545,0.0,-0.10556476477933119,0.5264058587319977,0.5964714625388917,1.0812221532278383,1.0
2,23,-22.0,2.1002932287504827,0.0,-0.006211633116715687,1.3293212895807223,2.490874911351973,2.5786507319235623,1.0
2,24,-22.0,-2.615174623139472,6.433746106704804,-2.7345275622567513,7.225889297215292,0.8010842392333453,1.7203423610689228,1.0
2,25,-22.0,-3.1123578220157673,0.0,-3.4781532626882843,2.290213036230158,2.3192416984297606,1.7291796793509584,1.0
2,26,-22.0,4.6878440988267815,0.0,4.754007228319046,1.640515552783192,1.6418492131215192,1.5304874790815466,1.0
2,27,-22.0,3.5193551190284356,0.0,2.9933446928909664,1.741096534531432,1.8188194278054883,1.8641918551819283,1.0
2,28,-22.0,-3.6824244766386376,2.8516659632394186,-3.6798372493408644,6.555923807912998,3.7042587481938734,1.570097880038339,1.0
2,29,-22.0,4.312716776060975,0.0,4.777644764055854,0.9211035584266731,1.0317896100306718,1.1033551057260895,1.0
2,30,-22.0,-2.271914323698922,0.20897269922703576,-2.1897964243621337,3.7466784171476153,3.5386586577401684,1.5475883038229006,1.0
2,31,-22.0,2.4238339047907784,5.801657401437349,2.306868544178688,7.433570123929873,1.636099027998024,1.6423477555476285,1.0
2,32,-22.0,5.348121956013802,0.9269491398346871,5.036427321782186,2.471060636316537,1.5752567595716573,1.7699798857218978,1.0
2,33,-22.0,4.718954517381522,1.9232848353928587,4.955470281070931,3.09023694421278,1.1906791888467883,1.3708268970819215,1.0
2,34,-22.0,2.836765902283372,2.49355677090177,3.3359471482075778,5.364579153773215,2.9140953037317208,1.3986484472261234,1.0
2,35,-22.0,4.112013580506008,0.0,4.082404946182544,1.2427815988625333,1.2431342540923789,1.5946163079105706,1.0
2,36,-22.0,-1.503578234917932,0.0,-1.6313094673942636,1.3253427146544414,1.331483600739238,1.6668755902166998,1.0
2,37,-22.0,-3.8722250221163503,2.750497699612478,-2.466552738113071,7.356023891984191,4.815265940593196,1.274562696211472,1.0
2,38,-22.0,-4.379038766073673,0.06982666913788282,-2.787736539092338,2.7473308154560185,3.114686377654509,1.0345615670006296,1.0
2,39,-22.0,-2.0869185660900174,1.514588464873625,-0.9517411824888475,3.2724953310229665,2.0925735930414957,0.9974109853535895,1.0
2,40,-22.0,-3.85071898008188,0.0,-4.789783196597732,2.798104247866715,2.951479118115235,1.894592054674673,1.0
2,41,-22.0,-4.711318778260199,0.0,-4.50301110644707,2.119458877069686,2.129670870751089,1.4728275434776739,1.0
2,42,-22.0,-3.574500171932612,5.551269527793391,-3.697059237583089,6.5376967452065236,0.9940117604065526,1.6944082831150236,1.0
2,43,-22.0,2.1742567265146606,0.0,1.7812672861840606,2.287441653934031,2.3209545493963932,1.740938360416836,1.0
2,44,-22.0,0.5261570216194009,5.129033749754354,-5.544363317234971,2.1147598238212066,6.777688727361639,-2.6807145271616424,1.0
2,45,-22.0,5.541006311064647,2.212083439532237,2.7392464651473625,1.188520531646499,2.9828743286625325,-2.79132788971072,1.0
2,46,-22.0,-1.187496717243694,3.587915899787779,-5.182650929377855,0.4319408606067008,5.09130981444533,-2.4730094150464828,1.0
2,47,-22.0,-3.9938604257972834,4.74636066490652,-5.186235124364154,4.311057790071397,1.26934865762806,-2.791554072668849,1.0
2,48,-22.0,2.8613918684416166,5.5827503445618305,-5.400268529279883,2.691719038627417,8.7528906390502,-2.804977124870163,1.0
2,49,-22.0,0.21928132003118606,7.6491341019290084,-2.176943443276928,7.496664671748638,2.4010706035913554,-3.078049297519002,1.0
2,50,-22.0,3.672074634314514,6.564139448805412,1.9127028464465399,5.374320416876972,2.123925238016838,-2.546967640590373,1.0
2,51,-22.0,2.028285899473369,3.1811861913949433,-2.7121157365961244,2.165361505865285,4.848020984173002,-2.930494412226917,1.0
2,52,-22.0,-3.3750344454799874,0.4655163783281071,-4.0065050438594145,0.0,0.7845129795671892,-2.506337845181679,1.0
2,53,-22.0,0.32290245247778504,5.932898754353816,-4.810220201108195,3.0911311411557785,5.867247339611553,-2.635979155395653,1.0
2,54,-22.0,5.260448761520119,4.13492492267547,4.626754429015135,3.982173737030948,0.65184463775101,-2.905056338418892,1.0
2,55,-22.0,-5.00821509763257,1.8700729499584239,-5.50593715747418,1.8194482871116266,0.5002900212290133,-3.040228531167656,1.0
2,56,-22.0,1.1355213534900408,7.831994493572779,-1.9589703338430087,4.6782826703336795,4.418345512407493,-2.3467168279132116,1.0
2,57,-22.0,1.9014435961992777,7.618990054783385,-4.0295262373528065,3.1416117060463105,7.431239468907214,-2.4949533311465926,1.0
2,58,-22.0,2.5823756861967477,7.2997776663845535,-5.526216867655488,2.5287977122022838,9.408056277871479,-2.6097568481134927,1.0
2,59,-22.0,5.28029007644871,0.7240293739823285,3.559653039035754,0.0,1.866764674217529,-2.743292069433461,1.0
2,60,-22.0,5.193023557423489,4.294946651664943,1.6333308894069736,0.0,5.578349095510108,-2.2628588641761604,1.0
2,61,-22.0,-1.233965134783525,7.804617089944243,-3.017473782012439,6.651671818495373,2.1237198246700575,-2.5677186285953106,1.0
2,62,-22.0,1.819775951721841,7.641701982717004,-5.223563478550931,4.222465581010541,7.829419384653611,-2.689647219092078,1.0
2,63,-22.0,5.488322359703365,3.1647084479677887,1.0613464784835596,0.0,5.4418282785788605,-2.5209569507275407,1.0
2,64,-22.0,4.2665852276283935,5.934933243831512,-5.422836589015819,1.1808063638581334,10.792896623786696,-2.6854519801068784,1.0
2,65,-22.0,-3.3545323239961906,2.0282701821740794,-4.91286410286211,0.0,2.5577876895707927,-2.2259105892435125,1.0
2,66,-22.0,5.539193715237132,2.2508999759815134,4.697021114709897,2.16036658474902,0.8470247835847904,-3.0345040964955867,1.0
2,67,-22.0,-0.648351732878286,0.36894268067047786,-1.3783232556406788,0.0,0.8179102185841456,-2.6736179348781026,1.0
2,68,-22.0,-1.9096433949572522,2.9980835291734667,-5.19585279961823,0.4714343913059252,4.145253685502137,-2.486127294970903,1.0
2,69,-22.0,0.7968472667175841,0.7657719565190138,-0.015035101226017087,0.0,1.1160464456144588,-2.3854133677492895,1.0
2,70,-22.0,5.524854234523457,2.5579783479698266,3.776706439518519,0.0,3.0982695076224522,-2.17030102256,1.0
2,71,-22.0,1.6961061956926207,5.6175491452296935,-2.6364997677877335,4.201902164853323,4.558018298321571,-2.825785431657786,1.0
2,72,-22.0,-2.1559755717553286,7.5068471412113915,-4.003818553501889,6.21303496931828,2.2557645314457773,-2.530749716865874,1.0
2,73,-22.0,-3.7159889764501344,1.9164837262787027,-5.385987002747201,3.6165679514406706,2.3831029731173317,2.3472672897928026,1.0
2,74,-22.0,1.5105595678105055,3.310738470109143,1.490523516720891,3.760253499006167,0.4499613367252326,1.6153394386993274,1.0
2,75,-22.0,1.6438599106915421,4.244111713306302,1.17078668798082,4.731303057066744,0.6790829695118361,2.3414932251194878,1.0
2,76,-22.0,-4.15189507463931,4.199403828117516,-4.978959496378688,4.8029896249395225,1.0238903124028216,2.511149970501873,1.0
2,77,-22.0,2.4332737035494465,3.3077991146289536,2.828694783833695,5.11247742707867,1.8474906338489296,1.3550961422201322,1.0
2,78,-22.0,0.013509824161489492,6.294556747821154,-2.2250127986418407,7.473321112885582,2.529914813021981,2.656906757013568,1.0
2,79,-22.0,5.134478268594554,0.3925163563736338,4.626804914950606,1.5166965980728477,1.233496432839186,1.9949752564565826,1.0
2,80,-22.0,-3.71225486650687,0.0,-4.188285562401715,0.48299172985624916,0.6781491241192179,2.34893614927126,1.0
2,81,-22.0,4.479599007989892,4.658050339060278,2.953362876891137,5.942812498921729,1.9949963747543893,2.441887396017509,1.0
2,82,-22.0,-2.9531085326377147,5.943359923959654,-3.7005433005790276,6.534009352449828,0.9526413174449518,2.472834147536043,1.0
2,83,-22.0,1.2911661535548506,0.0,0.34864939139890694,1.2824592765706535,1.591552588828609,2.204582142756272,1.0
3,1,-19.0,-5.540964893654065,2.2129703887368453,-4.897696720738585,0.0,2.30456761317869,-1.2879109620832483,1.0
3,2,-19.0,0.38947192147348936,6.253804490637037,0.7407369848173748,2.562485039026582,3.707994935077945,-1.4759222547459623,1.0
3,3,-19.0,-3.1032348340449722,4.443261718516913,-4.282244658212915,2.861703259994278,1.9726609752334578,-2.2113941369995946,1.0
3,4,-19.0,-1.0954318461322852,5.261156132986854,-2.9417219598322633,0.22397571223425938,5.364883388775525,-1.9221228109600335,1.0
3,5,-19.0,2.6042509840013364,7.289154530333076,1.0522139769929069,0.0,7.452556114394503,-1.7805875058624252,1.0
3,6,-19.0,1.5484136882416717,7.262447438742953,2.5614730162858503,3.238417928239558,4.149590666986265,-1.3241689709515347,1.0
3,7,-19.0,-2.8852139999051523,7.145220576157847,-2.9955664675769276,6.087153105969888,1.0638065795017428,-1.6747168562924946,1.0
3,8,-19.0,3.293139333045744,5.289765841212638,4.054047506860424,0.9439183408687213,4.411957813173586,-1.3974647347562446,1.0
3,9,-19.0,-0.07389795239813093,0.8659554148978228,-0.3360157579273736,0.0,0.9047566106784334,-1.8647210432918164,1.0
3,10,-19.0,4.468037632726598,5.663140688347505,3.384664291912034,4.431269973787002,1.6404887238196773,-2.2921432534925295,1.0
3,11,-19.0,-3.006421426795391,4.024470860316089,-3.0402561826710754,1.0381928074184381,2.986469721916388,-1.5821259175402254,1.0
3,12,-19.0,0.5788347870507937,1.8977764170926914,0.47355962438324295,0.0,1.9006941335069807,-1.626212431094607,1.0
3,13,-19.0,3.826691072018807,2.630482792169073,4.511286118927089,0.4295733077043369,2.304923629333125,-1.2692321082157627,1.0
3,14,-19.0,4.101191706868366,6.109979123072465,4.008597389876605,5.6267907942272,0.49198035394866185,-1.7601328807062802,1.0
3,15,-19.0,-3.893534624034379,6.329755063981462,-3.719523437619665,5.14410999803667,1.1983464087636297,-1.4250716946165836,1.0
3,16,-19.0,-3.025245602056348,4.18939711289938,-5.530874212725755,2.011093774279683,3.3201174933497195,-2.42596364828722,1.0
3,17,-19.0,1.8608014149005523,7.630292723038703,-0.22446789785596044,1.8647759800343024,6.131030208748616,-1.9178379357052482,1.0
3,18,-19.0,5.209542171181589,0.7243246668083123,4.884925053295733,0.0,0.7937395644488765,-1.9921233945561712,1.0
3,19,-19.0,-5.401208483579508,2.4408386888142175,3.1297846854114075,6.965807595568076,9.656769027809396,0.48768271287393006,1.0
3,20,-19.0,5.338780327944425,3.8250079791246,4.5712675842322295,3.884576663383188,0.7698209141773963,3.0641352995391093,1.0
3,21,-19.0,3.4745681998147084,6.712880153142723,-0.4241890571384124,5.1270497496463925,4.208938846942059,-2.7552784923653744,1.0
3,22,-19.0,2.9870260057660847,1.3756804539556513,2.3643010944289955,5.187247558224312,3.8621017730690075,1.7327431920665444,1.0
3,23,-19.0,3.4576067313954337,2.089302709195231,1.4629233925693987,4.034236602531626,2.785952166071566,2.368821808624737,1.0
3,24,-19.0,-3.3492029037802142,6.799859257058927,-3.3476878540614696,6.805957461090437,0.0062835871968326485,1.327284597667873,1.0
3,25,-19.0,2.489951314559832,3.2862618761245646,-2.5246351789608115,6.322724393888366,5.8622676775104825,2.59711981962551,1.0
3,26,-19.0,-1.416673298867767,0.0,-5.509567997155298,2.885331407579891,5.007686526015495,2.527544869442224,1.0
3,27,-19.0,-0.7018117002550881,0.0,-0.5279527029606372,1.0344407579362467,1.0489492993562408,1.4042820486321792,1.0
3,28,-19.0,2.84542342901896,4.759942666565145,2.5105478382591775,5.890120296639699,1.1787464259999472,1.8588583988752814,1.0
3,29,-19.0,-0.8395243859291973,4.340640784975279,-2.151838785013519,5.5807857581370035,1.8055826307600378,2.384461425246218,1.0
3,30,-19.0,-3.745284201349017,3.112579308958752,-3.7429258437671535,6.4891533659351115,3.376574880569995,1.5700978800383387,1.0
3,31,-19.0,4.517424083673881,2.173978113856524,5.11203017065047,4.075885061385455,1.9926882434862776,1.2677868412757423,1.0
3,32,-19.0,-5.128796778425292,1.3796893398270562,-5.523041275153071,2.5968026696489277,1.2793723386216476,1.884048971389408,1.0
3,33,-19.0,4.421738257017786,0.3052157019674471,4.388466492554265,1.7228152999098898,1.41798999657864,1.5942625136666737,1.0
3,34,-19.0,2.179627206284888,1.2462812213492893,1.0921823161195272,3.4673167697400973,2.472960835994458,2.0260987755790016,1.0
3,35,-19.0,3.743382539203849,0.0,5.493304702527793,3.1427090235094215,3.597060964751625,1.0627323758141274,1.0
3,36,-19.0,4.5561885293784385,1.7941864764983482,5.514159843327755,2.786997536555235,1.3796314142991453,0.8032556359438339,1.0
3,37,-19.0,1.2377609758062655,0.6174860492745604,1.0215622806696507,2.2928715177542096,1.6892774620445121,1.6991312524903799,1.0
3,38,-19.0,-4.311549960757695,2.1058921575753353,-3.9973488066581258,3.5745819787917505,1.5019228196489347,1.3600402897942303,1.0
3,39,-19.0,-0.8988128551820846,0.1837644511266865,-0.3756256504042477,2.3264822735511315,2.2056664566018593,1.331312295187222,1.0
3,40,-19.0,-0.006308333764797225,0.9203033606558562,-0.5069618922343851,3.93341772638789,3.054425014072046,1.73545020653175,1.0
3,41,-19.0,-0.9373349238272636,4.846474280036457,-1.0388276185281502,5.678789341311658,0.8384802492028,1.6921375044413054,1.0
3,42,-19.0,1.5218923854534774,1.53189897112314,1.6375902899623584,3.928210313278007,2.399102760126753,1.5225521249098153,1.0
3,43,-19.0,1.2257006098888699,3.1718321076155207,1.691971154984608,5.795806699924517,2.6650799016740647,1.3949356955667997,1.0
3,44,-19.0,2.9452905782317638,2.305067607763571,2.0088508091231896,3.8572044668949768,1.8127460579580434,2.113655581861209,1.0
3,45,-19.0,3.198806577484889,0.021322154804997995,1.9237838643803307,1.6174738470448715,2.0428859839875355,2.2448115361900642,1.0
3,46,-19.0,-0.268981815698508,0.8324474187234214,-0.9581671138689595,7.87449581745704,7.0756923354058445,1.6683528165494577,1.0
3,47,-19.0,-2.237192133380048,2.4990855134746086,-2.365174744431837,5.641847573482893,3.145366896652781,1.6114968099434537,1.0
3,48,-19.0,-0.45137423906723706,1.0298896183615511,-0.6146041902726569,2.456519122293051,1.4359372404316146,1.6847174291756686,1.0
3,49,-19.0,4.630098920784638,0.6359357229516109,4.344244827311531,2.661892726311041,2.0460240326585737,1.7109668749174876,1.0
3,50,-19.0,-2.5281606887329033,1.3101571645189705,-2.5509414532469323,3.31350759919689,2.003479954318499,1.5821671695042834,1.0
3,51,-19.0,-1.0693900043660445,6.676351687285286,-0.5653602785319339,7.910108905179072,1.3327425997653952,1.1829561914942126,1.0
3,52,-19.0,0.0507534166403534,0.0,-0.33550689548010737,1.280356856524503,1.3373521259446604,1.8637953068883055,1.0
3,53,-19.0,0.4908702161821134,4.547025130816845,0.5240039263778696,6.320992883691135,1.774277157320466,1.5521207573198315,1.0
3,54,-19.0,2.403394152942159,5.116724479933218,-5.428930498289533,1.2276390872786294,8.744729534619749,-2.6807145271616424,1.0
3,55,-19.0,5.347991165709381,3.784337728852988,1.3637524922067756,2.3287815260957228,4.241792270587864,-2.79132788971072,1.0
3,56,-19.0,-0.34695699267200464,4.113444827359166,-5.14603649615437,0.3224084067787491,6.115809122504701,-2.4730094150464828,1.0
3,57,-19.0,3.0141176448906712,4.381892083574956,-4.770917730988735,1.6576478147495948,8.247925959895714,-2.804977124870163,1.0
3,58,-19.0,2.187480133534716,7.491547818248373,-3.5018920067669765,6.692835863549232,5.745162846901764,-3.002117504692762,1.0
3,59,-19.0,0.979759460907382,7.872538188210227,-2.76697613777926,4.054100283045754,5.349625751588853,-2.3467168279132116,1.0
3,60,-19.0,1.974889432072036,7.594786638816265,-3.715255505001286,3.2992106272333945,7.1294966635932555,-2.4949533311465926,1.0
3,61,-19.0,1.9977657662216686,6.467589040627942,-5.534107540831245,2.0359424476173924,8.738913378609391,-2.6097568481134927,1.0
3,62,-19.0,5.509155640259356,2.894161984280171,-1.3687452866532874,0.0,7.462016801889307,-2.743292069433461,1.0
3,63,-19.0,5.544456510873306,2.1154760326934774,1.0041129001574927,0.0,5.0089878167418656,-2.7055717254116534,1.0
3,64,-19.0,5.304716220976023,3.975417289443247,2.0098525299330965,0.0,5.163338974709807,-2.2628588641761604,1.0
3,65,-19.0,0.22627995948394342,7.940850980063563,-4.469155865362091,5.661420142869279,5.219475311446525,-2.689647219092078,1.0
3,66,-19.0,5.49976486952444,3.095264286837268,1.9514678023539376,0.5586962083864551,4.3617186628101585,-2.5209569507275407,1.0
3,67,-19.0,4.149642169693626,6.058701093401738,-5.444992910741771,1.3510814435812668,10.687315149002456,-2.6854519801068784,1.0
3,68,-19.0,-4.029562935790187,3.2463995405996986,-5.450895378486881,1.396442906476282,2.332922086311369,-2.2259105892435125,1.0
3,69,-19.0,-2.5435153067000345,2.788087118266227,-4.456902246133924,0.0,3.3814907007174013,-2.1722495265471964,1.0
3,70,-19.0,5.278781911283543,0.7195176823685222,4.81025381866203,0.6691510032742818,0.47122752035352883,-3.034504096495587,1.0
3,71,-19.0,1.2865455240345547,1.2962404783062276,-1.278131010802485,0.0,2.873639696611822,-2.673617934878103,1.0
3,72,-19.0,4.859612231068821,5.0606525448418465,1.902001163004976,4.274961941160793,3.0601916532541646,-2.8819392855951738,1.0
3,73,-19.0,-4.816408723596769,1.7240028734995714,-5.470849969803043,1.54979731562544,0.6772303309290404,-2.881435560050457,1.0
3,74,-19.0,5.300928988123908,3.9921397322723275,2.5726610667545464,0.0,4.835351641066083,-2.17030102256,1.0
3,75,-19.0,-0.4306695917850079,7.922320381179339,-3.4224378298118454,5.827561140227109,3.6522176095655867,-2.530749716865874,1.0
3,76,-19.0,4.717054140003901,0.0,2.238152785794764,7.466940039928903,7.867664550792271,1.8913315957854007,1.0
3,77,-19.0,-4.680592960123216,0.0,-5.241705904127522,0.6086044253708198,0.8277965224076052,2.3156159598694037,1.0
3,78,-19.0,3.701910899013182,0.0,3.3151233304356156,0.4967375712247075,0.6295655945748362,2.232386310301298,1.0
3,79,-19.0,1.2161387422992458,0.0,-0.7417508371853379,1.9470615648267235,2.7612280497416015,2.35896737684466,1.0
3,80,-19.0,0.7255017437766935,1.3833729154919854,-1.186615446508783,2.6279758284580805,2.2814969998553396,2.5645828612134887,1.0
3,81,-19.0,0.7180795022305116,2.9097755246284933,-0.9135405730590592,5.154728653522772,2.7752474882467975,2.1992798979370742,1.0
3,82,-19.0,2.351162761453911,4.544078383947553,-0.6548224644563662,6.792499576179046,3.7538440345952773,2.4993846680773566,1.0
3,83,-19.0,2.3803084853872276,0.0,1.0336526496377778,1.3712326041989422,1.9219159177175942,2.3471521401634727,1.0
3,84,-19.0,2.0177644025650543,4.199103485141573,-0.06917132226714884,5.701920570169944,2.571723140354358,2.5174991160171314,1.0
3,85,-19.0,1.523998094264463,4.788388372003391,-0.5152910615417566,5.07371810963947,2.059153544582899,3.0025788308437984,1.0
3,86,-19.0,1.9423926222367616,2.0092794541065437,0.7362233272468938,2.822672838451373,1.4548034801554093,2.5482821877716115,1.0
4,1,-16.0,-4.873069023396314,5.03994753011092,-3.4080526563518,0.0,5.248556378851186,-1.2879109620832483,1.0
4,2,-16.0,1.982562384777834,6.698064424620495,2.189718729979766,5.875829137658331,0.8479296070330209,-1.3239898866273971,1.0
4,3,-16.0,4.463404619399256,5.670269178321687,3.746242213614464,4.2468160870554765,1.5939073433880535,-2.037494294203415,1.0
4,4,-16.0,-3.7605640042720268,1.9639003821925778,-3.390907262955031,0.0,1.9983870539956101,-1.3847473086820696,1.0
4,5,-16.0,1.9617589057102396,4.274141997838045,2.5771182100140515,2.35097914332288,2.019213321662719,-1.2611182913101342,1.0
4,6,-16.0,4.7806592664684535,0.06904264396039828,4.7726914425315,0.0,0.06950088419101302,-1.6856924430646063,1.0
4,7,-16.0,-3.122682219512486,6.971017846231703,-3.1701227422545903,6.43396063308567,0.539148452089244,-1.6589018476762099,1.0
4,8,-16.0,4.083694219013701,5.313132624259936,3.983933644817725,3.557917769111897,1.758047598871049,-1.627571917088037,1.0
4,9,-16.0,-3.2006341719076867,6.913833592554427,-3.2209772377400894,6.556335895525814,0.35807603062509424,-1.6276390732936232,1.0
4,10,-16.0,3.0028249659158686,7.058943130770856,1.4998055246716049,0.0,7.217184046719002,-1.7805875058624254,1.0
4,11,-16.0,-4.070296846447032,1.607385589094728,-4.525459841437138,0.48708812652586664,1.2092310600735463,-1.9567112905398656,1.0
4,12,-16.0,3.058211180210351,7.0183127266421375,4.0964752593315445,2.8941660173418944,4.2528318069053,-1.3241689709515347,1.0
4,13,-16.0,-3.3392153685951156,6.812172735285607,-3.2997832434658454,6.733388335668529,0.08810149893863235,-1.1067433865127903,1.0
4,14,-16.0,2.334003985876146,7.42039254383272,2.1817288410131424,6.257803186833667,1.1725193954688,-1.7010342388468496,1.0
4,15,-16.0,-2.6619164460460505,6.842669467446764,-4.034433598479555,2.7094505089987004,4.355146644166952,-1.8914092616438114,1.0
4,16,-16.0,5.136038239463778,4.430191167852973,5.543118620723504,2.1051941206172837,2.3603655874591203,-1.3974647347562446,1.0
4,17,-16.0,-0.7487331402359891,6.3882332735700444,-1.6737817889140576,4.6879532914873945,1.93563091003737,-2.0690650644636164,1.0
4,18,-16.0,-1.790505644625249,7.64984211103375,0.3285620232925003,4.537847556085598,3.7649645272221774,-0.9729802232003332,1.0
4,19,-16.0,-0.2367399666672615,3.686884874382593,-1.5809108791590418,1.3518201575445215,2.6943130244667284,-2.093116037161569,1.0
4,20,-16.0,3.059687425440079,0.6761855913418504,3.117115908659568,0.0,0.6786199117497357,-1.4860695904380268,1.0
4,21,-16.0,-0.9974942096386645,0.0,5.4326261311311566,3.4106339124065417,7.278658618264725,0.4876827128739301,1.0
4,22,-16.0,1.1736800066192674,2.126907732083498,0.6616772239470231,3.6878269148975464,1.6427463421785478,1.8877515408360137,1.0
4,23,-16.0,-0.16540884057652905,7.620172684179709,-5.153205681893648,4.389447296821928,5.942701730591155,-2.566817732171308,1.0
4,24,-16.0,2.2041891981855715,7.483433521077902,-0.4206576476430137,7.9232280951316465,2.6614357462511444,2.9755840897096273,1.0
4,25,-16.0,-2.5960413453218525,6.925670948784602,-2.832799372913291,7.1781662982437995,0.3461333054294407,2.3240395814559967,1.0
4,26,-16.0,-2.7743755574266125,6.864232570773553,-3.026225440324134,7.041776932572936,0.30814016927730387,2.5275448694422242,1.0
4,27,-16.0,-2.4304615536335366,2.2146188100016366,1.3762305407941313,1.7126826411077956,3.8396412097254515,-0.1310999759860448,1.0
4,28,-16.0,-1.8802982487180668,0.0,-2.143243075805788,2.0557034696256373,2.072451866056984,1.6980154209517369,1.0
4,29,-16.0,2.473951168022836,4.758333088770481,2.198161611074066,5.689100204894089,0.9707663489115478,1.8588583988752811,1.0
4,30,-16.0,4.504645492613615,0.2107202255581324,3.371246570923674,2.440271905191976,2.5010985202198683,2.0411038549507863,1.0
4,31,-16.0,3.05802887857304,0.0,3.418119756219941,1.4141696934789851,1.4592948167244897,1.3214642226778799,1.0
4,32,-16.0,-5.3531551426351855,0.9420059694146826,-3.859585174382465,2.5982211879756636,2.2302018070702547,0.8369892763986585,1.0
4,33,-16.0,2.079141361435959,1.443579600579549,2.5259654797897544,4.17288864204205,2.765642716720944,1.4085225898050877,1.0
4,34,-16.0,0.8907917350731104,2.4702730201336385,0.776708910200064,3.9312066844754785,1.465381200417929,1.6487271625633397,1.0
4,35,-16.0,1.0909301771902513,0.0,1.2167127683873666,0.2634477191093372,0.29193485737775965,1.1253525236698423,1.0
4,36,-16.0,3.251828350586461,3.041310181192962,3.4443826867643255,5.072711969129383,2.040507387002602,1.476289799146191,1.0
4,37,-16.0,-0.13773008515701046,4.167986004191386,-1.3131889732193696,7.0955448587791174,3.154727316995849,1.9526080835308481,1.0
4,38,-16.0,-0.7559101398344471,6.991348154048741,-0.6544716913991163,7.902029787714759,0.916313699950827,1.4598662062859278,1.0
4,39,-16.0,-3.5911248913813205,5.968989871204568,-3.065219888312375,7.013171255136405,1.1691410671098483,1.1042306538382702,1.0
4,40,-16.0,3.5267640005527667,0.0,3.4495019892340952,1.5285816711655187,1.5305330260455592,1.621298251193199,1.0
4,41,-16.0,1.4393672365082988,5.773778138654201,1.4451008421626836,7.745899846403148,1.9721300424689097,1.567889006482265,1.0
4,42,-16.0,-2.6317113666531764,0.20536516407108074,-3.282381215152562,6.8538653234521645,6.680263888577794,1.6683528165494577,1.0
4,43,-16.0,2.1902014371125142,6.807881431941898,2.42707922628835,7.375193116114967,0.6147793376522304,1.1752575905320295,1.0
4,44,-16.0,1.1154185941595873,0.0,2.1073953048980183,1.4410247280720836,1.7494485021179271,0.967909732043297,1.0
4,45,-16.0,-4.915016792180804,1.4656336935013718,-4.0157859746418465,6.200369130015359,4.819370883942537,1.3831095833560119,1.0
4,46,-16.0,4.022598086563067,2.938928609562204,3.3531740539505943,6.801932876246258,3.9205778272925977,1.7423833366027515,1.0
4,47,-16.0,3.278012268995524,4.606571831509442,-5.175067478021074,0.4092548878231505,9.437797769351612,-2.6807145271616424,1.0
4,48,-16.0,4.76085235375139,5.21260738407231,2.64705449053878,4.4403766410607854,2.2504403406832023,-2.7913278897107197,1.0
4,49,-16.0,-0.4629776092843665,3.883338202470926,-5.109422062930883,0.21287595295079656,5.921295397628364,-2.4730094150464828,1.0
4,50,-16.0,5.5153165506082225,2.7622267798140925,3.7768301880974278,3.99299067262187,2.130050373224861,2.52555007508913,1.0
4,51,-16.0,4.783275491910392,0.5390457339574779,3.9818683870160063,0.0,0.9658279614263388,-2.5494770044286597,1.0
4,52,-16.0,3.405820424475197,6.763312375864126,-3.0956596342068785,5.850591302597843,6.5652343987876804,-3.002117504692762,1.0
4,53,-16.0,4.484463354259745,5.637867592201474,-5.500104162939702,3.087998356385149,10.305019244294348,-2.891555929629155,1.0
4,54,-16.0,0.8001898294343011,7.88881852873021,-2.3013944785346503,4.727878351429359,4.428472425556467,-2.3467168279132116,1.0
4,55,-16.0,2.0390944897796213,7.563607220400412,-3.0583308559441864,3.7154841447889293,6.3868455719769095,-2.4949533311465926,1.0
4,56,-16.0,-1.017514761483767,4.205228573373114,-5.475098745330094,1.5824498741386577,5.171945772937036,-2.6097568481134927,1.0
4,57,-16.0,4.999753824862083,4.753637984975348,-4.387712438839026,0.8034723344631458,10.184710674271162,-2.743292069433461,1.0
4,58,-16.0,5.517896182164258,1.9113554144634066,1.4156467547308091,0.0,4.525674522684618,-2.7055717254116534,1.0
4,59,-16.0,-3.5395841642022283,4.9378987660208224,-5.509675241512148,2.8830347817003346,2.8467042078434543,-2.335135776754519,1.0
4,60,-16.0,5.385521964323501,3.6186213183070084,2.386374170459215,0.0,4.699926354183325,-2.2628588641761604,1.0
4,61,-16.0,4.032699111758859,6.182468942971963,-5.467149232467722,1.5213565233043997,10.581733674218215,-2.6854519801068784,1.0
4,62,-16.0,-5.093241717993584,3.9586780230510232,-5.398484770788708,3.561384333288306,0.5010145678570248,-2.2259105892435125,1.0
4,63,-16.0,-0.11422723980936489,7.388371136551131,-5.086214886922981,0.14345144707227353,8.786894927677741,-2.1722495265471964,1.0
4,64,-16.0,2.186536483279225,1.7004752634842473,-1.1779387659642924,0.0,3.7697890954924844,-2.6736179348781026,1.0
4,65,-16.0,4.492192468873197,5.62597535012521,0.9066037227733235,4.673462216503684,3.709949854900948,-2.8819392855951738,1.0
4,66,-16.0,5.518779449651895,2.688069184994318,1.8588210865914612,0.0,4.541036353372656,-2.5081157834616197,1.0
4,67,-16.0,-1.7858503883385293,2.098990880653578,-5.416555402914442,1.1325343863432422,3.7571341549459345,-2.8814355600504573,1.0
4,68,-16.0,-4.966749451477232,1.6862322268410666,-5.394722630968813,1.0663555385820298,0.753264993884041,-2.17506150647166,1.0
4,69,-16.0,-1.368247532150213,7.595900064176755,-5.374977725554816,3.665179171196101,5.612882822690557,-2.3657702313670446,1.0
4,70,-16.0,0.10175226590163133,6.025788565574929,-0.4852989180751571,7.583274058201396,1.6644489034964272,1.9312513306659818,1.0
4,71,-16.0,1.5963962877182234,3.2011496373135566,-2.036248667026233,7.564989215862036,5.677957840151381,2.26500855725645,1.0
4,72,-16.0,2.025562514850103,0.0,-0.599437926394858,7.907019319781044,8.331361343737704,1.8913315957854004,1.0
4,73,-16.0,1.8547522420652687,1.8564042728000514,-1.502618221861888,3.5614867293678287,3.765533510107918,2.6716748706288573,1.0
4,74,-16.0,4.42061573353108,0.0,4.225752060235401,0.9568253687218684,0.9764664036207414,1.7717052345255329,1.0
4,75,-16.0,5.129935639860332,0.2742425294632995,2.3322641920643914,2.1668666593099126,3.3777198857646984,2.5468133665950186,1.0
4,76,-16.0,-4.899396948794419,0.0,-5.10060738965346,0.18650676711976805,0.2743545437789519,2.3941000320026404,1.0
4,77,-16.0,1.7792137994262909,4.141576890887267,1.2942103119695125,5.922972158927843,1.8462387396657545,1.8366138255527662,1.0
4,78,-16.0,4.429869473398155,4.7997754579046585,2.705092941831693,6.6191056751134685,2.5069536340131005,2.3295216870749815,1.0
4,79,-16.0,-4.8594427730938525,2.1940254580334595,-5.5244923580998195,2.565727891014692,0.7618750876625228,2.631934991323652,1.0
5,1,-13.0,-3.7901523756349755,6.439170695777807,-1.918408591965013,0.0,6.70569489621104,-1.2879109620832483,1.0
5,2,-13.0,0.5810674595958369,4.441414518317405,0.029442891880672117,3.595700224941868,1.0097139841195752,-2.1487577988102955,1.0
5,3,-13.0,2.7098571992325713,1.6398652829900877,3.0710322631258076,0.0,1.6791681193777006,-1.354010637635422,1.0
5,4,-13.0,3.276958828859023,4.781851059472201,1.9456293870424757,1.4255830695687386,3.610674854192521,-1.94842836631398,1.0
5,5,-13.0,1.727678969434179,4.449728964517769,2.160533532015117,2.4176585239237967,2.0776605468369747,-1.3609214948566177,1.0
5,6,-13.0,-2.4341471457925117,4.3518051202471275,-2.205795750776229,1.8555597281063874,2.5066681905249766,-1.4795722786964949,1.0
5,7,-13.0,-3.289513582788665,6.848633137372273,-2.546387363989799,2.1819561963704612,4.72547460566072,-1.4128812242619553,1.0
5,8,-13.0,3.3899487110776905,6.774955600406016,1.9473970723503011,0.0,6.926830344238836,-1.7805875058624254,1.0
5,9,-13.0,2.722054115487282,7.231946683187663,2.6107039751610897,6.381811303838345,0.8573966508985627,-1.7010342388468498,1.0
5,10,-13.0,-3.9088547250896637,2.9990831011978827,-4.15587500925259,0.0,3.0092388520485778,-1.6529760931881652,1.0
5,11,-13.0,1.5174412679748566,7.725781835797524,1.2893923005910262,7.463216030326683,0.34777454439246,-2.2859559671197514,1.0
5,12,-13.0,5.03577814736798,2.672907315608191,5.047679841251879,1.1004074277958633,1.5725449270170595,-1.5632278260124663,1.0
5,13,-13.0,-0.7535644010532279,7.460411930492928,0.2478038902382546,4.292027332935888,3.322860125380048,-1.264680474008033,1.0
5,14,-13.0,3.8920397575962413,3.477109715795959,3.1110663809087153,2.2495808421816843,1.454904309792038,-2.1374203777126923,1.0
5,15,-13.0,-4.156229594476111,6.051729226803308,-3.5367506360429317,4.703472781555506,1.4837619829654936,-1.1400978254547882,1.0
5,16,-13.0,-4.5903582452139435,5.420214009543521,-4.869662685265483,4.1170849672716585,1.3327251295915772,-1.7819355171997733,1.0
5,17,-13.0,3.893373382531541,0.31971854148108936,3.8051298725231506,0.0,0.3316728249727372,-1.8400954578433926,1.0
5,18,-13.0,5.287879711176908,2.2411560839216307,4.837497888755258,0.0,2.2859624621736,-1.7691144051301007,1.0
5,19,-13.0,-3.973303281571512,0.7909321331508053,-3.8520097139844314,0.0,0.8001785855598017,-1.4186266210918304,1.0
5,20,-13.0,5.516928599745451,1.9039193799293839,5.46088757288985,1.9778490594090203,0.0927695758263018,2.2194178198106225,1.0
5,21,-13.0,-1.509637830293825,0.129586006461892,-0.8690175948837244,2.0649808647183407,2.0386631755595115,1.251145127434068,1.0
5,22,-13.0,2.0425599603021793,6.077470871978004,1.0663299260539076,7.355806957364457,1.6084676642598514,2.2229905244121198,1.0
5,23,-13.0,-1.4028670426687013,6.250817852030987,-1.734496294567337,7.665418418275911,1.4529531041073929,1.8010710254719373,1.0
5,24,-13.0,-4.477076739118158,4.083225205106288,-4.461339278728919,5.6734469719565315,1.5902996369941775,1.5609002563353065,1.0
5,25,-13.0,-3.979713264791281,2.831181848981255,-5.522199093573651,1.944424016388326,1.7792138673187499,-2.619841944878196,1.0
5,26,-13.0,4.563843810437089,3.2997129429372243,5.464541647893015,1.501316794831643,2.011339180724816,-1.1064817843995984,1.0
5,27,-13.0,0.2878538558700513,0.0,-0.19618412642510913,0.7064042232772934,0.8563291977787316,2.1715296405335103,1.0
5,28,-13.0,3.0794543691698086,3.864026125327274,2.266934127446932,5.871601190108795,2.165767019774272,1.9553712248515753,1.0
5,29,-13.0,2.4005751224284633,0.0,0.3802628317203148,7.926890414606652,8.180296657039355,1.8203515508630321,1.0
5,30,-13.0,4.103154409470892,5.667864148919766,3.5237043553655907,6.344585053611218,0.8909060264972134,2.278914298724601,1.0
5,31,-13.0,4.540618108847512,0.0,4.687330435261786,0.5324258193922491,0.552269644175195,1.3019146818154455,1.0
5,32,-13.0,2.8153481081947835,7.094466703730553,2.794794975739772,7.196622087295686,0.10420246467839776,1.7693404729918727,1.0
5,33,-13.0,-2.308349940411893,7.127852657298867,-2.294993831559192,7.439336751148207,0.3117703102683602,1.5279436334997976,1.0
5,34,-13.0,3.389556305495784,6.055495490486755,2.801182611758581,7.19352010774408,1.2811259239300565,2.0479616364206206,1.0
5,35,-13.0,2.7337824629658996,0.0,2.9538913611975683,0.6554109356817988,0.6913837007711782,1.2467973815278532,1.0
5,36,-13.0,-0.3873238936992802,3.2415299769931565,-1.0673684636760021,4.997184389832272,1.8827594202330484,1.9403461470856176,1.0
5,37,-13.0,4.579575601818007,1.8210137487202025,5.2197805667367705,4.231443649334205,2.493999739952004,1.3111920714726932,1.0
5,38,-13.0,-4.456442494551195,0.24359197911368768,-5.0353011880928085,2.2139902367786166,2.0536666430795654,1.8565346834704441,1.0
5,39,-13.0,0.36209653680604204,1.8267628722765905,1.1121023896017588,7.838507352165849,6.058347998481667,1.4466808225944274,1.0
5,40,-13.0,-0.12190612566284366,7.3437592435973595,-0.12014220726032447,7.950473758336542,0.606717078878889,1.567889006482265,1.0
5,41,-13.0,0.420007906627538,4.666755085850722,1.0995994266303528,6.427611711848691,1.8874481956813243,1.2024658682260998,1.0
5,42,-13.0,0.5935912440982966,4.609249683795337,0.5238646062555338,6.039569702941295,1.4320185617493053,1.6195067421432774,1.0
5,43,-13.0,3.782454871385027,0.0,3.7092032266585657,0.35350627559837,0.36101591425110663,1.7751192343523141,1.0
5,44,-13.0,-0.36951819581384615,4.520793874986203,-0.6904674901698199,7.126620094700368,2.6255168513832503,1.6933451696167854,1.0
5,45,-13.0,-0.23661588871049027,7.527147553730968,-0.35232602896521137,7.929423251914173,0.4185863995718832,1.8508744422964207,1.0
5,46,-13.0,3.727584515053852,0.9186263469763563,2.9500689759941605,2.24823328441972,1.5402548560471425,2.0999427451985904,1.0
5,47,-13.0,-2.331489597813629,5.410132651951156,-3.3274987824355335,6.820767827705928,1.7268253805547005,2.1855854591382347,1.0
5,48,-13.0,-5.523876815886386,2.5789096585113964,-5.202017466266237,4.273601208774958,1.7249848960128955,1.3831095833560123,1.0
5,49,-13.0,-1.1901380582510401,0.0,-1.393002438269058,0.7294394153562265,0.7571233831782824,1.8420515546823562,1.0
5,50,-13.0,3.3147976032198248,3.6803992428516805,-4.097248882209937,0.0,8.275492232426716,-2.6807145271616424,1.0
5,51,-13.0,-1.6462815542930853,2.8101303190824067,-5.072807629707398,0.10334349912284505,4.366666444119703,-2.4730094150464828,1.0
5,52,-13.0,-4.892394605913313,4.614270634951556,-5.305332946861423,3.9726941499473347,0.7629799863268689,-2.142680989277225,1.0
5,53,-13.0,5.444730841732317,1.349067398920342,1.7657252473960128,3.9536246416975764,4.507638028287229,2.52555007508913,1.0
5,54,-13.0,4.347922555936211,1.9160169540587617,-2.213694956265239,0.04664337778755401,6.822710747502766,-2.8640503920175693,1.0
5,55,-13.0,4.224920992324805,5.979029002045648,-0.7153731556558718,5.28547760508726,4.988739300544282,-3.002117504692762,1.0
5,56,-13.0,4.692593623682854,5.317632264979176,-5.517750502922319,2.7101039638604365,10.538042086879134,-2.891555929629155,1.0
5,57,-13.0,5.514671490293459,1.8865731120499296,1.4581263526261503,0.0,4.473781013979343,-2.7062783057667836,1.0
5,58,-13.0,5.131294497226214,0.27830756525884914,4.755477795237456,0.0,0.4676465485535149,-2.504173032034046,1.0
5,59,-13.0,-2.7701150575400257,6.729387239475929,-4.942738195332646,4.888954440282594,2.8473644282421007,-2.4387835979392736,1.0
5,60,-13.0,2.103299547487209,7.532427801984558,-2.01852397791189,4.420801216812013,5.164460202197904,-2.4949533311465926,1.0
5,61,-13.0,-2.4530426927679105,3.2925947986390156,-5.188319373436093,2.4687147479325233,2.8566618381879363,-2.849030373538487,1.0
5,62,-13.0,5.491335853455211,1.7072347962333358,1.8271806093041258,0.0,4.04236122862737,-2.7055717254116534,1.0
5,63,-13.0,-1.8071821280349205,6.187300761367233,-5.537043643705239,2.296943516808094,5.389503355261249,-2.335135776754519,1.0
5,64,-13.0,5.291471142392453,0.7574776478298312,2.7331462023694786,0.0,2.668107735025962,-2.8537328957376804,1.0
5,65,-13.0,5.466327707670979,3.261825347170769,3.613391353269101,1.0261652682569933,2.903712988901085,-2.2628588641761604,1.0
5,66,-13.0,5.510875735777704,2.85732633158214,2.4873287253221292,0.19199642718244014,4.030610378555853,-2.4190794488364524,1.0
5,67,-13.0,3.915756053824091,6.30623679254219,-5.489305554193675,1.6916316030275345,10.476152199433976,-2.6854519801068784,1.0
5,68,-13.0,-0.4785299105151873,7.917981216032481,-5.32459078882189,0.8565554109946463,8.56434705253757,-2.1722495265471964,1.0
5,69,-13.0,-0.6042881646521094,7.9065795821161435,-2.188600735184357,5.549301340709043,2.840212497077965,-2.1625469113480973,1.0
5,70,-13.0,2.326502232002298,1.7205776136244473,-1.0777465211260981,0.0,3.814354060346501,-2.673617934878103,1.0
5,71,-13.0,4.044504288294549,6.169974816861166,1.5201723814749064,5.499385001595552,2.611884812951303,-2.8819392855951738,1.0
5,72,-13.0,4.964763901491096,4.83668034443206,-1.6206501848995243,0.0,8.17074999271471,-2.5081157834616192,1.0
5,73,-13.0,-0.3363717403092519,2.053111666259686,-5.284299610672993,0.7360239368808486,5.120225609990498,-2.8814355600504573,1.0
5,74,-13.0,-0.3870180877301781,1.3600142265544295,-3.1460482307381885,0.0,3.076017884612709,-2.6836154210610164,1.0
5,75,-13.0,-0.8442492520710374,6.412493587120684,-5.508220916442681,1.836999361032644,6.53358853150599,-2.3657702313670446,1.0
5,76,-13.0,-0.6659291103036952,0.0,-3.008098012115111,7.0550749119226515,7.433696064371539,1.8913315957854007,1.0
5,77,-13.0,-1.2144547101399987,0.0,-1.678429033491905,1.3146617924144648,1.394133351284687,1.9100727372167088,1.0
5,78,-13.0,-0.254933945301442,7.846323817438061,-0.30685083395756285,7.93354617433632,0.10150420124615205,2.107697072298889,1.0
5,79,-13.0,-1.3941631170665327,6.155022275391961,-2.277252722561529,6.737890828619687,1.0581034928942874,2.558196445776484,1.0
5,80,-13.0,3.1110802823193535,5.727608601362105,1.6138356444073279,7.698974375575682,2.4754847043552926,2.220347296099394,1.0
5,81,-13.0,3.0384922281897153,0.44769298460871687,1.6057179208567223,1.9536838995283388,2.0786656420824343,2.3312855713417373,1.0
6,1,-10.0,-4.79827295235733,3.0597989515773873,-5.358695380320637,0.9585796474714664,2.174671437645618,-1.8314419414071925,1.0
6,2,-10.0,-2.5337419875243135,4.837816720629316,-2.0080065007959145,2.0980836206390303,2.78971956676436,-1.3812080138053422,1.0
6,3,-10.0,-2.554592243193762,7.313269930473287,-0.42876452757822625,0.0,7.615974038325231,-1.2879109620832483,1.0
6,4,-10.0,-2.8427489948277866,0.2218656728154047,-2.850625945812355,0.0,0.22200545743437367,-1.6062846644223767,1.0
6,5,-10.0,-2.9876183750088368,3.435314154326017,-3.5901769015051777,2.1338423206490305,1.434191657941148,-2.004393800128417,1.0
6,6,-10.0,-2.8354940661379526,7.176857694676512,-1.5934337959876934,5.703522304377945,1.9270264365057286,-0.8703648972579976,1.0
6,7,-10.0,-1.8005413695484962,6.392779124201646,-1.360615509220215,3.630136902450034,2.7974500546015584,-1.4128812242619553,1.0
6,8,-10.0,3.7704773248948436,6.459993981599951,2.394988620028998,0.0,6.604808204597701,-1.7805875058624252,1.0
6,9,-10.0,4.304401319167297,5.894910206880215,3.586506672777897,4.294084272481355,1.754427654694985,-1.9923627377917055,1.0
6,10,-10.0,4.677119883914928,1.8693595086975803,5.085870533050927,0.1424213089198916,1.7746528221093005,-1.3383825132178633,1.0
6,11,-10.0,-4.188372412856209,4.212531805143811,-5.0850513783836355,2.603395866257324,1.8421052187742788,-2.079183003365081,1.0
6,12,-10.0,1.7933931573115132,4.775370581049893,1.4186407634195435,3.4629401208753223,1.3648857349689745,-1.8489355510189074,1.0
6,13,-10.0,-3.2946623446278194,2.2999637741872982,-3.484099477876064,0.0,2.3077521075772403,-1.6529760931881652,1.0
6,14,-10.0,0.21617844398624858,5.125752561429297,-0.8407147864395288,2.1702239600184345,3.1388170724458417,-1.914224499177691,1.0
6,15,-10.0,-2.381687489192553,7.397236363392743,-3.6614521025163262,5.850304565165511,2.0076841021142453,-2.261958736135216,1.0
6,16,-10.0,4.255046984687706,5.947144858114631,3.795730550352859,3.9452182350524714,2.0539429863010166,-1.7963301232063935,1.0
6,17,-10.0,1.2626391367958063,6.647940391466522,0.16722073792893433,4.618371695410595,2.3063153645124546,-2.0657202513906285,1.0
6,18,-10.0,-4.079210841201127,3.2775507761771463,-5.52303085171154,2.5970258864808318,1.5961611285351078,-2.7011377478168144,1.0
6,19,-10.0,-4.035762129002698,0.0,-5.291641193215047,4.033149785109428,4.22416020210587,1.872668851089264,1.0
6,20,-10.0,-0.8890534159982043,0.0,-0.8956396416664265,0.24908475590275447,0.24917181620658369,1.5972318721490137,1.0
6,21,-10.0,-4.410307578788885,5.751965839847797,-3.853956540753154,5.404504173488402,0.6559390879591511,-0.5582661187752936,1.0
6,22,-10.0,-0.2633111064673026,4.238097881282871,1.0644963502107538,7.851746682659241,3.849874063095924,1.2186679849674726,1.0
6,23,-10.0,3.0927290347401684,1.2855630931774842,2.9257180208972153,0.0,1.296366130876965,-1.6999855123958039,1.0
6,24,-10.0,-1.7302143646263832,0.0,-3.4463836313974676,6.7335558830075115,6.948813696005576,1.8203515508630324,1.0
6,25,-10.0,-0.5256116671826294,6.443121110328298,-0.14804596476313667,7.94794391701423,1.5514662546009987,1.3249672457611046,1.0
6,26,-10.0,5.458045142384665,1.4513900512575744,5.168515361485345,4.353112495446654,2.9161311076730163,1.6702457589983353,1.0
6,27,-10.0,0.5927670006309883,0.0,1.4101888435355914,1.9439424616467962,2.1088126430413308,1.172745991897119,1.0
6,28,-10.0,0.4173795855744581,7.815118930331072,0.41741333709492373,7.923522234402536,0.10840330932575548,1.5704849754051569,1.0
6,29,-10.0,2.9188328752238166,6.929979767798755,2.7741181183317947,7.206663233767113,0.3122436567851791,2.052700583807213,1.0
6,30,-10.0,-1.4842127338556215,0.0,-1.5542896840374951,1.0045619271346693,1.0070031997939795,1.6404422169275437,1.0
6,31,-10.0,5.0022718934044175,0.0,4.847234315263693,0.6929590969154353,0.710090811540043,1.7909041644496255,1.0
6,32,-10.0,4.99941377150368,0.0,4.311148346026608,2.499040340476191,2.5920864027332295,1.8395454290042021,1.0
6,33,-10.0,5.336785274614238,0.8930353407494835,5.252841813883165,1.7118588267465786,0.823115062321146,1.6729565936906674,1.0
6,34,-10.0,1.161575690340277,0.60932146448529,3.5587195590093414,0.9693620383796746,2.424031340958257,0.14908128375659516,1.0
6,35,-10.0,-5.291897878732934,2.778332829915347,-5.31552595813173,3.9276871343030053,1.1495971482004093,1.5913511301259209,1.0
6,36,-10.0,-1.4799872242039038,2.9501414254213865,2.3173414635171614,4.984731777692934,4.3080463163881895,0.49187201794082835,1.0
6,37,-10.0,-0.7854855350639849,0.0,-0.4469296844638089,1.0905979656446478,1.1419386965349116,1.2697971298267146,1.0
6,38,-10.0,-1.0686019083055462,4.656424146162274,-0.22995132890035358,7.940518122309256,3.3894849223003725,1.3207723964338844,1.0
6,39,-10.0,-2.251680528243827,5.58811239171353,-2.2895928181278524,6.291471182883859,0.7043798200124964,1.6246459941654907,1.0
6,40,-10.0,-1.761215346756504,3.2814542366818764,-0.1904317376905249,4.987327493781582,2.3189145555190906,0.826602718060492,1.0
6,41,-10.0,2.0940807326107045,0.0,1.3372053661799206,1.8739074028841238,2.020987203050444,1.9546621564632516,1.0
6,42,-10.0,-2.171110916768917,2.930331001669851,-2.624212810151405,6.003542040465971,3.106433230372918,1.717177740944719,1.0
6,43,-10.0,5.519587922281832,2.5498623177987936,5.5244865773330725,2.565851685486524,0.016722939345835085,1.2735062200678557,1.0
6,44,-10.0,-3.7558956961409513,3.0981726219981014,-4.47509454718666,5.6522827131113145,2.6534365160809505,1.8452741075545238,1.0
6,45,-10.0,0.5804222734683357,5.9087056225709365,-0.03179226815862973,7.846295575507087,2.032009220131304,1.8768366449135996,1.0
6,46,-10.0,1.9903176201421626,0.9607127585687482,1.8415999471694842,1.8450425126930736,0.8967474897004164,1.7374072814358834,1.0
6,47,-10.0,-4.835005518204503,4.739927906493627,-4.956200659737659,4.857003675588403,0.1685081542251741,2.3734813762827662,1.0
6,48,-10.0,2.4064282111209367,2.2849167617134136,-2.195221809879238,0.0,5.137706445850116,-2.6807145271616424,1.0
6,49,-10.0,0.9094356454284416,0.21407385619258493,-3.016703424662382,0.10479476903304205,3.9276595978501065,-3.11376610995023,1.0
6,50,-10.0,-5.3462589685526885,2.184059034166637,-5.518549217417796,1.9163741008335318,0.3183381117421376,-2.1426809892772254,1.0
6,51,-10.0,5.085213984026877,0.14045723575717145,0.28284979497942686,3.5402977932962036,5.884013733917749,2.52555007508913,1.0
6,52,-10.0,4.428767262949911,1.8529451348664647,-2.0751853982084643,0.0,6.7627513551375245,-2.8640503920175693,1.0
6,53,-10.0,4.79516705772694,5.159809775696531,4.337351969040571,5.095538644303101,0.4623044816562987,-3.0021175046927615,1.0
6,54,-10.0,2.2174595214966644,3.657319784772576,-1.6716629931979805,0.32603923446131455,5.120810877115742,-2.4333004361254567,1.0
6,55,-10.0,4.897403235097993,4.996548904661544,-5.535396842904936,2.3322095713357234,10.76763769592407,-2.891555929629155,1.0
6,56,-10.0,5.538188478490936,2.2724270082115257,0.6519730055862376,0.0,5.38878707644888,-2.7062783057667836,1.0
6,57,-10.0,5.445471311985629,1.3547580380514603,3.616053928452714,0.0,2.2764308258406314,-2.5041730320340463,1.0
6,58,-10.0,2.1675046051947975,7.501248383568703,-0.5157432968598865,5.475624177390836,3.3619894004197244,-2.4949533311465926,1.0
6,59,-10.0,-2.227146470119883,2.882453110399179,-5.150113664471458,2.0020396672854415,3.0526816162303763,-2.849030373538487,1.0
6,60,-10.0,5.464775524746164,1.5031141780032655,2.2387144638774417,0.0,3.559047934570123,-2.7055717254116534,1.0
6,61,-10.0,-0.5086644209463227,6.9841484096312225,-5.500482999605038,1.7775321614352768,7.21298173283562,-2.335135776754519,1.0
6,62,-10.0,5.500182723915877,1.7752244919789806,0.37214829562672236,0.25689842011729613,5.348088551829879,-2.8537328957376804,1.0
6,63,-10.0,5.3294297653362985,3.866295181348463,0.943509201503579,0.0,5.846754451964702,-2.4190794488364524,1.0
6,64,-10.0,2.5776751660471593,5.830851845293047,-5.511461875919626,1.8619066827506674,9.010364242747778,-2.6854519801068784,1.0
6,65,-10.0,-1.2959104526750376,7.78738997870846,-5.487704528662357,1.6793274510407636,7.4080743393530195,-2.172249526547197,1.0
6,66,-10.0,2.927262564278422,4.304164557457687,1.1657649268971537,0.0,4.65066731385666,-1.9592549607601715,1.0
6,67,-10.0,1.7353057402693572,1.371135469784873,-0.9775542762879041,0.0,3.039674644750199,-2.673617934878103,1.0
6,68,-10.0,3.7397723831721654,6.492490862349511,-5.050455623952892,0.03647724385886543,10.906338535887398,-2.5081157834616192,1.0
6,69,-10.0,-4.690963719831581,0.96793973437188,-5.350627321385371,0.9344439661292405,0.6605134621679425,-3.0908591810386774,1.0
6,70,-10.0,0.8975607299836472,7.8799905804592445,-3.2056279267466596,6.910170257195408,4.216243424203094,-2.909494417079823,1.0
6,71,-10.0,0.16180523889091525,1.754005689516018,-5.151778021775373,0.33958423976641244,5.498613925849383,-2.8814355600504573,1.0
6,72,-10.0,-4.666641122915997,4.363341280505874,-5.231539565076005,4.203535758351304,0.5870673341839922,-2.8659037724507765,1.0
6,73,-10.0,-0.3639522102901598,3.1241783295261287,-5.273611456418044,0.7040502134234731,5.473734923380891,-2.6836154210610164,1.0
6,74,-10.0,-2.527109155698971,3.064093923145796,-5.189444566825953,0.4522640969535736,3.7295689941772054,-2.3657702313670446,1.0
6,75,-10.0,1.1009158073848064,3.171482773309857,0.8632352378151575,3.96351677339098,0.8269279959195098,1.8623346299417,1.0
6,76,-10.0,3.711014270759964,5.36217422704301,2.144748705235402,7.512299159809645,2.6601174876784492,2.200364326766488,1.0
6,77,-10.0,-3.357420735457493,0.0,-4.963843944119007,4.838863699621721,5.0985485609968615,1.8913315957854007,1.0
6,78,-10.0,2.0808698725996932,4.155030582694965,0.8068221948033818,5.784971008361802,2.068792709896562,2.2342494709840204,1.0
6,79,-10.0,-4.284893696133872,0.0,-5.425288123382678,1.1996468200910861,1.6551893978197143,2.3308788106478566,1.0
6,80,-10.0,-3.798821315364714,3.1054253914008187,-4.456122675870516,4.414276789181458,1.4646286423510606,2.0362000609926723,1.0
6,81,-10.0,-3.4270743856396946,0.9618543497944607,-4.575487738981098,3.5919296858417527,2.869869248488008,1.9824902156809783,1.0
6,82,-10.0,4.697397403122881,0.0,-0.23545381585294534,6.326115241923375,8.022016903662479,2.233073347122569,1.0
6,83,-10.0,2.8175928521916944,0.0,1.823423963113492,0.7333794522547409,1.2354016355017712,2.50602246707705,1.0
7,1,-7.0,-1.2097323534879116,7.811356272712875,1.0608795368085604,0.0,8.13467670996251,-1.2879109620832483,1.0
7,2,-7.0,-0.7923909736996502,6.968451904914556,-2.8480126602447644,4.262598452033949,3.398120572707873,-2.220473028963567,1.0
7,3,-7.0,-4.07918577344542,4.730425246145172,-4.467419396235918,2.8570172001154766,1.9132127568030264,-1.7751377683534584,1.0
7,4,-7.0,0.12470104677944283,4.529347055965942,0.6724419369529834,1.7601610394733005,2.822837451343326,-1.375518469935193,1.0
7,5,-7.0,1.066748810431104,2.5704594778843695,0.9186603835569322,0.0005828461749781688,2.574139872730321,-1.628357392678723,1.0
7,6,-7.0,4.135753699123099,6.073400094494152,2.842580167707695,0.0,6.209548010133666,-1.7805875058624252,1.0
7,7,-7.0,2.1723425589525696,6.222563454590552,2.420053978756116,3.935824666501401,2.30011635193799,-1.4628918842180352,1.0
7,8,-7.0,-4.573876006257817,5.5002946675625894,-4.5062182843365965,4.272712183955788,1.2294455341306554,-1.5157374274770583,1.0
7,9,-7.0,-4.829226323788701,0.8615578920474052,-5.080841858107736,0.1273779760716451,0.7760995594205861,-1.9009677821125668,1.0
7,10,-7.0,2.7383571867851613,5.517628728402448,2.8178128910071045,4.414225995374011,1.1062598249001134,-1.498910703269934,1.0
7,11,-7.0,-4.1445335715009115,5.535423799547554,-1.5832290985403215,2.947493814437128,3.641107278156135,-0.7905688883034779,1.0
7,12,-7.0,-0.7339991325069385,5.2577448789864265,-1.504013548654362,2.893702626514542,2.486285979638545,-1.8856787578940255,1.0
7,13,-7.0,-3.450393308986699,5.353565512282233,-3.575048561816002,3.680432654816746,1.677770094735439,-1.645163027231194,1.0
7,14,-7.0,-3.9627746378872106,6.256474206014178,-4.729376678371058,4.439524621279186,1.9720508314804308,-1.9700528073861223,1.0
7,15,-7.0,-4.488161914870269,5.6321768785410065,-4.109987299679943,5.07486755105387,0.6735055501467786,-0.9745966588153335,1.0
7,16,-7.0,0.9230812687361016,7.622370228030286,1.1384906444320928,7.831168728089749,0.29999668792308065,0.7698153774231736,1.0
7,17,-7.0,-1.6250003311491938,1.3657599030278895,-3.7596631149498445,0.9890264486252213,2.167651562454102,-2.9669076170541095,1.0
7,18,-7.0,4.261952145886863,4.614825667235532,2.7208311578682522,7.089308961662901,2.9151537650888306,2.1278157800513586,1.0
7,19,-7.0,-3.8349486940854822,0.0,-5.4380387992111565,1.2976379203320094,2.0624650439305454,2.4611097505062025,1.0
7,20,-7.0,-3.972958221767218,2.138907131322508,-2.616107344142997,3.259775086013528,1.7599401341985612,0.6904425770316691,1.0
7,21,-7.0,2.8195581619983447,7.1026036858828,2.8471659966141867,7.17118954302253,0.07393383752901773,1.1881112019264337,1.0
7,22,-7.0,-4.694200150824758,3.267221456941406,-5.4603231676345985,3.2883382607924436,0.766413984926354,3.1140364281097397,1.0
7,23,-7.0,-0.7555815865744776,0.1280207416443545,-1.5152050362030525,1.5201405627038125,1.585883155031364,2.070301017890457,1.0
7,24,-7.0,-4.975010438788873,2.4649347515341358,-3.8884272596648994,2.2980027305365915,1.0993312989219792,-0.15243838771556015,1.0
7,25,-7.0,-5.2360122374025355,4.192920666139361,3.60828089869748,6.614790744759202,9.169895078733449,0.2672820682671794,1.0
7,26,-7.0,-5.49783687670552,1.7571962594184298,-4.676756515236859,3.1622610547838645,1.62738441653004,1.041947351512229,1.0
7,27,-7.0,0.5243061701783036,0.8542089256126657,-0.48936082576783146,3.0082077569857146,2.3805948299168684,2.0106466963532825,1.0
7,28,-7.0,5.163324142623172,0.8900682524817438,5.346547568544849,0.9222393435175404,0.1860263500284559,0.1738121985181657,1.0
7,29,-7.0,-4.290505942467632,2.864984106937529,-5.089175667013997,4.541411148107851,1.8569547526189345,2.015395983633292,1.0
7,30,-7.0,4.0062836045607435,0.30783733881547304,2.669123933179491,1.537586873280195,1.8166672519436848,2.3980142449118738,1.0
7,31,-7.0,-3.2230988212238576,1.2459461326204093,-2.3968915959741905,3.3545525254375375,2.2646940850552015,1.1973561301369993,1.0
7,32,-7.0,0.6646369156824639,1.542054055970283,-1.5883540253852497,3.6393831482584496,3.078109403821035,2.391960931677938,1.0
7,33,-7.0,-2.7779336804496864,4.335105304566558,-3.1924892567562337,6.784470404384353,2.4841992106214614,1.7384576715309668,1.0
7,34,-7.0,4.927878100161867,0.1656506527938173,4.971805944237077,1.3064479078911937,1.1416426904784196,1.5323090740502652,1.0
7,35,-7.0,2.2612001952163894,0.0,1.4895588605140226,7.733535986574351,7.771937287772063,1.670245758998335,1.0
7,36,-7.0,-4.746961616514527,3.1220074696465208,-3.6892889286036965,5.7011803079769265,2.787616193943105,1.1816287880907685,1.0
7,37,-7.0,-2.024762301694672,0.0,-1.037542028152,1.242570436855653,1.587005091057151,0.8994190086566578,1.0
7,38,-7.0,-4.920398426652622,1.977220422891282,-4.979341792934734,4.773443173139667,2.7968439336929958,1.5918728444241226,1.0
7,39,-7.0,-2.2507499913871225,0.2043900324426149,-0.523133803016291,7.85006713287055,7.838433262988789,1.3485684562895246,1.0
7,40,-7.0,2.319731485107675,1.5259742084082104,3.6049363568090182,3.0255793068643335,1.9749853198341667,0.8622357652491403,1.0
7,41,-7.0,4.752312214352237,3.0488422365538543,4.961967397770894,4.843317348597311,1.8066809966559363,1.4544899036485481,1.0
7,42,-7.0,2.3229205094156384,4.197325839262954,3.119553956254297,6.002397247189912,1.9730452697131537,1.1551751279565146,1.0
7,43,-7.0,3.195649859463743,0.0,2.7461170375584305,1.6322200923150925,1.6929920814130355,1.8395454290042024,1.0
7,44,-7.0,0.535535511869522,0.0,3.1508324724989913,2.626064867701217,3.706210312657978,0.7874525706823203,1.0
7,45,-7.0,-3.239943318131249,3.35531351772697,2.954860368749659,6.674459383687871,7.027967131291852,0.49187201794082835,1.0
7,46,-7.0,4.526986065131972,0.0,4.863437894986758,0.9228852529228037,0.9823019005758978,1.2212052251366399,1.0
7,47,-7.0,1.4953522775933874,0.7709460511155872,2.7049288999244543,7.240263072589988,6.581423731201954,1.3859591685201218,1.0
7,48,-7.0,-2.822422856006167,0.0,-3.1911007127259756,1.600777541093113,1.6426844182933085,1.7971607696740568,1.0
7,49,-7.0,-3.8138518138549555,2.928366273246188,-4.548892328164684,5.538735286274836,2.711883283228994,1.8452741075545238,1.0
7,50,-7.0,-0.13127549235657465,0.08039985563758467,-0.29319473754853853,0.0,0.18078157746319112,-2.680714527161642,1.0
7,51,-7.0,-0.13980180529307826,7.948691358117565,-2.9836285969261436,7.073025267269833,2.9755910208680496,-2.8428873588584027,1.0
7,52,-7.0,2.6839180205000472,1.146817398986526,-4.840321751973668,0.9373897553838675,7.527153784238785,-3.11376610995023,1.0
7,53,-7.0,-2.0475726541806982,3.452947294030203,-5.4179852813713625,1.1435232441174685,4.085721566607496,-2.540865292129468,1.0
7,54,-7.0,5.49472920437152,1.733313271936561,-1.0974030547175055,1.3576711703444935,6.602826266820192,-3.0846708119632664,1.0
7,55,-7.0,3.2169030284258944,0.0,-0.7479881980010283,2.806950382601176,4.8579144586727825,2.52555007508913,1.0
7,56,-7.0,3.6349388863933996,6.5952348890803005,2.0598491077005505,3.5694537155728256,3.411196200879533,-2.050753497523122,1.0
7,57,-7.0,4.01545779085039,4.803991359922867,-1.592989374168141,0.0,7.384647086287736,-2.4333004361254567,1.0
7,58,-7.0,5.039445842329906,4.6594360415421665,-5.524436741803456,1.9616207214838288,10.902927256131612,-2.891555929629155,1.0
7,59,-7.0,5.521053304115147,2.6393748465690883,-0.15418034145367307,0.0,6.258959698903481,-2.7062783057667836,1.0
7,60,-7.0,5.538424013600671,2.267383050240672,2.476630061667972,0.0,3.80993544572744,-2.5041730320340463,1.0
7,61,-7.0,2.2317096629023823,7.470068965152851,1.6152040012360693,7.0046595668782015,0.7724539720067404,-2.494953331146592,1.0
7,62,-7.0,5.438215196037117,1.2989935597731948,2.6502483184507573,0.0,3.0757346405128763,-2.7055717254116534,1.0
7,63,-7.0,0.44227634273683947,7.418462898382977,-5.436604392191071,1.2866142597839492,8.494751698678147,-2.335135776754519,1.0
7,64,-7.0,5.516540383975792,2.7360185254426668,2.406813886479563,1.815280007881098,3.2431710264726457,-2.8537328957376804,1.0
7,65,-7.0,-4.194006271476748,4.849265395174917,-5.372245646091277,3.677242607593472,1.6618921260124608,-2.3588395451293374,1.0
7,66,-7.0,5.002531916621529,4.747044678324011,-0.38250980821450176,0.0,7.1786563893412065,-2.4190794488364524,1.0
7,67,-7.0,5.230788866696095,0.5759459955353208,4.62030535121633,0.0,0.8392877411506164,-2.3852967408187036,1.0
7,68,-7.0,0.2582025256565963,4.873945812557656,-5.533618197645579,2.0321817624738006,6.451419239765892,-2.6854519801068784,1.0
7,69,-7.0,-0.7342929708164405,0.24055028374576204,-1.193661404719542,0.0,0.5185400631356797,-2.659201122156975,1.0
7,70,-7.0,-2.2463014655352658,7.46298285798347,-5.518457251383929,2.6949690247834908,5.782815871221325,-2.172249526547197,1.0
7,71,-7.0,2.7223841802998283,2.2568867160381636,1.8290220791136411,0.07398427478484981,2.3586349679137455,-1.9592549607601715,1.0
7,72,-7.0,-1.9602172902529467,7.60191176049932,-5.522770342936515,2.602604652694236,6.1387992157534725,-2.1899349159341663,1.0
7,73,-7.0,0.24598096024690097,0.5677607437349943,-0.8773620314497116,0.0,1.2586706237615977,-2.6736179348781026,1.0
7,74,-7.0,1.8235776053922446,7.640644735569211,-5.540057735617589,2.2323970763930885,9.136315897469451,-2.5081157834616192,1.0
7,75,-7.0,-4.502763579229024,2.7010681297796904,-5.478428140980545,1.6080368428071248,1.4651411984374374,-2.2995206004637128,1.0
7,76,-7.0,3.013593823118892,7.051043276524871,-4.760172383923372,5.2136536055612845,7.98795604924789,-2.909494417079823,1.0
7,77,-7.0,-0.17886376524425174,1.2316075022881918,-4.8056664830820495,0.0,4.787918172805775,-2.8814355600504573,1.0
7,78,-7.0,-1.4982386149905,4.31784646570492,-5.535607509447599,2.3276981709408777,4.501226257930384,-2.6836154210610164,1.0
7,79,-7.0,-0.21161604855972072,3.617487221680193,-3.211538041834256,3.390981446267074,3.008460874272384,-3.066231754860636,1.0
7,80,-7.0,3.129301121615188,6.9661623299133035,-0.32997553340517793,5.9948461552309755,3.59305581464697,-2.867855316853596,1.0
7,81,-7.0,4.770744842339116,5.197386511449053,3.2602856488601235,6.052783377893753,1.7358544795830735,2.626309290715553,1.0
7,82,-7.0,-4.2178732972769275,4.560651681329448,-4.7223063502256775,5.2719153938413,0.8719798011670561,2.187674654506726,1.0
7,83,-7.0,3.7185034130165504,0.0,2.7737397541664395,0.9756004496626343,1.3580775414039445,2.3401380868056565,1.0
7,84,-7.0,-4.81771716239234,0.6086001588619907,-5.540628403146964,2.220176295224919,1.7662894171974914,1.9924638024607433,1.0
7,85,-7.0,0.6048253700359402,5.476135792229659,-1.6230953396275072,6.335158802554462,2.387792122613433,2.7735860724830554,1.0
8,1,-4.0,-0.12300640540122794,7.95021408123709,-0.3667740513267722,7.081641725184472,0.902131145066435,-1.8444106763687536,1.0
8,2,-4.0,0.24270288614651359,7.93936202652388,2.5505236011953465,0.0,8.267980759594078,-1.2879109620832483,1.0
8,3,-4.0,0.8775886695894749,7.6904288529112925,2.311035082561985,5.232739237521802,2.8451725544256714,-1.0427843771550664,1.0
8,4,-4.0,-4.432665486810158,1.793512672078938,-4.37203221045056,0.6181803988395792,1.1768952148428926,-1.5192538184932003,1.0
8,5,-4.0,5.320960372074276,1.9960449958520914,4.807779554567595,0.0,2.0609585577888265,-1.8224449942891061,1.0
8,6,-4.0,-4.663429792169762,2.111840045244794,-4.814006436405826,0.9792173841588113,1.1425880352055537,-1.7029663975431364,1.0
8,7,-4.0,2.448065671997948,2.0883071656066314,2.4820555071944077,0.0,2.0885837610258022,-1.5545215015482186,1.0
8,8,-4.0,-0.2931671179128221,7.934786782533595,-0.28069563766695815,7.831630827822109,0.10390711627199131,-1.4504809849955527,1.0
8,9,-4.0,1.2154220931354525,5.705667726678362,2.1288571584375586,1.0876600971818249,4.707478952115632,-1.375518469935193,1.0
8,10,-4.0,-2.9148169359313765,4.88083786409347,-2.713033074292198,2.8489580252322764,2.0418747283779703,-1.4718119248823396,1.0
8,11,-4.0,2.582312198918502,5.621657575659796,3.8981955948271967,2.953405748771539,2.9750826750395896,-1.1126331655546433,1.0
8,12,-4.0,-1.9608868578672862,0.3555662190694491,-1.906037232345826,0.0,0.35977189657224184,-1.4177427994892353,1.0
8,13,-4.0,4.489093102513751,5.630744125964736,3.2901717153863923,0.0,5.75696898589855,-1.7805875058624252,1.0
8,14,-4.0,4.25609384467528,1.0985869128912222,3.7973006672085843,0.0,1.190539535196481,-1.9664004952238987,1.0
8,15,-4.0,1.9884500621480072,7.588201292206237,2.066247374951863,3.8557303606208255,3.733281623050901,-1.5499559636927664,1.0
8,16,-4.0,1.7822793071914762,5.790027289150139,2.235040824217634,3.6193331310538777,2.2174097770355985,-1.365165369028792,1.0
8,17,-4.0,4.06090948803558,1.3907325754764204,3.7458265759146028,0.0,1.4259783792196543,-1.7935941039399892,1.0
8,18,-4.0,-4.123322368165923,6.086556917370495,-3.047219531952737,4.500722956370375,1.916472453746047,-0.9745966588153339,1.0
8,19,-4.0,0.9812326280837456,0.0,1.6159705963478537,4.632689348161758,4.675970795987445,1.434631306947801,1.0
8,20,-4.0,2.4251329391676957,3.8034127712843278,-0.26303053550666755,5.425877700928486,3.139843199030577,2.5985604396948285,1.0
8,21,-4.0,3.0259315492611956,3.4946037122599796,2.0170005809485945,1.7726760853514643,1.9957395749774052,-2.1008068224415655,1.0
8,22,-4.0,3.307909417495166,3.2578520192618017,4.612533704998254,5.440814800265447,2.5431026394524685,1.0321144638462179,1.0
8,23,-4.0,5.539674609750769,2.2406016738815864,4.939110719451251,3.362178833252342,1.2722469535250869,2.062410799685757,1.0
8,24,-4.0,-5.2572677200484,0.9766449455522666,-3.2578857411793396,2.909725952412239,2.781066427920974,0.7685398506406054,1.0
8,25,-4.0,-1.0820828421448918,3.028370147244559,-1.7061825162263236,4.311227043190312,1.4266121472439952,2.0235792929325687,1.0
8,26,-4.0,-4.709941629652091,1.8350806803762123,-5.531845585920323,2.408259341555586,1.0020278893128427,2.5326278329128837,1.0
8,27,-4.0,4.207772705636385,4.371306099554181,3.412855480546368,6.757839265058411,2.5154391157005684,1.8923229216140127,1.0
8,28,-4.0,-1.9077639336490866,6.783318548752856,-2.245979740548532,7.4631390948647125,0.7593062010496594,2.0324479325906153,1.0
8,29,-4.0,-1.2686841710222816,2.8876769153627158,-2.4403998695765856,6.046505379522374,3.3691415737875823,1.92599720023973,1.0
8,30,-4.0,3.5565776295205977,0.0,3.120053886493185,1.1340979795910975,1.2152082971817104,1.9382253176938995,1.0
8,31,-4.0,-2.9588417582781723,0.0,-3.134359825254924,2.637476893526394,2.6433106052299062,1.6372460667003965,1.0
8,32,-4.0,5.173393737530748,0.40424787592001443,3.4964446965560625,3.6461601845657787,3.6499525343454575,2.048165520244336,1.0
8,33,-4.0,1.3430283143872304,1.6759223586187582,1.2110477280910912,3.2743993553315875,1.6039163270504915,1.6531759254979936,1.0
8,34,-4.0,-3.9863239351074045,1.4919118752508287,-2.685270070654327,7.249809841727253,5.903061083078984,1.3485684562895246,1.0
8,35,-4.0,-4.037028523284192,5.897000446205673,-4.0505257497684894,6.163601943164676,0.2669429401642791,1.6213801112179915,1.0
8,36,-4.0,3.4371440568704186,1.6545770950108338,2.3822683456163203,3.889282229114005,2.4711677002139925,2.011828812489994,1.0
8,37,-4.0,-1.4118022849105063,0.0,-1.615278652539582,0.8269485975306584,0.8516141233806809,1.8120603612524135,1.0
8,38,-4.0,-2.8632036993338827,6.1545213072249885,-2.7690287142617658,7.209134762719076,1.058809930215293,1.4817344495853246,1.0
8,39,-4.0,-5.446917059534528,1.365868852481461,-0.18082961979397183,6.65363824308131,7.462719480937089,0.7874525706823202,1.0
8,40,-4.0,1.320546926896805,0.0,0.7846164323496324,1.2509305488431977,1.360899971715306,1.9755647874298032,1.0
8,41,-4.0,-4.292805848868326,1.5161067951914957,-5.3504989666100755,3.773264589485504,2.492684504637612,2.009005896279469,1.0
8,42,-4.0,2.1427097447057633,0.0,2.789551148365603,1.6296214812680863,1.7533025904558013,1.1929415533503194,1.0
8,43,-4.0,5.399233863587112,1.0798509373897862,5.277165628979403,1.188746902089109,0.16358173806399912,2.4131644289891208,1.0
8,44,-4.0,-4.713297146195361,0.0,-5.4650760430186995,1.5054237117538236,1.6826978521468359,2.0339480274074297,1.0
8,45,-4.0,-3.5538134744708274,0.0,-3.4477269157758825,1.472503855952732,1.4763204136404129,1.4988755770334494,1.0
8,46,-4.0,-0.9457431652245403,5.361864546568837,-0.9039631347351944,7.872947818674151,2.511430821343646,1.554159612173413,1.0
8,47,-4.0,0.5442006158421719,6.220830321487636,-5.1159016929769106,4.477981679248198,5.922354222440174,-2.8428873588584027,1.0
8,48,-4.0,-1.8855401465492818,0.8919661097363658,-5.473911902325742,1.5733287849215771,3.6524877758576806,2.95394581678643,1.0
8,49,-4.0,1.112895718195389,1.9864430744036494,-3.318435401908689,1.8631026091115102,4.433047300264384,-3.11376610995023,1.0
8,50,-4.0,-0.8184282292640077,6.583899855219666,-5.429518092454918,3.4243573883858276,5.589710039541267,-2.540865292129468,1.0
8,51,-4.0,5.337644622411425,3.8300226617670132,-3.861649485210722,3.3058156167724024,9.214217552486677,-3.0846708119632664,1.0
8,52,-4.0,2.623290029210343,2.09797083152458,-5.279864082022386,0.7227550072715947,8.0219114598187,-2.969309207053389,1.0
8,53,-4.0,5.5091924048418335,2.893374674867812,0.6123116215559956,0.0,5.687799083554247,-2.6079202893043205,1.0
8,54,-4.0,1.1501925338826822,0.0,-1.3549182083134212,1.773496712696078,3.0693436465489015,2.52555007508913,1.0
8,55,-4.0,3.68465692355219,6.550822857730067,2.1751258603374235,3.650981379683976,3.269214680715667,-2.0507534975231225,1.0
8,56,-4.0,5.366820366195451,3.701197810886301,4.547775597969414,3.4698749175354773,0.8510843749867811,-2.86633194699427,1.0
8,57,-4.0,3.9650554134992637,4.3673903330183235,-1.1336793877513438,0.0,6.713508389391196,-2.4333004361254567,1.0
8,58,-4.0,5.181488449561819,4.3223231784227885,-5.477413822237169,1.6002416317143644,11.000996572433435,-2.891555929629155,1.0
8,59,-4.0,5.503918129739358,3.0063226849266522,-0.9603336884935859,0.0,7.129132321358084,-2.7062783057667836,1.0
8,60,-4.0,5.500339002102356,3.082969302043027,1.3372061948832303,0.0,5.180383623621311,-2.5041730320340463,1.0
8,61,-4.0,-4.375879731897515,2.5109625216033162,-5.539687233087058,2.2403313465500547,1.1948594614998687,-2.9131137296343748,1.0
8,62,-4.0,-4.394358654308239,4.503887713052986,-5.250920726473964,4.157538019104113,0.9239354382051375,-2.757343094498287,1.0
8,63,-4.0,5.290048616719638,0.7532221476388093,4.110312691535338,0.0,1.3996858422031981,-2.5733679483678458,1.0
8,64,-4.0,5.402890329392038,1.0907892924779858,3.0617821730240737,0.0,2.5827521523361927,-2.7055717254116534,1.0
8,65,-4.0,1.0900916718902032,7.536608482396934,-5.321950386162023,0.8486566192623296,9.265148864310614,-2.335135776754519,1.0
8,66,-4.0,-4.326639416365105,4.2626312352815106,-5.4997437580183846,3.095716387372797,1.6546492252666698,-2.3588395451293374,1.0
8,67,-4.0,4.55825827276603,5.524324569647836,-1.7085288179325797,0.0,8.354087765337487,-2.4190794488364524,1.0
8,68,-4.0,5.512323612214274,2.8263202200039093,2.5165185937666426,0.0,4.118608222999483,-2.3852967408187045,1.0
8,69,-4.0,5.36927189034884,0.9902193860754758,-1.3329118288526187,1.0011127804761997,6.702192571984982,3.13996730500722,1.0
8,70,-4.0,-4.280356347241295,2.828242356551895,-5.541120081405673,2.2096470604331473,1.4043451619044187,-2.6854519801068784,1.0
8,71,-4.0,-0.11077876533326325,0.05300860930877582,-0.21200700527701558,0.0,0.11426753354719935,-2.659201122156975,1.0
8,72,-4.0,-3.5033004848251768,6.691802627509541,-5.26431988686408,4.125737495229379,3.112214580883115,-2.172249526547197,1.0
8,73,-4.0,1.3578681900518972,7.770159413590078,-4.0998612478098,0.11136383421586338,9.404464915323157,-2.1899349159341663,1.0
8,74,-4.0,-1.5537066109315845,7.715696374645908,-4.577323311078205,5.494990543418361,3.751505342959486,-2.5081157834616192,1.0
8,75,-4.0,-3.380950157973004,2.17618687006655,-5.115967602409908,0.23245700166973374,2.6054503130549755,-2.2995206004637128,1.0
8,76,-4.0,4.702867993023254,1.6741404341137942,3.5612457573582414,0.0,2.0263384520112884,-2.1692816208818106,1.0
8,77,-4.0,1.3504503774422487,7.772222321446591,0.36915674926869224,7.518588832884348,1.0135418744256577,-2.88865965874715,1.0
8,78,-4.0,4.202342526047839,6.002925146605615,-5.357253329825128,3.7434408482155486,9.822990492833375,-2.909494417079823,1.0
8,79,-4.0,-3.7032794431252656,1.481764042314118,-5.193716096541898,0.46504242206188917,1.804196295012294,-2.542938003605129,1.0
8,80,-4.0,-1.4891128170811108,0.45111703543613424,-3.1838325404840555,0.0,1.7537335945210264,-2.8814355600504573,1.0
8,81,-4.0,-4.0390246526294655,4.818205934964027,-5.2172651738936295,4.237413486833996,1.3136097570259302,-2.683615421061016,1.0
8,82,-4.0,0.8320848815137174,3.6690801989650916,-4.251153266401425,3.285275953093257,5.097706912678387,-3.0662317548606364,1.0
8,83,-4.0,3.49303156332531,6.699335737252108,-4.315451877889812,4.506823538152865,8.110457656318154,-2.867855316853596,1.0
8,84,-4.0,1.6500280579571391,4.627888665231971,0.2608108042044921,6.1050650587239765,2.0278004526121634,2.325517773316679,1.0
8,85,-4.0,2.1604276532573796,0.8480812919762757,0.15918623864573922,3.1264797166204055,3.0325017033758863,2.291523041387106,1.0
8,86,-4.0,0.6715783928062489,0.5296341652405401,-1.1300072127715526,3.808038003160809,3.7408077227673013,2.073279639407342,1.0
8,87,-4.0,5.112200958340489,3.4476042755279823,3.6553787957524477,4.378121531057237,1.7286391110481658,2.573180344472497,1.0
8,88,-4.0,-0.9709387678951626,1.6628540475752862,-2.3183537889756014,3.228448002809138,2.0655778057720253,2.281435940312305,1.0
8,89,-4.0,5.436462940671033,1.285527180929013,5.246856795866246,2.155142358882837,0.8900455313496016,1.785471136507617,1.0
9,1,-1.0,1.2313072447245768,7.805356254246832,0.7594901966855707,6.124217465360134,1.7460924816056207,-1.8444106763687533,1.0
9,2,-1.0,1.818791446747205,7.641975775431087,4.040167665582133,0.0,7.958285371729323,-1.2879109620832483,1.0
9,3,-1.0,-3.7105950739261147,3.343162409219243,-3.797599144084737,0.7322493031623261,2.612362332373506,-1.6041072352233139,1.0
9,4,-1.0,4.184603694914233,1.3513368713313274,4.206598408291615,0.0,1.3515158553402522,-1.5545215015482183,1.0
9,5,-1.0,2.3817172213874653,3.9607746389225267,2.095288609245388,1.285577932770217,2.6904867155334187,-1.6774582319564906,1.0
9,6,-1.0,-0.46347776276881253,7.919345890498078,-1.095023419764497,6.450682552159443,1.598693816291942,-1.9769061200750648,1.0
9,7,-1.0,-4.576479421018991,4.671581892293556,-3.370843562246227,2.222651124738213,2.7296189712555012,-1.113318716681446,1.0
9,8,-1.0,-2.49927867573749,0.8950823961417631,-2.7640066747713687,0.0,0.9334095614227237,-1.858357074584626,1.0
9,9,-1.0,4.826233603369651,5.112009878847623,3.7377632630650894,0.0,5.2266062299697325,-1.7805875058624252,1.0
9,10,-1.0,-3.2060443671138295,0.14938894998214725,-3.269455901623599,0.0,0.16229011394922427,-1.9722202818221723,1.0
9,11,-1.0,4.056143899792922,1.929115747108421,3.9114727094062647,0.0,1.9345328425926436,-1.6456497359155446,1.0
9,12,-1.0,-0.2543079165006381,3.017883315541476,-1.0821791656322877,0.9736846259308851,2.2054747987098953,-1.9555933233130798,1.0
9,13,-1.0,-0.6259331345988307,2.0476288911995457,-1.4135438762196033,0.0,2.1938812083591728,-1.9379961834263917,1.0
9,14,-1.0,1.587864186383338,7.706197087663758,1.8751620893584942,6.612780292410503,1.1305310138142262,-1.3138518682445406,1.0
9,15,-1.0,2.201425643760622,7.484775565191045,2.2577935647111502,4.780419606879301,2.7049433435413244,-1.5499559636927664,1.0
9,16,-1.0,1.6588829063519934,7.686446645977986,1.502121798444922,6.377068004218245,1.318729112611395,-1.6899509478554373,1.0
9,17,-1.0,3.4221065013483254,3.2250828942761744,2.4277911062807562,4.581295291217927,1.6816584583341736,2.2034299007740863,1.0
9,18,-1.0,1.2692548316000545,0.42698949595315705,3.5233031794631966,3.40257835073971,3.732942939188129,0.9225039757727478,1.0
9,19,-1.0,-4.654312644913824,3.637131632207704,-4.82991982359476,5.106338152465521,1.4796640430761172,1.6897571501825368,1.0
9,20,-1.0,0.7569045262334244,1.0694783898618214,0.2684835952530369,3.172893434751545,2.1593771918977445,1.798956764886467,1.0
9,21,-1.0,-0.3368018384225309,0.0,-0.3315647402533539,0.010653505303174993,0.011871157166779268,1.1139037472815883,1.0
9,22,-1.0,-4.028617774972317,2.755781567721093,-3.3547970800353957,6.800742251348402,4.100700094010287,1.4057292941806405,1.0
9,23,-1.0,3.0832518748872415,2.914516433447174,2.2182619768896883,1.3528463196732226,1.7852229742787213,-2.076619450391044,1.0
9,24,-1.0,3.7646229378530816,1.2591297506848782,1.538146589187358,0.8281317512495778,2.267808679471239,-2.950379147983013,1.0
9,25,-1.0,-3.873807299419291,0.889604967085296,-2.883688540003297,2.174792398747135,1.6223568942279687,0.9143614833711915,1.0
9,26,-1.0,-2.8447531672633852,0.5164725893556421,-2.65170992186962,0.0,0.5513706830689126,-1.2131022643286926,1.0
9,27,-1.0,0.7986775955865512,7.88895563254774,-0.8497205614089456,4.380658555503386,3.876256553014017,-2.010040131652043,1.0
9,28,-1.0,1.6008928867795205,4.3460857627946625,0.34241379717015397,5.3933429282347225,1.6372285086540512,2.447546669797318,1.0
9,29,-1.0,-0.24795955718845208,1.0676528657870112,-2.740530218626759,0.33593258243989493,2.5977534670027067,-2.8560540797251734,1.0
9,30,-1.0,1.7909865095158635,0.41847341803178373,1.0449441047575379,1.4540911034787152,1.276355459935846,2.195072227727121,1.0
9,31,-1.0,5.040855818055905,0.37449444224062667,3.9904102292371215,3.926845779293397,3.7044076391414387,1.8583074736350935,1.0
9,32,-1.0,2.026580720001172,6.078769213381083,2.340129585208331,7.4174178151829,1.3748792565089698,1.3407161742133111,1.0
9,33,-1.0,2.1369631194739163,0.0,1.8357250635386462,1.0614551754973225,1.103372763817248,1.8473227325603567,1.0
9,34,-1.0,0.9881817261778197,0.0,1.3369191509703828,0.8071157309658368,0.8792346641389122,1.1629453624104351,1.0
9,35,-1.0,-1.4707692780939208,3.9270098789833154,-1.6992377571445678,6.2727754575802495,2.3568652900940106,1.6678862267636132,1.0
9,36,-1.0,3.253964555871222,6.482528739413644,3.3218212173972264,6.8249327948356,0.349063122777036,1.3751541154637945,1.0
9,37,-1.0,5.508247124705618,2.9136177430163643,5.042554492312423,3.526286625295964,0.769566622963235,2.220733279594293,1.0
9,38,-1.0,3.0124640123972375,1.9427241096802041,0.8861366999930416,4.837683367140874,3.5919433377815535,2.204298863903313,1.0
9,39,-1.0,-1.280283701199597,0.0,-0.5804932665268852,1.6485880645965774,1.7909632210600284,1.1693673510743332,1.0
9,40,-1.0,-3.6372404671477505,5.97426898809996,-3.7248316694254235,6.5083035154828845,0.541170116648685,1.7333666886614063,1.0
9,41,-1.0,1.1037511635041235,3.0583626720624,0.4668312127016156,5.349598255717942,2.3781142789066343,1.8419318287686572,1.0
9,42,-1.0,1.2107471277532926,0.37056600776059645,1.5843391016521522,1.7551450691025412,1.4340955826123263,1.3072490033179627,1.0
9,43,-1.0,-0.5360565600594626,0.7070513879861016,1.3673792331700598,1.9760066290620892,2.2876440332362726,0.5880018926993358,1.0
9,44,-1.0,-4.262158577279499,1.7443731653034438,-5.077410220913484,3.329943868857208,1.7828824129526584,2.045714947069683,1.0
9,45,-1.0,-3.2428772171586715,1.5902061812844834,-3.1374688963079507,3.556890269098873,1.9695068457273477,1.517250583545214,1.0
9,46,-1.0,2.4272790651940634,0.0,1.8051281636025318,1.7059244382951912,1.815833123809542,1.9205065593332957,1.0
9,47,-1.0,-5.098306926924906,0.26345141377511094,-5.151987050840718,0.3402095523667455,0.0936662561634102,2.181079964357767,1.0
9,48,-1.0,-0.12618106955453534,4.075929738158706,-5.531695503402187,2.411473341856808,5.6559704198064535,-2.8428873588584027,1.0
9,49,-1.0,-3.340586993640398,0.0,-5.153322140371656,0.3442034864394383,1.8451245899049362,2.95394581678643,1.0
9,50,-1.0,1.1339226773738214,0.8062966119587498,-2.812150824469146,0.0,4.027606026959859,-2.940038235951281,1.0
9,51,-1.0,4.320633681210739,5.877730524913262,-3.9405390721583093,5.406980823189359,8.274574342084328,-3.0846708119632664,1.0
9,52,-1.0,4.159016294271639,1.6213774863978125,-5.044887514156803,0.019820186096246573,9.34220697163967,-2.969309207053389,1.0
9,53,-1.0,4.672121892336954,5.349130670302593,-2.7360937968118817,0.9719067578677083,8.60475152904154,-2.6079202893043205,1.0
9,54,-1.0,4.120346257852943,4.3646637165258,-3.9520920319124286,0.0,9.176848549498182,-2.6459275222707856,1.0
9,55,-1.0,-0.9165179606605237,0.0,-1.5313108167045293,0.4352434767922624,0.7532643227532829,2.52555007508913,1.0
9,56,-1.0,5.282728864419646,3.9747902089834013,-5.430390902670883,1.2388625419448998,11.056954162123155,-2.891555929629155,1.0
9,57,-1.0,5.445442327368824,3.3540442816023597,-1.7664870355334958,0.0,7.953712226277876,-2.7062783057667836,1.0
9,58,-1.0,0.7799088254932849,3.130369217311264,-2.3112425785115933,0.7209351119694385,3.919258821571458,-2.4795011321879925,1.0
9,59,-1.0,5.232064015564118,3.728090507557276,0.19778232809849036,0.0,6.2643954968768085,-2.5041730320340463,1.0
9,60,-1.0,-5.197305554830795,3.405896010070234,-5.446840833298765,3.34786920962428,0.25619321765043285,-2.9131137296343743,1.0
9,61,-1.0,5.5078448871759775,2.922231614621687,0.879447792369731,3.304973712919562,4.644195428814378,3.0590860727134355,1.0
9,62,-1.0,4.424167572655498,1.226014593412552,1.9086613570005173,0.0,2.7983715450703444,-2.688089615012225,1.0
9,63,-1.0,-1.5935729470313333,1.5311134050909314,-5.147455543508072,0.32665350154234823,3.752439895427575,-2.8148281032714313,1.0
9,64,-1.0,4.76556040968926,5.186740533843753,4.667467739963308,5.174223202718596,0.09888809550426975,-3.014671396909679,1.0
9,65,-1.0,-3.6827414336520077,4.326617743390827,-5.38066561042864,3.6400644414356114,1.831475346956167,-2.7573430944982866,1.0
9,66,-1.0,4.653182394764469,1.0364794180286903,3.0297941168232385,0.0,1.926052721229117,-2.5733679483678458,1.0
9,67,-1.0,1.8472837021406459,1.0133436106746956,0.2657671730959358,0.0,1.8783130210209522,-2.571753452493636,1.0
9,68,-1.0,1.4559394061534974,7.3606534219492,-5.183757390330817,0.4352508499353095,9.594101017484686,-2.3351357767545196,1.0
9,69,-1.0,4.00822323477299,6.20837323104502,-1.999092886546725,0.9127786039506303,8.008193893505496,-2.4190794488364524,1.0
9,70,-1.0,5.128229777514042,4.448723163398059,1.5397407112548605,1.0632494276985387,4.933425401662921,-2.385296740818704,1.0
9,71,-1.0,2.990785877085295,2.1204675646797653,0.8697198370243711,1.3611295793939782,2.252890437237818,-2.7978102669366645,1.0
9,72,-1.0,-4.251523755935242,2.588658496915296,-5.540393265765678,2.084249306831961,1.3840568067861498,-2.7685585417177743,1.0
9,73,-1.0,3.6860770875864226,6.549319812986257,0.30010479464717976,1.797807316022535,5.834524777336596,-2.1899349159341663,1.0
9,74,-1.0,-3.048139052003126,5.639994090157847,-4.9324037613875005,4.913481381063669,2.0194737461791235,-2.7735889825279627,1.0
9,75,-1.0,-2.7032047608912233,1.1538188070045496,-3.7331296441896575,0.0,1.5466231294774742,-2.2995206004637128,1.0
9,76,-1.0,5.522255450464724,2.613631017256789,3.7399800664384255,0.0,3.1634747729155115,-2.1692816208818106,1.0
9,77,-1.0,-1.0042350700029354,1.7892343850643493,-5.312872013436777,0.821498573819115,4.415978363929039,-2.9206554446800044,1.0
9,78,-1.0,0.9991836140809527,6.2812050495327885,-5.521284011485588,1.9373914557753604,7.834871702419459,-2.5539261489978964,1.0
9,79,-1.0,3.809093252561997,6.4191244301197,-5.332607592210618,3.8522635571252937,9.495234019055346,-2.867855316853596,1.0
9,80,-1.0,-0.792645468085384,7.46243973069313,-1.0022681667398803,7.869052459352983,0.4574664871872094,2.04679379078494,1.0
9,81,-1.0,-2.4682972950698776,2.7411209457792314,-3.947182255185563,4.234085374772583,2.101438438664292,2.3514569137885917,1.0
9,82,-1.0,-2.9921783952587884,0.07937298166794299,-4.220652973882069,0.5690949234259914,1.3224890814531964,2.7622572480014456,1.0
9,83,-1.0,-1.1943021932690199,6.966153200590543,-1.4010364766310865,7.758154230630806,0.8185381454166114,1.8261268605825278,1.0
9,84,-1.0,3.82834487353041,3.0752500110927143,3.2873723898058937,4.869762856537527,1.8742805501347737,1.8635913379452582,1.0
9,85,-1.0,5.073534725575921,4.578532140553898,4.707054776087798,5.091721334905312,0.6306113720635477,2.1909377288777327,1.0
10,1,2.0,3.97102135263986,1.0344234333035434,3.658560412360795,0.0,1.080584878002449,-1.8641446122833512,1.0
10,2,2.0,-1.2905777802723244,7.788873005090315,-1.4577250655330962,5.669859823160381,2.125595229615194,-1.649513113740341,1.0
10,3,2.0,5.1311298683648285,4.441840313603428,4.185354810743786,0.0,4.541413417777629,-1.7805875058624252,1.0
10,4,2.0,1.5350232561487442,3.660215652763246,1.149180016575599,1.984179530015684,1.7198756031408147,-1.7970658340913421,1.0
10,5,2.0,1.4095129209797077,6.098234195546593,0.38349583560065725,3.075682386361568,3.191947759393532,-1.8980452652127422,1.0
10,6,2.0,-1.5965157543405635,7.237242408406183,-1.1399885272441068,4.918159440736242,2.363591106773166,-1.376424903709255,1.0
10,7,2.0,-0.9431093729291387,5.37563183440707,-1.1074846670018548,2.9628513845208833,2.418373159099828,-1.638818137966446,1.0
10,8,2.0,-1.8490787641338806,4.448312921695794,-1.4758667292679406,2.7827148182590262,1.706899020194497,-1.3503664088080312,1.0
10,9,2.0,-0.9019759323657377,3.728020977476729,-0.7373954056443933,0.0,3.731652068224263,-1.5266780847161185,1.0
10,10,2.0,-2.7019793406250936,3.6801497953056748,-2.8911253938919073,0.0,3.685007292442555,-1.622147434543555,1.0
10,11,2.0,1.6327762884555668,0.05054315434797707,1.6381557312451345,0.0,0.050828622410701484,-1.4647628353893973,1.0
10,12,2.0,1.5738652007266194,0.7036943744279741,1.918004408042453,0.0,0.7833374538559663,-1.1159499257299215,1.0
10,13,2.0,1.3570821868112537,5.782204898741153,1.3194071364391613,7.780855506069455,1.999005667724414,1.5896443379507799,1.0
10,14,2.0,4.666985469250652,0.5088223859495639,3.937238866856606,2.4205593276911177,2.046281563745567,1.9354447077009254,1.0
10,15,2.0,-1.6918080611279338,2.5278014067110917,0.46090154588012167,2.306597792047808,2.1640447525975244,-0.10239651597154267,1.0
10,16,2.0,-2.7919954710061714,1.971854452543026,-2.0972266886234983,4.165231658654296,2.300784046637577,1.264037412370599,1.0
10,17,2.0,1.8410702979991818,0.4263224295800052,1.3475021102705462,1.7796028921634512,1.4404782422333893,1.9205239061475738,1.0
10,18,2.0,-4.175614819680283,3.969625290620951,-4.301467783410184,5.898014943653028,1.9324920756372514,1.6359671481159552,1.0
10,19,2.0,2.702409961957421,3.402756855453918,1.1058360191163952,4.9426947786673745,2.2182103512313507,2.3742495359737745,1.0
10,20,2.0,-4.271628466936231,0.0,-0.5445414473801038,7.911996405073121,8.745905600064168,1.1305611694948996,1.0
10,21,2.0,-0.8981753717823376,5.129104926921055,-0.21169953413142995,3.0767552264915228,2.164113760533791,-1.2480115378389056,1.0
10,22,2.0,5.528305134445608,2.4840777129922946,4.375520502662494,2.075479222863819,1.223055654257238,-2.800963623973238,1.0
10,23,2.0,-1.3203107268781833,2.320709560596325,-0.5782420690952506,5.803748658914215,3.561211486738027,1.3608827842932407,1.0
10,24,2.0,-1.958770689248234,5.213161584880338,-3.030220062294722,6.83534131141812,1.944086115425936,2.154517395807266,1.0
10,25,2.0,0.4098547433568445,1.9622529332489327,-0.9045268829476383,3.11300563331352,1.7469490079200236,2.4224745482334935,1.0
10,26,2.0,2.270433726147828,6.1757413808860075,2.628497934441741,7.277379666481494,1.158368201199821,1.2565383478775067,1.0
10,27,2.0,1.498534970252066,6.843192547223602,1.6937757247209253,7.676742886536081,0.8561104603808545,1.3407161742133107,1.0
10,28,2.0,3.923831576578167,4.259825769340055,3.0371973035102644,5.8775305481106495,1.8447463471805186,2.0721655083883874,1.0
10,29,2.0,-2.37270274667643,4.867295051455817,-2.3826260928531657,5.752741324317204,0.8855018774251496,1.5820030267976295,1.0
10,30,2.0,0.4486413483974919,4.201434961870487,0.3093941854184227,7.064561741009203,2.8665108975580322,1.6193926834394778,1.0
10,31,2.0,-0.729470676447641,0.0,0.08607462570193647,1.88749298436136,2.0561478317162893,1.162945362410435,1.0
10,32,2.0,3.9035000084101044,2.268931809470555,3.560649047667875,5.10898809835994,2.860675882609216,1.690934751239143,1.0
10,33,2.0,-0.9519207233243883,4.03873527686648,-1.7327701557167554,5.881332479435344,2.0012221983033487,1.9716302203994158,1.0
10,34,2.0,5.190977908230966,1.6520906426416389,5.532655303697111,2.024781759627292,0.5056106320604249,0.8287850963206275,1.0
10,35,2.0,-3.2630419147807275,3.6491738512421215,-3.240496946822821,5.791743098749125,2.142687857795192,1.5602743163752968,1.0
10,36,2.0,1.0075316336233369,7.511615228626335,1.1179442096513912,7.836882730850793,0.3434965574041305,1.2435494707579837,1.0
10,37,2.0,-3.2575503250307936,1.807541744817262,-3.5763310247108553,2.9453930541736613,1.1816627000513227,1.8439536172723092,1.0
10,38,2.0,3.5108498289310095,6.426598850726941,3.540540494812264,6.664483976563512,0.23973082558309822,1.4466274891478272,1.0
10,39,2.0,2.9561118797529584,6.234869851738644,2.733600998606274,7.226339257339598,1.0161312289617828,1.791563754006228,1.0
10,40,2.0,1.3342288721906086,1.6940345361113454,3.6592824418477865,4.409303370300222,3.5747110293970628,0.8626627547331972,1.0
10,41,2.0,-1.709832285976432,1.0091097415418109,-1.3946886260449187,4.670450467261439,3.674878424684028,1.484934653236531,1.0
10,42,2.0,2.6618715140756204,0.0,2.6943341533714187,0.09585296546810573,0.1012008593791524,1.2442494056621292,1.0
10,43,2.0,-0.1791728284253496,5.6525497218941565,0.29575054181630733,7.568717463423924,1.9741456433812026,1.327841626704414,1.0
10,44,2.0,-1.572158668306649,1.963942874417087,-1.3460421771906255,5.2948297937309015,3.338553030402617,1.5030155485426435,1.0
10,45,2.0,-1.1112804850598945,5.1820967003701375,-0.8018144319235299,7.614453955245367,2.4519647333083654,1.4442473627227246,1.0
10,46,2.0,-3.3014047594416205,1.051469486607537,-2.30441229137661,3.0044264429790135,2.192723159639197,1.098780819459734,1.0
10,47,2.0,-1.8949058096611364,1.7704939417573515,-2.1586967916862876,4.049933327252057,2.2946523907429364,1.6860100693290678,1.0
10,48,2.0,0.7510368610382362,0.5051834735086872,0.529617860235107,1.4968032911068994,1.0160394857337818,1.7904827750810444,1.0
10,49,2.0,-2.304355065226307,1.4667524267134882,-5.227668367718503,0.5666109907273242,3.058760413845299,-2.8428873588584027,1.0
10,50,2.0,1.6483321291464814,7.689380837273309,-0.6701908220788262,6.731267886251787,2.508690714750162,-2.7497224408844594,1.0
10,51,2.0,0.4863743310721578,0.3672273752076327,0.22701855548557692,0.0,0.4495790958574523,-2.1857072369251167,1.0
10,52,2.0,-0.13085022726923934,1.6439642691487029,-3.8662687856315436,0.8807105369390236,3.8125985975302354,-2.940038235951281,1.0
10,53,2.0,-3.923053768781723,0.9146157875720058,-5.247671603597417,0.6264508767346649,1.3556000236610022,-2.927384548769737,1.0
10,54,2.0,1.2253548695812275,7.807011621144637,-1.2395489955620436,7.666553021144888,2.4689025259641433,-3.0846708119632664,1.0
10,55,2.0,4.174597498524756,0.8802660117546071,-0.8841560637067019,0.0,5.134769308823896,-2.969309207053389,1.0
10,56,2.0,2.8007236380298735,7.193742995697774,-0.1099057960424159,5.473966291879657,3.380738915308824,-2.60792028930432,1.0
10,57,2.0,4.692128722807755,3.806695542712173,-2.348348356816821,0.0,8.003702172346477,-2.6459275222707856,1.0
10,58,2.0,-5.0992813569959585,4.24035382500673,-5.2618480917009585,4.131603861390373,0.1955875707175811,-2.5520069242645174,1.0
10,59,2.0,1.273903160901951,1.9547482169961679,-1.421612103008878,0.0,3.329691146311616,-2.514162971849613,1.0
10,60,2.0,5.368623706173495,3.6932352031297175,-2.5726403825734065,0.0,8.758062662076458,-2.7062783057667836,1.0
10,61,2.0,2.573200470074587,3.6444280688179242,-2.1023699955153337,0.0,5.9281375766327065,-2.4795011321879925,1.0
10,62,2.0,0.23765105524510988,0.8733141683379677,-0.9416415386862514,0.0,1.4674497125016566,-2.5041730320340463,1.0
10,63,2.0,5.541856649464519,2.1938735380242576,-1.1636095243529367,2.748377428002123,6.728354269225922,3.059086072713436,1.0
10,64,2.0,0.22365023219861335,1.9086804530234363,-5.075898593946746,0.11259015045740829,5.59563741996123,-2.8148281032714313,1.0
10,65,2.0,-4.228510470429519,3.6409253726099804,-5.496595909459825,3.1281767721510585,1.367827404299704,-2.7573430944982866,1.0
10,66,2.0,2.7670136128229847,0.8507960065672481,1.4391837108458518,0.0,1.5770181017906482,-2.571753452493636,1.0
10,67,2.0,1.544527223526094,6.895507966155723,-5.045564394499612,0.021845080608290195,9.522423483448156,-2.335135776754519,1.0
10,68,2.0,3.354464056960245,6.800986551528509,-0.9576253568904454,2.999775316698103,5.748332102866369,-2.4190794488364524,1.0
10,69,2.0,4.408608211795928,5.754580535665799,1.8135503482189064,3.306335584227516,3.567664314023389,-2.385296740818704,1.0
10,70,2.0,-3.058233448779731,2.0636707370744123,-5.417569274331369,1.140326159656591,2.5335806176986595,-2.7685585417177743,1.0
10,71,2.0,-2.242856754085622,5.200617988465737,-5.293637858034916,4.024333555792961,3.2696957673096114,-2.7735889825279623,1.0
10,72,2.0,5.533710470061194,2.3683230567374505,3.918714375518609,0.0,2.8665600441054817,-2.1692816208818106,1.0
10,73,2.0,0.3154286830358837,0.2694207030262348,-0.8841094356279765,0.0,1.2294223087884746,-2.9206554446800044,1.0
10,74,2.0,1.2205510812481881,7.641597214940993,-5.284685851995423,4.063860940309972,7.424170284176367,-2.638766442401212,1.0
10,75,2.0,2.410158240706575,7.383410326850382,-5.540710853757286,2.086690024260561,9.553615301087216,-2.5539261489978964,1.0
10,76,2.0,1.436829662674575,7.748200077218693,-0.48559262122266844,4.688080700154771,3.6138674629137664,-2.131706412446676,1.0
10,77,2.0,3.759170437517059,0.9363952893392358,2.728355326981824,0.0,1.3926291430256945,-2.4041544930847927,1.0
10,78,2.0,4.084609897971895,6.127528645595174,-5.421842046386296,3.4582507998945036,9.874090985399114,-2.867855316853596,1.0
10,79,2.0,3.005196668781377,5.905670948344651,1.5868181294167543,7.394577511589888,2.0563658319970366,2.3319401804246374,1.0
10,80,2.0,-0.6802048745973104,0.0,-1.0933242124056508,1.0280668805128566,1.1079661989783973,1.9528886930433644,1.0
10,81,2.0,-1.1784561603247286,0.0,-3.376673001339024,1.4464832180904201,2.6314389562245375,2.5595961254146564,1.0
10,82,2.0,2.3440950973174983,5.194545402633182,1.0099703100651978,6.604121977339339,1.9408232964186463,2.3287014193401827,1.0
10,83,2.0,4.985339655720515,0.0,2.9005379553982564,2.570172520500779,3.3094085445595725,2.25230063687686,1.0
10,84,2.0,-2.7295719192437047,1.1854066308622184,-4.495399838999203,5.621040396527775,4.7742009954860976,1.949664112614102,1.0
10,85,2.0,2.490609221796491,0.0,1.076088547963623,1.5373688998380177,2.08910791269617,2.3146016819720403,1.0
10,86,2.0,1.2470696838607902,0.0,0.6717559593374062,1.1318944841402363,1.2697129615988252,2.0410420391707165,1.0
10,87,2.0,4.885029516583809,3.6486831151441965,4.108944014743208,4.183056884621673,0.9422653722135529,2.5385925746079265,1.0
10,88,2.0,4.963003382445442,1.8508981429193758,3.048178049165327,3.119741688865342,2.297067696229268,2.556381587519881,1.0
10,89,2.0,-3.226226528723612,4.383589457880466,-4.514247061424432,5.5920415082002695,1.766169088898637,2.3880560680771747,1.0
10,90,2.0,-5.103781305242334,3.895424314534479,-5.254433377515095,4.149201366653896,0.29512512441759103,2.106525833289122,1.0
10,91,2.0,5.287936427359479,0.7469035114290011,4.517665836166053,1.6805005076339827,1.2103388513058788,2.2606301936756257,1.0
10,92,2.0,3.8597829338582246,4.123863395105188,2.409712844728401,5.875609583544172,2.2740532034452237,2.2622515241111967,1.0
10,93,2.0,-1.9006273936536893,5.03256832238408,-3.4133023444827506,6.242734147262089,1.9371852855543725,2.4668412856425177,1.0
10,94,2.0,0.044408978558694856,2.427177802139749,-1.8650028996359018,3.4156368471369993,2.1500941849666706,2.66390347934367,1.0
11,1,5.0,4.302161414798191,3.052477225131212,4.948448355729773,1.483976485213822,1.6964319559416763,-1.1799528879106993,1.0
11,2,5.0,-0.9257237534750211,0.6596530516805812,-0.9291117262994373,0.48107103470546475,0.17861415158592492,-1.5897655741169194,1.0
11,3,5.0,2.4471200130855175,4.749839056526824,2.893819761519084,2.622286798703319,2.173940954814667,-1.363842949219017,1.0
11,4,5.0,-1.2991692565174482,1.6878449634139034,-1.9910797215310965,0.0,1.824160275885067,-1.9598398076765564,1.0
11,5,5.0,-3.979299747560507,3.9242794305287987,-4.0073148075320235,0.7112354864783146,3.2131660756930533,-1.5795152707478186,1.0
11,6,5.0,-3.572131415984437,6.641309403064061,-3.4314848786755503,6.373598501943206,0.30240796126411745,-1.0870614782893,1.0
11,7,5.0,4.875333160899713,4.3507485600857345,3.881024707060071,1.5967152828256903,2.928028106701279,-1.9172698018546934,1.0
11,8,5.0,3.163426735464934,1.6132004145946335,3.4172362082827776,0.0,1.6330446491570183,-1.4147426838945745,1.0
11,9,5.0,-5.064532182489305,3.1197440089353594,-5.540609406547064,2.2205831052821896,1.0174182296012426,-2.0577397413904013,1.0
11,10,5.0,3.20161756128055,2.319935432553717,3.2104834102357978,0.02473373800200518,2.2952188178800617,-1.5669335704712117,1.0
11,11,5.0,-1.2971582333667344,5.49350257052834,-1.59688590002225,1.4442877950975905,4.060292719955724,-1.6446827614965212,1.0
11,12,5.0,4.985115472211118,4.788379511265842,4.822106459961119,3.9899379810887767,0.8149115382581191,-1.7721876933745535,1.0
11,13,5.0,5.3947563741837685,3.5778469859703073,4.632946358422483,0.0,3.658051879775767,-1.7805875058624252,1.0
11,14,5.0,3.7751381875859273,0.813985391874593,3.7292821938621237,0.0,0.8152760209558676,-1.6270719996229035,1.0
11,15,5.0,-4.571809524753012,5.503474216518752,-4.608576992555062,4.286167600862992,1.2178617504494733,-1.6009910967245828,1.0
11,16,5.0,-3.414182284152019,4.477003846871277,-3.855667794589,2.5180305449940494,2.008105040428306,-1.7924588791656737,1.0
11,17,5.0,-2.6220233800463277,0.4478783519232248,-2.693786473363202,0.0,0.45359118122365477,-1.72967484940382,1.0
11,18,5.0,2.2206523598866115,1.3030669147918124,1.9357698839299826,0.0,1.333844597219718,-1.786034344748279,1.0
11,19,5.0,2.523911877877542,7.328169005117879,2.7997960631526406,1.8799319429414303,5.455217609716223,-1.5202022093925123,1.0
11,20,5.0,1.8336968370213904,7.637830557923028,1.7213014709890533,4.709555979367136,2.9304308088952093,-1.6091602905136175,1.0
11,21,5.0,-1.7660622159148687,5.32097233145247,-2.0395404632731546,0.0,5.327995580315443,-1.622147434543555,1.0
11,22,5.0,2.4859252534125207,6.907075751359379,3.209963650902203,4.747055170160378,2.278139704285648,-1.2473669229000313,1.0
11,23,5.0,4.968947932610598,3.716521367865507,5.052259892476459,4.629024172756859,0.9162981237519126,1.4797482551802525,1.0
11,24,5.0,4.939401925221424,0.0,5.081620578207562,0.12970752526495102,0.19248425225859228,0.7394213070279215,1.0
11,25,5.0,5.36578179904577,3.705783581147297,4.475658610914505,3.9737723064759165,0.929589827263738,2.849155179914546,1.0
11,26,5.0,0.21429952388088414,0.36372371602646103,-1.008762914074155,2.0042420624806185,2.0462605338004267,2.211433154414899,1.0
11,27,5.0,3.6394514654826486,0.0,3.609576167163072,1.3388616943336207,1.3391949708700288,1.5931065784797265,1.0
11,28,5.0,1.7393639990888805,7.247060349438986,1.8636665849368554,7.629495913778458,0.40212944895909286,1.2565383478775072,1.0
11,29,5.0,-1.9001400044579109,0.3216590342824528,-2.0158149606706974,2.478254359474595,2.159695370216696,1.624382742982927,1.0
11,30,5.0,-1.9633144872795785,0.0,-2.070401147635815,0.8826603163384912,0.8891326036452702,1.6915288907418176,1.0
11,31,5.0,0.5627972678506882,0.0,0.500951321225819,0.287224432329542,0.29380741250171655,1.7828809297363513,1.0
11,32,5.0,-2.409752659770355,5.43860937297414,-2.426574877378014,7.375438039276231,1.9369017191418814,1.579481552759339,1.0
11,33,5.0,-0.641256758735963,1.8585226040848695,-1.3375343478291353,2.938768326576891,1.2851977676745747,2.143334124836346,1.0
11,34,5.0,-1.0531254263449792,1.017748058992311,-1.0360350623305108,1.8386141603455555,0.8210439920570773,1.5499794173772907,1.0
11,35,5.0,-3.86819684273537,3.4263548399832247,-4.405530990697664,5.520906296615474,2.1623768845986677,1.8219198163517851,1.0
11,36,5.0,-3.6458424211250575,3.4698751860699657,-3.6020381690123005,3.6752429478339534,0.20998745218490558,1.36064884315481,1.0
11,37,5.0,-2.4471230790731022,0.0,-2.1547371477464417,0.6766961843203849,0.7371616231950271,1.1629453624104351,1.0
11,38,5.0,-4.98526022178223,0.0,-4.838225560672564,0.658934324104473,0.6751397152076398,1.351252881857528,1.0
11,39,5.0,-1.8272879328690763,2.9561479722097608,-0.5657836672976014,4.80308150943536,2.236639555892655,0.9715531416673774,1.0
11,40,5.0,-0.08874090406861956,3.7654686834426445,-0.94711804425999,6.166089554730698,2.549468941263441,1.914194288044931,1.0
11,41,5.0,4.934357404465062,0.0,4.997701961961195,0.17818757076148795,0.18911198623636008,1.229235757250434,1.0
11,42,5.0,-0.8177581588401237,2.0208826663604125,-0.5728696976569165,2.959729450701925,0.9702595750051002,1.315641950927033,1.0
11,43,5.0,-0.8128608416896291,0.0,-0.597188179578578,1.7574969398276699,1.7706807139305754,1.448691008644828,1.0
11,44,5.0,4.859364585636548,3.705431805400838,3.747129834751172,6.342997382540279,2.8624846400964263,1.9698599479863914,1.0
11,45,5.0,-4.203841612272449,1.70761763325116,-4.177313931127457,3.1171777246244528,1.4098096924972592,1.5519787183355915,1.0
11,46,5.0,4.3079025159379185,1.4088185633237496,4.972155434576889,3.362877552184009,2.063874626004683,1.2431161425442083,1.0
11,47,5.0,5.507863757305339,1.8342545326564828,4.928523989422384,4.163824989475186,2.40052766697932,1.8145412208820495,1.0
11,48,5.0,0.5295412428341945,0.0,0.4147275923974513,0.44754945346675434,0.46204186782693313,1.8219193104148181,1.0
11,49,5.0,-0.9647647172431552,1.881777383464338,-1.2323469027247749,2.8297838487913047,0.9850464376306577,1.8458974244347437,1.0
11,50,5.0,-4.893971043433429,0.0,-1.1936579196743742,6.493692021408002,7.4739784106432525,1.0528546546517055,1.0
11,51,5.0,-3.0527959765473573,4.712495472410038,-2.616789978711597,6.831652004603305,2.1635446928792925,1.3678828186732537,1.0
11,52,5.0,-0.8112347495839084,0.0,-0.34437265691332886,3.384794429619659,3.4168397012966563,1.4337319223262524,1.0
11,53,5.0,-0.4038683214608758,6.327001141054709,-0.8858314048194478,7.881053997509089,1.6270736597875708,1.871523336748609,1.0
11,54,5.0,0.07479806598751071,1.0452133561348946,-0.35945557550710255,3.1518174149904823,2.150896763198589,1.7740879187566434,1.0
11,55,5.0,0.10156286059919561,6.851829276594167,-0.6902953944984443,7.898781899525874,1.312687811640628,2.218346414175945,1.0
11,56,5.0,-4.578855513807873,0.0,-4.232070090837112,1.5456148387437734,1.584040832595533,1.3500841821789973,1.0
11,57,5.0,3.6579479390641176,2.6470433082081737,4.651188453309055,4.879636932535499,2.443563179155507,1.152206750842258,1.0
11,58,5.0,0.2772302771041373,1.6841505998283726,-0.9122076965113279,0.0,2.0618258743115847,-2.1857072369251163,1.0
11,59,5.0,-4.057325800618124,0.45423415036976333,-5.1133108022375096,0.22450915660991477,1.080683994701067,-2.927384548769737,1.0
11,60,5.0,-3.3527308451477453,0.7890755530255266,-3.6087929170329,0.48644565890867486,0.3964248194441098,-2.2730352012604698,1.0
11,61,5.0,3.0580583595298774,2.0560510723711833,-0.7446046817212149,0.0,4.322914782585437,-2.6459275222707856,1.0
11,62,5.0,-1.0433453246507893,0.2861931970442342,-1.1190762802267011,0.0,0.2960434489510629,-1.8294820985821834,1.0
11,63,5.0,-2.5445459886059476,0.6836775976116312,-3.1907564485481275,0.0,0.940745989103698,-2.328028789110462,1.0
11,64,5.0,2.5947519532486427,1.8528803537921374,0.0397081719466565,0.0,3.156170833437067,-2.514162971849613,1.0
11,65,5.0,5.291805084978167,4.032426124657076,-3.3787937296133186,0.0,9.562413097875043,-2.7062783057667836,1.0
11,66,5.0,1.7496863643943887,2.1187870811106544,-0.9685833098175246,0.0,3.446483529167309,-2.4795011321879925,1.0
11,67,5.0,5.461117895166185,1.4750046760727595,-0.8045085776139413,1.9931363260199146,6.287013241840683,3.0590860727134355,1.0
11,68,5.0,1.9709402122454343,6.159970996417565,-1.7217105559138368,0.0,7.181985266783332,-2.110818023344202,1.0
11,69,5.0,1.056965228331661,1.9527874264761544,-4.704934548593768,0.0,6.083820162721501,-2.8148281032714313,1.0
11,70,5.0,5.119668354783869,0.2435278404849979,4.708915359912536,0.0,0.47751840999803913,-2.6064238063384297,1.0
11,71,5.0,1.3454753281949507,6.13034567717995,-4.531964449616645,0.0,8.492669572255883,-2.335135776754519,1.0
11,72,5.0,5.105214275625392,0.20028831391939497,4.570725282392157,0.0,0.5707835777071298,-2.7830599413700776,1.0
11,73,5.0,4.826004540803428,1.119952534379478,3.803165021459811,0.0,1.5167380662441678,-2.310904697604556,1.0
11,74,5.0,-2.103114537261107,1.3551189772186283,-5.368071955670009,0.9866297691338879,3.2856858097660897,-3.029206355689247,1.0
11,75,5.0,-2.3298742205829193,1.3567285534587086,-5.125992249163166,0.26244583560690327,3.0026206380994283,-2.7685585417177743,1.0
11,76,5.0,1.4197745963284192,5.844240623337697,-5.171449270272233,0.39843098210348943,8.549916649196383,-2.4510663423768397,1.0
11,77,5.0,-3.5583875764860107,0.800523941574379,-4.2158709327017,0.0,1.0359164757519914,-2.2584005370811404,1.0
11,78,5.0,-1.9823271709330683,4.551202517772442,-5.4797133516717995,3.2027213323729664,3.748347849999867,-2.7735889825279623,1.0
11,79,5.0,4.228118171730615,0.19162124306808304,4.097448684598794,0.0,0.23193364495529872,-2.169281620881811,1.0
11,80,5.0,4.0039195797578495,6.212928047174535,-4.856832205742143,5.064929973217079,8.934809554884275,-3.0127504643671514,1.0
11,81,5.0,0.349650879877316,7.929665789239306,-4.8555320501920365,5.066930430618985,5.940469936712111,-2.638766442401212,1.0
11,82,5.0,2.2693005942029596,7.451813964417546,-5.53923992992036,2.2499102937209927,9.382595958266688,-2.5539261489978964,1.0
11,83,5.0,5.352317372042289,2.6420880649111655,2.44381886539446,0.0,3.9293756381795157,-2.4041544930847927,1.0
11,84,5.0,4.356412706823544,5.834890068059594,-5.501082649550574,3.0670441753043782,10.238710152503547,-2.867855316853596,1.0
11,85,5.0,-0.16355691930112115,0.2564420261589079,-1.0348250356279487,1.7603499656554025,1.7380584630582168,2.0958831728509444,1.0
11,86,5.0,4.566221168270904,0.0,1.035957412429853,7.859683415772205,8.616111975941909,1.9929523730217904,1.0
11,87,5.0,-1.5081037153076047,0.0,-2.3090045782123854,0.837842071592739,1.1590606235794723,2.333655901333473,1.0
11,88,5.0,-4.612594188759584,3.326508237640759,-4.680008590688248,3.612287553476598,0.29362308994184994,1.8024579032740446,1.0
11,89,5.0,-4.371555836754719,0.0,-5.510684988330927,2.8614111667715645,3.079819652073111,1.949664112614102,1.0
11,90,5.0,2.854389931358651,2.186301326450607,2.5497805629809616,3.728319974288851,1.571816903326956,1.7658247656867017,1.0
11,91,5.0,-2.11856937568294,6.302611864551478,-2.6960983267948344,7.244551397284192,1.1048935571796625,2.120812463044202,1.0
11,92,5.0,2.7202680252373024,0.0,2.6837252872742416,0.08014965360080173,0.08808710842209222,1.9985717860153387,1.0
11,93,5.0,-3.7670367198229746,0.0,-4.127832312165185,0.30169543197908366,0.47031222940788214,2.445167962614097,1.0
12,1,8.0,1.6121477397475252,7.699443785085869,1.042225804696894,0.0,7.720508118754184,-1.6446827614965212,1.0
12,2,8.0,4.399948698929776,0.1879406661488081,4.446634494146614,0.0,0.19365241405024183,-1.32731742782802,1.0
12,3,8.0,4.175136812663268,0.42753999441238627,4.41693630210894,0.0,0.49117964118877205,-1.0560854484825994,1.0
12,4,8.0,-3.3157265722715628,4.439124012668526,-2.6390884765349445,1.5192822274770859,2.9972179038488367,-1.3430779526412875,1.0
12,5,8.0,-4.40684738065676,4.661631460217937,-3.2114030632178885,3.298695164396287,1.8129209752675186,-0.8507728374196387,1.0
12,6,8.0,4.9473512638231485,4.878006142747758,4.923988251382616,4.788156884626172,0.09283705906207818,-1.8251873758110875,1.0
12,7,8.0,2.2397725548113496,7.466153443705671,-1.3704294993258936,2.598436386730768,6.0603818541789245,-2.208939894267752,1.0
12,8,8.0,0.7640056239404223,6.710079592610128,-0.3435335805621678,4.8588053813309955,2.157280532257547,-2.109933800114631,1.0
12,9,8.0,4.193768727065281,6.011999312113674,4.443374283758977,1.082719862667389,4.935595083134944,-1.5202022093925123,1.0
12,10,8.0,-2.109842558994772,3.547779008725748,-1.6284951348416365,1.3479227879064246,2.251902026069592,-1.3553827193277936,1.0
12,11,8.0,2.8616925708971213,3.1473105819642475,2.8433496878863176,1.8089140922666571,1.3385221794919875,-1.5845005877009595,1.0
12,12,8.0,-0.9978693005169146,3.6984425326834964,-1.1879555326544022,0.0,3.7033241747395733,-1.622147434543555,1.0
12,13,8.0,-3.1932231458531954,4.219942136080076,-3.2474077586576056,3.6268661292671327,0.5955460705285107,-1.6619053968086954,1.0
12,14,8.0,-2.2454820386646284,7.463380790080614,-2.129105416865076,6.55075716272769,0.9200138060400427,-1.4439621084566383,1.0
12,15,8.0,-1.8404958653933488,7.63593973514504,-1.7253867135688907,7.057619552975152,0.5896646080092982,-1.374323510476096,1.0
12,16,8.0,3.74593661154616,1.4800370004269556,5.153838625216567,4.387945118426728,3.230807592975194,1.1198982599121174,1.0
12,17,8.0,2.171266424169174,6.222201998250378,2.5989620691327704,7.291722946210902,1.1518674502073598,1.1903808204647819,1.0
12,18,8.0,0.8999386647753975,0.7266072375984369,-3.5211871213734462,6.678681288910812,7.414414253955354,2.2096653873231364,1.0
12,19,8.0,-4.2719661793066175,4.072928929934523,-2.673547812771213,4.073260702033076,1.5984184009671671,0.00020756273872640356,1.0
12,20,8.0,0.6651705473067249,0.20798202310725045,-0.04219119735198368,2.5698186042107762,2.465488323567038,1.8617911132117335,1.0
12,21,8.0,3.4375532972982246,0.0,5.44263002463994,1.3329222642579812,2.4076989938698707,0.586690939294114,1.0
12,22,8.0,0.12284542252005815,2.161594711555572,-1.8245720244320147,3.8118030088455113,2.552571671302863,2.4386198982802294,1.0
12,23,8.0,-5.238562156804315,3.7987723280174865,-2.947131287311111,7.099799085595551,4.0183868758387025,0.9640026049857928,1.0
12,24,8.0,-4.974266374358037,2.1057225291666155,-5.517844883158059,2.7080828216923427,0.8113664506503426,2.304943665705837,1.0
12,25,8.0,-4.911052563219372,2.5315303847405017,-5.496963533679809,1.7504844705588927,0.9763833188690167,-2.214401111939066,1.0
12,26,8.0,-1.1074615555917633,0.00660800639075948,-1.054387387341432,0.0,0.05348395164836637,-0.12386771150263651,1.0
12,27,8.0,2.856910311384551,2.410176160404686,2.6354531982801657,4.876198392816239,2.4759460623552743,1.6603594499384955,1.0
12,28,8.0,-3.9408747901347816,1.880920968364069,-3.747674651209989,3.7617866665800483,1.8907622982294847,1.4684365916760869,1.0
12,29,8.0,0.5312294377933867,0.0,0.49931845496586424,0.6144211885610393,0.6152493053858563,1.6226863614589067,1.0
12,30,8.0,0.970455711746897,3.9759726829523494,0.0007172368841906196,6.1820641738835125,2.409819988295377,1.9849454873331243,1.0
12,31,8.0,4.18533447105996,5.602841063093198,4.302292152562886,5.8971424643534105,0.31668977572107465,1.1925265737083175,1.0
12,32,8.0,-0.6889802193613311,2.0253370006013958,-1.7035062860712618,3.269445230492071,1.6053250224535938,2.254895954097225,1.0
12,33,8.0,1.6789490517926704,0.0,1.6743772940000778,0.18343418398214295,0.18349114644175288,1.5957143188674758,1.0
12,34,8.0,-0.29508477224953245,0.0,-0.46847039741206586,0.8720269342160784,0.8890970413915993,1.7670671963554758,1.0
12,35,8.0,1.4113281622466354,2.105663324914835,0.07563871718497472,4.278539064121727,2.550579399211682,2.121962182485945,1.0
12,36,8.0,3.525964332178214,5.8015276877123405,3.224003278369598,6.8966904053593945,1.1360289856078896,1.8398341596567127,1.0
12,37,8.0,-1.8587302315548777,0.0,-3.513502284955682,2.5693796874202386,3.0561384992902463,2.1429672316620008,1.0
12,38,8.0,-5.295418640314358,0.7692866284913057,-4.535029334914422,1.58812089799005,1.11744416266413,0.8223899510377587,1.0
12,39,8.0,-5.114906590768948,2.129028795223853,-5.326985610796376,3.877087291618755,1.760876491283304,1.6915288833454722,1.0
12,40,8.0,2.2748787470687764,0.09418178415123746,1.4051679704843922,1.974756502218645,2.0719454879753285,2.003972388805807,1.0
12,41,8.0,-1.4725644360236205,7.203383128961319,-1.6002562131103284,7.702750841359292,0.515435061012681,1.821138949591246,1.0
12,42,8.0,2.7811599786013588,7.046693110347428,2.7368190633303606,7.224776492814432,0.1835205925174584,1.8148238263525562,1.0
12,43,8.0,4.446270054526737,0.0,4.347754843921809,0.1906391792800155,0.21458924343286925,2.0477639641398158,1.0
12,44,8.0,3.6124578126703533,2.2926127313479054,1.8650787055117775,6.436366538343531,4.497113447215341,1.9698599479863914,1.0
12,45,8.0,-3.8018437099075646,0.0,-4.043496324201328,0.2994248907259903,0.38477428601880576,2.2498248422422527,1.0
12,46,8.0,-5.285509546001557,0.7396434708690407,-5.218440283786319,0.833181353975995,0.11509831236915077,0.9487334914903234,1.0
12,47,8.0,-1.4376151437501696,5.243118918163457,-0.6015642234567159,7.130223376285468,2.0640117192466465,1.1537506360025074,1.0
12,48,8.0,0.29322880414704716,4.104235584853629,-0.517980818929171,5.0936940917129006,1.2794878621415835,2.2575255273269264,1.0
12,49,8.0,-4.891132775226371,0.6463245946737712,-4.530136643233167,2.450787346801648,1.8402184737500507,1.3733455723661792,1.0
12,50,8.0,3.0242038753128395,0.0,3.3090181811050305,1.1723081410742513,1.2064101982380846,1.33246223947595,1.0
12,51,8.0,4.878888313594704,0.0,4.519652989271473,1.7159515925200808,1.753151415626676,1.7771663732225398,1.0
12,52,8.0,-0.841528614945411,7.412365718565321,-0.9306217403793626,7.876993166571599,0.4730922219191687,1.76024844223624,1.0
12,53,8.0,-1.533012099186677,0.0,-1.933270308792258,1.9737309085675743,2.013906734134341,1.7708757222126754,1.0
12,54,8.0,-0.7154130249423982,1.8917005255576962,-2.051433948508233,0.0,2.315919425757505,-2.1857072369251163,1.0
12,55,8.0,1.5768929937904357,1.6204769240908323,1.1480908167381791,0.0,1.6762508071752389,-1.8294820985821834,1.0
12,56,8.0,-2.622905770184034,2.797816152615976,-5.0981258874108555,0.17908332762111517,3.6033978738726486,-2.328028789110462,1.0
12,57,8.0,2.560130975662057,0.7680456525057058,1.50102844690219,0.0,1.3082783689866848,-2.514162971849613,1.0
12,58,8.0,5.169610247664984,4.3505139778468935,-4.1849470766532315,0.0,10.316720147672745,-2.7062783057667836,1.0
12,59,8.0,1.16623186391487,0.6269441508410449,0.372598302543852,0.0,1.0113917134366113,-2.472999538951159,1.0
12,60,8.0,3.991644620765727,0.4405803620873361,3.5421651534854024,0.0,0.6293987980315917,-2.3661924795182654,1.0
12,61,8.0,5.089946015633783,0.15461315701183365,4.844321312829261,0.0,0.29023563349281467,-2.579786067027963,1.0
12,62,8.0,1.7514340151057208,6.581345774716765,-2.193813705161669,0.0,7.673271256814609,-2.110818023344202,1.0
12,63,8.0,1.1155851380511308,1.7343395338828436,-4.001761705698907,0.0,5.403255716512725,-2.8148281032714313,1.0
12,64,8.0,4.3544232609980025,4.032078952060658,-2.4463946734861888,0.0,7.906249759124259,-2.6064238063384297,1.0
12,65,8.0,5.47585616960104,1.5882708077627006,4.646507390785361,1.121549904469787,0.9516552939450352,-2.6290088355245267,1.0
12,66,8.0,0.830236043851011,5.035390473824863,-3.997420637539599,0.0,6.975774240703434,-2.335135776754519,1.0
12,67,8.0,1.158255236893214,6.259221404959303,-4.382745127285,5.794374234844162,5.5604647222500345,-3.057896352690017,1.0
12,68,8.0,-2.322219791321786,7.426115213445098,-2.65252279026239,7.119399094991502,0.4507492079065664,-2.393204541431321,1.0
12,69,8.0,5.31489824410345,0.8275600637126628,3.1064731161560313,0.0,2.3583886882364573,-2.783059941370077,1.0
12,70,8.0,2.630386363267143,7.276462603019548,2.5475310469442825,7.229770135903882,0.09510620341654273,-2.6284118461264563,1.0
12,71,8.0,-2.7277565912568527,1.0697800240107553,-5.298866116319968,0.779599788443902,2.5874328511062687,-3.029206355689247,1.0
12,72,8.0,-2.038663520428269,0.47870486524221967,-3.261853179039069,0.0,1.3135262802620191,-2.7685585417177743,1.0
12,73,8.0,5.521469871094067,1.9388198183006236,4.676611241185589,1.3117157312386278,1.052162364153313,-2.5030640946944294,1.0
12,74,8.0,3.332645438068408,6.816992326871673,-4.918161234110254,0.0,10.702672335743777,-2.4510663423768397,1.0
12,75,8.0,-1.126739760831307,2.9196303620071107,-3.524679746918911,0.0,3.7781420867446993,-2.25840053708114,1.0
12,76,8.0,-2.26558379497777,3.6921203327415424,-5.530680829265534,2.433202474745468,3.499390349260307,-2.7735889825279623,1.0
12,77,8.0,3.6576312832007436,3.226922385652563,-5.534120237113679,2.0360400206951925,9.268575770762677,-3.0127504643671514,1.0
12,78,8.0,3.6536052647734163,0.34888723078980544,3.3072054745936215,0.0,0.4916453136609611,-2.3526169316837104,1.0
12,79,8.0,-1.3117188212512605,7.782993641209703,-3.8280385093568374,6.399073528984883,2.8717763927172513,-2.6387664424012116,1.0
12,80,8.0,2.1284429476993454,7.52021760198471,-5.531420629630941,2.417359732853932,9.20394852527224,-2.5539261489978964,1.0
12,81,8.0,5.502486726398447,3.036976027008002,2.1592824038070946,0.0,4.516662322026611,-2.404154493084793,1.0
12,82,8.0,1.4515231510082205,1.4535922111575537,-2.9352593103445024,0.0,4.621340788079771,-2.8216216193738526,1.0
12,83,8.0,5.145682288217,4.407302733525985,3.757183467378188,4.144954853124991,1.4130659523963014,-2.9548505563705776,1.0
12,84,8.0,4.5592014812559825,5.522873321445178,-5.518540546715427,2.6931852645970933,10.467474331538149,-2.867855316853596,1.0
12,85,8.0,1.0529581150286154,3.884509807429287,-1.1996315300288503,5.165699110442674,2.5914486564807815,2.6244583918458617,1.0
12,86,8.0,-4.914090603137006,0.0,-5.39957217018698,1.0808629850651819,1.1848869753817508,1.9929523730217906,1.0
12,87,8.0,5.312352795762866,3.9416981625055802,3.0634729677843318,5.053394990396,2.508651095276181,2.682488443206123,1.0
12,88,8.0,-0.12156410134007845,7.191475166939758,-1.2160766175067075,7.809591920770209,1.2569908390323692,2.627502003643235,1.0
12,89,8.0,4.150914531015637,4.445146385162724,3.460777130930351,6.073403649685725,1.7684771274937094,1.9716928015676054,1.0
12,90,8.0,0.8070910054006777,2.711234722814906,-1.5072050838848867,3.812775414290236,2.5630759418828006,2.697351356304711,1.0
13,1,11.0,-0.9396440599600426,5.240181485464584,-1.6070583235991576,2.801510434314969,2.528350904250458,-1.837934461444333,1.0
13,2,11.0,-2.213878703928647,6.946785001725933,-4.921207220005507,3.019070112315264,4.7703848845204515,-2.174297098775908,1.0
13,3,11.0,5.177957938125061,4.3307022193451905,5.098532980166392,3.6293659477580698,0.7058193039230791,-1.6835639183945101,1.0
13,4,11.0,-2.673310496024788,4.818888410232409,-2.6964634686180906,0.48211676004885495,4.336833453797332,-1.5761350336702844,1.0
13,5,11.0,4.3700831686496375,5.725421856652348,4.26452634679654,3.1991851333016927,2.528441066160171,-1.6125562512979696,1.0
13,6,11.0,-1.0059109757442684,7.868039387210239,-1.468654003017847,6.512240223695445,1.432592922318735,-1.899705459212873,1.0
13,7,11.0,4.230391623244595,5.973239105349834,3.7882454001582846,0.0,5.989580844455643,-1.6446827614965212,1.0
13,8,11.0,-3.6494812170305857,2.7210509175353557,-5.2758196785456395,0.7106561326454486,2.585858461423534,-2.2509797099449456,1.0
13,9,11.0,3.358050516805659,6.798355584332668,-0.17000524296160435,2.0413982334007534,5.922484333673846,-2.208939894267752,1.0
13,10,11.0,-1.5146341175280742,0.8954486348584345,-1.1872044911303359,0.0,0.9534350622422045,-1.2202393063092776,1.0
13,11,11.0,-4.909599819929281,4.967602479973346,-4.535522217224928,3.088958615182582,1.9155252082812726,-1.3742460212016283,1.0
13,12,11.0,-3.912405858825612,5.907380331631236,-3.9987332304781047,5.312950940795782,0.6006652277146041,-1.7150153544485351,1.0
13,13,11.0,1.8209863006573805,6.620817692095381,2.719329504215276,3.873332330250326,2.890622134581328,-1.2547843488290242,1.0
13,14,11.0,1.0200451633613612,6.024338686633978,-1.3481038908825964,6.587591019606558,2.4342109879210563,2.908086330881413,1.0
13,15,11.0,-0.6954075849055054,2.2706434560651276,1.2541252091551645,4.807871132496729,3.1997191122297757,0.9156409220387007,1.0
13,16,11.0,4.488099408358465,0.0,-1.2962133985375808,7.787305728885388,9.700536333788602,2.2096653873231364,1.0
13,17,11.0,-2.934874666278356,0.0,-2.4258132928454,0.4182233733413442,0.6588279532096832,0.6877484510166861,1.0
13,18,11.0,-1.3601929359538913,2.697414072016225,-4.025877817041172,4.679018133522681,3.3215403869042737,2.5023449093199575,1.0
13,19,11.0,-4.4749928149660105,0.41908979082098186,-2.9406959109555073,2.5605772062956325,2.634394681951153,0.9491064835043538,1.0
13,20,11.0,-0.029651243961466456,7.912714521968974,0.014519997743291312,7.960049795906503,0.06474354602955451,0.8199615184293286,1.0
13,21,11.0,-4.929175560287549,0.0,-4.4147979838858475,0.08675359486568657,0.521642096965925,0.16708499894645995,1.0
13,22,11.0,-2.886595146430226,0.9345926555215696,-0.6601378903750825,1.0946852414779766,2.232205534694063,0.07178109109147393,1.0
13,23,11.0,4.774677077583535,4.883171726006486,4.798952306128995,5.153985681661533,0.27189977068483917,1.4813972292227633,1.0
13,24,11.0,1.7783024115830361,0.0,1.9536472976799883,1.3274866602804274,1.339017050788688,1.439468701587925,1.0
13,25,11.0,-4.410390313913863,3.7567361880870838,-4.285315046143444,5.9151103539448675,2.1619951115694334,1.5129122270735438,1.0
13,26,11.0,2.8598082186624536,1.250196705755329,2.023589661966099,3.976357813206741,2.8515286879749335,1.868423704647927,1.0
13,27,11.0,-4.240848680615619,0.42303471053283537,-4.4795777701366095,3.2006002090084014,2.7878058893160658,1.6565346584500644,1.0
13,28,11.0,5.017698685161892,1.9688204139791572,4.846437844327919,4.399885579004767,2.437090091113612,1.641126968403423,1.0
13,29,11.0,2.930947163651956,6.915339395517667,2.9797582773753657,7.075864469216717,0.1677820732647118,1.275608331076067,1.0
13,30,11.0,-4.197860726860604,0.0,-4.0308508084846935,0.3782219165192221,0.4134539042884971,1.154978257760388,1.0
13,31,11.0,-1.880602254644395,1.1758710965578079,-2.296804812425137,2.1506153336603555,1.0598824920093073,1.9743482908410834,1.0
13,32,11.0,-1.3972425359777039,5.876542966351151,-1.4447761964262147,7.7459901310026105,1.8700513763795412,1.5962174361130987,1.0
13,33,11.0,-3.2056027659129773,0.0,-2.440615488040729,1.850127550535121,2.002043328341192,1.1787251399869108,1.0
13,34,11.0,2.1032506184480035,2.4496902877652467,2.298754415804497,4.84303343564394,2.401314881117989,1.489290803732597,1.0
13,35,11.0,2.7306498772979815,6.710967505266412,1.3595307373262908,7.769697056017212,1.7323036562998126,2.4840565026574417,1.0
13,36,11.0,0.1111710185647702,0.0,0.8184350047569635,1.719646140985775,1.8594099054193884,1.180599851758811,1.0
13,37,11.0,1.3086782047876897,3.8514988786512863,1.1685986777910526,6.085513175782882,2.2384016962270152,1.633417401654336,1.0
13,38,11.0,0.973884039864575,7.184594370177548,1.3392943750622657,7.775324827019058,0.6946129754830872,1.0168315101974645,1.0
13,39,11.0,-0.5028260018901309,2.544133807155061,-0.9686833751348756,5.033440914915129,2.5325230441106137,1.7557997567445192,1.0
13,40,11.0,-3.16297052281025,3.685278349139577,-1.187871457558865,6.0834230803917455,3.1067852306829047,0.8818330920779602,1.0
13,41,11.0,0.6019326893519383,3.191222945472287,-0.34437980893799397,5.732556688368707,2.71180466427869,1.9272578881423428,1.0
13,42,11.0,3.443037278264527,0.0,4.3884988441156585,1.41513914545804,1.7019155012835936,0.9817986017161962,1.0
13,43,11.0,5.353712216915453,0.943672462857575,5.305098780091611,1.135463191687149,0.1978558816533006,1.819039376048623,1.0
13,44,11.0,2.297304551315157,1.7794105810887797,2.8040624587937066,3.2951981142840956,1.5982538667503292,1.2481581425809878,1.0
13,45,11.0,5.480945600182738,3.197280366348423,4.9679201806627935,3.117563058153463,0.5191819818709675,-2.987438783796971,1.0
13,46,11.0,-2.7020132630803895,3.599927907353737,-5.4753038966940695,3.22219118322497,2.7988972777229426,-3.006220444890119,1.0
13,47,11.0,-2.6689345629045613,0.7387224596840691,-3.190660200505138,0.0,0.9043829461966925,-2.1857072369251163,1.0
13,48,11.0,3.8589743612229013,1.6768391172553212,3.4152579137030585,0.0,1.7345528850275032,-1.8294820985821834,1.0
13,49,11.0,-0.6068112999921773,2.3582287627158776,-2.7715057895688395,0.6911372243600182,2.732232865343156,-2.4853336708393137,1.0
13,50,11.0,-4.1941162875752385,3.3325488206515614,-5.520259295289753,1.9295163385019447,1.9305842180223616,-2.328028789110462,1.0
13,51,11.0,-1.9687130230717695,1.151173826475393,-3.1911267482774455,0.0,1.6791356390515972,-2.386199079190175,1.0
13,52,11.0,5.03752243188579,4.664000914113894,-4.991100423693142,0.0,11.060116676884352,-2.7062783057667836,1.0
13,53,11.0,4.341258034594997,0.8420091321464143,3.275378872382818,0.0,1.3583363968679092,-2.472999538951159,1.0
13,54,11.0,0.17557108504844265,4.740086293742979,-2.0642794720072652,1.0036337196885199,4.356375598602692,-2.110818023344202,1.0
13,55,11.0,5.088746583260835,0.1510250427234664,1.443499451901543,0.044880428272617956,3.6467921969670916,-3.112482245966569,1.0
13,56,11.0,0.39631225135042136,1.2522530271506613,-3.298588862804051,0.0,3.9013371922185804,-2.8148281032714313,1.0
13,57,11.0,5.504914052417619,2.984995112417334,2.20572678593835,1.6234091895430665,3.569110931964475,-2.7501832327102913,1.0
13,58,11.0,5.491466472278165,1.7082386239790681,2.748030511941577,0.1643539011209616,3.1480185682334514,-2.6290088355245267,1.0
13,59,11.0,-0.05787345109854414,3.551520475908255,-3.462876825462553,0.0,4.920096103759142,-2.335135776754519,1.0
13,60,11.0,3.748756963588515,5.461477352186011,-5.011151061980257,4.726588669904094,8.790679722966265,-3.057896352690017,1.0
13,61,11.0,-0.029864232567579342,7.9586586399192205,-3.958102074002775,4.3109355888057905,5.360684284352858,-2.3932045414313206,1.0
13,62,11.0,-2.4995922643055666,5.83818785797307,-4.7173854550059255,5.2794868273252025,2.287084055815148,-2.8948100518512976,1.0
13,63,11.0,4.8818471220876205,1.2139805907461834,1.6422209499199072,0.0,3.4596136504098953,-2.783059941370077,1.0
13,64,11.0,-5.426339036121451,1.2337013917037032,-5.429398071163946,1.231232463898267,0.003931068544259416,-2.4625412479460453,1.0
13,65,11.0,5.290713805961189,0.7552120681011115,2.833660282027892,0.0,2.57049747855908,-2.8433928195201426,1.0
13,66,11.0,3.6356481710400725,6.594714569679459,2.2271006571151766,5.800938607030165,1.6168136497023453,-2.6284118461264563,1.0
13,67,11.0,5.529996576235757,2.0043489894209463,2.829660896724845,0.0,3.36291951337412,-2.50306409469443,1.0
13,68,11.0,5.505113930642346,2.9807147426417107,3.043125280174075,0.0,3.8660119622210454,-2.2611747975296885,1.0
13,69,11.0,3.711556318031707,6.522353615790728,-4.182640440756549,0.0,10.2400898021395,-2.4510663423768397,1.0
13,70,11.0,-0.7114898848577904,2.5836558876977587,-2.833488561136124,0.0,3.3433749607488377,-2.25840053708114,1.0
13,71,11.0,-3.1558201124195033,2.5990060293894803,-5.490254222241152,1.6989222774189312,2.501945917413119,-2.7735889825279623,1.0
13,72,11.0,2.7251557345364676,0.8561704028657111,1.875089519044872,0.0,1.206499204087362,-2.3526169316837104,1.0
13,73,11.0,-1.9955590450783371,4.192009497852332,-5.400522711427425,3.5523858515073496,3.4645195883586912,-2.9559062652854395,1.0
13,74,11.0,-1.1216897485390505,7.835841089331274,-2.1318547379572945,7.326579806545046,1.131273777646877,-2.6746411330555224,1.0
13,75,11.0,1.9875853011957276,7.588621239551874,-5.523601329341521,2.5848091719868744,9.025301092277788,-2.5539261489978964,1.0
13,76,11.0,4.998234035671882,2.8373851984931786,1.87474594221973,0.0,4.2198261379546835,-2.404154493084793,1.0
13,77,11.0,3.19619612915835,3.0342369031178977,-5.130257703441199,0.27520598598017826,8.771663754849106,-2.8216216193738526,1.0
13,78,11.0,5.373593322834505,3.671291970764227,1.2004052374646577,2.8827950471225776,4.247025570262699,-2.9548505563705776,1.0
13,79,11.0,4.7619902556884215,5.21085657483076,-5.043394818856238,2.4576425154487866,10.184584631534157,-2.867855316853596,1.0
13,80,11.0,4.621121394172446,3.469233075467861,-0.8645850407524611,7.882980258865113,7.040890518188996,2.4640588982187377,1.0
13,81,11.0,-2.636265125398138,7.203717031228415,-2.636221466739831,7.273628945685209,0.06991192808879286,1.5701718459325038,1.0
13,82,11.0,5.285444717119939,0.7394495346024513,2.669768350995942,2.0324662102074678,2.9178168166785734,2.682488443206123,1.0
13,83,11.0,5.143202764284029,0.3840546936515767,3.7550680286393274,0.9496677395470094,1.4989450163333187,2.754669565569345,1.0
14,1,14.0,0.24354489461106843,2.2810248971876814,0.7102310003007504,0.0,2.3282762943503665,-1.3689865042284113,1.0
14,2,14.0,4.049461170418734,1.2495357631174762,4.269127237167441,0.0,1.2686972862706143,-1.396776339254243,1.0
14,3,14.0,2.3565521072875373,7.4094426695225195,2.400497253878316,7.324487548039124,0.09564804532839932,-1.0934245492364771,1.0
14,4,14.0,-1.4640552605511885,6.076577542567057,-0.8548153230045916,4.092091353372209,2.075899500603744,-1.2729287176596724,1.0
14,5,14.0,-0.37128425047023306,7.927704440669626,-0.49389520805556064,7.463389837903869,0.48023067088797433,-1.8289716740810704,1.0
14,6,14.0,-1.5566878404145081,7.714867289031856,-1.5466112169552515,7.34278034526486,0.3722233631332182,-1.5437215763602614,1.0
14,7,14.0,2.735683525668877,3.6526722020561695,1.6894660796487218,1.8829239124873696,2.055864770063593,-2.1046959335398006,1.0
14,8,14.0,-0.8779874540509367,7.881765154448521,-0.7999297306505104,7.712929755025227,0.18600645225604595,-1.137735951661549,1.0
14,9,14.0,0.28841343066348313,5.029374749283206,0.07924167729996778,2.371331708113023,2.6662606082523896,-1.6493283769168905,1.0
14,10,14.0,-3.269368396111967,6.793406251110247,-3.6524384420724236,6.439761192497376,0.5213515969031337,-2.3961140672708785,1.0
14,11,14.0,-3.1596221518385446,6.943919327258818,-3.27358572582096,5.0311309652847065,1.916180318732674,-1.630305792225923,1.0
14,12,14.0,-2.027573865616963,2.021637929743625,-1.9574656021950299,0.0,2.0228532046537953,-1.5361312772773341,1.0
14,13,14.0,2.858781826114241,3.7675200749637225,2.5994674367015382,1.8532055766733748,1.9317981133961977,-1.7054374849307794,1.0
14,14,14.0,-0.5373112012206127,1.0711115538288272,-0.17307649682223195,0.07500905568344768,1.0606069520324868,-1.2202393063092776,1.0
14,15,14.0,-3.5950074959166116,6.624527891917925,-2.458628425630825,0.9175527802423034,5.819013861185464,-1.374246021201628,1.0
14,16,14.0,-3.584807993545261,6.6320100769442645,-4.198657258962889,5.28453065293318,1.480713246643997,-1.9982591204479456,1.0
14,17,14.0,2.384114350043194,6.47582599572757,3.0880220038183523,4.323000697803105,2.2649818428470487,-1.2547843488290242,1.0
14,18,14.0,-3.527628227381276,0.7277918553371721,-3.5556864692017633,0.0,0.7283325130935595,-1.609329807224099,1.0
14,19,14.0,-1.1233663144747703,6.999310435714625,-1.183647633118447,7.818610483275585,0.8215147018226837,1.6442405952267767,1.0
14,20,14.0,-0.7453266623097644,7.445084890623762,-0.02873597667861857,7.958760931102397,0.8816832114173003,0.6219343456079474,1.0
14,21,14.0,3.7159439549683224,2.4234153281299893,4.542048943131908,1.768803482350009,1.0540237758723618,-0.670094235060378,1.0
14,22,14.0,5.517363846904017,2.7183841591471722,1.870957951554529,7.627468170793854,6.115176349627586,2.2096653873231364,1.0
14,23,14.0,2.857663230680299,6.474981634972879,1.810944987739568,5.467113084244923,1.453071951298834,-2.375100998889235,1.0
14,24,14.0,1.797687780273554,0.0,2.375530328887941,0.556268674957947,0.802082819744096,0.766377743260504,1.0
14,25,14.0,1.3938067854731295,0.0,0.10123082404106887,0.5724308643123988,1.4136582721752298,2.724691758550008,1.0
14,26,14.0,-2.50248923833946,4.494726193004894,-0.1804055118092227,4.487966725354788,2.3220935647427012,-0.0029109409280023493,1.0
14,27,14.0,2.4871058544798115,0.0,2.3467440024550004,0.5656461826000501,0.5828010410027115,1.8140276476136652,1.0
14,28,14.0,-2.4880851808364772,4.486862995752556,-1.5791395824544117,6.688990413208744,2.382340711050875,1.1793403271015925,1.0
14,29,14.0,-2.4606173889661536,1.4408547608923683,-2.723894200381088,3.212152419502085,1.7907568441374389,1.7183510356223717,1.0
14,30,14.0,-3.3470203280846347,4.932957883875027,-1.8933926272217068,5.9474232168289225,1.772617670136823,0.6093052592692445,1.0
14,31,14.0,2.379094929193643,6.870466764039001,2.404416879325131,7.386198460919259,0.5163529648655569,1.5217366478421084,1.0
14,32,14.0,-0.0370919262424385,0.0,0.5724017702033204,1.8545094495218508,1.952098323438897,1.2532622170743015,1.0
14,33,14.0,2.2496071016436323,0.0,3.859315808024661,1.659124550039952,2.3116782630686643,0.8005142846348512,1.0
14,34,14.0,2.2878557722531765,5.251419775677801,3.1823229327283507,6.927266412569861,1.8996140269936281,1.0805220843919179,1.0
14,35,14.0,4.753633416511763,2.733066116236385,5.235896714655867,4.193194838830525,1.537710562908776,1.2517888849336187,1.0
14,36,14.0,2.492965400772735,4.487901529891729,2.314470158849931,7.429878609072114,2.947386925025595,1.6313939118336076,1.0
14,37,14.0,5.415220923230853,1.127676390854669,4.9651325237835415,4.835805484987858,3.735344822914488,1.691584294584247,1.0
14,38,14.0,3.2737703835050658,6.261598828345811,3.066215516332694,7.012440879006844,0.7790011604149293,1.8404910146398366,1.0
14,39,14.0,1.214266735289391,0.0,2.1762623537389487,1.7958411695494254,2.037272950825391,1.0790140420576724,1.0
14,40,14.0,-0.8675347357082684,6.436333682626396,-0.8193631337139372,7.887080217413286,1.4515460762355665,1.5376038230439881,1.0
14,41,14.0,-0.9189145684975997,0.0,-0.9441138575202597,1.0462223933524955,1.0465258241053927,1.5948776482113551,1.0
14,42,14.0,-2.138042639560534,3.9832355960785986,-2.753481009790039,7.216685077296127,3.291498129292595,1.7588815106321922,1.0
14,43,14.0,-1.6620408720641946,1.8729645002751152,-3.662769019686199,6.573988138687613,5.1090641383329745,1.973170114834216,1.0
14,44,14.0,-0.5528318624692747,1.0893390018698332,0.1237932948078963,3.758315831937365,2.753408600788791,1.3225123516184962,1.0
14,45,14.0,-5.231099191496931,0.5768743353709191,-4.555149383691483,2.211664087271376,1.769023933018143,1.178725139986911,1.0
14,46,14.0,3.1408548348224863,4.546867979585439,-1.119392639258921,7.836479919810098,5.382495263136388,2.484056502657442,1.0
14,47,14.0,1.972390301270865,4.110029755420334,1.7299364134648636,6.679656192103146,2.581039308459182,1.664871563138396,1.0
14,48,14.0,-4.650198360926243,1.901605037632799,-5.515622515097513,2.7556745845754094,1.215892165299955,2.3627978538358616,1.0
14,49,14.0,1.4633512054065816,2.645848744681712,2.0651146412976367,7.1126061685931505,4.507110062650274,1.4368821849340774,1.0
14,50,14.0,-0.878362942400105,0.0,1.1993427602744322,2.3612783388989476,3.145233915097519,0.8491938037061292,1.0
14,51,14.0,0.2964623297196986,0.0,0.2520482979969684,1.6996424136481758,1.7002226149788928,1.596921778909452,1.0
14,52,14.0,-0.19219969410313656,0.0,1.2780840638057027,3.574857252458682,3.8654027868033336,1.1805998517588112,1.0
14,53,14.0,2.598904002542053,3.832621134794664,2.3660819816596375,5.448675439971183,1.6327392966077998,1.7138800071838487,1.0
14,54,14.0,1.3491523408880852,3.9428062479022428,1.2201614572766253,5.999976802130036,2.0612106484386192,1.633417401654336,1.0
14,55,14.0,-5.308309550482259,2.0586067270593187,-4.52035448735717,3.813683051513723,1.9238414919542737,1.1488095004790568,1.0
14,56,14.0,-2.887683804009566,6.043847576093256,-3.1026516268299096,6.985711955334443,0.9660847135378473,1.7951891663594983,1.0
14,57,14.0,0.25813120605695156,3.3470398521128812,-0.20234537220710241,5.98497754466841,2.6778263477931046,1.743614364465946,1.0
14,58,14.0,1.2802556387233572,6.845493262644349,1.128666736284596,7.833900775711547,0.9999643029779971,1.722977355972112,1.0
14,59,14.0,4.8503939140548304,4.2589401903277455,5.113056641750853,4.484733902283443,0.34637336629632365,0.7100603588114125,1.0
14,60,14.0,-0.4323961516532417,0.0,-0.8764485579680861,2.8407984595355,2.875294494004618,1.7258541119916253,1.0
14,61,14.0,0.66683409044,1.7699428480845356,1.507118919194275,4.283358522437493,2.6501579095438323,1.248158142580988,1.0
14,62,14.0,-3.422889607014461,2.4071014131143857,-5.544796201191294,2.118086610238432,2.141498809407223,-3.006220444890119,1.0
14,63,14.0,5.388450105561271,1.0475912142678228,4.318270856430972,0.0,1.4975750323373518,-2.3668600362249372,1.0
14,64,14.0,5.504495563027119,2.993957015801108,4.138008299097426,2.8743875865928508,1.371708529857289,-3.0543136380404228,1.0
14,65,14.0,4.757612171053264,5.217592824054059,0.9229028096167373,1.8563839552370096,5.099286317368669,-2.4219010281167312,1.0
14,66,14.0,5.316139592765178,3.9249776441616606,4.1345149630982725,3.003888348073152,1.4982130211703126,-2.4794705136730193,1.0
14,67,14.0,0.638815261972292,1.7778351160486077,-1.2490404180551045,0.0,2.5932020300137184,-2.386199079190175,1.0
14,68,14.0,4.905434616106596,4.977487850380893,-5.140381343020031,0.30549095797389925,11.079078176784558,-2.7062783057667836,1.0
14,69,14.0,5.336495375666524,0.8921681050637239,-0.7467341728577459,0.7150327746524388,6.085807971446249,-3.112482245966569,1.0
14,70,14.0,-1.3216562650079595,0.4316947760326637,-2.5954160199091936,0.0,1.3449253856106456,-2.8148281032714313,1.0
14,71,14.0,5.527672980261401,2.4976152239808758,0.21223987586632376,0.30391771476139384,5.7503163260167565,-2.7501832327102913,1.0
14,72,14.0,5.507076774955291,1.8282064401954357,4.694801385636816,1.3710936872633228,0.9320640412469815,-2.6290088355245276,1.0
14,73,14.0,-1.430779986886769,1.5619926480578172,-2.928333013385506,0.0,2.163905289000006,-2.335135776754519,1.0
14,74,14.0,4.698020210746317,4.526046056576701,-5.371325461844407,3.6813056607674817,10.104717146483294,-3.057896352690017,1.0
14,75,14.0,1.4564695666363376,7.742738182410083,-4.524862930711784,2.188531612530081,8.162447492310802,-2.3932045414313206,1.0
14,76,14.0,0.12800041906042292,5.340571905171148,-5.305542931466921,3.9717669675697125,5.603304408941387,-2.8948100518512976,1.0
14,77,14.0,5.511414134207267,2.845796589569005,0.6573034740376889,0.1098915622721961,5.57203433402558,-2.6283479249129753,1.0
14,78,14.0,-4.344643149791716,1.0426720417627244,-5.16537627001731,0.3802635393368803,1.054698003563716,-2.462541247946124,1.0
14,79,14.0,5.503092147725557,1.7975839060220342,-0.3452782073226919,0.0,6.118393883119704,-2.8433928195201426,1.0
14,80,14.0,-4.706393702519682,1.158375073286929,-5.277190253634142,0.7147562221288193,0.7229152010208415,-2.4809142038061465,1.0
14,81,14.0,4.395538796469231,5.774689520799724,2.4229083888393603,4.663029044111566,2.264301159416859,-2.6284118461264563,1.0
14,82,14.0,4.463736742987523,5.66975816324319,3.350731182681743,5.805232863832908,1.1212202155560058,3.0204687881939267,1.0
14,83,14.0,5.538523281377445,2.0698781605412693,2.7499041942569127,0.0,3.472865101402394,-2.50306409469443,1.0
14,84,14.0,5.518600072381394,1.9167649298297933,3.9354047953069373,0.0,2.4860601524452863,-2.2611747975296885,1.0
14,85,14.0,4.0340167850249635,6.181074370352929,-3.4471196474028436,0.0,9.704281668028424,-2.4510663423768397,1.0
14,86,14.0,-5.304190734384802,2.8004561412688944,-5.51949465376995,2.672753168982506,0.2503274392338651,-2.606240766985532,1.0
14,87,14.0,-4.827152361296912,1.2047259087382254,-5.370895313207983,0.9950758722670526,0.5827602727926202,-2.7735889825279623,1.0
14,88,14.0,0.5991551882966593,0.15730313967173437,0.4429735634961222,0.0,0.22166862131551435,-2.3526169316837104,1.0
14,89,14.0,-2.8460358197433826,5.527224659180926,-4.794226947466349,5.1612562568727665,1.9822667685320436,-2.955906265285439,1.0
14,90,14.0,0.991806485767734,7.087492382148319,-5.515782029052103,2.752258611119814,7.819396404306478,-2.5539261489978964,1.0
14,91,14.0,2.2197173960005174,7.475892679371609,0.39696254720974977,7.154265818254826,1.8509130386331196,-2.966939480396748,1.0
14,92,14.0,2.9391084763583533,1.2253435679036508,1.5902094806323648,0.0,1.8223598327644928,-2.404154493084793,1.0
14,93,14.0,2.8127083598920617,0.39821072473299435,0.824649732290333,0.0,2.0275475057502463,-2.9439074003742935,1.0
14,94,14.0,3.274223372714822,4.062626433144079,-5.422834857732398,1.1807930586522295,9.16208412219211,-2.8216216193738526,1.0
14,95,14.0,5.508059976724342,2.9176254960556074,0.26781436099470035,1.9275149468534445,5.332962873751807,-2.9548505563705776,1.0
14,96,14.0,3.80761166156943,5.290143801837898,4.244494094117378,0.0,5.3081529465524016,-1.4883990817349515,1.0
14,97,14.0,4.941345399028183,4.892259994574294,-2.290757311942137,2.861587388515259,7.511786795098943,-2.867855316853596,1.0
14,98,14.0,3.5185544705386276,0.0,-4.090028701960264,6.121793600448184,9.765597512662584,2.4640588982187377,1.0
14,99,14.0,0.4663229520622152,2.8951068244077645,-2.9297621976182766,4.558538980578484,3.78158708508255,2.6861312491134295,1.0
14,100,14.0,0.5627916852625183,0.0,0.40430401838665775,0.12014068070188932,0.19887715733906464,2.4929630075590805,1.0
15,1,17.0,-1.2567739298375542,4.538742500314561,-1.1845529857238113,2.5399264254650484,2.0001203878380656,-1.5346801772420706,1.0
15,2,17.0,2.0042075691741905,0.8344544646288863,1.419946443073691,0.0,1.0186634954739986,-2.181637295668099,1.0
15,3,17.0,-0.6388671901021667,3.9068559418535376,-0.19242339680820295,2.088376925515578,1.8724791036036093,-1.3300536899866169,1.0
15,4,17.0,2.641400346239312,4.006456404019027,2.904993933792319,0.41677792849991313,3.5993434313780472,-1.4974969098059272,1.0
15,5,17.0,-1.6103604356221222,7.574557167510436,-1.3864324525996705,5.00506902109252,2.5792272246086965,-1.4838670886355856,1.0
15,6,17.0,-4.223949372948143,4.770299552866923,-4.110815235871771,0.0,4.771640929182998,-1.5470844127690409,1.0
15,7,17.0,0.9329191368353468,7.876784877473347,1.215513091950353,4.367074237311593,3.52106917301154,-1.4904519186378977,1.0
15,8,17.0,-2.128802341285188,7.5200430723855,-0.7245214416496983,0.4676462502531553,7.190848752539817,-1.374246021201628,1.0
15,9,17.0,2.977777919579792,7.077317226704813,2.799793039535554,5.013916840218705,2.071062474305249,-1.6568413872931445,1.0
15,10,17.0,-3.2067973855534877,1.603653544777972,-3.116731696436451,0.0,1.6061807245870816,-1.5146924561532276,1.0
15,11,17.0,2.362302566162615,6.774020440915539,1.6444489085064686,7.690460768351163,1.164120589784676,2.2352750911069346,1.0
15,12,17.0,3.6372800044675593,0.8786334466457943,3.3638311087596655,2.5419553441248257,1.6856494395920856,1.733738074799442,1.0
15,13,17.0,-2.19036739265845,0.06436910231356574,-2.1752641003415225,0.0,0.06611725018075731,-1.3403295855686463,1.0
15,14,17.0,3.548845257239935,0.0,3.4593057267848657,0.49238495690610795,0.500460061644827,1.7506793014668325,1.0
15,15,17.0,-4.968682167741242,4.2221420911462335,-4.6960963400970535,5.312242882934089,1.1236648831786888,1.3257653175931878,1.0
15,16,17.0,0.5619571234699099,0.9147565680367566,4.669223952625657,2.8276795175506884,4.530884573310182,0.43586684036526374,1.0
15,17,17.0,-0.9997725642077852,6.629454551596485,-1.6166037836184868,7.69820455077326,1.2339802729298597,2.094246401691824,1.0
15,18,17.0,-1.1624396609929621,6.7010875985235785,1.4662900116029736,6.048867819645682,2.7084331875728203,-0.2432010782754714,1.0
15,19,17.0,-1.7894220289559764,5.1046152163303695,-3.634778540968958,6.59535251581248,2.3722643934637495,2.462094556637516,1.0
15,20,17.0,4.976243870180554,3.817062401258349,5.279874662351598,4.085104641687824,0.40501642017190903,0.7232250642437049,1.0
15,21,17.0,-4.383693829195545,0.0,-5.035358643210507,1.7509002326024445,1.8682394531623745,1.9270997860982424,1.0
15,22,17.0,0.5587045047901084,2.7143521579674452,0.4746304104629561,5.283312418243189,2.5703356341561596,1.603511545888251,1.0
15,23,17.0,5.386346452968238,1.041298115884734,3.3968028140148383,3.825805302065275,3.4222454852320294,2.191190841576292,1.0
15,24,17.0,-2.7758193773027076,1.0610839970494463,-1.9873011200563662,4.0582482418054555,3.09915384452832,1.313537883956647,1.0
15,25,17.0,0.31037911723190725,5.020066681281552,0.5472692292245658,6.714980393294589,1.7113881547824576,1.4319305876571085,1.0
15,26,17.0,2.1427018194590848,0.0,2.137770531385461,0.08866946649943375,0.08880648563792662,1.6263533703902768,1.0
15,27,17.0,-5.022640003831716,4.699321709959929,-4.01099644502053,5.9398733480165635,1.6007470308481475,0.8866880980375199,1.0
15,28,17.0,-2.3198411183875507,0.8327441852648672,-4.149403671710777,3.0960813627427424,2.910325465558125,2.250606416938707,1.0
15,29,17.0,-2.4759933678425563,0.0,-2.044896532935058,1.1789411321587084,1.2552874866591,1.2202352808073127,1.0
15,30,17.0,-2.4452848497151702,0.8407087978621424,-3.53427376592866,3.720884367384843,3.079173293420044,1.9322803708857375,1.0
15,31,17.0,-2.9966560226725005,0.0,-3.2273629674255484,6.710456001995414,6.714420708376379,1.6051630092681008,1.0
15,32,17.0,0.5392135678123935,6.905371166409223,0.769157526462499,7.700039421475941,0.8272677074142707,1.2891308059849156,1.0
15,33,17.0,-2.257256287398792,7.090617264400609,-2.2448688999046884,7.463678544036855,0.3732668827163251,1.5376038230439886,1.0
15,34,17.0,4.811746660465625,0.0,5.264158896278509,0.6757727824792376,0.8132316303814947,0.9808527757271497,1.0
15,35,17.0,2.7032225993570553,0.360693003168507,2.8529853906139606,1.0817744659629354,0.7364695306873272,1.3660157514733564,1.0
15,36,17.0,-3.061409686149516,0.750822927427198,-4.881388293629761,5.02714725731618,4.647501684355389,1.973170114834216,1.0
15,37,17.0,-3.977832826878192,0.0,-3.9616889498814056,1.0395982832693043,1.0397236244988242,1.5552686179156996,1.0
15,38,17.0,3.325608088010568,5.550318175844444,3.7026367222320897,6.531793758802638,1.0514014033498686,1.2040325951334587,1.0
15,39,17.0,0.05039999986182819,5.0858537375842845,-1.4066622834506992,6.210945534245556,1.8408862127699266,2.484056502657442,1.0
15,40,17.0,-2.658056279295591,0.8918133038422111,-3.595181580806631,4.172618072486383,3.4120204806962247,1.8490262420480081,1.0
15,41,17.0,2.897820288359898,0.0,3.327086588228002,2.2859647264321343,2.325920094649512,1.385174585654178,1.0
15,42,17.0,-0.4955704067710425,0.0,1.2455793942877116,4.233442667410464,4.577514549182598,1.180599851758811,1.0
15,43,17.0,-1.5237423865977193,0.0,-1.608313987621388,0.08668338914957485,0.12110477139305142,2.3438638649987467,1.0
15,44,17.0,5.52921569534531,2.4645781534015434,5.106216253276461,4.500968347626213,2.0798590219351274,1.7756040454472797,1.0
15,45,17.0,0.16746010680140577,0.8971700582356665,-1.0473579641645112,7.856512900557056,7.0645761190969765,1.743614364465946,1.0
15,46,17.0,1.8590186035168996,0.0,1.8888303898698084,0.4783317889169052,0.47925989076282843,1.5085523425448826,1.0
15,47,17.0,-4.652336608863741,0.5839587823670196,-4.350921342889486,2.7217788093964246,2.158964017886898,1.4307277046461375,1.0
15,48,17.0,-2.0590233144924888,0.17976784713495464,-3.09542223174794,5.2642890989446,5.189073045910242,1.7718758079740893,1.0
15,49,17.0,5.531368612152734,2.01489331749291,3.473030409021386,0.0,2.8803734548401136,-2.366860036224937,1.0
15,50,17.0,5.426098123692854,3.439458184754587,4.483738271758485,3.357000460794148,0.9459605524431247,-3.054313638040423,1.0
15,51,17.0,-2.363103813998989,4.125392888601861,-5.1503980581382685,0.335456064343272,4.704532956126807,-2.204917684887239,1.0
15,52,17.0,5.445635455672207,3.3531915278536184,1.8323808848606808,0.18609275608234022,4.804802100362253,-2.421901028116731,1.0
15,53,17.0,5.001537764619491,4.7494041212708416,4.901109147601293,4.6711189181412225,0.12733609129085777,-2.4794705136730197,1.0
15,54,17.0,2.419369460986606,1.6257167638514574,0.6930459121672343,0.0,2.3713177753046857,-2.386199079190175,1.0
15,55,17.0,-0.1705420214041964,2.9917256957314597,-5.134906092527224,0.6829542024619235,5.4749736473147745,-2.7062783057667836,1.0
15,56,17.0,5.481326907978359,1.6303143574486227,-1.9926643637053356,1.4126819464339968,7.4771591794964545,-3.112482245966569,1.0
15,57,17.0,5.529646298121676,2.001657042872326,0.6795363515070597,0.0,5.246922661096733,-2.7501832327102913,1.0
15,58,17.0,5.480280213811914,1.6222703357539758,4.087698522301475,0.0,2.1380001893819833,-2.280155668937382,1.0
15,59,17.0,4.504432227698393,3.4947383622473667,-5.520382794052425,2.653733744396247,10.060030068919664,-3.057896352690017,1.0
15,60,17.0,2.6584954574001416,7.262812195426194,-4.570463196916556,0.5500722384018903,9.865025137142375,-2.3932045414313206,1.0
15,61,17.0,0.9823120205041205,4.396235323839617,-5.515451604290983,2.759334620337669,6.70077428636688,-2.8948100518512976,1.0
15,62,17.0,5.503482000205893,3.015662349994474,0.1530189488464171,0.0,6.141797316188247,-2.628347924912975,1.0
15,63,17.0,-3.878674796456682,0.3546929002484882,-4.31814411135334,0.0,0.5647480254258724,-2.462541247946124,1.0
15,64,17.0,5.514570372751993,2.778206094956666,-3.524216696673273,0.0,9.456114465913773,-2.8433928195201426,1.0
15,65,17.0,4.961176381004241,4.8451946861946595,3.1021562637303486,3.7975584023027356,2.1338925886173175,-2.6284118461264567,1.0
15,66,17.0,5.544669331453142,2.1336402685472216,5.052474108809403,1.7683038384918004,0.6129656143039014,-2.5030640946944294,1.0
15,67,17.0,4.8495202787629745,0.026436674551023387,4.827684310439801,0.0,0.0342885881005238,-2.2611747975296805,1.0
15,68,17.0,4.149895539215254,6.05843293724615,-1.6554394136264161,3.0495920062994797,6.538733643636604,-2.66342116754667,1.0
15,69,17.0,4.354361106503884,5.838046720388526,-2.711598854049137,0.0,9.165728540251324,-2.4510663423768397,1.0
15,70,17.0,1.3856867073332422,0.8129103324099487,0.22823298399645167,0.0,1.4143982219322297,-2.5293070378850437,1.0
15,71,17.0,-4.087144996394173,4.734427140940797,-5.295079948504928,4.017966037242929,1.4044299062761303,-2.6062407669855316,1.0
15,72,17.0,5.502035873291351,3.046630995754622,5.098944784228532,3.295389509758542,0.47366995299605774,2.588674649474758,1.0
15,73,17.0,5.527322334047757,1.983796985916362,0.7089432281611114,2.338360802994618,4.831406907767766,3.0681393387184968,1.0
15,74,17.0,4.729276256926438,5.261191291291423,0.3167895654703816,2.3841715559472134,5.267568828201193,-2.563800272670643,1.0
15,75,17.0,3.513822300619363,6.6840839987256215,1.906516126588671,6.400473265252566,1.6321360804841933,-2.9669394803967477,1.0
15,76,17.0,2.0054208817449357,4.644734154325054,-5.5442274372788,2.1431033827532158,7.953322969565176,-2.8216216193738526,1.0
15,77,17.0,5.544121778188611,2.1453660603249367,0.38454086869743165,1.1704965861508712,5.250870942354444,-2.9548505563705776,1.0
15,78,17.0,5.191227361244159,4.299209603806828,5.4386939984550695,1.3026732373341623,3.0067374232090307,-1.4883990817349515,1.0
15,79,17.0,3.3893196097217713,6.775417098680532,2.526951771436405,6.1102004159756245,1.0891242001984427,-2.4845457119529466,1.0
15,80,17.0,-1.895812249407968,0.0,-5.5085660802710645,2.906787345338122,4.636960525326242,2.4640588982187377,1.0
15,81,17.0,0.4314582369119464,1.1146362107214922,-1.812741397116841,2.5283037366696086,2.652336304335333,2.579462769110225,1.0
15,82,17.0,2.387162968135489,7.198597532304369,2.230401047169139,7.470704458351506,0.31403260828755053,2.0934599856068856,1.0
15,83,17.0,5.5062913695939955,2.9555000194862635,3.845640315379461,6.074340026096039,3.5334013231861325,2.0600718530243753,1.0
15,84,17.0,-3.000004591113346,4.836339080733318,-3.7241524831332664,5.842174079591081,1.2393926796798866,2.194784475104383,1.0
15,85,17.0,5.200539831797247,0.4854556963089224,4.2659946607743215,0.8069511994234447,0.9882985557032495,2.8102615657407726,1.0
15,86,17.0,-3.8846350579160154,0.0,-4.62122077084665,0.9430172168843796,1.1965951628825398,2.2339028491747523,1.0
15,87,17.0,-4.292649810023776,4.9071982344055005,-4.91273937863419,4.96015129582115,0.6223464467744143,3.0564035047255596,1.0
16,1,20.0,-0.8255932147556977,7.170752976658648,-0.14770873253942346,5.205440208679236,2.0789376246565276,-1.23865026599442,1.0
16,2,20.0,-0.858099635002284,6.3250674097214015,-1.6794027197665622,4.368010859718665,2.1224064400938696,-1.9681373221766876,1.0
16,3,20.0,5.28997707197475,4.040497675611059,5.0476755320288715,2.948154922123717,1.1188935281591594,-1.7890802622537365,1.0
16,4,20.0,-5.424217875548602,1.191421784477098,-5.058946780594674,0.6769972624533844,0.6309164458691561,-0.9533520716637816,1.0
16,5,20.0,1.6802379014791249,5.986365046332317,3.687189626782918,2.6628757398257985,3.8824523690784734,-1.0275369255904148,1.0
16,6,20.0,-2.3924350955430786,3.5560095757059544,-2.3080994955824794,0.0,3.5570095018052954,-1.5470844127690409,1.0
16,7,20.0,-2.497325719504782,0.871865386790049,-2.421541880147509,0.0,0.8751528112222977,-1.4840927560840094,1.0
16,8,20.0,-2.6139159398274665,4.974137875944308,-2.3687810808428797,2.930662910373863,2.058125611813459,-1.4514070250876934,1.0
16,9,20.0,-0.5620120107295647,7.910412469537519,0.7594620240817225,1.2738775098634143,6.766822732690505,-1.374246021201628,1.0
16,10,20.0,2.5359032403439064,0.3394890225806244,2.7114305142753423,0.0,0.38218139717488747,-1.0936147831621128,1.0
16,11,20.0,-2.554937332291114,0.3672599184300591,-2.662446410304933,0.0,0.3826722481976385,-1.8555728375102336,1.0
16,12,20.0,-0.11558022613446389,4.587903185764691,-0.11731654970695943,6.896943398593151,2.3090408656579573,1.5715482943161108,1.0
16,13,20.0,3.371789844968734,5.995107215745456,2.7377260832758203,4.053355278691903,2.0426545079732383,-1.8864223727363387,1.0
16,14,20.0,-0.5955761697301405,1.0549751053781289,-1.9096484213629257,2.9757878580022767,2.3272961807975396,2.170786945207149,1.0
16,15,20.0,-2.408444390261603,5.544194992034802,-0.6359890907126482,6.882903803695941,2.2212021680428715,0.6468749051652993,1.0
16,16,20.0,-3.580921618449192,6.634861056971705,-0.8476869685333885,4.959701971888478,3.2057338647862266,-0.5498400844170656,1.0
16,17,20.0,-3.1363096257795338,2.435485093973494,-1.9155043092889141,4.835442863539416,2.6926126562265873,1.1002305762790565,1.0
16,18,20.0,-2.7312996939994223,0.0,-2.8244126221486914,1.6237140018317633,1.6263816210019868,1.6280792355825409,1.0
16,19,20.0,3.658677030197352,0.0,5.076834500634683,0.6858031121623103,1.5752766485950076,0.45043154551303854,1.0
16,20,20.0,-0.6936065313836064,0.25269608211621253,1.8557882027845993,2.8963507389915186,3.6726452939840333,0.8035473404752692,1.0
16,21,20.0,0.718729183457694,4.792087079630025,0.6178201557252149,5.86040289153151,1.0730709696178735,1.6649730866320103,1.0
16,22,20.0,5.309521349469584,0.8114750280758452,5.139376221977516,1.1718399919284601,0.3985125739318505,2.011914051246252,1.0
16,23,20.0,-0.38627722955039456,0.0,-0.49463193884319057,1.9483254927010631,1.951336200795436,1.6263533703902755,1.0
16,24,20.0,5.302083589942497,1.1179241601086949,5.469595482667566,3.2473965590047063,2.1360507793271837,1.4922944165440533,1.0
16,25,20.0,1.1991123682161868,3.4849016639746173,0.044642702359039554,4.840950439802351,1.7809178790186284,2.276072562128948,1.0
16,26,20.0,-4.1124590176869065,0.0,-4.314750738982599,5.883956795386957,5.8874331852247055,1.6051630092681008,1.0
16,27,20.0,5.486463545052044,2.4838251252263723,4.479476844458744,5.6455399822014805,3.31820177987851,1.8791324176651134,1.0
16,28,20.0,-5.503243988816921,3.020759337207593,-5.009451347500268,3.7228152789870945,0.8583202887071817,0.9578240572865456,1.0
16,29,20.0,1.8265110064125893,0.0,1.3500208159438096,0.6617329020398199,0.8154344457128457,2.194861677495678,1.0
16,30,20.0,1.5676540039046827,0.0,2.6143508453280706,0.5094838658127752,1.1641082799161024,0.45299476024311724,1.0
16,31,20.0,-3.427009950125468,1.6676242463916755,-5.423803383223064,3.4495905605054435,2.6763011712245492,2.4129845843755096,1.0
16,32,20.0,-2.6002169274841513,0.0,-3.2661277784526566,1.870178769468033,1.9851966882922623,1.9128666933855847,1.0
16,33,20.0,0.62065029462968,2.408770151318315,1.2673655257802703,4.752923180187826,2.4317265497913745,1.3016080905215077,1.0
16,34,20.0,4.077788219645017,2.7777458180137486,4.131227712362307,6.078190217640061,3.3008770068584155,1.5546061363421342,1.0
16,35,20.0,-4.013538584699102,0.0,-3.8438036078242224,0.4178132823763495,0.4509743909634062,1.1849170863200718,1.0
16,36,20.0,-1.0437567113507964,0.0,-1.2223332553337167,1.2818819921674056,1.2942608021198665,1.7092136038653136,1.0
16,37,20.0,-2.4000742546972496,5.089962158902292,-1.9737530242571746,7.595338503981031,2.5413894668082735,1.4022481885303322,1.0
16,38,20.0,3.1531065464474493,0.0,3.435978132486551,1.5063713783122124,1.5327005785822982,1.385174585654178,1.0
16,39,20.0,-4.200321389563419,0.3329464304387931,-4.228355642422553,0.8727984471043226,0.5405794291602384,1.6226792371824101,1.0
16,40,20.0,-0.7989411194389494,0.0,0.8237227472360193,3.9453552151973925,4.266012868979397,1.180599851758811,1.0
16,41,20.0,3.7728875686770786,0.0,3.1341050532023553,2.648950078654252,2.724881579312867,1.8074241826610824,1.0
16,42,20.0,5.250592164197671,1.1417025585717895,4.594850582036677,4.298552414748836,3.224236039284352,1.77560404544728,1.0
16,43,20.0,-3.454778649140197,4.6396923566126596,-2.6753673087857255,6.625719903151346,2.1334918450942406,1.1968177227212333,1.0
16,44,20.0,-0.5036672821316703,1.7725671676041528,-1.4525150047655024,7.208242487871901,5.517868989756399,1.743614364465946,1.0
16,45,20.0,-5.2089929238044785,2.9317005747252307,-4.299871909426463,4.8877815876381305,2.1570243271372878,1.1357306214594391,1.0
16,46,20.0,3.6131895707379655,4.5064922211828184,2.9384932489972604,6.209612136124096,1.8318931658915105,1.9479820625879536,1.0
16,47,20.0,-4.324526274733941,0.0,-4.157010624929513,1.533486326015801,1.5426087660216503,1.4619893201693914,1.0
16,48,20.0,-1.259772938949516,0.0,-4.7982708354994905,3.0250281020487737,4.655294016716173,2.434266266910422,1.0
16,49,20.0,-0.019909369403896537,6.890704707013619,0.5820933638645528,7.908591831691032,1.1825825507958148,1.0367066764749988,1.0
16,50,20.0,-2.007916963907225,0.5430606780375253,-2.906198259924892,4.949983788107881,4.497541615688214,1.771875807974089,1.0
16,51,20.0,1.6075673436442983,1.0279961315376966,1.6482485162612077,6.675241544330246,5.6473919387724445,1.5635927317732448,1.0
16,52,20.0,5.512442831839212,2.8237671451007187,2.627789961611802,0.0,4.036692095201404,-2.366860036224937,1.0
16,53,20.0,-4.310132560772496,5.067884567013936,-5.282725495043484,4.072516853039256,1.391651501568201,-2.3446222247260433,1.0
16,54,20.0,-1.8188561965587269,3.9047945803341455,-4.690622129079455,0.0,4.8471084458462,-2.204917684887239,1.0
16,55,20.0,0.19559517233744517,6.752161189927156,-5.430709592515466,1.929355729570723,7.410449231689695,-2.432939894228701,1.0
16,56,20.0,3.5858733574661725,0.8953337686437219,2.6351322423895747,0.0,1.3059598865091004,-2.386199079190175,1.0
16,57,20.0,5.53382958984617,2.3657721198958273,-2.5256043103126693,2.131092419673291,8.062849952264155,-3.112482245966569,1.0
16,58,20.0,5.461337612012115,1.4766932371940489,1.883239863790507,0.0,3.8708405305053812,-2.7501832327102913,1.0
16,59,20.0,5.476625294489295,3.2163565805089593,2.7156555666515496,0.0,4.23885638952533,-2.280155668937382,1.0
16,60,20.0,2.7654479228215534,3.5977679169180417,-0.28572914028651236,0.0,4.717373787865611,-2.274171773184824,1.0
16,61,20.0,3.037455776900165,2.3566032023365957,-5.482823706277004,1.641817505524537,8.55020941637203,-3.057896352690017,1.0
16,62,20.0,3.648067682725191,6.585603822803625,-3.4439778982958202,0.0,9.678186205803513,-2.3932045414313206,1.0
16,63,20.0,0.5225971950240078,3.120872422245543,-5.478563199283205,1.6090747887052386,6.1886556022273185,-2.8948100518512976,1.0
16,64,20.0,5.484959094375251,3.1795588715790566,-0.15629323682062837,0.0,6.4755943728788345,-2.628347924912975,1.0
16,65,20.0,5.364980520959232,3.709321606802321,-5.1933845314115725,0.46405054156201586,11.045852473485743,-2.8433928195201426,1.0
16,66,20.0,5.341847802438678,3.8114636133929958,4.278582536157673,3.2122687676742423,1.2204783855585222,-2.6284118461264567,1.0
16,67,20.0,3.6350975570101465,6.595118490959146,-2.7619926493582767,3.2795773536716712,7.20524643169547,-2.6634211675466695,1.0
16,68,20.0,4.469850358117848,5.325763445504552,-1.976078060695431,0.0,8.36144422082317,-2.4510663423768397,1.0
16,69,20.0,4.2985225723648925,3.0250394944407835,-0.008647710120345002,0.0,5.26332402434531,-2.5293070378850437,1.0
16,70,20.0,-2.513280528548714,6.449319859103413,-4.461097558199113,5.673818890242003,2.096519242387508,-2.762692039061347,1.0
16,71,20.0,-3.9357115283488557,6.036352729802362,-4.407250714186305,5.756669221239629,0.5482445337093702,-2.606240766985532,1.0
16,72,20.0,5.544419263616829,2.138995443228572,3.5999415843795557,3.338985696363328,2.2849442121571344,2.588674649474758,1.0
16,73,20.0,5.501354538933522,1.7842300885765672,-0.0487774975760503,0.0,5.829875009952772,-2.8305520652928897,1.0
16,74,20.0,5.356638937812073,0.9524277785419556,-2.126074979547841,1.5030485475475348,7.502945474965951,3.0681393387184968,1.0
16,75,20.0,4.008447576353501,6.208135796899896,-1.4490376938728406,2.6497584179507228,6.515074446677849,-2.563800272670643,1.0
16,76,20.0,-1.8680242676264038,4.363774624176324,-5.48845601772139,3.164118283947686,3.8140138164074098,-2.8216216193738526,1.0
16,77,20.0,5.444523578235694,1.3474745438946987,1.5410402629548976,0.6099365938617951,3.9725488317218076,-2.9548505563705776,1.0
16,78,20.0,2.8278549367857626,7.18056742750612,1.6488074997549926,6.271069194857754,1.489073501865952,-2.484545711952946,1.0
16,79,20.0,3.8518029193886925,4.853891191867492,1.9837645640074733,6.848251111520163,2.7325882943268973,2.3235006703699757,1.0
16,80,20.0,-4.099477022091671,5.513226638480481,-4.423592923051117,5.731524620130603,0.3907750325280136,2.5488616187071402,1.0
16,81,20.0,-1.0101791171204537,0.17594947697153063,-2.2543519779895025,2.739110676329,2.849168552685975,2.022700415823503,1.0
16,82,20.0,-2.10350652329269,4.732536175067631,-4.514081106483609,4.699277141318959,2.410804012036641,-3.127796389490228,1.0
16,83,20.0,-5.0381281143245005,0.6594357871023464,-5.250899395687303,0.636106849992361,0.21404639095170583,-3.0323856146515116,1.0
17,1,23.0,4.860483868461935,5.059311418024605,4.874798584256568,4.536245976039447,0.523261280516159,-1.5434361867867898,1.0
17,2,23.0,2.0093018972988377,1.450171811843795,2.010579712027881,0.0,1.4501723748150759,-1.569915179893612,1.0
17,3,23.0,0.5529621758283763,5.417931498659397,0.9092601083261671,3.27076577143196,2.176526792135196,-1.4063560052698874,1.0
17,4,23.0,-5.376806738354327,3.657103205664589,-4.228134165873007,2.0393859889902615,1.9840508239194348,-0.9533520716637814,1.0
17,5,23.0,4.207121221311514,4.091101447980886,3.9877533287014995,1.2128162397208873,2.886632642439364,-1.6468640560242682,1.0
17,6,23.0,3.1543766916873537,6.753323379861863,5.052270041155639,3.61043350746451,3.671478709726341,-1.0275369255904148,1.0
17,7,23.0,1.3642688327243375,2.3865690004810785,0.737482881568559,0.6416562048602282,1.854071544705766,-1.9156502499638626,1.0
17,8,23.0,-2.783055166221644,7.202323202537342,-1.509895652985728,4.7723493076060635,2.7433024397959853,-1.0881809788059806,1.0
17,9,23.0,-3.5738084928284333,6.4350761485430645,-5.087106400914708,3.8716945070829034,2.9767425146279085,-2.104091629161987,1.0
17,10,23.0,2.319860794680908,3.9867325159796763,0.9174671189535498,0.0,4.226197365917703,-1.9090428220827569,1.0
17,11,23.0,4.268997804560572,0.7987408167695633,4.435207925224453,0.0,0.8158509034038088,-1.3656339873226822,1.0
17,12,23.0,-5.160837355052943,4.371334878025495,-4.073744954460316,0.8746052800954862,3.661814818975149,-1.2693804207737285,1.0
17,13,23.0,4.092864353355,6.118792460564763,4.350599968057022,4.212361010016483,1.923774550909084,-1.4364183530157073,1.0
17,14,23.0,1.2499585327415303,0.961417086690967,1.158416952470381,0.0,0.9657653314858045,-1.6657254055784667,1.0
17,15,23.0,1.0959314405081855,7.843004523999095,1.9394163577528873,3.6069643190535032,4.31920171137385,-1.374246021201628,1.0
17,16,23.0,-3.7614734378089216,6.469523335133868,-3.8412452819649543,5.945200258447263,0.5303567062517087,-1.7217810056355418,1.0
17,17,23.0,-1.1478153435807856,7.828575511444125,-0.9408298606564738,6.13148981183565,1.709661622063559,-1.4494305006098034,1.0
17,18,23.0,1.3951838841630624,7.759781847775995,1.0952042190681421,6.406995274052705,1.3856476152025294,-1.789014693893237,1.0
17,19,23.0,4.535558108821867,0.5534785751807293,4.8217251982388944,0.0,0.6230811634526462,-1.0936147831621128,1.0
17,20,23.0,-2.8699298253905634,0.3439710540372978,-2.970621485512559,0.0,0.3584060496610696,-1.8555728375102336,1.0
17,21,23.0,0.4578552464478729,4.687617152440133,0.9140828294243151,2.799045560752787,1.9428963596643547,-1.3337647092619258,1.0
17,22,23.0,-4.776167902861333,1.2589914709370449,-5.465656608244957,1.5098854537075703,0.7337182466328895,2.7926028564007215,1.0
17,23,23.0,-5.391510820299301,3.5921776573076656,-4.73194397357925,4.324902659969092,0.9858571675539095,0.8378950142771012,1.0
17,24,23.0,4.23128724972134,4.105586856041479,3.7546443020455214,6.344343129748409,2.2889338462767395,1.780569421814711,1.0
17,25,23.0,4.015727211286891,4.672404225227715,3.5005791450968844,5.377301899426427,0.8730740296160784,2.20190395210546,1.0
17,26,23.0,5.011939554246464,0.0,5.054636830313509,0.048985365720100434,0.06498171618445808,0.8538763140439924,1.0
17,27,23.0,3.2830480647353437,0.0,3.176563211767719,0.9304934688173944,0.9365666657656379,1.6847397583812356,1.0
17,28,23.0,-1.566546267503236,4.719531269412418,-4.107088635658932,6.103738049781188,2.893161581248622,2.642714319728076,1.0
17,29,23.0,-4.030951823506528,1.8040515389898202,-2.791868113752972,0.0,2.188590961122743,-0.9689614500493572,1.0
17,30,23.0,4.691178013961345,4.2312534556311245,2.588863996182485,5.473266351082833,2.441786285041717,2.607977391484088,1.0
17,31,23.0,-3.155305736254242,6.794323069657259,-3.211781103242186,6.90565638942392,0.12483819594454512,2.040238105326774,1.0
17,32,23.0,1.7083609947690053,5.927514038505918,0.4763113940280311,7.9181823536277625,2.3410908909130455,2.1250061679522405,1.0
17,33,23.0,-4.496703529871603,3.2277232226281782,-3.5941717329313323,5.174215086789822,2.1455521950620784,1.1366319480761355,1.0
17,34,23.0,4.444813578940949,2.840852419656027,5.409931421793652,3.5108418991446815,1.1748780163140902,0.6068259983572961,1.0
17,35,23.0,2.1931670054932053,3.795188051219051,2.1720580144150943,6.0659492716728804,2.2708593329005,1.5800920567338181,1.0
17,36,23.0,-3.055074884535661,0.1911017301270027,-1.8142776656787358,1.4296759686748435,1.7531810752792891,0.784501573373884,1.0
17,37,23.0,4.372284214272831,0.1805653358404271,4.453972716398555,2.97094862570985,2.791578749697391,1.5415296744260054,1.0
17,38,23.0,2.7997377526839258,0.0,2.507795045258295,1.5483413996375095,1.5756242046409572,1.7571602546366316,1.0
17,39,23.0,-5.170512154045814,1.1643054719799046,-4.954084546629681,2.952004456378657,1.8007522228424995,1.450317745504612,1.0
17,40,23.0,3.6845886717328797,1.9213566041339107,3.966271732412898,3.629079544595909,1.730798367243925,1.4073217114299301,1.0
17,41,23.0,-5.431437009024642,1.246902046199642,-4.157181592913592,2.403778980542606,1.7210726616570033,0.7371542237591269,1.0
17,42,23.0,4.4058561249105574,0.0,2.429583925730012,5.395334744305209,5.745893212404914,1.9219115100831834,1.0
17,43,23.0,-2.8365237099660123,0.0,-3.0919874690518783,0.6168966671787662,0.6676999552063417,1.9634079505084165,1.0
17,44,23.0,3.3296095231972695,0.0,3.594086664516472,1.9142662436228528,1.9324501053725358,1.4335043834264034,1.0
17,45,23.0,-2.844026535261515,3.2239405464308915,-1.2169343703489723,7.809353378066265,4.865535915975354,1.2298153990869352,1.0
17,46,23.0,-1.102311832106856,0.0,-0.057095587991521146,2.541345403949568,2.747892548688569,1.180599851758811,1.0
17,47,23.0,-1.4611703205477822,0.0,-0.4730448841696019,1.9177051676744132,2.157309664406739,1.0950118055497124,1.0
17,48,23.0,2.810938016155717,4.679488480748502,0.8125607155676807,6.302303213935331,2.5743036910500217,2.4595374330307123,1.0
17,49,23.0,0.28140949587109854,4.489460615378331,0.03829038213086777,7.122096526778774,2.643837881841676,1.6628833131177132,1.0
17,50,23.0,-4.228185810323853,0.05407001638522324,-4.332135688290967,2.027117988171764,1.9757843698390674,1.6234325836857568,1.0
17,51,23.0,-4.072356077427585,0.0,-5.0035072888541805,0.7960322894549521,1.225034687017518,2.4342662669104222,1.0
17,52,23.0,-0.1118584439531222,0.0,-0.05473961686767598,7.929074151326276,7.929279882665142,1.5635927317732448,1.0
17,53,23.0,0.3232124402616953,7.93206278029079,-1.2399637465668694,7.802948864548533,1.5684993446942177,-3.0591825610377095,1.0
17,54,23.0,-1.4274337363844534,1.6595085306616695,-3.313073001407899,0.0,2.511892513850267,-2.4198941753653487,1.0
17,55,23.0,0.23110491066367267,1.3475989853683947,-3.1499850193298586,0.2505558458635291,3.554612885341856,-2.8278453097209018,1.0
17,56,23.0,5.40252042495389,3.5435649916501246,2.5807857643801526,0.7813880555767376,3.948646340311949,-2.366860036224937,1.0
17,57,23.0,-3.9910646202535824,5.729611823622712,-5.04148666700829,4.654592507169895,1.5030146396675688,-2.3446222247260438,1.0
17,58,23.0,1.0561906288063412,6.938959028068079,-5.143883766899452,4.411571203969857,6.695417218193837,-2.7545189222883844,1.0
17,59,23.0,-1.3834376945504683,7.763048485545247,-3.9057369700833258,4.920911164438447,3.799965550815127,-2.2966430606826873,1.0
17,60,23.0,2.349343931673827,0.3561162428600346,-5.131233191573583,0.27812416876803836,7.480983682676608,-3.1311670878786417,1.0
17,61,23.0,-0.1340892838317571,6.399050473352986,-5.031345186653697,2.2011775361393036,6.450213374355562,-2.4329398942287006,1.0
17,62,23.0,3.777491869127096,0.7236923746615238,3.3271260584822375,0.0,0.8523848992920017,-2.1274637110636374,1.0
17,63,23.0,5.49960422458796,3.098704480143254,-2.4187574068379476,2.8681326115806196,7.921717888981558,-3.112482245966569,1.0
17,64,23.0,-2.6713381159206637,0.5901220741331334,-3.4292540136922227,0.0,0.9605626322494852,-2.480030188573718,1.0
17,65,23.0,5.139501284075335,4.421972247439846,1.3436126110016249,0.0,5.8277447932710205,-2.280155668937382,1.0
17,66,23.0,3.3794481715606124,4.346714587436573,-0.3068918468430361,0.0,5.6993886019395195,-2.2741717731848237,1.0
17,67,23.0,-1.3539964914334157,0.9731270897992879,-5.254183570254003,0.6459314920097415,3.9138876081221246,-3.057896352690017,1.0
17,68,23.0,4.432465703472526,5.717872700352201,-1.7251190690821567,0.0,8.402970810887675,-2.3932045414313206,1.0
17,69,23.0,-1.8833377751457938,1.3552225068463646,-5.211055061908552,0.5169121154108312,3.4316856868029872,-2.8948100518512976,1.0
17,70,23.0,5.449945463277803,3.334160784672029,-0.46560542248767156,0.0,6.790461723633047,-2.628347924912975,1.0
17,71,23.0,-0.20706470805486799,7.337315078974619,-2.5978827249656224,7.29224709998638,2.39124275486935,-3.1227444427818685,1.0
17,72,23.0,4.701593362604518,5.303785003134551,1.3049513738753649,4.13245163903028,3.5929373289081683,-2.80951279270361,1.0
17,73,23.0,5.187595205437015,0.4467317133247261,2.671308028023937,0.0,2.555635025371095,-2.9658873494666143,1.0
17,74,23.0,5.066706835374788,4.594736923468157,-5.446585358499307,1.3633196739257847,10.99869856821315,-2.8433928195201426,1.0
17,75,23.0,2.9932591956158117,7.0659604205070226,-2.053147058883569,4.4504638443291675,5.68392808060135,-2.66342116754667,1.0
17,76,23.0,4.375336733668668,3.245355679920821,-0.24552840423714167,0.0,5.646656365665225,-2.5293070378850437,1.0
17,77,23.0,5.441113635923787,1.3212685605102288,2.706968755430239,3.0085839986270138,3.2128774665767006,2.588674649474758,1.0
17,78,23.0,5.414170374117422,3.4921248989872056,-5.078083087571453,0.1191250856187749,11.02109388605803,-2.8305520652928897,1.0
17,79,23.0,4.1131733992542685,0.0,-2.7685125473087107,0.5063937028462955,6.900292461150092,3.0681393387184968,1.0
17,80,23.0,2.3654583864753276,7.405117580265701,-5.3885916923994035,1.0480147727513256,10.026866346521448,-2.4548689553204213,1.0
17,81,23.0,3.0674565043442534,7.011530510875156,-1.7962491901903181,3.840307967093501,5.8062281651031435,-2.5638002726706435,1.0
17,82,23.0,3.702067941174308,1.7943218428372762,1.2980352165275815,1.2207511173819257,2.4715089961947823,-2.907384235093127,1.0
17,83,23.0,5.21368728494814,0.5247864377248953,4.258812104236972,0.3443689422633187,0.9717700774395217,-2.9548505563705776,1.0
17,84,23.0,2.1609886749976304,7.504412665655502,1.283058922467518,6.827191772553542,1.1087780609442992,-2.484545711952946,1.0
17,85,23.0,-2.734541077504893,4.498938348206394,-4.161533429814942,4.42614035953247,1.4288480397531211,-3.0906218589359655,1.0
17,86,23.0,5.4173208588699655,1.1384170448216415,2.4346096719363004,2.5193289620634474,3.286865337649182,2.70800368528971,1.0
17,87,23.0,3.0988118410274974,0.0,3.0968441456667017,1.5544851252175933,1.5544863705892662,1.5720621441886644,1.0
17,88,23.0,5.298014919458271,4.005006737963284,3.8275875197957285,4.958351801707325,1.7524336073710396,2.5663813691594144,1.0
17,89,23.0,-3.4007086928486534,4.1240728598668,-4.634502358268283,5.15500939082364,1.6078174460090076,2.445528403092426,1.0
17,90,23.0,-4.038783739608986,2.00448190862896,-5.080569373873347,4.254184554712586,2.4792094109928,2.0044717457509287,1.0
17,91,23.0,-2.8845762692667414,4.615199267024116,-4.02157830932817,6.194238754935573,1.9458004377344371,2.1948584211482256,1.0
17,92,23.0,-3.409619890527097,2.9856860167028922,-5.1336361663250845,3.3774882131344355,1.7679765497157884,2.9181269094574382,1.0
17,93,23.0,-4.514940504092083,0.0,-4.839912457888995,0.5506459318962917,0.6393885462443928,2.1039528191122017,1.0
17,94,23.0,1.4837212371772226,0.0,0.7707074023835838,0.7233474721628375,1.0156871044231572,2.349000298145225,1.0
