Block_ID,Face_ID,Fracture_ID,Nx,Ny,Nz,D_Offset,Area_m2
209541,1,37279,0.01246197521686554,0.7375673651695251,-0.6751585602760315,5.033202648162842,33.86000000000001
209541,2,18689,0.9401180148124695,-0.09002198278903961,0.3287462890148163,-4.731060028076172,24.540000000000006
209541,3,38004,0.08788817375898361,0.44912609457969666,-0.8891351819038391,3.303725242614746,24.400000000000006
209541,4,24005,-0.8002034425735474,-0.581150472164154,-0.14811678230762482,9.007549285888672,23.020000000000003
209541,5,40838,-0.4423984885215759,0.2712819278240204,-0.8548038601875305,11.177511215209961,21.530000000000005
209541,6,30713,-0.8662996292114258,-0.35394224524497986,0.35249093174934387,5.87454891204834,21.060000000000006
209541,7,39804,-0.468316912651062,0.4038679003715515,-0.7858561873435974,7.3868584632873535,19.680000000000003
209541,8,40286,0.43852388858795166,0.5805273056030273,-0.6860647797584534,-0.8579878807067871,19.110000000000003
209541,9,38234,0.06974540650844574,0.3388995826244354,-0.9382337927818298,6.085920810699463,16.230000000000004
209541,10,24955,-0.8624507784843445,-0.41472190618515015,-0.29014551639556885,8.61680793762207,15.760000000000003
209541,11,38196,-0.2714185416698456,0.27838239073753357,-0.9213225245475769,10.657302856445312,13.890000000000002
209541,12,12518,0.8609929084777832,-0.5016679763793945,0.08378823846578598,-2.308718681335449,13.500000000000002
209541,13,13721,0.9529249668121338,-0.26229149103164673,0.1521090418100357,-3.7835466861724854,13.230000000000002
209541,14,24764,-0.6732223033905029,-0.5725739002227783,-0.46790051460266113,9.064414024353027,13.170000000000002
209541,15,38006,0.2053430676460266,0.19362005591392517,-0.9593464136123657,2.683488368988037,12.640000000000002
209541,16,33653,-0.18626289069652557,-0.8667475581169128,-0.462660551071167,6.8359904289245605,12.330000000000002
209541,17,46169,-0.7497230768203735,-0.5859147906303406,-0.3076022267341614,7.750302791595459,12.240000000000002
209541,18,1189,-0.5585756301879883,0.8177472949028015,-0.1388617604970932,2.2843446731567383,10.900000000000002
209541,19,32839,-0.6189197897911072,-0.6920484304428101,-0.37149330973625183,4.366337776184082,10.060000000000002
209541,20,23421,0.8900859951972961,-0.332237184047699,0.3120343089103699,-8.38540267944336,9.930000000000001
209541,21,22188,0.9822283983230591,-0.09083884954452515,-0.16424280405044556,-4.342864990234375,9.170000000000002
209541,22,18425,0.9407277703285217,-0.055585458874702454,-0.3345765769481659,-1.0194517374038696,8.990000000000002
209541,23,37401,-0.0008080271072685719,0.47438979148864746,-0.8803145289421082,7.118099689483643,8.940000000000001
209541,24,25108,-0.6983831524848938,-0.6919742822647095,-0.18284577131271362,4.28568172454834,8.500000000000002
209541,25,23275,0.8402228951454163,-0.5389153361320496,0.05996408313512802,-3.5309064388275146,8.030000000000001
209541,26,39748,-0.3598843216896057,0.7754930853843689,-0.5187424421310425,3.496452569961548,7.920000000000002
209541,27,18588,0.9002067446708679,-0.43087926506996155,-0.06301514059305191,-4.950665473937988,7.120000000000001
209541,28,5668,-0.42481398582458496,0.8024221658706665,0.41910824179649353,-2.446608543395996,6.840000000000002
209541,29,40088,0.20509153604507446,0.33660101890563965,-0.9190414547920227,5.03049373626709,6.660000000000001
209541,30,42426,-0.7597984075546265,-0.4163472056388855,-0.49936094880104065,6.673576831817627,6.660000000000001
209541,31,40767,-0.3808688819408417,0.8124971985816956,-0.44134703278541565,-0.800910472869873,6.630000000000002
209541,32,21800,0.9379661083221436,-0.3456641435623169,-0.027127495035529137,-2.276576519012451,6.4300000000000015
209541,33,39701,0.042210184037685394,-0.3743833899497986,-0.9263128042221069,14.059948921203613,6.280000000000001
209541,34,23939,-0.7220838665962219,-0.6740270256996155,-0.15582822263240814,9.390887260437012,6.260000000000002
209541,35,26806,-0.9224147796630859,-0.3784904479980469,0.07678495347499847,5.08558464050293,6.050000000000002
209541,36,38736,0.1902810037136078,0.5283046364784241,-0.8274583220481873,1.4103730916976929,6.030000000000001
209541,37,27251,0.08372321724891663,-0.9212554693222046,0.3798404633998871,-1.3514564037322998,5.840000000000001
209541,38,13003,0.9024054408073425,0.42954856157302856,0.03394830599427223,-8.505142211914062,5.760000000000002
209541,39,32110,-0.7120479345321655,-0.6995461583137512,0.060190387070178986,8.27634048461914,5.7200000000000015
209541,40,32544,-0.9823859333992004,-0.05981982871890068,-0.17702963948249817,7.165284156799316,5.630000000000001
209541,41,43162,-0.6982284188270569,-0.5830040574073792,-0.41543158888816833,10.573259353637695,5.620000000000001
209541,42,39084,0.13570821285247803,0.4555559456348419,-0.8798022866249084,5.8797688484191895,5.4300000000000015
209541,43,2288,-0.5481935739517212,0.8352043032646179,0.04378955811262131,-0.9822770953178406,5.240000000000001
209541,44,6953,0.05696956813335419,0.9929895997047424,0.10356707125902176,-4.1956071853637695,5.160000000000001
209541,45,34797,-0.7171915769577026,-0.5776485800743103,-0.38981831073760986,9.854265213012695,5.050000000000001
209541,46,20773,0.9310508966445923,-0.36408206820487976,0.024258147925138474,-2.7698326110839844,5.010000000000001
209541,47,44753,-0.7496834397315979,-0.6237106919288635,-0.22126850485801697,11.093866348266602,4.970000000000001
209541,48,2861,-0.14439663290977478,0.9678241014480591,-0.2060731202363968,3.7618939876556396,4.950000000000001
209541,49,44942,-0.6264675259590149,-0.11826258152723312,-0.7704235315322876,11.642305374145508,4.940000000000001
209541,50,23885,-0.447895884513855,-0.8905741572380066,-0.07916393876075745,7.227110385894775,4.930000000000001
209541,51,24725,-0.39790794253349304,-0.7754582166671753,0.4902385175228119,-0.797801673412323,4.890000000000001
209541,52,32559,-0.3549390137195587,-0.8276846408843994,0.4346911609172821,0.2330383062362671,4.610000000000001
209541,53,47201,-0.8798500299453735,-0.47149160504341125,0.059662558138370514,5.409091949462891,4.500000000000001
209541,54,36026,-0.4704994857311249,-0.8399226665496826,0.27048131823539734,1.4450300931930542,4.290000000000001
209541,55,7072,-0.27863609790802,0.9536034464836121,0.11402824521064758,0.9947128295898438,4.160000000000001
209541,56,46372,-0.582500696182251,-0.7041187882423401,-0.40609073638916016,10.903789520263672,3.880000000000001
209541,57,13370,0.9671420454978943,-0.043591827154159546,0.2504715919494629,-8.353058815002441,3.8500000000000005
209541,58,22684,0.9510573148727417,-0.1699708104133606,0.2580694854259491,-7.9086408615112305,3.810000000000001
209541,59,29061,-0.7455347180366516,-0.6578917503356934,0.10656651109457016,2.870901107788086,3.6400000000000006
209541,60,38751,0.08487575501203537,0.6433117985725403,-0.7608850598335266,3.855154037475586,3.6200000000000006
209541,61,10129,0.9116759300231934,-0.2910929024219513,0.29002055525779724,-3.8730854988098145,3.6100000000000008
209541,62,32513,-0.4949257969856262,-0.868333101272583,-0.03234323859214783,5.928126811981201,3.6000000000000005
209541,63,31722,-0.6589187979698181,-0.7489633560180664,0.06985670328140259,5.401180267333984,3.5600000000000005
209541,64,25553,-0.1867569088935852,-0.9221338033676147,-0.33880841732025146,9.653865814208984,3.5300000000000007
209541,65,26064,-0.3903002440929413,-0.9027641415596008,0.1807834804058075,0.5770022869110107,3.480000000000001
209541,66,34482,0.03377483785152435,-0.9954259991645813,0.08936632424592972,-0.32897627353668213,3.460000000000001
209541,67,46836,-0.7025076150894165,-0.6979421973228455,-0.13913945853710175,9.1648588180542,3.440000000000001
209541,68,9342,0.9946205615997314,-0.07302938401699066,0.07346205413341522,-3.828939914703369,3.4100000000000006
209541,69,15749,0.7570188641548157,-0.41895145177841187,0.5014001131057739,-10.414278030395508,3.3900000000000006
209541,70,2127,-0.2798978388309479,0.8953801989555359,0.34634020924568176,-4.5073676109313965,3.3700000000000006
209541,71,10494,0.9155840873718262,0.04078712314367294,0.4000527858734131,-7.665557861328125,3.3500000000000005
209541,72,33471,-0.2672549784183502,-0.9283954501152039,0.25817951560020447,7.502312660217285,3.3100000000000005
209541,73,3739,-0.44458216428756714,0.8932988047599792,0.06606021523475647,1.6120201349258423,3.2900000000000005
209541,74,3732,-0.5555557608604431,0.8268821239471436,-0.08731378614902496,-0.5570530295372009,3.1800000000000006
209541,75,9117,0.772132396697998,-0.4779040813446045,-0.4188307821750641,3.165663957595825,3.1800000000000006
209541,76,20389,0.9747977256774902,0.10100465267896652,-0.19891555607318878,-4.398298740386963,3.170000000000001
209541,77,29833,-0.5708997845649719,-0.7582079172134399,0.314951092004776,5.753664016723633,3.170000000000001
209541,78,4703,-0.5805591344833374,0.8130180239677429,-0.04418997839093208,0.3996667265892029,3.150000000000001
209541,79,3135,-0.6246153116226196,0.775597095489502,-0.09113068133592606,0.7359699010848999,3.130000000000001
209541,80,6213,-0.24452482163906097,0.9015133380889893,-0.35704532265663147,0.4432525634765625,3.0900000000000007
209541,81,26486,-0.6581460237503052,-0.7168124318122864,0.23026883602142334,7.172066688537598,2.9200000000000004
209541,82,39274,0.2972518801689148,0.280519962310791,-0.9126608967781067,4.064669132232666,2.9100000000000006
209541,83,10964,0.9492657780647278,-0.19373081624507904,-0.24771521985530853,-5.714850425720215,2.7000000000000006
209541,84,46180,-0.720379114151001,-0.4048345685005188,-0.5631721615791321,12.008177757263184,2.6800000000000006
209541,85,432,-0.5303130149841309,0.8461335301399231,0.0531621128320694,4.2006306648254395,2.6600000000000006
209541,86,5121,-0.30080220103263855,0.7891274690628052,-0.5355332493782043,4.474914073944092,2.6600000000000006
209541,87,46210,-0.934251606464386,-0.3384079039096832,-0.1124899610877037,9.41831111907959,2.6600000000000006
209541,88,12438,0.8800627589225769,0.4489898979663849,0.15458837151527405,-6.0283732414245605,2.5800000000000005
209541,89,47317,-0.6469101309776306,-0.5079438090324402,-0.5687709450721741,14.32014274597168,2.5400000000000005
209541,90,5727,-0.0966394916176796,0.9946205615997314,-0.0372929610311985,-6.345676898956299,2.5300000000000007
209541,91,28145,-0.35161373019218445,-0.8709211945533752,-0.3433133661746979,10.682981491088867,2.5300000000000007
209541,92,22893,0.9140836596488953,-0.2521747052669525,-0.31758302450180054,-3.4821653366088867,2.4900000000000007
209541,93,40094,-0.04916330799460411,0.8251908421516418,-0.5627104043960571,3.1353607177734375,2.4100000000000006
209541,94,21450,0.98282390832901,-0.17306897044181824,0.06406445056200027,-5.717243671417236,2.3400000000000003
209541,95,46558,-0.7417619824409485,-0.642139732837677,-0.19350895285606384,7.605271816253662,2.3300000000000005
209541,96,32434,-0.6786133050918579,-0.7299010157585144,0.08202710747718811,5.06025505065918,2.2900000000000005
209541,97,28456,-0.013355228118598461,-0.860090970993042,-0.5099658966064453,9.219637870788574,2.2600000000000002
209541,98,47652,-0.6825812458992004,-0.4517204165458679,-0.5744836926460266,13.649849891662598,2.2600000000000002
209541,99,31417,-0.6756716966629028,-0.7370232343673706,-0.016264986246824265,8.384819984436035,2.2200000000000006
209541,100,30334,-0.3432483375072479,-0.9350046515464783,-0.08914528787136078,6.771605014801025,2.1200000000000006
209541,101,16359,0.9106853604316711,0.1701299101114273,-0.37644127011299133,0.21871578693389893,1.9900000000000004
209541,102,46831,-0.9030590653419495,-0.3585027754306793,-0.23655878007411957,6.602691650390625,1.9000000000000004
209541,103,3020,-0.7082677483558655,0.6640848517417908,-0.2394745647907257,3.0134668350219727,1.8800000000000003
209541,104,31493,-0.35706549882888794,-0.8587082028388977,0.3675927519798279,3.9998273849487305,1.8800000000000003
209541,105,16722,0.9953883290290833,-0.08223952353000641,0.049383919686079025,-7.473721027374268,1.8400000000000003
209541,106,11048,0.9209544062614441,-0.18028061091899872,0.345458984375,-6.984485149383545,1.7900000000000003
209541,107,39066,0.37704578042030334,0.26407894492149353,-0.8877492547035217,7.643748760223389,1.7900000000000003
209541,108,31395,-0.7397347688674927,-0.6058402061462402,0.2928312420845032,5.495511531829834,1.7100000000000004
209541,109,40432,0.3968987762928009,0.36398813128471375,-0.842605471611023,0.5216174721717834,1.6300000000000003
209541,110,28871,-0.5139867663383484,-0.7926135063171387,-0.32799601554870605,7.429559230804443,1.5800000000000003
209541,111,305,-0.48894068598747253,0.8457875847816467,-0.213495671749115,3.981931209564209,1.5700000000000003
209541,112,42576,-0.7545089721679688,-0.296121209859848,-0.5856863260269165,9.060110092163086,1.5600000000000003
209541,113,44277,-0.8540458679199219,-0.09656964242458344,-0.5111554861068726,7.6673455238342285,1.5600000000000003
209541,114,30576,-0.5084441900253296,-0.8547962307929993,-0.10396113991737366,10.800333023071289,1.5400000000000003
209541,115,25323,-0.7838404178619385,-0.5430370569229126,-0.30117267370224,5.7161736488342285,1.5300000000000002
209541,116,28080,-0.8635404706001282,-0.4814234673976898,-0.15009750425815582,8.001585960388184,1.5300000000000002
209541,117,16367,0.8566606044769287,-0.5156782269477844,0.01444044429808855,0.24737508594989777,1.4800000000000002
209541,118,46585,-0.9676080346107483,-0.13659650087356567,-0.21231123805046082,7.592370986938477,1.4100000000000004
209541,119,39209,0.09509877860546112,0.5769021511077881,-0.8112583756446838,2.5471324920654297,1.3700000000000003
209541,120,23888,-0.6335489153862,-0.7330554723739624,-0.24747829139232635,9.64462947845459,1.3600000000000003
209541,121,8738,0.9219224452972412,-0.38402438163757324,0.05083632469177246,-4.43814754486084,1.3500000000000003
209541,122,31926,-0.7145228981971741,-0.6925057172775269,-0.09946282207965851,8.078218460083008,1.3500000000000003
209541,123,13104,0.9841910600662231,-0.1165057122707367,-0.13339555263519287,-6.653560161590576,1.3400000000000003
209541,124,26421,0.04784400761127472,-0.7513235211372375,-0.6581974625587463,13.490903854370117,1.2900000000000003
209541,125,21187,0.8704075813293457,-0.4543762803077698,0.1895594745874405,-3.3628177642822266,1.2000000000000002
209541,126,17659,0.87010657787323,0.1231401115655899,0.47723275423049927,-11.11412525177002,1.1800000000000002
209541,127,10018,0.9578834772109985,-0.10586872696876526,-0.266929030418396,1.2339870929718018,1.1700000000000002
209541,128,47306,-0.7823475003242493,-0.17898687720298767,-0.5965702533721924,7.721337795257568,1.1300000000000001
209541,129,40611,0.5744531750679016,0.6050702333450317,-0.5512654185295105,-0.8650811910629272,1.1000000000000003
209541,130,15912,0.9704181551933289,-0.14646299183368683,-0.19193030893802643,-1.5908671617507935,1.0700000000000003
209541,131,21626,0.9563743472099304,-0.2750051021575928,-0.0985913872718811,0.6023619174957275,1.0700000000000003
209541,132,47395,-0.7606698274612427,-0.37759682536125183,-0.5280170440673828,10.519693374633789,1.0500000000000003
209541,133,34914,0.03010009601712227,-0.9907267093658447,0.13249365985393524,4.9033732414245605,1.0200000000000002
209541,134,47132,-0.7676467895507812,-0.4360508620738983,-0.4696573317050934,11.323612213134766,1.0200000000000002
209541,135,21665,0.8642327189445496,-0.38254278898239136,-0.32674577832221985,-2.941230297088623,1.0000000000000002
209541,136,19820,0.7925788164138794,-0.5969167947769165,-0.12453562766313553,-1.2346402406692505,0.9500000000000002
209541,137,9932,0.9362332224845886,-0.32021814584732056,0.14466401934623718,-6.060663223266602,0.9200000000000002
209541,138,26202,-0.48974183201789856,-0.8688408732414246,0.07258448749780655,9.254435539245605,0.8800000000000001
209541,139,29857,-0.2081083208322525,-0.9780676364898682,0.008637815713882446,4.910172939300537,0.8400000000000002
209541,140,37836,0.4303610324859619,0.10278189182281494,-0.896786093711853,8.787069320678711,0.7900000000000001
209541,141,7534,0.9789418578147888,0.07105058431625366,0.19137579202651978,-8.426673889160156,0.7800000000000001
209541,142,15285,0.8765066862106323,-0.4378030598163605,0.20016111433506012,-9.761202812194824,0.7700000000000001
209541,143,45625,-0.6989271640777588,-0.6232644319534302,-0.3507738709449768,10.137022972106934,0.7600000000000001
209541,144,26838,-0.46524152159690857,-0.8125768899917603,0.35109707713127136,-0.33773207664489746,0.7300000000000001
209541,145,35584,-0.6288954615592957,-0.7090226411819458,-0.3190256655216217,13.469444274902344,0.7200000000000002
209541,146,3287,-0.3440514802932739,0.9245903491973877,0.1635887622833252,-5.684305667877197,0.7100000000000002
209541,147,19553,0.7476186752319336,-0.6078444719314575,0.2675657868385315,-3.600135326385498,0.7100000000000002
209541,148,34105,-0.4473892152309418,-0.8817340731620789,0.149625763297081,8.193309783935547,0.7100000000000002
209541,149,37700,0.15899330377578735,0.15623629093170166,-0.9748391509056091,9.241222381591797,0.7000000000000002
209541,150,23656,-0.5141475200653076,-0.5952042937278748,-0.6175630688667297,10.142570495605469,0.6800000000000002
209541,151,25816,-0.27184078097343445,-0.9531287550926208,-0.13284644484519958,7.862687110900879,0.6700000000000002
209541,152,37389,-0.26559412479400635,0.6267834901809692,-0.7325313687324524,3.656486988067627,0.6500000000000001
209541,153,4447,-0.2626497149467468,0.9499725699424744,-0.16901838779449463,-0.28028613328933716,0.6400000000000001
209541,154,18713,0.6724876761436462,-0.536882758140564,-0.5094282627105713,6.570809364318848,0.6400000000000001
209541,155,3863,-0.22719332575798035,0.9735546112060547,0.02397175319492817,3.221935987472534,0.6300000000000001
209541,156,10518,0.9274710416793823,-0.1907605230808258,0.3215709626674652,-8.746305465698242,0.6100000000000001
209541,157,146,-0.24084657430648804,0.7978808879852295,0.5526111125946045,-3.330376625061035,0.6000000000000001
209541,158,3724,-0.12560537457466125,0.6134342551231384,-0.7796933650970459,5.371059417724609,0.5900000000000001
209541,159,11374,0.9272170662879944,0.1734635978937149,0.33193206787109375,-8.18529987335205,0.5900000000000001
209541,160,25102,-0.7751554250717163,-0.30264660716056824,-0.5545620918273926,9.617654800415039,0.5800000000000001
209541,161,9463,0.9112120866775513,-0.38423264026641846,-0.14851871132850647,-6.922053813934326,0.5400000000000001
209541,162,12219,0.8373361229896545,-0.46917346119880676,0.2806144058704376,-5.8902363777160645,0.5400000000000001
209541,163,8271,0.9455640912055969,-0.2607235908508301,-0.1947607398033142,-5.133355617523193,0.5300000000000001
209541,164,38635,0.8025465607643127,-0.057075921446084976,-0.5938529372215271,-2.832991600036621,0.5000000000000001
209541,165,11631,0.9753910899162292,-0.1438332349061966,0.1671055406332016,-8.31340503692627,0.4900000000000001
209541,166,28429,-0.8809859156608582,-0.36207547783851624,0.304573655128479,3.6130313873291016,0.4900000000000001
209541,167,293,-0.43039101362228394,0.8667661547660828,0.2519523501396179,3.9322714805603027,0.4700000000000001
209541,168,25156,-0.5111047029495239,-0.841331422328949,-0.17587901651859283,12.364786148071289,0.44000000000000006
209541,169,39799,0.2659055292606354,0.31000497937202454,-0.9127930402755737,8.455245971679688,0.4200000000000001
209541,170,29771,-0.5223286747932434,-0.8132464289665222,-0.2565210461616516,3.958000421524048,0.4100000000000001
209541,171,27316,-0.6041044592857361,-0.79506516456604,0.05412209406495094,1.7958709001541138,0.4000000000000001
209541,172,37416,-0.4048003554344177,0.35760778188705444,-0.8415778875350952,9.281694412231445,0.4000000000000001
209541,173,366,-0.3483875095844269,0.936668336391449,-0.035757340490818024,1.4952312707901,0.38000000000000006
209541,174,13782,0.8314141035079956,-0.5543933510780334,-0.03739755600690842,-2.7512974739074707,0.3600000000000001
209541,175,25094,-0.13087032735347748,-0.9736431241035461,0.1867939829826355,-1.8519207239151,0.3400000000000001
209541,176,19970,0.9003974199295044,0.1788744032382965,-0.3965960741043091,-2.400806427001953,0.28
209541,177,1353,-0.4082293212413788,0.8929535150527954,0.18969152867794037,-1.490593671798706,0.25000000000000006
209541,178,39521,-0.4104660451412201,0.28424447774887085,-0.8664425611495972,8.836319923400879,0.24000000000000005
209541,179,46940,-0.7660560607910156,-0.46613553166389465,-0.44257858395576477,13.582135200500488,0.24000000000000005
209541,180,4147,-0.32328182458877563,0.8537732362747192,0.40811774134635925,-6.654195785522461,0.23000000000000004
209541,181,35668,-0.7431368231773376,-0.6670968532562256,0.05224360525608063,1.5708847045898438,0.22000000000000003
209541,182,19439,0.8569804430007935,-0.34217214584350586,0.38536059856414795,-6.9775285720825195,0.21000000000000005
209541,183,33397,-0.6610147953033447,-0.745660126209259,-0.08396642655134201,6.109310150146484,0.17000000000000004
209541,184,41599,-0.6476507782936096,-0.7273644804954529,-0.22691261768341064,12.86876106262207,0.16000000000000003
209541,185,32476,-0.08064789324998856,-0.9455949664115906,-0.31519216299057007,12.055659294128418,0.15000000000000002
209541,186,33814,-0.6102806329727173,-0.7287901639938354,-0.31051966547966003,7.700962543487549,0.15000000000000002
209541,187,12606,0.9970076680183411,0.07573742419481277,0.015478018671274185,-4.155276775360107,0.14
209541,188,1390,-0.5271759033203125,0.8041438460350037,-0.27466025948524475,-2.181415319442749,0.13000000000000003
209541,189,12248,0.9657486081123352,-0.246757373213768,-0.0802522674202919,-1.554440975189209,0.13000000000000003
209541,190,8121,0.8686410784721375,-0.4954231083393097,0.004311707336455584,-6.055727005004883,0.12000000000000002
209541,191,26378,-0.10934190452098846,-0.9796806573867798,-0.1681373566389084,5.4892988204956055,0.12000000000000002
209541,192,2559,-0.19588178396224976,0.9627202153205872,0.18654780089855194,-8.962322235107422,0.10000000000000002
209541,193,19470,0.9454107284545898,-0.3230072259902954,0.04318375512957573,-1.97074294090271,0.08000000000000002
209541,194,24552,-0.5454734563827515,-0.8360843062400818,-0.058495569974184036,9.539152145385742,0.08000000000000002
209541,195,43547,-0.8786598443984985,-0.4126850962638855,-0.24009975790977478,7.289650917053223,0.08000000000000002
209541,196,2524,-0.3440208435058594,0.8298115134239197,-0.43938884139060974,6.670971870422363,0.07
209541,197,27929,-0.8125002384185791,-0.5680948495864868,0.13081146776676178,6.298457145690918,0.07
209541,198,10588,0.8707797527313232,-0.4285672903060913,0.240982785820961,-7.601341247558594,0.06000000000000001
209541,199,23554,-0.2112593948841095,-0.9724349975585938,0.09868965297937393,2.354053497314453,0.06000000000000001
209541,200,29291,-0.5301874876022339,-0.79330974817276,-0.2992672920227051,6.972532749176025,0.06000000000000001
209541,201,42178,-0.8783407211303711,-0.3566662669181824,-0.318287193775177,9.566594123840332,0.06000000000000001
209541,202,4916,-0.34685811400413513,0.9355184435844421,0.06704239547252655,-3.0250563621520996,0.05000000000000001
209541,203,24565,-0.7242437601089478,-0.6894974112510681,0.008016258478164673,11.232840538024902,0.05000000000000001
209541,204,43075,-0.7085648775100708,-0.648784875869751,-0.2775140702724457,11.941012382507324,0.05000000000000001
209541,205,8724,0.9766867756843567,-0.1997358202934265,0.07866744697093964,-6.092007160186768,0.04000000000000001
209541,206,14135,0.9893620610237122,0.09253495186567307,0.112249955534935,-3.5680506229400635,0.030000000000000006
209541,207,27558,-0.17972230911254883,-0.8908602595329285,-0.4172144830226898,13.075390815734863,0.030000000000000006
209541,208,37684,-0.3906537592411041,0.6952040791511536,-0.6033912301063538,2.635538339614868,0.030000000000000006
209541,209,33250,-0.24935443699359894,-0.9354128837585449,-0.2506493628025055,8.575575828552246,0.020000000000000004
209541,210,41978,-0.8618074059486389,0.1102350577712059,-0.4951123595237732,5.371405601501465,0.020000000000000004
209541,211,42801,-0.7264979481697083,-0.5631715655326843,-0.39374926686286926,11.426517486572266,0.020000000000000004
209541,212,45927,-0.7004237771034241,-0.454894483089447,-0.5499796271324158,9.250747680664062,0.020000000000000004
209541,213,4194,-0.04478365182876587,0.9983510971069336,0.03590911999344826,-8.985541343688965,0.010000000000000002
209541,214,27480,-0.5469534993171692,-0.8038110136985779,0.2339438647031784,4.941803455352783,0.010000000000000002
209541,215,36725,-0.6715419888496399,-0.5845258831977844,-0.45536890625953674,11.770971298217773,0.010000000000000002
168020,1,38325,0.2204708755016327,0.5804798603057861,-0.7838594913482666,-0.10566222667694092,23.460000000000004
168020,2,31433,-0.6010372638702393,-0.7625673413276672,0.23925983905792236,12.062758445739746,22.080000000000005
168020,3,30713,-0.8662996292114258,-0.35394224524497986,0.35249093174934387,5.87454891204834,21.000000000000004
168020,4,46386,-0.7599590420722961,-0.5726123452186584,-0.3075343072414398,13.312128067016602,17.240000000000002
168020,5,33471,-0.2672549784183502,-0.9283954501152039,0.25817951560020447,7.502312660217285,12.440000000000003
168020,6,39273,0.1941727250814438,0.45042604207992554,-0.8714432120323181,-1.8660163879394531,11.580000000000002
168020,7,2314,-0.510309636592865,0.7985378503799438,-0.31925132870674133,0.5320596694946289,10.900000000000002
168020,8,40584,0.06920429319143295,0.37172484397888184,-0.9257599115371704,2.2287826538085938,10.080000000000002
168020,9,31101,-0.7888895869255066,-0.601751983165741,0.12469066679477692,10.11403751373291,9.290000000000001
168020,10,8173,0.9442906975746155,0.010026351548731327,0.32895973324775696,-12.314613342285156,8.96
168020,11,40039,0.22710907459259033,0.9106738567352295,-0.3451008200645447,-8.210386276245117,8.770000000000001
168020,12,38004,0.08788817375898361,0.44912609457969666,-0.8891351819038391,3.303725242614746,8.650000000000002
168020,13,4531,-0.28493770956993103,0.9013382196426392,-0.3261900246143341,-3.5179944038391113,8.530000000000001
168020,14,15922,0.8625351786613464,-0.33253899216651917,0.3813802897930145,-6.678877353668213,8.240000000000002
168020,15,39947,-0.01506318524479866,0.4510284960269928,-0.8923824429512024,-0.29027295112609863,8.060000000000002
168020,16,10518,0.9274710416793823,-0.1907605230808258,0.3215709626674652,-8.746305465698242,7.920000000000002
168020,17,9244,0.9536154270172119,-0.23587869107723236,-0.18702638149261475,-5.767116546630859,7.230000000000001
168020,18,17289,0.9068705439567566,-0.4115193784236908,0.09076102077960968,-6.730718612670898,6.9300000000000015
168020,19,43419,-0.617902398109436,-0.5929939150810242,-0.516289472579956,13.910906791687012,6.810000000000001
168020,20,38275,0.11259645968675613,0.4190138280391693,-0.9009714126586914,-0.852778971195221,6.520000000000001
168020,21,43276,-0.9570993781089783,-0.2628936767578125,-0.12185125797986984,11.825546264648438,6.1800000000000015
168020,22,37066,-0.27138400077819824,0.4280444085597992,-0.8620491623878479,1.774187445640564,6.160000000000001
168020,23,42209,-0.905409038066864,-0.159037783741951,-0.39362600445747375,13.281953811645508,6.080000000000001
168020,24,25302,-0.3563500642776489,-0.4392814040184021,0.8246493339538574,2.403932809829712,5.850000000000001
168020,25,8988,0.6944625973701477,-0.6428049206733704,-0.32330089807510376,2.0040345191955566,5.690000000000001
168020,26,19176,0.996302604675293,-0.04827634617686272,0.07106718420982361,-5.706047058105469,5.420000000000001
168020,27,37958,0.053315386176109314,0.5106253623962402,-0.8581486940383911,-0.10457253456115723,5.160000000000001
168020,28,47271,-0.6924793720245361,-0.5753722190856934,-0.43522313237190247,12.747621536254883,5.030000000000001
168020,29,13545,0.9750691652297974,-0.21941812336444855,0.03310229256749153,-6.259705066680908,4.750000000000001
168020,30,38796,-0.05783820524811745,0.42162904143333435,-0.9049219489097595,1.5222890377044678,4.730000000000001
168020,31,29195,-0.2691285014152527,-0.6405073404312134,-0.7192497253417969,12.872495651245117,4.450000000000001
168020,32,30257,0.10617078840732574,-0.9906381368637085,0.08581279963254929,4.393272399902344,4.260000000000001
168020,33,16433,0.8928986191749573,-0.3746373653411865,0.24975760281085968,-4.306421279907227,4.220000000000001
168020,34,40024,-0.3677612841129303,0.6937432885169983,-0.619251012802124,-2.222072124481201,4.170000000000001
168020,35,504,-0.20494140684604645,0.9740069508552551,0.09648557007312775,-7.2092413902282715,4.120000000000001
168020,36,32544,-0.9823859333992004,-0.05981982871890068,-0.17702963948249817,7.165284156799316,4.110000000000001
168020,37,25578,-0.03781147673726082,-0.86412513256073,-0.501854658126831,10.729820251464844,4.050000000000001
168020,38,37813,-0.13451243937015533,0.264922171831131,-0.954841673374176,2.995656967163086,3.940000000000001
168020,39,13880,0.9766682982444763,0.19436196982860565,-0.09133724123239517,-7.565607070922852,3.8200000000000007
168020,40,39438,0.19613119959831238,0.8085002303123474,-0.5548512935638428,-7.329899787902832,3.8000000000000007
168020,41,27773,-0.6361286044120789,-0.7214974761009216,0.27346259355545044,9.015283584594727,3.4500000000000006
168020,42,8230,0.9835429787635803,0.18003413081169128,-0.015194733627140522,-9.4990816116333,3.440000000000001
168020,43,11885,0.9385905861854553,-0.34483766555786133,0.011603391729295254,-7.019332408905029,3.4100000000000006
168020,44,27110,-0.745445191860199,-0.6012271046638489,-0.2878149151802063,11.037264823913574,3.4100000000000006
168020,45,16734,0.9813836812973022,-0.18291601538658142,0.058547504246234894,-10.720888137817383,3.3100000000000005
168020,46,518,0.09379781037569046,0.9931014180183411,0.07036695629358292,-8.468337059020996,3.2600000000000007
168020,47,32679,-0.7995989322662354,-0.5941269993782043,-0.08749071508646011,12.654757499694824,3.2500000000000004
168020,48,35937,-0.29888907074928284,-0.9043194055557251,0.3047487139701843,7.723082542419434,3.0400000000000005
168020,49,14981,0.9650090932846069,-0.21327047049999237,-0.15255528688430786,-3.633927345275879,3.0300000000000007
168020,50,37915,-0.14671261608600616,0.11307448893785477,-0.9826950430870056,8.347166061401367,2.9700000000000006
168020,51,24005,-0.8002034425735474,-0.581150472164154,-0.14811678230762482,9.007549285888672,2.9400000000000004
168020,52,24519,-0.8851941823959351,-0.4535183906555176,-0.10369358211755753,8.707154273986816,2.9100000000000006
168020,53,35151,-0.6906366348266602,-0.5333197712898254,-0.4884577691555023,15.584696769714355,2.8500000000000005
168020,54,21238,0.8549292683601379,-0.49965375661849976,-0.13943462073802948,0.7355916500091553,2.8000000000000007
168020,55,12062,0.8069303631782532,-0.32587993144989014,-0.4926111102104187,-3.6304080486297607,2.7800000000000007
168020,56,704,-0.5261932015419006,0.7595219612121582,-0.3824227452278137,0.15068209171295166,2.7600000000000007
168020,57,18615,0.8910689353942871,-0.3619540333747864,-0.2738347351551056,-4.885624408721924,2.7600000000000007
168020,58,40432,0.3968987762928009,0.36398813128471375,-0.842605471611023,0.5216174721717834,2.6900000000000004
168020,59,1628,-0.38401463627815247,0.9195150136947632,0.08381437510251999,-5.4453349113464355,2.6800000000000006
168020,60,46940,-0.7660560607910156,-0.46613553166389465,-0.44257858395576477,13.582135200500488,2.6800000000000006
168020,61,37416,-0.4048003554344177,0.35760778188705444,-0.8415778875350952,9.281694412231445,2.6300000000000003
168020,62,16533,0.9530311226844788,-0.2292567789554596,0.1979217529296875,-10.560161590576172,2.5900000000000003
168020,63,5597,-0.42204880714416504,0.8892250657081604,-0.17650364339351654,-0.08208680152893066,2.5700000000000003
168020,64,30741,-0.5122347474098206,-0.8541784882545471,0.08941283822059631,9.214861869812012,2.5200000000000005
168020,65,4447,-0.2626497149467468,0.9499725699424744,-0.16901838779449463,-0.28028613328933716,2.4100000000000006
168020,66,24628,-0.13339248299598694,-0.9850171804428101,-0.10930505394935608,9.759551048278809,2.3600000000000003
168020,67,31635,-0.6192175149917603,-0.7759149074554443,-0.12052280455827713,11.732522964477539,2.3500000000000005
168020,68,8732,0.4860692024230957,-0.6434933543205261,-0.5913146138191223,4.241473197937012,2.2500000000000004
168020,69,22561,0.8760964274406433,-0.3485732972621918,0.3330940902233124,-8.717382431030273,2.1700000000000004
168020,70,30628,-0.1994692087173462,-0.969469428062439,0.1426222175359726,4.894974231719971,2.1400000000000006
168020,71,32469,-0.8311559557914734,-0.5542718768119812,-0.04429987445473671,13.312899589538574,2.0900000000000003
168020,72,28790,0.013471066951751709,-0.9745323657989502,-0.22384187579154968,6.746500492095947,2.0600000000000005
168020,73,38006,0.2053430676460266,0.19362005591392517,-0.9593464136123657,2.683488368988037,2.0000000000000004
168020,74,22777,0.9267123341560364,-0.35741761326789856,-0.11600395292043686,-7.926822185516357,1.9700000000000004
168020,75,43631,-0.7225249409675598,0.002722816076129675,-0.6913394927978516,10.24557113647461,1.9600000000000004
168020,76,37607,0.12303999066352844,0.6076987385749817,-0.7845785021781921,0.6459965109825134,1.8800000000000003
168020,77,38043,0.39363035559654236,0.11552294343709946,-0.9119811654090881,-0.42077648639678955,1.8700000000000003
168020,78,24243,-0.5841205716133118,-0.7983077764511108,0.14665573835372925,10.58041763305664,1.8300000000000003
168020,79,33697,-0.6935007572174072,-0.7071574330329895,-0.13778604567050934,15.059473991394043,1.7800000000000002
168020,80,6822,-0.005532525014132261,0.9950470328330994,0.09925100952386856,-6.59324312210083,1.7200000000000004
168020,81,39493,-0.23638784885406494,0.48414433002471924,-0.842451810836792,2.1154274940490723,1.7100000000000004
168020,82,7650,0.9042174816131592,0.35128700733184814,-0.24287471175193787,-6.874021530151367,1.6000000000000003
168020,83,4823,-0.22076942026615143,0.9697499871253967,-0.10414332151412964,-1.4449435472488403,1.4300000000000004
168020,84,2229,-0.0348198339343071,0.9988985061645508,-0.03145422413945198,-6.265137672424316,1.3700000000000003
168020,85,4612,-0.05330290272831917,0.9684690833091736,-0.2433648407459259,-8.302180290222168,1.3500000000000003
168020,86,26421,0.04784400761127472,-0.7513235211372375,-0.6581974625587463,13.490903854370117,1.3400000000000003
168020,87,11454,0.9783610105514526,0.07389014214277267,-0.19326156377792358,-8.793180465698242,1.3300000000000003
168020,88,2271,-0.6648351550102234,0.7128702998161316,-0.22318193316459656,-2.31661319732666,1.3100000000000003
168020,89,33653,-0.18626289069652557,-0.8667475581169128,-0.462660551071167,6.8359904289245605,1.2800000000000002
168020,90,44280,-0.8597301840782166,-0.39757221937179565,-0.3206249177455902,13.04251480102539,1.2200000000000002
168020,91,26227,-0.4578063189983368,-0.8774562478065491,-0.14312191307544708,11.295061111450195,1.1800000000000002
168020,92,20099,0.9285972118377686,0.337237685918808,-0.15484832227230072,-11.570650100708008,1.1600000000000001
168020,93,13749,0.8545705676078796,-0.5187476277351379,-0.02470005303621292,-5.682026386260986,1.1500000000000001
168020,94,13532,0.9790048599243164,-0.10767489671707153,-0.173076793551445,-8.856423377990723,1.12
168020,95,45194,-0.7376253008842468,-0.5488436818122864,-0.3932931423187256,15.872642517089844,1.1100000000000003
168020,96,27981,-0.837737500667572,-0.37816792726516724,0.39393508434295654,7.41010046005249,1.0200000000000002
168020,97,29333,-0.31789106130599976,-0.9467684626579285,0.05074251443147659,8.288605690002441,1.0100000000000002
168020,98,20989,0.9307010173797607,-0.3657582104206085,0.004071356263011694,-3.3204574584960938,1.0000000000000002
168020,99,30321,-0.3128246068954468,-0.9330941438674927,-0.17741496860980988,9.941422462463379,0.9800000000000002
168020,100,8121,0.8686410784721375,-0.4954231083393097,0.004311707336455584,-6.055727005004883,0.9300000000000002
168020,101,25658,-0.015339947305619717,-0.9998682141304016,-0.005315406247973442,9.65085506439209,0.9300000000000002
168020,102,24226,-0.7161165475845337,-0.6949605941772461,-0.0648607388138771,9.533714294433594,0.9100000000000001
168020,103,32389,-0.5035728812217712,-0.8464816212654114,-0.17286771535873413,12.082907676696777,0.8200000000000002
168020,104,22,-0.2562139332294464,0.9661964178085327,0.02861672081053257,-4.961797714233398,0.8000000000000002
168020,105,42965,-0.5854150652885437,-0.5295073986053467,-0.6139308214187622,14.386350631713867,0.8000000000000002
168020,106,36300,-0.3502386808395386,-0.8748489022254944,-0.3346225619316101,14.937070846557617,0.7900000000000001
168020,107,38211,0.15862898528575897,0.8399206399917603,-0.5190088152885437,-2.8268399238586426,0.7700000000000001
168020,108,44299,-0.8015002608299255,-0.5400099754333496,-0.25687843561172485,14.409618377685547,0.7500000000000001
168020,109,36000,-0.5906409025192261,-0.7995142340660095,0.10918007045984268,11.796079635620117,0.7300000000000001
168020,110,22737,0.9258704781532288,-0.3032050132751465,-0.22545646131038666,-2.3148932456970215,0.6900000000000002
168020,111,47474,-0.6770406365394592,-0.3750247061252594,-0.633223831653595,15.501190185546875,0.6800000000000002
168020,112,42334,-0.6482973098754883,-0.7226074934005737,-0.2398938089609146,8.909070014953613,0.6700000000000002
168020,113,14912,0.949338436126709,-0.3000454306602478,-0.09343089163303375,-8.282470703125,0.6400000000000001
168020,114,28056,-0.11206411570310593,-0.851996660232544,0.5114130973815918,1.7936668395996094,0.6200000000000001
168020,115,39700,-0.227823868393898,0.6912201046943665,-0.6857922673225403,-0.8839006423950195,0.6200000000000001
168020,116,21667,0.8728422522544861,-0.4879983067512512,0.00202353997156024,-5.3073930740356445,0.5500000000000002
168020,117,28955,-0.5669096112251282,-0.8106645941734314,0.14641156792640686,9.726036071777344,0.5500000000000002
168020,118,46103,-0.8011466264724731,-0.32992303371429443,-0.49931442737579346,14.011432647705078,0.5400000000000001
168020,119,11502,0.9773873686790466,-0.07343503832817078,0.19829587638378143,-11.575291633605957,0.5200000000000001
168020,120,37133,0.290139377117157,0.36581820249557495,-0.884305477142334,1.6521817445755005,0.5000000000000001
168020,121,14378,0.9969347715377808,-0.0645655170083046,0.04418513551354408,-9.259214401245117,0.4600000000000001
168020,122,47017,-0.7849934101104736,-0.5918614268302917,-0.18299007415771484,11.93075942993164,0.4600000000000001
168020,123,26378,-0.10934190452098846,-0.9796806573867798,-0.1681373566389084,5.4892988204956055,0.4300000000000001
168020,124,18588,0.9002067446708679,-0.43087926506996155,-0.06301514059305191,-4.950665473937988,0.4200000000000001
168020,125,21195,0.9683484435081482,0.199294313788414,-0.15027673542499542,-10.963912963867188,0.4200000000000001
168020,126,30904,-0.7781976461410522,-0.5742338299751282,-0.25429093837738037,10.665928840637207,0.4000000000000001
168020,127,5022,-0.0835675299167633,0.9963214993476868,0.018973415717482567,-4.976080417633057,0.39000000000000007
168020,128,6112,-0.11284331232309341,0.9935562014579773,0.010605253279209137,-2.832768678665161,0.38000000000000006
168020,129,15150,0.9547492265701294,-0.2830219864845276,-0.09139209985733032,-3.7875823974609375,0.3600000000000001
168020,130,6643,-0.45271775126457214,0.8762349486351013,-0.16510289907455444,-3.9229207038879395,0.3400000000000001
168020,131,24379,-0.6998804211616516,-0.5419114232063293,0.4652949869632721,5.961627960205078,0.32000000000000006
168020,132,30946,-0.155059352517128,-0.9070132374763489,-0.39151450991630554,12.927865982055664,0.26000000000000006
168020,133,41848,-0.9304264187812805,-0.05027816817164421,-0.36301347613334656,12.989737510681152,0.26000000000000006
168020,134,3215,-0.2833884656429291,0.949805736541748,-0.13251428306102753,-6.671241760253906,0.22000000000000003
168020,135,8551,0.8864122629165649,-0.441419780254364,-0.13936255872249603,-4.40277099609375,0.21000000000000005
168020,136,36416,-0.46090492606163025,-0.8120021224021912,0.35807716846466064,8.776256561279297,0.20000000000000004
168020,137,44158,-0.5932825803756714,-0.669639527797699,-0.44676464796066284,8.978771209716797,0.16000000000000003
168020,138,21424,0.9643014073371887,0.1387527585029602,-0.2255447655916214,-8.588322639465332,0.14
168020,139,37062,-0.07386136800050735,0.23725983500480652,-0.9686342477798462,6.653893947601318,0.14
168020,140,39748,-0.3598843216896057,0.7754930853843689,-0.5187424421310425,3.496452569961548,0.14
168020,141,47248,-0.894639253616333,-0.19983690977096558,-0.3996071219444275,15.059674263000488,0.14
168020,142,13104,0.9841910600662231,-0.1165057122707367,-0.13339555263519287,-6.653560161590576,0.12000000000000002
168020,143,17244,0.9163667559623718,-0.26677224040031433,0.2985038757324219,-10.092161178588867,0.12000000000000002
168020,144,22308,0.7861347198486328,-0.515738308429718,-0.34059691429138184,2.3955090045928955,0.11000000000000001
168020,145,23821,-0.6263562440872192,-0.7726472020149231,-0.10341265052556992,13.735180854797363,0.09000000000000002
168020,146,32200,-0.37128326296806335,-0.9222006797790527,-0.1081419438123703,11.425148963928223,0.08000000000000002
168020,147,44883,-0.6300235986709595,-0.3240622878074646,-0.7057293057441711,9.788538932800293,0.08000000000000002
168020,148,20060,0.9816312789916992,-0.1675441712141037,0.09126298874616623,-5.181038856506348,0.07
168020,149,8468,0.949015736579895,-0.2348291277885437,0.21029594540596008,-7.902148246765137,0.05000000000000001
168020,150,44830,-0.7945000529289246,-0.3459556996822357,-0.4990834593772888,11.171820640563965,0.04000000000000001
168020,151,9416,0.9274122714996338,-0.19036224484443665,0.3219762146472931,-10.526247024536133,0.020000000000000004
168020,152,13705,0.9970088601112366,-0.004878317471593618,0.07713336497545242,-10.748368263244629,0.020000000000000004
168020,153,19553,0.7476186752319336,-0.6078444719314575,0.2675657868385315,-3.600135326385498,0.010000000000000002
168020,154,21247,0.9071387052536011,-0.2896590828895569,-0.3052818775177002,-5.844086170196533,0.010000000000000002
168020,155,45335,-0.7779855728149414,0.0017582407454028726,-0.6282796859741211,10.882205963134766,0.010000000000000002
294868,1,18689,0.9401180148124695,-0.09002198278903961,0.3287462890148163,-4.731060028076172,22.150000000000006
294868,2,39274,0.2972518801689148,0.280519962310791,-0.9126608967781067,4.064669132232666,21.160000000000004
294868,3,13073,0.995212972164154,0.06384789198637009,-0.07399081438779831,2.0937271118164062,19.370000000000005
294868,4,26838,-0.46524152159690857,-0.8125768899917603,0.35109707713127136,-0.33773207664489746,18.830000000000005
294868,5,37279,0.01246197521686554,0.7375673651695251,-0.6751585602760315,5.033202648162842,17.610000000000003
294868,6,40094,-0.04916330799460411,0.8251908421516418,-0.5627104043960571,3.1353607177734375,14.620000000000003
294868,7,39211,0.6646926999092102,0.2567489743232727,-0.7016149759292603,5.345416069030762,13.960000000000003
294868,8,38751,0.08487575501203537,0.6433117985725403,-0.7608850598335266,3.855154037475586,12.460000000000003
294868,9,35668,-0.7431368231773376,-0.6670968532562256,0.05224360525608063,1.5708847045898438,11.940000000000003
294868,10,39066,0.37704578042030334,0.26407894492149353,-0.8877492547035217,7.643748760223389,9.390000000000002
294868,11,6934,-0.5348528027534485,0.8429712653160095,-0.05772297829389572,-2.389591693878174,8.950000000000001
294868,12,5052,-0.2230539172887802,0.9742721915245056,0.032258808612823486,-2.956226348876953,8.110000000000001
294868,13,18153,0.916279137134552,-0.26235827803611755,0.3026560842990875,-1.6923558712005615,8.040000000000001
294868,14,40767,-0.3808688819408417,0.8124971985816956,-0.44134703278541565,-0.800910472869873,7.290000000000002
294868,15,40060,0.2394055426120758,0.23269407451152802,-0.9426231980323792,5.669556617736816,7.1800000000000015
294868,16,19820,0.7925788164138794,-0.5969167947769165,-0.12453562766313553,-1.2346402406692505,6.790000000000001
294868,17,37684,-0.3906537592411041,0.6952040791511536,-0.6033912301063538,2.635538339614868,6.550000000000002
294868,18,13267,0.963952362537384,-0.19186638295650482,0.184345081448555,-1.4668132066726685,6.460000000000001
294868,19,37349,0.29625803232192993,0.7801558971405029,-0.5509881377220154,0.7696259021759033,6.030000000000001
294868,20,25108,-0.6983831524848938,-0.6919742822647095,-0.18284577131271362,4.28568172454834,5.920000000000001
294868,21,15912,0.9704181551933289,-0.14646299183368683,-0.19193030893802643,-1.5908671617507935,5.790000000000001
294868,22,15541,0.9969896078109741,0.07446099817752838,-0.021616389974951744,0.8379853963851929,5.460000000000001
294868,23,44834,-0.6855247020721436,-0.4157193601131439,-0.5976899862289429,4.209299087524414,5.080000000000001
294868,24,23465,0.9075313806533813,-0.03999249264597893,0.4180757701396942,-4.619423866271973,4.890000000000001
294868,25,37401,-0.0008080271072685719,0.47438979148864746,-0.8803145289421082,7.118099689483643,4.870000000000001
294868,26,146,-0.24084657430648804,0.7978808879852295,0.5526111125946045,-3.330376625061035,4.700000000000001
294868,27,29969,-0.7835858464241028,-0.5622280836105347,0.2643725275993347,-0.3869284689426422,4.510000000000001
294868,28,16179,0.9308927059173584,-0.36507442593574524,0.012624752707779408,0.5782904624938965,4.370000000000001
294868,29,42426,-0.7597984075546265,-0.4163472056388855,-0.49936094880104065,6.673576831817627,4.3100000000000005
294868,30,15481,0.9402856826782227,-0.328565776348114,-0.0889236256480217,-0.35134947299957275,4.110000000000001
294868,31,21001,0.8480300307273865,-0.0381302647292614,-0.5285746455192566,2.708437442779541,4.090000000000001
294868,32,47437,-0.8788958191871643,-0.43621718883514404,-0.1930200308561325,1.4134111404418945,3.9900000000000007
294868,33,38736,0.1902810037136078,0.5283046364784241,-0.8274583220481873,1.4103730916976929,3.880000000000001
294868,34,46455,-0.7773995995521545,-0.5222050547599792,-0.3506447970867157,4.75020170211792,3.8700000000000006
294868,35,2974,-0.7231679558753967,0.6888213157653809,0.05052991211414337,-1.748012661933899,3.670000000000001
294868,36,32434,-0.6786133050918579,-0.7299010157585144,0.08202710747718811,5.06025505065918,3.5900000000000007
294868,37,8646,0.940242350101471,-0.3387976586818695,0.03406655788421631,2.0021519660949707,3.500000000000001
294868,38,23720,-0.3490143120288849,-0.8341196179389954,0.4271222949028015,-1.8275116682052612,3.400000000000001
294868,39,26767,-0.4969266653060913,-0.8674733638763428,-0.02353428490459919,6.11149787902832,3.3600000000000008
294868,40,29997,-0.6387929916381836,-0.7692262530326843,-0.01531128864735365,1.7943942546844482,3.3500000000000005
294868,41,14135,0.9893620610237122,0.09253495186567307,0.112249955534935,-3.5680506229400635,3.3200000000000007
294868,42,42385,-0.928523600101471,0.04972956329584122,-0.36792781949043274,0.9178703427314758,3.2400000000000007
294868,43,1386,-0.6264324188232422,0.7673452496528625,-0.13698062300682068,-2.114496946334839,3.1600000000000006
294868,44,38004,0.08788817375898361,0.44912609457969666,-0.8891351819038391,3.303725242614746,3.130000000000001
294868,45,38006,0.2053430676460266,0.19362005591392517,-0.9593464136123657,2.683488368988037,3.1200000000000006
294868,46,18139,0.9951080679893494,-0.06158249452710152,-0.0772499144077301,-1.9249998331069946,3.0000000000000004
294868,47,29291,-0.5301874876022339,-0.79330974817276,-0.2992672920227051,6.972532749176025,2.7800000000000007
294868,48,30802,-0.7358635663986206,-0.6673216819763184,0.11483261734247208,4.118312358856201,2.6800000000000006
294868,49,14484,0.944391667842865,0.3110608756542206,0.10660935938358307,-2.9023613929748535,2.5900000000000003
294868,50,43913,-0.8311171531677246,-0.2346108853816986,-0.5041844844818115,3.904921770095825,2.5200000000000005
294868,51,15444,0.7174331545829773,-0.6965106725692749,-0.012747080996632576,-0.26080062985420227,2.5000000000000004
294868,52,25323,-0.7838404178619385,-0.5430370569229126,-0.30117267370224,5.7161736488342285,2.4800000000000004
294868,53,12011,0.8643337488174438,-0.1916142702102661,0.4649851322174072,-3.2158799171447754,2.3900000000000006
294868,54,13142,0.9419514536857605,-0.2516365349292755,0.22227583825588226,-0.8106063604354858,2.3800000000000003
294868,55,23656,-0.5141475200653076,-0.5952042937278748,-0.6175630688667297,10.142570495605469,2.3800000000000003
294868,56,31713,-0.9110996723175049,-0.39113470911979675,0.13004255294799805,0.11974910646677017,2.3400000000000003
294868,57,42846,-0.8581897616386414,-0.41709983348846436,-0.29922908544540405,4.902153491973877,2.2700000000000005
294868,58,41978,-0.8618074059486389,0.1102350577712059,-0.4951123595237732,5.371405601501465,2.2600000000000002
294868,59,40088,0.20509153604507446,0.33660101890563965,-0.9190414547920227,5.03049373626709,2.2000000000000006
294868,60,39738,-0.4181375801563263,0.2535113990306854,-0.8722917437553406,3.5005745887756348,2.1600000000000006
294868,61,38234,0.06974540650844574,0.3388995826244354,-0.9382337927818298,6.085920810699463,2.1300000000000003
294868,62,23362,0.999127984046936,-0.0345788449048996,0.023401208221912384,1.2470722198486328,2.0500000000000003
294868,63,760,-0.648775577545166,0.7609607577323914,0.005382475908845663,0.030905619263648987,1.9200000000000004
294868,64,29771,-0.5223286747932434,-0.8132464289665222,-0.2565210461616516,3.958000421524048,1.8800000000000003
294868,65,13153,0.9846595525741577,-0.16948126256465912,0.04149272292852402,0.7381560802459717,1.8700000000000003
294868,66,4703,-0.5805591344833374,0.8130180239677429,-0.04418997839093208,0.3996667265892029,1.8400000000000003
294868,67,18039,0.7528257369995117,-0.5262342095375061,-0.395387202501297,0.5763965249061584,1.8200000000000003
294868,68,37700,0.15899330377578735,0.15623629093170166,-0.9748391509056091,9.241222381591797,1.8100000000000003
294868,69,19408,0.9617077112197876,-0.26085618138313293,0.08409713208675385,-2.6620328426361084,1.7800000000000002
294868,70,46676,-0.7125142812728882,-0.3536264896392822,-0.6060294508934021,1.9361273050308228,1.7000000000000004
294868,71,18184,0.8598052859306335,-0.470144659280777,0.19924569129943848,-0.6258217692375183,1.6900000000000004
294868,72,37087,0.10724275559186935,-0.1592918485403061,-0.9813893437385559,6.08415412902832,1.6600000000000004
294868,73,8150,0.9935092926025391,-0.06090521067380905,0.09607195854187012,-1.1941949129104614,1.6500000000000004
294868,74,3732,-0.5555557608604431,0.8268821239471436,-0.08731378614902496,-0.5570530295372009,1.5000000000000002
294868,75,25553,-0.1867569088935852,-0.9221338033676147,-0.33880841732025146,9.653865814208984,1.5000000000000002
294868,76,10171,0.9148654341697693,-0.06846816837787628,0.3979111611843109,-1.5356435775756836,1.4900000000000002
294868,77,12438,0.8800627589225769,0.4489898979663849,0.15458837151527405,-6.0283732414245605,1.4900000000000002
294868,78,18120,0.9967436194419861,0.02372230589389801,0.0770672932267189,-2.894113540649414,1.4600000000000002
294868,79,5217,-0.5384649038314819,0.842523992061615,0.014450350776314735,-1.1968625783920288,1.4500000000000002
294868,80,27685,-0.3619404435157776,-0.8826824426651001,0.29978469014167786,-3.85046648979187,1.4000000000000004
294868,81,28398,-0.6232789158821106,-0.6491444110870361,-0.4360446631908417,1.6229183673858643,1.3800000000000003
294868,82,9655,0.9809277653694153,-0.19326171278953552,0.020751044154167175,0.4583304524421692,1.2500000000000002
294868,83,28037,-0.20980846881866455,-0.968690812587738,0.13273486495018005,5.129398345947266,1.2000000000000002
294868,84,35650,-0.7395804524421692,-0.6280637383460999,0.24198485910892487,-1.4710829257965088,1.2000000000000002
294868,85,13614,0.9851734638214111,-0.15591856837272644,0.07157271355390549,-0.37306469678878784,1.0700000000000003
294868,86,31517,0.14568376541137695,-0.9890607595443726,0.023131506517529488,4.3550519943237305,1.0600000000000003
294868,87,23182,0.8709404468536377,-0.07036341726779938,0.4863247275352478,-1.2686198949813843,1.0300000000000002
294868,88,34674,-0.3309290409088135,-0.8717219829559326,-0.3613679111003876,-0.26966947317123413,1.0000000000000002
294868,89,47602,-0.937113344669342,-0.25902649760246277,-0.233931303024292,3.904107093811035,0.9800000000000002
294868,90,4916,-0.34685811400413513,0.9355184435844421,0.06704239547252655,-3.0250563621520996,0.9300000000000002
294868,91,7402,0.9600893259048462,-0.2714981734752655,0.06721024960279465,1.2156014442443848,0.9300000000000002
294868,92,5616,-0.02581658773124218,0.9510317444801331,-0.30801311135292053,2.1768977642059326,0.9000000000000001
294868,93,2861,-0.14439663290977478,0.9678241014480591,-0.2060731202363968,3.7618939876556396,0.8900000000000001
294868,94,12518,0.8609929084777832,-0.5016679763793945,0.08378823846578598,-2.308718681335449,0.8400000000000002
294868,95,32839,-0.6189197897911072,-0.6920484304428101,-0.37149330973625183,4.366337776184082,0.8300000000000002
294868,96,30334,-0.3432483375072479,-0.9350046515464783,-0.08914528787136078,6.771605014801025,0.8100000000000002
294868,97,30865,-0.456329882144928,-0.8861256837844849,-0.08089687675237656,1.1940908432006836,0.8100000000000002
294868,98,24725,-0.39790794253349304,-0.7754582166671753,0.4902385175228119,-0.797801673412323,0.8000000000000002
294868,99,42559,-0.6697555780410767,-0.611506998538971,-0.42129164934158325,4.784429550170898,0.7600000000000001
294868,100,32459,-0.5993333458900452,-0.6591272950172424,-0.4542585015296936,5.569957256317139,0.7500000000000001
294868,101,26811,-0.3947664499282837,-0.9038642048835754,0.16489075124263763,0.573168158531189,0.7400000000000001
294868,102,33653,-0.18626289069652557,-0.8667475581169128,-0.462660551071167,6.8359904289245605,0.7100000000000002
294868,103,17196,0.9861302375793457,0.009029295295476913,-0.16572757065296173,0.8429901599884033,0.6600000000000001
294868,104,37373,0.03881318122148514,0.36650359630584717,-0.9296067357063293,3.544081211090088,0.6300000000000001
294868,105,8976,0.8935580253601074,-0.36017468571662903,-0.26800796389579773,4.241757869720459,0.5700000000000001
294868,106,38325,0.2204708755016327,0.5804798603057861,-0.7838594913482666,-0.10566222667694092,0.5200000000000001
294868,107,16759,0.9913694858551025,0.0379612036049366,-0.1254810243844986,-0.14937523007392883,0.5100000000000001
294868,108,2288,-0.5481935739517212,0.8352043032646179,0.04378955811262131,-0.9822770953178406,0.5000000000000001
294868,109,35240,-0.2362300604581833,-0.9479333758354187,-0.21358296275138855,-1.9207534790039062,0.4900000000000001
294868,110,3287,-0.3440514802932739,0.9245903491973877,0.1635887622833252,-5.684305667877197,0.4200000000000001
294868,111,4019,-0.06707439571619034,0.986092746257782,-0.15205948054790497,-0.4077994227409363,0.4100000000000001
294868,112,31191,-0.6743007898330688,-0.6251804828643799,0.39302393794059753,-0.0286770761013031,0.37000000000000005
294868,113,44604,-0.3466436564922333,-0.552916407585144,-0.7577081322669983,2.5948219299316406,0.3500000000000001
294868,114,21754,0.931422770023346,-0.15167735517024994,0.33082568645477295,0.2254292070865631,0.24000000000000005
294868,115,21964,0.9983531832695007,-0.05304962396621704,-0.021831946447491646,0.24026012420654297,0.23000000000000004
294868,116,22297,0.941287100315094,0.058459773659706116,0.3325071632862091,-3.9811041355133057,0.22000000000000003
294868,117,16037,0.9952638745307922,0.039189547300338745,0.0889604389667511,-1.651815414428711,0.20000000000000004
294868,118,28056,-0.11206411570310593,-0.851996660232544,0.5114130973815918,1.7936668395996094,0.18000000000000005
294868,119,6046,-0.5116441249847412,0.7789455652236938,-0.36257970333099365,1.8454093933105469,0.14
294868,120,5668,-0.42481398582458496,0.8024221658706665,0.41910824179649353,-2.446608543395996,0.13000000000000003
294868,121,17954,0.8187689185142517,-0.5667291879653931,-0.09184464067220688,5.0007524490356445,0.13000000000000003
294868,122,18713,0.6724876761436462,-0.536882758140564,-0.5094282627105713,6.570809364318848,0.12000000000000002
294868,123,23313,0.9450690150260925,-0.32151123881340027,-0.05894937366247177,1.442126750946045,0.12000000000000002
294868,124,39804,-0.468316912651062,0.4038679003715515,-0.7858561873435974,7.3868584632873535,0.12000000000000002
294868,125,40747,0.06364423036575317,0.6710307002067566,-0.7386929392814636,1.9580986499786377,0.12000000000000002
294868,126,37773,-0.36983242630958557,-0.5368421673774719,-0.758303701877594,0.8618583679199219,0.11000000000000001
294868,127,43531,-0.9311854243278503,-0.1360544115304947,-0.3382054567337036,3.3513500690460205,0.10000000000000002
294868,128,5121,-0.30080220103263855,0.7891274690628052,-0.5355332493782043,4.474914073944092,0.09000000000000002
294868,129,11341,0.9807716608047485,0.011062364093959332,0.19484513998031616,-3.908198595046997,0.09000000000000002
294868,130,43803,-0.8950396776199341,-0.10918056219816208,-0.4324159324169159,2.6316304206848145,0.09000000000000002
294868,131,36892,-0.2585865557193756,-0.7235059142112732,-0.6400563716888428,6.429379463195801,0.06000000000000001
294868,132,44567,-0.8315458297729492,-0.34149307012557983,-0.43807992339134216,7.176785469055176,0.06000000000000001
294868,133,46963,-0.735590934753418,-0.592208743095398,-0.32892969250679016,3.1277015209198,0.06000000000000001
294868,134,27767,-0.50900799036026,-0.8331385850906372,0.21631214022636414,4.074193000793457,0.030000000000000006
294868,135,29061,-0.7455347180366516,-0.6578917503356934,0.10656651109457016,2.870901107788086,0.030000000000000006
294868,136,38700,0.7724648714065552,0.32387059926986694,-0.5462653636932373,5.38740348815918,0.030000000000000006
294868,137,25767,-0.35855600237846375,-0.7423585653305054,-0.5659870505332947,0.8347197771072388,0.020000000000000004
294868,138,28871,-0.5139867663383484,-0.7926135063171387,-0.32799601554870605,7.429559230804443,0.020000000000000004
294868,139,43425,-0.9349199533462524,-0.03569981828331947,-0.3530583679676056,3.4928269386291504,0.020000000000000004
294868,140,45831,-0.767418622970581,-0.5997881889343262,-0.22654539346694946,2.5682153701782227,0.010000000000000002
294868,141,47306,-0.7823475003242493,-0.17898687720298767,-0.5965702533721924,7.721337795257568,0.010000000000000002
273557,1,38275,0.11259645968675613,0.4190138280391693,-0.9009714126586914,-0.852778971195221,36.260000000000005
273557,2,37155,-0.1191081702709198,0.7922998070716858,-0.5983930826187134,5.714597225189209,23.330000000000005
273557,3,37418,0.10484036058187485,0.6287553906440735,-0.7705031633377075,2.44573974609375,21.320000000000004
273557,4,40246,-0.10661114007234573,0.6414136290550232,-0.7597516775131226,4.238254547119141,17.300000000000004
273557,5,6151,-0.32788074016571045,0.8914830684661865,-0.31265345215797424,5.609255790710449,16.070000000000004
273557,6,41839,-0.9447678327560425,-0.29896727204322815,-0.13428445160388947,-6.088990211486816,11.190000000000003
273557,7,3842,-0.5075721740722656,0.8600800633430481,-0.05131079629063606,5.162111759185791,9.980000000000002
273557,8,2153,-0.17154374718666077,0.9606062769889832,-0.2186511605978012,5.863519191741943,9.800000000000002
273557,9,38645,0.15266622602939606,0.8164885640144348,-0.5568118691444397,3.3804190158843994,9.370000000000001
273557,10,27920,-0.2781222462654114,-0.9117441773414612,-0.3022756278514862,-10.033587455749512,9.350000000000001
273557,11,38422,-0.23431576788425446,-0.08011867105960846,-0.9688535332679749,-3.038179874420166,9.070000000000002
273557,12,19329,0.9763795137405396,0.07218220829963684,-0.20364868640899658,1.8459250926971436,8.910000000000002
273557,13,17154,0.9978157877922058,-0.06303755193948746,0.019746843725442886,-4.530757427215576,8.450000000000001
273557,14,37295,0.05219360813498497,0.7851643562316895,-0.6170840859413147,5.802057266235352,8.350000000000001
273557,15,39657,0.2268667072057724,0.7560784816741943,-0.6139029264450073,3.589804172515869,7.620000000000002
273557,16,1304,-0.2850983142852783,0.9283086657524109,-0.2386670559644699,5.603496551513672,6.790000000000001
273557,17,36752,-0.5738583207130432,-0.7653963565826416,-0.29129886627197266,-9.308551788330078,6.560000000000001
273557,18,40094,-0.04916330799460411,0.8251908421516418,-0.5627104043960571,3.1353607177734375,6.060000000000001
273557,19,45185,-0.6718962788581848,-0.3877740502357483,-0.6310203075408936,-5.900698661804199,5.790000000000001
273557,20,3158,-0.4645036458969116,0.7981234192848206,-0.38371261954307556,6.755929470062256,5.700000000000001
273557,21,6066,-0.6997372508049011,0.6555289626121521,0.2839885652065277,4.8102240562438965,5.550000000000001
273557,22,29935,-0.3703122138977051,-0.7395235300064087,-0.562115490436554,-5.34095573425293,5.440000000000001
273557,23,32870,-0.5629119277000427,-0.7174766063690186,0.4103139042854309,-3.467128276824951,5.410000000000001
273557,24,24773,0.13804969191551208,-0.9497709274291992,-0.2808513343334198,-5.030885219573975,5.180000000000001
273557,25,37714,0.6461831331253052,0.38822972774505615,-0.6570578813552856,-2.347014904022217,5.170000000000001
273557,26,21929,0.9535034894943237,0.008793122135102749,0.3012535870075226,0.7792878150939941,4.490000000000001
273557,27,16861,0.9341424703598022,0.16366912424564362,0.3171597719192505,1.7282198667526245,4.380000000000001
273557,28,33046,-0.7623738646507263,-0.45279765129089355,-0.4623422920703888,-5.260776519775391,4.3100000000000005
273557,29,43245,-0.9386836290359497,-0.29583343863487244,-0.1770753413438797,-3.2608323097229004,3.980000000000001
273557,30,36543,-0.22755751013755798,-0.9706312417984009,-0.07805463671684265,-8.605711936950684,3.9700000000000006
273557,31,3812,0.01917174644768238,0.9998160004615784,-0.0006569175166077912,8.00546646118164,3.9100000000000006
273557,32,15770,0.8306498527526855,-0.477944940328598,0.2856386601924896,-3.973029613494873,3.8400000000000007
273557,33,25104,-0.3974813222885132,-0.8907294273376465,-0.22047613561153412,-8.445054054260254,3.7200000000000006
273557,34,21715,0.9801660180091858,0.10753100365400314,0.16646833717823029,-1.1254059076309204,3.6800000000000006
273557,35,16379,0.9435554146766663,-0.27521130442619324,0.18428751826286316,-3.702108860015869,3.650000000000001
273557,36,1468,-0.5153670310974121,0.8342534899711609,0.19600512087345123,4.564418792724609,3.5500000000000007
273557,37,46327,-0.7118821144104004,-0.6417198777198792,-0.2853409945964813,-3.045999050140381,3.5300000000000007
273557,38,44782,-0.6509079933166504,-0.6886141300201416,-0.31957682967185974,-6.098008155822754,3.190000000000001
273557,39,29855,-0.3122934401035309,-0.9499622583389282,0.006669596768915653,-8.836280822753906,3.0000000000000004
273557,40,22773,0.9959394931793213,0.0865488350391388,-0.02477431669831276,2.6166388988494873,2.8700000000000006
273557,41,38736,0.1902810037136078,0.5283046364784241,-0.8274583220481873,1.4103730916976929,2.8500000000000005
273557,42,47646,-0.7787728309631348,-0.5217962861061096,-0.3481975197792053,-3.1188526153564453,2.8400000000000007
273557,43,44591,-0.8602892756462097,-0.49733608961105347,-0.11206755042076111,-5.577480792999268,2.8200000000000007
273557,44,18689,0.9401180148124695,-0.09002198278903961,0.3287462890148163,-4.731060028076172,2.7900000000000005
273557,45,5835,-0.6755959391593933,0.3949039578437805,-0.6225921511650085,3.389237880706787,2.7800000000000007
273557,46,47253,-0.8326592445373535,-0.5410739183425903,-0.11797280609607697,0.23745131492614746,2.5600000000000005
273557,47,15845,0.9264566898345947,-0.3318248391151428,-0.17768016457557678,-5.942139148712158,2.4900000000000007
273557,48,27238,-0.6013016104698181,-0.5889679193496704,0.5399566292762756,-3.3678653240203857,2.4800000000000004
273557,49,38999,0.4336305558681488,0.6183571815490723,-0.6554379463195801,-0.1784147024154663,2.4800000000000004
273557,50,4060,-0.09534453600645065,0.9830198287963867,0.1567845493555069,7.259040832519531,2.4700000000000006
273557,51,16808,0.9688882827758789,-0.2371458262205124,-0.07083293795585632,-2.2705044746398926,2.4500000000000006
273557,52,2367,0.17273861169815063,0.9478340148925781,0.2679031193256378,5.432441711425781,2.4400000000000004
273557,53,11170,0.9106232523918152,-0.3953261375427246,0.12034336477518082,-1.6565579175949097,2.4200000000000004
273557,54,3281,-0.3552645742893219,0.9054012894630432,-0.23245550692081451,7.388224124908447,2.3200000000000003
273557,55,5994,-0.1758728176355362,0.9827176928520203,0.057746440172195435,7.720004081726074,2.3200000000000003
273557,56,25756,-0.4654868245124817,-0.8769151568412781,-0.11975719034671783,-10.427947998046875,2.3000000000000003
273557,57,25432,-0.279414564371109,-0.9591545462608337,0.04415898397564888,-9.959489822387695,2.2700000000000005
273557,58,37648,0.5738745331764221,0.04659058898687363,-0.817616879940033,-5.178305149078369,2.2500000000000004
273557,59,4358,-0.11529328674077988,0.9798882603645325,0.1628694087266922,8.78211784362793,2.1600000000000006
273557,60,5756,-0.4376436471939087,0.8859055042266846,0.15375131368637085,10.78128719329834,2.1600000000000006
273557,61,22265,0.9131892919540405,-0.3861986994743347,0.13013772666454315,-4.267197608947754,2.1400000000000006
273557,62,3887,-0.6087077260017395,0.6738645434379578,0.4187857210636139,3.469085216522217,2.1300000000000003
273557,63,31557,-0.5315264463424683,-0.822003960609436,-0.20442377030849457,-7.560083389282227,2.1100000000000003
273557,64,39036,0.16881102323532104,0.3458646535873413,-0.9229736924171448,2.4249074459075928,2.0600000000000005
273557,65,19385,0.9807833433151245,-0.18168477714061737,-0.07109612971544266,-6.059358596801758,2.0500000000000003
273557,66,4825,-0.6854059100151062,0.6827343702316284,-0.253165066242218,5.624165058135986,2.0400000000000005
273557,67,43629,-0.8770130276679993,-0.35146626830101013,-0.32759666442871094,-3.2518692016601562,2.0300000000000002
273557,68,11793,0.9436884522438049,-0.21793875098228455,0.2489071786403656,-2.9921388626098633,1.9100000000000004
273557,69,4995,-0.1433936357498169,0.9259029030799866,-0.3494882583618164,5.416348934173584,1.8800000000000003
273557,70,43470,-0.7702630758285522,-0.3885660171508789,-0.5056790113449097,-4.558079719543457,1.8700000000000003
273557,71,22586,0.9904175400733948,-0.06647432595491409,-0.12105467170476913,-1.0964950323104858,1.7100000000000004
273557,72,39100,-0.5579150319099426,-0.0013488730182871222,-0.8298969864845276,1.4026377201080322,1.7100000000000004
273557,73,46992,-0.784203052520752,-0.5049640536308289,-0.36060619354248047,-3.4287967681884766,1.6500000000000004
273557,74,38537,-0.21767248213291168,0.23755930364131927,-0.9466701149940491,-1.0066463947296143,1.6200000000000003
273557,75,2861,-0.14439663290977478,0.9678241014480591,-0.2060731202363968,3.7618939876556396,1.5300000000000002
273557,76,9378,0.8961663246154785,-0.4318597912788391,-0.10189715027809143,-3.956267833709717,1.5000000000000002
273557,77,13182,0.9809033274650574,-0.16054441034793854,0.10979146510362625,-2.522636890411377,1.4400000000000004
273557,78,33815,-0.41531920433044434,-0.9089798331260681,-0.03557514771819115,-6.172852039337158,1.3800000000000003
273557,79,31697,-0.40221723914146423,-0.8638834357261658,0.3031942546367645,-5.052330017089844,1.2700000000000002
273557,80,6750,-0.32478633522987366,0.9241130948066711,-0.2013176828622818,4.269868850708008,1.2600000000000002
273557,81,34708,-0.6313216686248779,-0.7531318664550781,0.18500104546546936,-6.808349609375,1.2100000000000002
273557,82,3043,-0.6614475250244141,0.7470026016235352,0.06689009070396423,9.489506721496582,1.2000000000000002
273557,83,11180,0.9356759786605835,0.21488887071609497,-0.2798807621002197,-0.2002563774585724,1.1900000000000002
273557,84,17935,0.9821057319641113,0.18562547862529755,-0.031804896891117096,-1.0481432676315308,1.1800000000000002
273557,85,10995,0.9399654269218445,0.03217007964849472,0.3397500813007355,-3.3871066570281982,1.1500000000000001
273557,86,29479,-0.5739083886146545,-0.7603890299797058,0.3040356934070587,-5.375226974487305,1.1500000000000001
273557,87,44117,-0.7929953336715698,-0.4766028821468353,-0.37948405742645264,-2.5391461849212646,1.12
273557,88,7846,0.9967601299285889,-0.07999616116285324,0.008356141857802868,-1.3623257875442505,1.0600000000000003
273557,89,31813,-0.5110243558883667,-0.8510781526565552,0.1204996258020401,-5.693595886230469,1.0400000000000003
273557,90,27812,-0.14577394723892212,-0.7899771332740784,-0.595555305480957,-6.553173065185547,0.9300000000000002
273557,91,16257,0.6942572593688965,-0.7031837701797485,-0.15342552959918976,-8.391866683959961,0.8700000000000002
273557,92,38801,0.2922040522098541,0.27151015400886536,-0.9170054793357849,-3.056575298309326,0.8400000000000002
273557,93,46981,-0.6918487548828125,-0.697598397731781,-0.18628428876399994,-5.9350996017456055,0.8400000000000002
273557,94,33631,-0.06038922071456909,-0.9953407049179077,0.07516700774431229,-8.671244621276855,0.7900000000000001
273557,95,30559,-0.20079784095287323,-0.9567499160766602,0.21049898862838745,-7.116763591766357,0.7500000000000001
273557,96,768,-0.540060818195343,0.8193986415863037,0.19214627146720886,7.434194087982178,0.7400000000000001
273557,97,2576,-0.17638279497623444,0.9573245048522949,-0.22895164787769318,6.39625358581543,0.7000000000000002
273557,98,21967,0.9947390556335449,0.04525911435484886,0.09190137684345245,-2.1100425720214844,0.7000000000000002
273557,99,1680,0.08421779423952103,0.9937878847122192,0.07275324314832687,6.586231708526611,0.6700000000000002
273557,100,17023,0.8216080069541931,0.024995554238557816,0.5695045590400696,3.689833641052246,0.6500000000000001
273557,101,37121,-0.06212858110666275,0.2273629903793335,-0.9718261957168579,-3.3377127647399902,0.6500000000000001
273557,102,38325,0.2204708755016327,0.5804798603057861,-0.7838594913482666,-0.10566222667694092,0.6500000000000001
273557,103,41291,-0.5631550550460815,-0.3715038299560547,-0.7381336688995361,-0.3594520390033722,0.6500000000000001
273557,104,26172,-0.6851847767829895,-0.7171817421913147,-0.12716986238956451,-6.217106819152832,0.6400000000000001
273557,105,39794,-0.24097448587417603,0.4637853801250458,-0.8525458574295044,2.3552098274230957,0.6000000000000001
273557,106,42446,-0.6731727123260498,-0.5743034482002258,-0.46584761142730713,-4.209443092346191,0.6000000000000001
273557,107,27393,-0.6524052023887634,-0.6731455326080322,-0.3481990396976471,-1.013584852218628,0.5500000000000002
273557,108,31339,0.036277420818805695,-0.9626694917678833,-0.2682376503944397,-5.1852030754089355,0.5500000000000002
273557,109,38218,-0.18496708571910858,0.6587264537811279,-0.7292919158935547,0.6932970285415649,0.5200000000000001
273557,110,45115,-0.7695122957229614,-0.3527645766735077,-0.5323607921600342,-4.275141716003418,0.5200000000000001
273557,111,38796,-0.05783820524811745,0.42162904143333435,-0.9049219489097595,1.5222890377044678,0.4700000000000001
273557,112,28656,-0.3383632004261017,-0.8993640542030334,-0.27686578035354614,-7.251312732696533,0.45000000000000007
273557,113,19388,0.9594634175300598,-0.16355909407138824,-0.22951778769493103,-0.6893841028213501,0.4300000000000001
273557,114,20895,0.9185121655464172,0.22520491480827332,-0.3249894082546234,-2.1037135124206543,0.4100000000000001
273557,115,37207,0.4143618643283844,0.1859111785888672,-0.8909215927124023,-0.2214866280555725,0.38000000000000006
273557,116,22622,0.9806180000305176,-0.03891400992870331,-0.19202621281147003,-2.4044077396392822,0.3500000000000001
273557,117,29768,-0.08373703062534332,-0.9901334643363953,-0.11235585808753967,-11.60112190246582,0.32000000000000006
273557,118,31336,0.06448598951101303,-0.9718636870384216,-0.22654469311237335,-7.735404968261719,0.31000000000000005
273557,119,31518,-0.49837058782577515,-0.7001909613609314,-0.5112331509590149,-11.549986839294434,0.26000000000000006
273557,120,33326,-0.5741201639175415,-0.5450538992881775,-0.6109846830368042,-1.306165099143982,0.22000000000000003
273557,121,8100,0.8964581489562988,-0.4298458397388458,0.1076815128326416,-0.6645058989524841,0.19000000000000003
273557,122,16217,0.8215542435646057,-0.5692424178123474,-0.03180742263793945,-7.015372276306152,0.19000000000000003
273557,123,20699,0.8606856465339661,-0.46990418434143066,0.19598542153835297,-6.403591632843018,0.19000000000000003
273557,124,29982,-0.6580617427825928,-0.7523274421691895,0.030953653156757355,-9.274242401123047,0.19000000000000003
273557,125,22249,0.9947873950004578,0.05034169554710388,0.08867810666561127,2.23592209815979,0.17000000000000004
273557,126,25820,-0.44190335273742676,-0.8903413414955139,-0.10960733890533447,-7.77026891708374,0.17000000000000004
273557,127,3139,-0.6028818488121033,0.7955964207649231,-0.05966457724571228,3.7148356437683105,0.14
273557,128,44450,-0.6738020777702332,-0.4190487563610077,-0.6085958480834961,-5.615242958068848,0.12000000000000002
273557,129,45999,-0.950394868850708,-0.15184979140758514,-0.2714613676071167,-0.07921576499938965,0.11000000000000001
273557,130,46202,-0.8461247086524963,-0.41111889481544495,-0.33919644355773926,-4.119566917419434,0.11000000000000001
273557,131,9625,0.9923270344734192,-0.1204478070139885,-0.02791816182434559,-3.672274351119995,0.08000000000000002
273557,132,22671,0.928713321685791,-0.2983475923538208,-0.22018244862556458,-2.9989590644836426,0.06000000000000001
273557,133,32352,-0.12992791831493378,-0.9145669341087341,0.382996141910553,-4.785160541534424,0.06000000000000001
273557,134,35062,-0.15184494853019714,-0.9389188885688782,-0.3088274598121643,-10.848377227783203,0.04000000000000001
273557,135,43760,-0.7592257857322693,-0.6231269240379333,-0.18785396218299866,-7.285869121551514,0.030000000000000006
273557,136,15076,0.9338211417198181,0.15916207432746887,0.32038336992263794,3.9951531887054443,0.020000000000000004
273557,137,15090,0.9161266088485718,0.022356653586030006,-0.4002652168273926,2.229374885559082,0.020000000000000004
273557,138,12600,0.9466674327850342,-0.30848193168640137,0.09305746853351593,-3.5033938884735107,0.010000000000000002
273557,139,23443,0.9712663888931274,0.01469746045768261,0.2375406175851822,1.9446269273757935,0.010000000000000002
273557,140,36903,-0.6236753463745117,-0.6609065532684326,0.41741055250167847,-6.357422351837158,0.010000000000000002
273557,141,37888,0.44908851385116577,0.24284791946411133,-0.8598513603210449,-3.6755127906799316,0.010000000000000002
273557,142,44162,-0.6188562512397766,-0.42283278703689575,-0.6619889736175537,-1.9684572219848633,0.010000000000000002
91816,1,39968,0.5660015940666199,0.48800650238990784,-0.6644484996795654,-8.148909568786621,29.040000000000006
91816,2,38325,0.2204708755016327,0.5804798603057861,-0.7838594913482666,-0.10566222667694092,19.800000000000004
91816,3,38968,0.34949612617492676,0.5419726967811584,-0.7642761468887329,-2.802516222000122,18.040000000000003
91816,4,40838,-0.4423984885215759,0.2712819278240204,-0.8548038601875305,11.177511215209961,14.320000000000002
91816,5,8173,0.9442906975746155,0.010026351548731327,0.32895973324775696,-12.314613342285156,12.730000000000002
91816,6,29195,-0.2691285014152527,-0.6405073404312134,-0.7192497253417969,12.872495651245117,12.370000000000003
91816,7,37416,-0.4048003554344177,0.35760778188705444,-0.8415778875350952,9.281694412231445,12.150000000000002
91816,8,4447,-0.2626497149467468,0.9499725699424744,-0.16901838779449463,-0.28028613328933716,10.620000000000003
91816,9,31433,-0.6010372638702393,-0.7625673413276672,0.23925983905792236,12.062758445739746,9.530000000000001
91816,10,39194,-0.14015649259090424,0.6811470985412598,-0.7186061143875122,2.9040040969848633,9.250000000000002
91816,11,39593,0.5334368348121643,-0.4549103081226349,-0.7130930423736572,-2.9046378135681152,9.150000000000002
91816,12,22777,0.9267123341560364,-0.35741761326789856,-0.11600395292043686,-7.926822185516357,9.010000000000002
91816,13,802,-0.3400224447250366,0.8713688850402832,0.3536962568759918,-0.6121575832366943,8.570000000000002
91816,14,39273,0.1941727250814438,0.45042604207992554,-0.8714432120323181,-1.8660163879394531,7.500000000000002
91816,15,2192,0.052234094589948654,0.9966899752616882,0.06229506433010101,-7.062395095825195,6.4700000000000015
91816,16,35592,-0.2908377945423126,-0.9539307951927185,-0.07368429005146027,10.50235652923584,6.450000000000001
91816,17,15220,0.9535520076751709,-0.27835285663604736,-0.11514468491077423,-14.750799179077148,5.690000000000001
91816,18,38004,0.08788817375898361,0.44912609457969666,-0.8891351819038391,3.303725242614746,5.620000000000001
91816,19,39777,0.12847913801670074,0.5584315657615662,-0.8195409178733826,-0.03365004062652588,5.240000000000001
91816,20,46841,-0.8171213269233704,-0.12316477298736572,-0.5631546974182129,16.037675857543945,5.090000000000001
91816,21,293,-0.43039101362228394,0.8667661547660828,0.2519523501396179,3.9322714805603027,5.000000000000001
91816,22,36794,-0.39811229705810547,-0.905873715877533,0.1445661336183548,9.299421310424805,4.910000000000001
91816,23,8911,0.8271657824516296,-0.5515516996383667,-0.10764525085687637,-7.814213752746582,4.650000000000001
91816,24,37451,-0.599548876285553,0.5793511867523193,-0.5521714687347412,11.159671783447266,4.490000000000001
91816,25,20933,0.9288884401321411,-0.06161675602197647,0.36519813537597656,-15.627070426940918,4.3500000000000005
91816,26,42242,-0.2147204875946045,-0.8280083537101746,-0.5179741382598877,10.298226356506348,4.340000000000001
91816,27,38323,0.011960793286561966,0.4541497528553009,-0.8908450603485107,1.622586727142334,4.260000000000001
91816,28,8275,0.9698867797851562,-0.004199529532343149,-0.24351994693279266,-12.300661087036133,4.090000000000001
91816,29,23609,-0.5663455128669739,-0.817696213722229,-0.10308057069778442,12.412452697753906,3.9900000000000007
91816,30,17557,0.9341555833816528,-0.28884434700012207,0.20957636833190918,-11.91016674041748,3.5800000000000005
91816,31,31014,0.09693308174610138,-0.8206771016120911,-0.5631101131439209,4.166851997375488,3.5300000000000007
91816,32,44824,-0.8282039165496826,-0.36711585521698,-0.4234432876110077,14.952917098999023,3.4100000000000006
91816,33,711,-0.45998066663742065,0.6429575681686401,0.6123915314674377,-3.678623676300049,3.1400000000000006
91816,34,33026,-0.808272659778595,-0.581334114074707,0.09351984411478043,15.91666030883789,3.1400000000000006
91816,35,15320,0.9208649396896362,-0.18115828931331635,-0.3452382981777191,-9.399331092834473,3.1200000000000006
91816,36,31431,-0.7269579172134399,-0.5750249028205872,-0.37533798813819885,17.068668365478516,3.0000000000000004
91816,37,35034,-0.6821407675743103,-0.7310549020767212,-0.015579828992486,13.150787353515625,2.8200000000000007
91816,38,16612,0.9423553347587585,0.02485561929643154,0.333689421415329,-13.361181259155273,2.7600000000000007
91816,39,32541,-0.16488520801067352,-0.9321619272232056,-0.32231515645980835,7.96879768371582,2.7300000000000004
91816,40,7914,0.9284661412239075,-0.24947814643383026,-0.27515679597854614,-12.055768966674805,2.6900000000000004
91816,41,22300,0.9737889766693115,-0.16319535672664642,-0.15843713283538818,-12.482465744018555,2.6700000000000004
91816,42,10882,0.9801638126373291,0.14175081253051758,-0.13851210474967957,-13.20155143737793,2.6600000000000006
91816,43,15146,0.9424563050270081,-0.23446103930473328,-0.2383362501859665,-11.445674896240234,2.6200000000000006
91816,44,202,-0.7314207553863525,0.6760077476501465,-0.08965028822422028,10.133621215820312,2.6000000000000005
91816,45,23958,-0.24767592549324036,-0.9631668329238892,-0.10472023487091064,11.807745933532715,2.5300000000000007
91816,46,17759,0.8137240409851074,-0.48389720916748047,0.32201969623565674,-13.487196922302246,2.4800000000000004
91816,47,12320,0.9503107666969299,0.018746430054306984,0.3107379078865051,-17.409385681152344,2.4300000000000006
91816,48,39748,-0.3598843216896057,0.7754930853843689,-0.5187424421310425,3.496452569961548,2.3800000000000003
91816,49,29428,-0.4064243733882904,-0.7852124571800232,0.4671837091445923,8.891581535339355,2.3100000000000005
91816,50,40584,0.06920429319143295,0.37172484397888184,-0.9257599115371704,2.2287826538085938,2.3000000000000003
91816,51,8647,0.9453455209732056,-0.18793731927871704,-0.26646098494529724,-11.769213676452637,2.2600000000000002
91816,52,36300,-0.3502386808395386,-0.8748489022254944,-0.3346225619316101,14.937070846557617,2.2600000000000002
91816,53,47248,-0.894639253616333,-0.19983690977096558,-0.3996071219444275,15.059674263000488,2.2600000000000002
91816,54,6407,-0.2546965181827545,0.8953946828842163,0.36523690819740295,-5.068321228027344,2.1700000000000004
91816,55,32158,-0.43768569827079773,-0.8973283767700195,0.056859347969293594,10.023825645446777,2.1700000000000004
91816,56,9888,0.968035101890564,0.04521713778376579,0.24670521914958954,-14.72839069366455,2.0800000000000005
91816,57,14912,0.949338436126709,-0.3000454306602478,-0.09343089163303375,-8.282470703125,1.9800000000000004
91816,58,46388,-0.6152159571647644,-0.6816602945327759,-0.3960411846637726,16.986738204956055,1.9600000000000004
91816,59,20099,0.9285972118377686,0.337237685918808,-0.15484832227230072,-11.570650100708008,1.9500000000000004
91816,60,35937,-0.29888907074928284,-0.9043194055557251,0.3047487139701843,7.723082542419434,1.8600000000000003
91816,61,47474,-0.6770406365394592,-0.3750247061252594,-0.633223831653595,15.501190185546875,1.8300000000000003
91816,62,15788,0.942646324634552,-0.3127390444278717,-0.11667140573263168,-11.733132362365723,1.7900000000000003
91816,63,45272,-0.8203359842300415,-0.5498342514038086,-0.15726138651371002,18.404651641845703,1.7800000000000002
91816,64,4354,-0.3532843589782715,0.898621678352356,-0.26013314723968506,4.403337478637695,1.7500000000000004
91816,65,20477,0.9361199140548706,-0.3294795751571655,-0.12297457456588745,-10.709982872009277,1.6800000000000004
91816,66,24243,-0.5841205716133118,-0.7983077764511108,0.14665573835372925,10.58041763305664,1.6500000000000004
91816,67,489,-0.5054551362991333,0.512922465801239,-0.6938484311103821,8.504899978637695,1.6300000000000003
91816,68,35404,0.23674103617668152,-0.966407299041748,-0.1000528410077095,6.513705730438232,1.6200000000000003
91816,69,33598,-0.7216224074363708,-0.5686324834823608,0.3948647677898407,11.55103874206543,1.5100000000000002
91816,70,30321,-0.3128246068954468,-0.9330941438674927,-0.17741496860980988,9.941422462463379,1.4500000000000002
91816,71,3502,-0.4085700511932373,0.8824983835220337,-0.2329529970884323,0.7116419076919556,1.4100000000000004
91816,72,28790,0.013471066951751709,-0.9745323657989502,-0.22384187579154968,6.746500492095947,1.3700000000000003
91816,73,46725,-0.7617040276527405,-0.10685333609580994,-0.639053463935852,18.836406707763672,1.3400000000000003
91816,74,43500,-0.6384211182594299,-0.3979451060295105,-0.6588309407234192,14.713186264038086,1.3100000000000003
91816,75,9020,0.9483999013900757,0.0947902649641037,0.30257636308670044,-13.767064094543457,1.2600000000000002
91816,76,1269,-0.1334495097398758,0.9570304155349731,-0.25745686888694763,-1.8928804397583008,1.2300000000000002
91816,77,21787,0.9648362398147583,-0.2062053233385086,-0.16300414502620697,-13.437057495117188,1.2300000000000002
91816,78,41029,-0.7056379318237305,-0.6786419153213501,-0.20376519858837128,17.869277954101562,1.1400000000000001
91816,79,32469,-0.8311559557914734,-0.5542718768119812,-0.04429987445473671,13.312899589538574,1.12
91816,80,34221,-0.2299531251192093,-0.973185122013092,0.005685252137482166,12.11960506439209,1.1100000000000003
91816,81,33697,-0.6935007572174072,-0.7071574330329895,-0.13778604567050934,15.059473991394043,1.0800000000000003
91816,82,44299,-0.8015002608299255,-0.5400099754333496,-0.25687843561172485,14.409618377685547,1.0300000000000002
91816,83,41848,-0.9304264187812805,-0.05027816817164421,-0.36301347613334656,12.989737510681152,1.0000000000000002
91816,84,20977,0.8174485564231873,-0.565458357334137,-0.10970290005207062,-4.278501033782959,0.9900000000000002
91816,85,6822,-0.005532525014132261,0.9950470328330994,0.09925100952386856,-6.59324312210083,0.9400000000000002
91816,86,45194,-0.7376253008842468,-0.5488436818122864,-0.3932931423187256,15.872642517089844,0.9400000000000002
91816,87,42550,-0.9436898827552795,-0.19899094104766846,-0.2642953097820282,12.769552230834961,0.9100000000000001
91816,88,45725,-0.9593347907066345,-0.17336001992225647,-0.22276243567466736,14.748844146728516,0.9000000000000001
91816,89,16734,0.9813836812973022,-0.18291601538658142,0.058547504246234894,-10.720888137817383,0.8900000000000001
91816,90,25254,-0.6392567753791809,-0.7019432187080383,-0.3140484690666199,13.174741744995117,0.8900000000000001
91816,91,11701,0.8757482767105103,0.20042765140533447,-0.43919670581817627,-12.844999313354492,0.8800000000000001
91816,92,37958,0.053315386176109314,0.5106253623962402,-0.8581486940383911,-0.10457253456115723,0.8500000000000002
91816,93,37985,-0.3741789162158966,0.3820422887802124,-0.845005214214325,7.707784652709961,0.8500000000000002
91816,94,11205,0.9105838537216187,-0.3921179175376892,-0.13069292902946472,-12.64771842956543,0.8200000000000002
91816,95,5086,-0.35251370072364807,0.8963507413864136,0.26886698603630066,-3.4826807975769043,0.7800000000000001
91816,96,25824,-0.6451691389083862,-0.7048830986022949,0.29478222131729126,9.589456558227539,0.7600000000000001
91816,97,8121,0.8686410784721375,-0.4954231083393097,0.004311707336455584,-6.055727005004883,0.6900000000000002
91816,98,18288,0.8268221616744995,-0.4001401960849762,-0.3952884376049042,-9.853599548339844,0.6900000000000002
91816,99,35609,-0.6562532186508179,-0.6880643367767334,0.3096758723258972,12.025229454040527,0.6900000000000002
91816,100,23826,-0.4015510380268097,-0.9067086577415466,0.12898139655590057,7.685108661651611,0.6700000000000002
91816,101,42965,-0.5854150652885437,-0.5295073986053467,-0.6139308214187622,14.386350631713867,0.6200000000000001
91816,102,21763,0.7880480289459229,-0.5946922302246094,-0.15912729501724243,-11.481385231018066,0.6100000000000001
91816,103,6801,-0.3986912965774536,0.9161059260368347,0.04236923158168793,-2.1903960704803467,0.6000000000000001
91816,104,22854,0.7604855298995972,-0.5192372798919678,-0.389941543340683,-4.437553405761719,0.5900000000000001
91816,105,22939,0.9925075173377991,-0.10466307401657104,-0.06304369121789932,-13.969791412353516,0.5500000000000002
91816,106,16556,0.9949838519096375,-0.06508814543485641,0.07596495747566223,-18.231287002563477,0.5400000000000001
91816,107,30595,-0.6467500925064087,-0.7189754247665405,-0.2545361816883087,19.45936393737793,0.5200000000000001
91816,108,1917,-0.5515691637992859,0.35357943177223206,-0.755482017993927,10.592034339904785,0.5100000000000001
91816,109,11502,0.9773873686790466,-0.07343503832817078,0.19829587638378143,-11.575291633605957,0.5100000000000001
91816,110,1108,0.4992108941078186,0.860549807548523,-0.1012054830789566,-13.404752731323242,0.5000000000000001
91816,111,33471,-0.2672549784183502,-0.9283954501152039,0.25817951560020447,7.502312660217285,0.5000000000000001
91816,112,7815,0.991344690322876,-0.05859209597110748,0.1174846664071083,-15.45588207244873,0.4900000000000001
91816,113,7665,0.8692024946212769,-0.005965344607830048,0.49442028999328613,-15.350533485412598,0.4700000000000001
91816,114,43208,-0.765548825263977,-0.6344251036643982,-0.10695662349462509,13.539788246154785,0.4700000000000001
91816,115,12062,0.8069303631782532,-0.32587993144989014,-0.4926111102104187,-3.6304080486297607,0.4600000000000001
91816,116,26747,-0.786188542842865,-0.6171634793281555,-0.03188829869031906,16.877779006958008,0.4600000000000001
91816,117,1725,-0.7988736033439636,0.5729304552078247,-0.18317124247550964,8.50652027130127,0.45000000000000007
91816,118,2229,-0.0348198339343071,0.9988985061645508,-0.03145422413945198,-6.265137672424316,0.45000000000000007
91816,119,25055,-0.3831135332584381,-0.9158199429512024,-0.12040684372186661,13.438572883605957,0.45000000000000007
91816,120,43106,-0.7067340612411499,-0.35089099407196045,-0.6143308877944946,16.8466796875,0.45000000000000007
91816,121,32679,-0.7995989322662354,-0.5941269993782043,-0.08749071508646011,12.654757499694824,0.4300000000000001
91816,122,34422,-0.48090270161628723,-0.8743327260017395,0.06538233160972595,14.799347877502441,0.4300000000000001
91816,123,9414,0.9497905969619751,-0.3127906322479248,0.007736870553344488,-16.15829849243164,0.4100000000000001
91816,124,12469,0.9967820644378662,0.07416906207799911,0.030405908823013306,-11.73218822479248,0.4000000000000001
91816,125,39643,-0.17595838010311127,0.08119188994169235,-0.9810435771942139,11.293301582336426,0.3400000000000001
91816,126,5597,-0.42204880714416504,0.8892250657081604,-0.17650364339351654,-0.08208680152893066,0.29000000000000004
91816,127,42577,-0.7446597218513489,-0.6421064138412476,-0.1821572333574295,15.398126602172852,0.29000000000000004
91816,128,33653,-0.18626289069652557,-0.8667475581169128,-0.462660551071167,6.8359904289245605,0.28
91816,129,23821,-0.6263562440872192,-0.7726472020149231,-0.10341265052556992,13.735180854797363,0.26000000000000006
91816,130,7243,0.9118348360061646,-0.19843606650829315,0.3594166338443756,-17.99022674560547,0.25000000000000006
91816,131,20757,0.9968278408050537,0.0795871689915657,-0.00030436317319981754,-17.796232223510742,0.22000000000000003
91816,132,39438,0.19613119959831238,0.8085002303123474,-0.5548512935638428,-7.329899787902832,0.22000000000000003
91816,133,37289,0.10764801502227783,0.03610878437757492,-0.9935331344604492,2.939838171005249,0.19000000000000003
91816,134,40870,-0.4704955816268921,0.6593213677406311,-0.5864548087120056,9.839119911193848,0.19000000000000003
91816,135,9416,0.9274122714996338,-0.19036224484443665,0.3219762146472931,-10.526247024536133,0.18000000000000005
91816,136,33400,-0.5907114744186401,-0.6653516292572021,-0.4564724862575531,15.417747497558594,0.17000000000000004
91816,137,13532,0.9790048599243164,-0.10767489671707153,-0.173076793551445,-8.856423377990723,0.16000000000000003
91816,138,12140,0.9660285711288452,-0.2567738890647888,-0.02925778739154339,-13.428888320922852,0.14
91816,139,14129,0.9610500931739807,-0.1303885579109192,-0.24368338286876678,-12.797926902770996,0.14
91816,140,7738,0.8150221705436707,-0.27150920033454895,0.5118804574012756,-12.769525527954102,0.11000000000000001
91816,141,2314,-0.510309636592865,0.7985378503799438,-0.31925132870674133,0.5320596694946289,0.10000000000000002
91816,142,11339,0.8221063613891602,-0.568671464920044,0.027456557378172874,-12.0263090133667,0.10000000000000002
91816,143,37607,0.12303999066352844,0.6076987385749817,-0.7845785021781921,0.6459965109825134,0.10000000000000002
91816,144,7459,0.9200018048286438,-0.3245823383331299,-0.21964296698570251,-8.156807899475098,0.09000000000000002
91816,145,15826,0.9565191864967346,0.15241745114326477,0.24867643415927887,-16.400300979614258,0.09000000000000002
91816,146,32487,0.16124151647090912,-0.9858573079109192,-0.045678164809942245,5.00900936126709,0.09000000000000002
91816,147,4823,-0.22076942026615143,0.9697499871253967,-0.10414332151412964,-1.4449435472488403,0.08000000000000002
91816,148,7236,0.9357256293296814,-0.3386193513870239,-0.0987647995352745,-9.905369758605957,0.08000000000000002
91816,149,41454,-0.7888209819793701,-0.463494211435318,-0.40365156531333923,16.09886360168457,0.08000000000000002
91816,150,10005,0.9154985547065735,-0.2628381550312042,0.30459555983543396,-15.802862167358398,0.07
91816,151,45510,-0.8745208382606506,-0.3530515432357788,-0.3325175940990448,15.099782943725586,0.07
91816,152,24221,-0.5875899791717529,-0.7674010396003723,-0.2565806806087494,14.358284950256348,0.06000000000000001
91816,153,14372,0.9882825613021851,-0.12355037033557892,0.08962620794773102,-14.28783130645752,0.04000000000000001
91816,154,21247,0.9071387052536011,-0.2896590828895569,-0.3052818775177002,-5.844086170196533,0.04000000000000001
91816,155,7776,0.9130325317382812,-0.3618519902229309,-0.1882411539554596,-12.915316581726074,0.020000000000000004
91816,156,16792,0.9190097451210022,-0.394206166267395,0.004748788196593523,-15.252835273742676,0.020000000000000004
91816,157,20954,0.9340581297874451,0.08179853856563568,-0.34762680530548096,-13.523234367370605,0.020000000000000004
91816,158,27205,-0.6195378303527832,-0.741295576095581,-0.2581738531589508,11.368163108825684,0.020000000000000004
91816,159,39724,0.17250590026378632,0.5689799189567566,-0.8040544390678406,-0.9075913429260254,0.020000000000000004
91816,160,1332,-0.5174568891525269,0.8449335098266602,-0.13537254929542542,-1.0267975330352783,0.010000000000000002
91816,161,5904,-0.7199028134346008,0.6714116930961609,-0.17591556906700134,12.281303405761719,0.010000000000000002
163088,1,40246,-0.10661114007234573,0.6414136290550232,-0.7597516775131226,4.238254547119141,17.980000000000004
163088,2,40509,0.45751136541366577,0.30229148268699646,-0.8362435102462769,-1.7133108377456665,15.930000000000003
163088,3,38835,-0.03992603346705437,0.36855030059814453,-0.9287500381469727,2.9144039154052734,15.770000000000003
163088,4,37207,0.4143618643283844,0.1859111785888672,-0.8909215927124023,-0.2214866280555725,15.150000000000002
163088,5,37279,0.01246197521686554,0.7375673651695251,-0.6751585602760315,5.033202648162842,14.850000000000003
163088,6,10435,0.9348577260971069,-0.3535647392272949,0.0321400910615921,-12.016655921936035,12.510000000000002
163088,7,38999,0.4336305558681488,0.6183571815490723,-0.6554379463195801,-0.1784147024154663,11.680000000000001
163088,8,37375,-0.15029123425483704,0.6386401057243347,-0.7546862959861755,7.7843403816223145,11.620000000000003
163088,9,39873,0.1750839501619339,0.7429322004318237,-0.646062970161438,6.219775199890137,11.400000000000002
163088,10,18689,0.9401180148124695,-0.09002198278903961,0.3287462890148163,-4.731060028076172,10.190000000000001
163088,11,37155,-0.1191081702709198,0.7922998070716858,-0.5983930826187134,5.714597225189209,9.830000000000002
163088,12,25025,-0.12634849548339844,-0.9760751128196716,0.17695608735084534,-7.13282585144043,9.800000000000002
163088,13,37714,0.6461831331253052,0.38822972774505615,-0.6570578813552856,-2.347014904022217,9.050000000000002
163088,14,6525,0.004207469057291746,0.9779690504074097,0.20870766043663025,10.844536781311035,8.330000000000002
163088,15,23342,0.8621358871459961,-0.48475053906440735,-0.14744031429290771,-9.538125991821289,7.910000000000002
163088,16,38801,0.2922040522098541,0.27151015400886536,-0.9170054793357849,-3.056575298309326,7.260000000000002
163088,17,34645,-0.8237422704696655,-0.4274931848049164,-0.37242215871810913,4.244980812072754,6.560000000000001
163088,18,31929,-0.2509637176990509,-0.9428407549858093,-0.21924546360969543,-5.065960884094238,5.980000000000001
163088,19,15715,0.9164554476737976,-0.37137189507484436,0.14897078275680542,-10.770528793334961,5.920000000000001
163088,20,18401,0.8289581537246704,-0.5589682459831238,0.019567731767892838,-10.256373405456543,5.820000000000001
163088,21,37773,-0.36983242630958557,-0.5368421673774719,-0.758303701877594,0.8618583679199219,5.770000000000001
163088,22,15860,0.854138970375061,-0.5036550164222717,0.1295308917760849,-11.16055965423584,4.940000000000001
163088,23,3445,-0.3076086640357971,0.9469058513641357,-0.09352120757102966,10.130393981933594,4.930000000000001
163088,24,6168,-0.5451991558074951,0.8328038454055786,0.09589378535747528,12.764961242675781,4.590000000000001
163088,25,1609,-0.8093109726905823,0.5706358551979065,0.1392497420310974,9.733210563659668,4.5200000000000005
163088,26,7133,-0.5386340618133545,0.8147790431976318,-0.21449579298496246,12.030668258666992,4.290000000000001
163088,27,4144,-0.18752360343933105,0.9819685220718384,0.023931635543704033,11.784914016723633,3.920000000000001
163088,28,6995,-0.5697786211967468,0.8200730681419373,0.05322076380252838,13.552459716796875,3.650000000000001
163088,29,2234,-0.5946816205978394,0.6713219285011292,-0.4423580765724182,12.64277172088623,3.6000000000000005
163088,30,38736,0.1902810037136078,0.5283046364784241,-0.8274583220481873,1.4103730916976929,3.3100000000000005
163088,31,14183,0.9923700094223022,-0.05502638965845108,-0.11033539474010468,-6.799465656280518,3.2200000000000006
163088,32,17040,0.9850035905838013,-0.1689629852771759,0.03491997718811035,-7.99990701675415,3.1400000000000006
163088,33,11073,0.7825382947921753,-0.3288131356239319,-0.5286924839019775,-11.195737838745117,3.0900000000000007
163088,34,8103,0.9498436450958252,-0.09228727221488953,0.2987978160381317,-5.214136123657227,3.0600000000000005
163088,35,27075,-0.031492117792367935,-0.9126312136650085,0.407569020986557,-9.52139949798584,3.0200000000000005
163088,36,18739,0.9798211455345154,-0.08271633833646774,-0.18195734918117523,-10.091521263122559,2.8700000000000006
163088,37,20052,0.8687336444854736,-0.32388192415237427,0.3747030794620514,-7.583313941955566,2.8300000000000005
163088,38,39300,0.6662994027137756,0.565946102142334,-0.4855410158634186,1.7823047637939453,2.8200000000000007
163088,39,46559,-0.8965367078781128,-0.22412511706352234,-0.3820861577987671,1.908210039138794,2.7800000000000007
163088,40,28170,-0.7840393781661987,-0.6144285202026367,-0.08809035271406174,-1.4818214178085327,2.7700000000000005
163088,41,17873,0.9476457238197327,-0.2849385440349579,-0.14414440095424652,-10.414142608642578,2.6900000000000004
163088,42,2864,-0.527112603187561,0.8039975762367249,-0.27520933747291565,12.835433006286621,2.5800000000000005
163088,43,16711,0.9813975095748901,-0.09213162958621979,-0.16843603551387787,-10.389747619628906,2.5500000000000007
163088,44,16522,0.9516756534576416,-0.22273869812488556,0.21142585575580597,-9.253084182739258,2.4400000000000004
163088,45,16502,0.9224779605865479,-0.37523913383483887,-0.09071919322013855,-12.263089179992676,2.3700000000000006
163088,46,21227,0.9990022778511047,-0.015453744679689407,0.041900504380464554,-6.2804341316223145,2.2800000000000002
163088,47,33815,-0.41531920433044434,-0.9089798331260681,-0.03557514771819115,-6.172852039337158,2.24
163088,48,34298,-0.28573206067085266,-0.9582001566886902,0.014480780810117722,-8.850763320922852,2.0600000000000005
163088,49,8794,0.8978185653686523,-0.41737300157546997,0.1404336392879486,-14.605234146118164,2.0000000000000004
163088,50,35253,-0.5474755167961121,-0.7400878071784973,0.39056453108787537,-1.4651118516921997,1.9900000000000004
163088,51,27350,-0.3711130917072296,-0.906079888343811,0.20321016013622284,-3.4100570678710938,1.9600000000000004
163088,52,31770,-0.3427254557609558,-0.910269021987915,-0.2322704941034317,-9.932259559631348,1.9400000000000004
163088,53,19203,0.9876147508621216,-0.12428451329469681,-0.09576252847909927,-6.430549621582031,1.8500000000000003
163088,54,41066,-0.7908716797828674,-0.295602947473526,-0.535855233669281,6.193361759185791,1.8500000000000003
163088,55,9450,0.939155638217926,-0.3328978419303894,-0.08465073257684708,-9.843417167663574,1.8300000000000003
163088,56,22002,0.974921464920044,-0.21273401379585266,0.0653635635972023,-11.25068187713623,1.8200000000000003
163088,57,35235,-0.5698022246360779,-0.8028673529624939,0.17529833316802979,-4.294879913330078,1.6000000000000003
163088,58,13378,0.98902428150177,-0.14380620419979095,0.033922404050827026,-11.97760009765625,1.5800000000000003
163088,59,7306,0.8097359538078308,-0.4703139662742615,0.35090240836143494,-12.78284740447998,1.5700000000000003
163088,60,30799,-0.2345336377620697,-0.952714741230011,-0.1932060569524765,-6.915154933929443,1.5300000000000002
163088,61,9709,0.886757493019104,-0.3381892442703247,-0.3151018023490906,-8.624221801757812,1.4400000000000004
163088,62,19859,0.8987411260604858,-0.4190499186515808,0.1290794461965561,-12.544661521911621,1.4100000000000004
163088,63,26047,-0.5951074361801147,-0.7112293839454651,-0.3741656243801117,1.1559609174728394,1.4100000000000004
163088,64,13993,0.9912957549095154,-0.0008040638058446348,-0.13165125250816345,-9.244962692260742,1.3000000000000003
163088,65,26066,-0.444029837846756,-0.8786401748657227,-0.1755816489458084,-2.7474141120910645,1.3000000000000003
163088,66,36864,-0.44765445590019226,-0.8908308744430542,0.07762646675109863,-3.758495807647705,1.2000000000000002
163088,67,35683,-0.5274708271026611,-0.8163342475891113,-0.23531466722488403,-0.34947293996810913,1.1900000000000002
163088,68,10344,0.9957146048545837,0.06196381524205208,-0.06865106523036957,-8.416814804077148,1.1500000000000001
163088,69,16129,0.9101839065551758,-0.182461217045784,-0.37185096740722656,-7.789910316467285,1.1100000000000003
163088,70,4229,-0.118489108979702,0.9490281939506531,-0.2920716404914856,11.145971298217773,1.1000000000000003
163088,71,25769,-0.7424759864807129,-0.6665628552436829,-0.0665087029337883,3.6900997161865234,1.0900000000000003
163088,72,33326,-0.5741201639175415,-0.5450538992881775,-0.6109846830368042,-1.306165099143982,1.0700000000000003
163088,73,33493,-0.8228482604026794,-0.5518988370895386,-0.13538235425949097,-1.4817620515823364,1.0500000000000003
163088,74,39657,0.2268667072057724,0.7560784816741943,-0.6139029264450073,3.589804172515869,1.0300000000000002
163088,75,4060,-0.09534453600645065,0.9830198287963867,0.1567845493555069,7.259040832519531,1.0200000000000002
163088,76,5418,-0.8036174178123474,0.5945142507553101,0.027420375496149063,12.099037170410156,0.9700000000000002
163088,77,24914,-0.24532154202461243,-0.9576027393341064,0.15104413032531738,-8.239684104919434,0.9200000000000002
163088,78,23857,-0.36400169134140015,-0.750292956829071,0.5518724918365479,-3.1290383338928223,0.7600000000000001
163088,79,19461,0.9534246325492859,0.03236938640475273,0.2998895049095154,-11.752280235290527,0.7400000000000001
163088,80,16944,0.9956707954406738,-0.092571921646595,0.008373758755624294,-12.564164161682129,0.7100000000000002
163088,81,38796,-0.05783820524811745,0.42162904143333435,-0.9049219489097595,1.5222890377044678,0.6700000000000002
163088,82,44903,-0.609123706817627,-0.7787436246871948,-0.15008880198001862,-2.6087357997894287,0.6600000000000001
163088,83,47537,-0.8236428499221802,-0.11642574518918991,-0.5550293326377869,9.293269157409668,0.6500000000000001
163088,84,27920,-0.2781222462654114,-0.9117441773414612,-0.3022756278514862,-10.033587455749512,0.6400000000000001
163088,85,33190,-0.6328887343406677,-0.773682177066803,-0.029457082971930504,-1.6011866331100464,0.5700000000000001
163088,86,3040,-0.3478538990020752,0.931607186794281,0.10538370907306671,12.71483325958252,0.5500000000000002
163088,87,16660,0.9854072332382202,-0.13369598984718323,-0.10534676909446716,-11.108989715576172,0.5500000000000002
163088,88,977,-0.23595111072063446,0.9462608695030212,-0.22117283940315247,11.108314514160156,0.5300000000000001
163088,89,7315,0.8339940905570984,-0.5469616651535034,0.0727100521326065,-15.757966995239258,0.5200000000000001
163088,90,27812,-0.14577394723892212,-0.7899771332740784,-0.595555305480957,-6.553173065185547,0.5200000000000001
163088,91,32352,-0.12992791831493378,-0.9145669341087341,0.382996141910553,-4.785160541534424,0.5000000000000001
163088,92,43643,-0.8770963549613953,-0.37396904826164246,-0.30141180753707886,1.7214425802230835,0.4800000000000001
163088,93,39911,0.01749291643500328,0.5203911662101746,-0.8537487983703613,3.3820791244506836,0.44000000000000006
163088,94,2352,0.26684725284576416,0.9359464645385742,-0.22977548837661743,5.685125350952148,0.4200000000000001
163088,95,4395,-0.004925069864839315,0.8963820338249207,-0.4432550072669983,6.820261001586914,0.4200000000000001
163088,96,42695,-0.9572072625160217,-0.19564245641231537,-0.2132563292980194,4.928271293640137,0.39000000000000007
163088,97,17496,0.9939401149749756,-0.056766677647829056,0.09413082897663116,-9.284798622131348,0.3600000000000001
163088,98,7738,0.8150221705436707,-0.27150920033454895,0.5118804574012756,-12.769525527954102,0.3500000000000001
163088,99,36540,-0.5431895852088928,-0.8319995403289795,-0.11279108375310898,-5.700533390045166,0.3500000000000001
163088,100,25643,-0.2676525413990021,-0.9155163764953613,-0.3003196120262146,-8.301399230957031,0.33000000000000007
163088,101,37337,-0.12109868973493576,0.8761753439903259,-0.4665316939353943,10.51656436920166,0.30000000000000004
163088,102,45183,-0.5535197257995605,-0.7722703814506531,-0.3117922246456146,-3.6718039512634277,0.26000000000000006
163088,103,11394,0.9623738527297974,-0.2109663188457489,-0.17125928401947021,-10.932267189025879,0.24000000000000005
163088,104,11103,0.951474666595459,-0.15438154339790344,-0.26619982719421387,-9.15074348449707,0.22000000000000003
163088,105,5505,-0.6121068596839905,0.7768996357917786,-0.14748600125312805,9.795190811157227,0.21000000000000005
163088,106,29652,-0.2530040740966797,-0.8118352293968201,-0.5262247920036316,-2.381425619125366,0.19000000000000003
163088,107,17491,0.9533917307853699,0.042802371084690094,-0.29868414998054504,-8.618792533874512,0.15000000000000002
163088,108,27471,-0.3154197335243225,-0.9032663106918335,0.2908957898616791,-7.7871479988098145,0.12000000000000002
163088,109,44687,-0.754267692565918,-0.22947533428668976,-0.6151595711708069,6.643470287322998,0.11000000000000001
163088,110,21876,0.9948809146881104,-0.094776451587677,0.035061948001384735,-11.685553550720215,0.09000000000000002
163088,111,33476,-0.7245170474052429,-0.5905628204345703,-0.3554019629955292,0.6959778070449829,0.09000000000000002
163088,112,1188,-0.20528189837932587,0.8605746030807495,0.466123104095459,7.3462138175964355,0.08000000000000002
163088,113,7421,0.9641569256782532,-0.23237402737140656,-0.12807703018188477,-13.550397872924805,0.08000000000000002
163088,114,25442,-0.47114914655685425,-0.8539416193962097,-0.22091229259967804,-3.405165910720825,0.08000000000000002
163088,115,30089,-0.5192320942878723,-0.8450498580932617,0.12762729823589325,-3.616154432296753,0.07
163088,116,26152,-0.2453984171152115,-0.9544850587844849,0.16952241957187653,-5.325960636138916,0.06000000000000001
163088,117,10268,0.9659549593925476,-0.22880244255065918,-0.12074950337409973,-8.269973754882812,0.05000000000000001
163088,118,43049,-0.653519868850708,-0.5437400341033936,-0.5265535116195679,2.5527398586273193,0.05000000000000001
163088,119,2121,-0.6471356153488159,0.760491669178009,0.05355313792824745,11.990922927856445,0.04000000000000001
163088,120,5119,-0.5195764303207397,0.6250438690185547,-0.5825465321540833,8.77017593383789,0.04000000000000001
163088,121,12265,0.9916638731956482,-0.08220893144607544,-0.09921921044588089,-8.592473030090332,0.04000000000000001
163088,122,23608,-0.6634392738342285,-0.5631505846977234,0.49265578389167786,3.718628406524658,0.04000000000000001
163088,123,28951,-0.8170726895332336,-0.54051274061203,0.20059458911418915,4.435805797576904,0.04000000000000001
163088,124,2576,-0.17638279497623444,0.9573245048522949,-0.22895164787769318,6.39625358581543,0.030000000000000006
163088,125,17284,0.9472846984863281,-0.31650570034980774,0.04975816607475281,-11.240487098693848,0.030000000000000006
163088,126,25877,-0.4295009970664978,-0.8885290622711182,0.1613846719264984,-7.3646745681762695,0.030000000000000006
163088,127,33875,-0.8550176024436951,-0.482329785823822,0.19053298234939575,2.2784337997436523,0.030000000000000006
163088,128,37295,0.05219360813498497,0.7851643562316895,-0.6170840859413147,5.802057266235352,0.030000000000000006
163088,129,46476,-0.9048951864242554,-0.33565279841423035,-0.2617286145687103,7.472257137298584,0.030000000000000006
163088,130,14577,0.9852005839347839,-0.14354479312896729,-0.09367337077856064,-6.907707691192627,0.010000000000000002
163088,131,39727,0.4300384223461151,0.43276020884513855,-0.7923291921615601,-1.3463914394378662,0.010000000000000002
458230,1,37701,0.006288016214966774,0.7017844319343567,-0.7123616337776184,3.190706729888916,29.800000000000004
458230,2,37700,0.15899330377578735,0.15623629093170166,-0.9748391509056091,9.241222381591797,17.490000000000002
458230,3,38572,0.14905741810798645,0.826108992099762,-0.5434388518333435,6.1953582763671875,16.620000000000005
458230,4,38728,-0.19659730792045593,-0.039730317890644073,-0.9796790480613708,3.452881097793579,13.500000000000002
458230,5,37260,0.40887507796287537,0.3856453597545624,-0.8271026611328125,7.977787017822266,9.930000000000001
458230,6,39083,-0.34196737408638,0.6938790082931519,-0.6337115168571472,0.9290995597839355,9.320000000000002
458230,7,38387,-0.48386967182159424,0.6125997304916382,-0.6249733567237854,-1.7010279893875122,7.950000000000002
458230,8,39799,0.2659055292606354,0.31000497937202454,-0.9127930402755737,8.455245971679688,7.130000000000002
458230,9,38940,-0.4396671652793884,0.4659554064273834,-0.7678400278091431,-1.545396089553833,6.580000000000001
458230,10,14332,0.998904287815094,0.014892094768583775,0.04436710849404335,12.364583015441895,5.420000000000001
458230,11,47591,-0.8420951962471008,-0.4037413001060486,-0.3575872778892517,-8.334613800048828,5.400000000000001
458230,12,38342,-0.5143661499023438,0.5315931439399719,-0.6729310154914856,-3.916858673095703,5.380000000000001
458230,13,43169,-0.786946177482605,-0.4596906006336212,-0.41158267855644226,-4.1437668800354,5.260000000000001
458230,14,28642,-0.20727622509002686,-0.9132704734802246,0.35067594051361084,-4.065074443817139,5.100000000000001
458230,15,13500,0.8065994381904602,-0.1456441432237625,-0.5728744268417358,14.956807136535645,4.700000000000001
458230,16,37956,-0.5899155139923096,0.7805982232093811,-0.20655784010887146,-3.8231263160705566,4.620000000000001
458230,17,38726,-0.07250738888978958,0.24175496399402618,-0.9676245450973511,3.6980109214782715,4.390000000000001
458230,18,32625,-0.09311621636152267,-0.92081618309021,0.3787175118923187,-1.1266463994979858,4.3500000000000005
458230,19,39778,-0.17392507195472717,0.5225462913513184,-0.834682822227478,1.8723549842834473,4.330000000000001
458230,20,45954,-0.8370891809463501,-0.5344603657722473,-0.11676400154829025,-8.465564727783203,4.300000000000001
458230,21,9015,0.9823595285415649,0.18516682088375092,0.026135409250855446,13.839591979980469,3.8400000000000007
458230,22,4106,-0.23394764959812164,0.9578559398651123,-0.1666749268770218,-3.082709312438965,3.8000000000000007
458230,23,5840,-0.30856719613075256,0.9101889729499817,-0.2763011157512665,-2.9673192501068115,3.730000000000001
458230,24,15496,0.9783209562301636,0.18639734387397766,0.09024463593959808,15.830504417419434,3.5600000000000005
458230,25,38672,0.3305929899215698,0.49166810512542725,-0.8055872321128845,7.429305553436279,3.4500000000000006
458230,26,20279,0.9643282890319824,-0.19016976654529572,0.1841370314359665,10.547508239746094,3.420000000000001
458230,27,20087,0.9672582745552063,-0.18552063405513763,-0.17318645119667053,17.154714584350586,3.1200000000000006
458230,28,13293,0.9927444458007812,0.051654502749443054,-0.10858277231454849,15.528359413146973,3.0300000000000007
458230,29,31279,-0.865051805973053,-0.20143099129199982,0.45946812629699707,-12.021410942077637,2.9500000000000006
458230,30,20538,0.8959479331970215,0.03283530846238136,-0.44294366240501404,15.2501220703125,2.8900000000000006
458230,31,30437,-0.6761266589164734,-0.7246075868606567,0.13340377807617188,-10.029632568359375,2.6600000000000006
458230,32,40469,0.2801760137081146,0.4963163435459137,-0.821688175201416,8.562378883361816,2.3500000000000005
458230,33,6620,-0.1842460334300995,0.9671141505241394,0.17533862590789795,-4.247641086578369,2.3200000000000003
458230,34,4911,-0.6073960661888123,0.770749568939209,-0.19239304959774017,-7.454769134521484,2.1000000000000005
458230,35,3124,-0.18787173926830292,0.9792988300323486,-0.07535260915756226,-4.293868064880371,1.9100000000000004
458230,36,36509,-0.23161813616752625,-0.9696835875511169,-0.07788943499326706,-1.9807153940200806,1.8700000000000003
458230,37,34924,-0.21799278259277344,-0.9477695822715759,-0.23283454775810242,1.9481127262115479,1.8300000000000003
458230,38,8824,0.7420898675918579,-0.5562413930892944,0.37402957677841187,7.976513862609863,1.7500000000000004
458230,39,4847,-0.7907237410545349,0.5984895825386047,0.12870994210243225,-9.28506088256836,1.6400000000000003
458230,40,3322,-0.32018086314201355,0.9347893595695496,0.15379546582698822,-2.6740102767944336,1.6100000000000003
458230,41,3779,-0.6308197379112244,0.760867714881897,0.15214087069034576,-10.40060806274414,1.5800000000000003
458230,42,9072,0.9688535332679749,-0.22861391305923462,0.09517602622509003,9.164495468139648,1.0000000000000002
458230,43,46508,-0.776638925075531,-0.32774344086647034,-0.5379741191864014,-7.408020973205566,0.9800000000000002
458230,44,10007,0.901451051235199,0.42463985085487366,0.08406554162502289,12.088662147521973,0.9500000000000002
458230,45,24833,-0.15850184857845306,-0.973487377166748,0.1649225503206253,-0.5997577905654907,0.9100000000000001
458230,46,20509,0.9231960773468018,-0.18054896593093872,-0.3392801582813263,10.022831916809082,0.8800000000000001
458230,47,33154,-0.3724759817123413,-0.8364552855491638,0.4020003080368042,-8.36503791809082,0.7700000000000001
458230,48,4928,-0.40557923913002014,0.9033923149108887,-0.13924002647399902,-5.654788494110107,0.7500000000000001
458230,49,2158,-0.3894041180610657,0.91506427526474,0.10498498380184174,-4.952383041381836,0.6400000000000001
458230,50,45949,-0.5651674866676331,-0.7432767152786255,-0.3579462170600891,-7.8595194816589355,0.6300000000000001
458230,51,21662,0.8799557685852051,-0.35039928555488586,0.3207775056362152,7.769492149353027,0.6100000000000001
458230,52,36561,-0.5839568972587585,-0.8020453453063965,-0.12536974251270294,-7.8285956382751465,0.5300000000000001
458230,53,30849,-0.7223294377326965,-0.6688370704650879,-0.17577584087848663,-5.014854431152344,0.4300000000000001
458230,54,4264,-0.5960148572921753,0.7866844534873962,0.1609158217906952,-7.7252583503723145,0.4200000000000001
458230,55,12278,0.9661135673522949,-0.16706642508506775,-0.19675706326961517,10.943941116333008,0.4100000000000001
458230,56,39066,0.37704578042030334,0.26407894492149353,-0.8877492547035217,7.643748760223389,0.4000000000000001
458230,57,37826,-0.5576846599578857,0.3130533695220947,-0.7687557339668274,-3.145672559738159,0.38000000000000006
458230,58,30888,-0.49384087324142456,-0.8324374556541443,-0.25133466720581055,-7.799074649810791,0.33000000000000007
458230,59,44235,-0.9491256475448608,-0.1852358728647232,-0.25465309619903564,-7.474746227264404,0.32000000000000006
458230,60,25673,-0.037301160395145416,-0.9974446296691895,0.06093297526240349,0.613392174243927,0.29000000000000004
458230,61,26106,-0.3523999750614166,-0.8425840139389038,-0.4072669744491577,-3.046473979949951,0.28
458230,62,27215,-0.7577756643295288,-0.6235291957855225,-0.19232088327407837,-9.052425384521484,0.2700000000000001
458230,63,12163,0.8331068158149719,-0.4187132716178894,0.36140310764312744,9.796693801879883,0.26000000000000006
458230,64,16460,0.9894886612892151,-0.07516960799694061,0.12353819608688354,12.053696632385254,0.26000000000000006
458230,65,39452,0.2549994885921478,0.5858490467071533,-0.7692568898200989,9.381603240966797,0.26000000000000006
458230,66,38854,0.3278461992740631,0.7168424129486084,-0.6153485178947449,8.503621101379395,0.25000000000000006
458230,67,4885,-0.8767395615577698,0.4381999671459198,-0.19826385378837585,-9.138092041015625,0.23000000000000004
458230,68,37031,-0.4530847668647766,0.6922814846038818,-0.5616587400436401,-5.088140487670898,0.23000000000000004
458230,69,42203,-0.9828699231147766,-0.15167568624019623,-0.10469567775726318,-13.350760459899902,0.23000000000000004
458230,70,7124,-0.15841560065746307,0.9056116938591003,-0.39341074228286743,-2.212484121322632,0.21000000000000005
458230,71,42291,-0.8613150119781494,-0.3184768855571747,-0.3958647549152374,-7.283734321594238,0.20000000000000004
458230,72,23007,0.9245919585227966,-0.2595192790031433,0.2788896858692169,12.89675521850586,0.15000000000000002
458230,73,38458,0.18372006714344025,0.5450472235679626,-0.8180283904075623,8.641294479370117,0.12000000000000002
458230,74,37373,0.03881318122148514,0.36650359630584717,-0.9296067357063293,3.544081211090088,0.11000000000000001
458230,75,1085,-0.20027373731136322,0.9712556600570679,-0.12865805625915527,-0.26236623525619507,0.10000000000000002
458230,76,30411,-0.7584184408187866,-0.3326887786388397,-0.5604637861251831,-4.401822566986084,0.09000000000000002
458230,77,4190,-0.04600232467055321,0.9543673396110535,-0.2950708866119385,-0.29866325855255127,0.08000000000000002
458230,78,4423,-0.14227165281772614,0.9091972708702087,-0.3913043737411499,-0.2596031427383423,0.08000000000000002
458230,79,16863,0.9781493544578552,0.20757579803466797,-0.011665771715342999,16.13383674621582,0.08000000000000002
458230,80,12689,0.7757239937782288,-0.6310296058654785,-0.007340325973927975,7.336251258850098,0.06000000000000001
458230,81,9207,0.9030832648277283,-0.4172602593898773,0.10165867209434509,8.959935188293457,0.05000000000000001
458230,82,36775,-0.28240853548049927,-0.9477951526641846,-0.14808695018291473,-1.715389609336853,0.05000000000000001
458230,83,1462,-0.23647268116474152,0.7920393943786621,0.5628092885017395,-10.033892631530762,0.04000000000000001
458230,84,23616,-0.7404880523681641,-0.5689235925674438,-0.3577755391597748,-7.9562811851501465,0.04000000000000001
458230,85,46261,-0.7635701298713684,-0.6021329760551453,-0.23323065042495728,-10.070415496826172,0.04000000000000001
458230,86,11798,0.9782771468162537,-0.09602218121290207,0.1837213635444641,13.71360969543457,0.030000000000000006
458230,87,20118,0.9481657147407532,-0.22976185381412506,0.21952511370182037,14.451563835144043,0.030000000000000006
458230,88,20600,0.9166346192359924,-0.2532498836517334,0.30926597118377686,9.875543594360352,0.030000000000000006
458230,89,40153,-0.43633589148521423,-0.015562601387500763,-0.8996492624282837,1.5402390956878662,0.030000000000000006
458230,90,17780,0.931454598903656,-0.2574443519115448,-0.2571277916431427,10.841744422912598,0.020000000000000004
458230,91,18633,0.8486696481704712,0.09363912791013718,-0.5205684900283813,14.005941390991211,0.020000000000000004
458230,92,39279,-0.10512998700141907,0.448108047246933,-0.8877763748168945,4.514735221862793,0.020000000000000004
458230,93,44380,-0.8687081933021545,-0.4156118631362915,-0.2694677412509918,-13.16985034942627,0.020000000000000004
458230,94,15740,0.9968901872634888,-0.07841157168149948,-0.007846764288842678,10.984649658203125,0.010000000000000002
501432,1,38918,-0.36324068903923035,0.6339799761772156,-0.6827338933944702,-9.448226928710938,40.080000000000005
501432,2,39611,0.23134176433086395,0.44767361879348755,-0.8637530207633972,0.5576189756393433,26.630000000000006
501432,3,11444,0.6321010589599609,-0.62205570936203,-0.46205514669418335,4.161263465881348,16.130000000000003
501432,4,40318,0.36789482831954956,0.5078712701797485,-0.778922438621521,4.558015823364258,14.980000000000002
501432,5,39649,-0.15429162979125977,0.6293158531188965,-0.761679470539093,-4.329409599304199,12.490000000000002
501432,6,40658,-0.31754598021507263,0.16477294266223907,-0.9338171482086182,-11.06101131439209,12.050000000000002
501432,7,31006,-0.4381251037120819,-0.5493879914283752,-0.7114908695220947,-11.094354629516602,9.950000000000001
501432,8,38978,-0.35096532106399536,0.2287459373474121,-0.9080190658569336,-9.733575820922852,9.620000000000001
501432,9,38909,-0.31949901580810547,0.07921693474054337,-0.944269597530365,-8.37463092803955,8.930000000000001
501432,10,40892,0.21601954102516174,0.5963601469993591,-0.773104190826416,0.45548391342163086,8.550000000000002
501432,11,31583,-0.46739867329597473,-0.8761317133903503,0.11803283542394638,-7.513372421264648,7.4300000000000015
501432,12,25762,-0.19212135672569275,-0.9795699119567871,-0.05943233519792557,-5.398459434509277,6.490000000000001
501432,13,31062,0.051297858357429504,-0.9942674040794373,-0.09381285309791565,-1.62848699092865,6.4700000000000015
501432,14,5867,-0.22476592659950256,0.9708078503608704,-0.0837399885058403,-1.5228251218795776,6.350000000000001
501432,15,9739,0.9807549118995667,-0.19483143091201782,0.01266746036708355,15.906288146972656,6.010000000000002
501432,16,37719,-0.42933323979377747,0.8873697519302368,-0.16807116568088531,-4.083683013916016,5.990000000000001
501432,17,40464,0.044961947947740555,0.5538598299026489,-0.8313950300216675,-4.713716983795166,5.220000000000001
501432,18,40795,0.30236828327178955,0.2998158633708954,-0.9048115015029907,1.5389090776443481,5.070000000000001
501432,19,33991,-0.16778641939163208,-0.9711386561393738,-0.1695212870836258,-3.167085647583008,5.030000000000001
501432,20,45701,-0.8992239832878113,-0.3325844705104828,-0.2842249572277069,-13.76219654083252,4.750000000000001
501432,21,6697,-0.28741416335105896,0.8637438416481018,-0.4139319658279419,-4.5040388107299805,4.650000000000001
501432,22,20286,0.9759567975997925,-0.2032080739736557,-0.07883377373218536,16.84620475769043,4.180000000000001
501432,23,33007,0.015367796644568443,-0.9979220628738403,-0.06257276237010956,-1.3779120445251465,4.090000000000001
501432,24,41191,-0.7492696642875671,-0.4151563346385956,-0.5159846544265747,-11.950526237487793,4.050000000000001
501432,25,45018,-0.9614867568016052,-0.23193469643592834,-0.14747706055641174,-16.671030044555664,4.040000000000001
501432,26,13876,0.9919549226760864,0.1192869022488594,0.04238054156303406,18.686614990234375,3.8500000000000005
501432,27,5294,-0.3367714583873749,0.9385489821434021,0.07556983828544617,-4.254277229309082,3.5200000000000005
501432,28,8176,0.9669294357299805,-0.11840878427028656,-0.22589120268821716,15.771454811096191,3.4500000000000006
501432,29,24382,-0.22945892810821533,-0.9639488458633423,0.1347265988588333,-3.5236549377441406,3.3900000000000006
501432,30,36464,-0.5537485480308533,-0.7876580357551575,-0.2701062858104706,-13.123549461364746,3.0800000000000005
501432,31,5447,-0.39266839623451233,0.8866466283798218,-0.24427305161952972,-5.5469770431518555,3.0200000000000005
501432,32,1862,-0.6552335023880005,0.722160816192627,0.22170434892177582,-8.883349418640137,2.9700000000000006
501432,33,17703,0.9312112927436829,0.0010609774617478251,0.364478200674057,14.672532081604004,2.7600000000000007
501432,34,21871,0.9898772835731506,-0.0013088835403323174,-0.1419197916984558,14.571992874145508,2.4400000000000004
501432,35,30235,-0.46337181329727173,-0.8272276520729065,0.31777510046958923,-8.864603042602539,2.4400000000000004
501432,36,23711,-0.5374239087104797,-0.842860996723175,-0.027584223076701164,-9.681990623474121,2.3200000000000003
501432,37,17198,0.9475362300872803,-0.3069556653499603,0.08918140083551407,14.418001174926758,2.3100000000000005
501432,38,10687,0.9557355642318726,-0.2641540467739105,-0.1295844465494156,14.176093101501465,2.2500000000000004
501432,39,45739,-0.8680781126022339,-0.34617918729782104,-0.3558095097541809,-14.874735832214355,2.1900000000000004
501432,40,2602,-0.33184006810188293,0.7783966660499573,0.532898485660553,1.7700064182281494,2.1700000000000004
501432,41,22436,0.9269730448722839,-0.36656078696250916,0.07971272617578506,16.238834381103516,2.1600000000000006
501432,42,30021,-0.4768480658531189,-0.8788705468177795,0.014230324886739254,-13.081280708312988,2.0700000000000003
501432,43,2341,-0.3111463487148285,0.9474329352378845,-0.07455718517303467,-4.457772254943848,2.0300000000000002
501432,44,17476,0.9812694787979126,-0.16141657531261444,-0.10514216870069504,11.313302040100098,1.9500000000000004
501432,45,32625,-0.09311621636152267,-0.92081618309021,0.3787175118923187,-1.1266463994979858,1.8000000000000003
501432,46,21291,0.9625816941261292,-0.26749977469444275,0.043363604694604874,11.989639282226562,1.7000000000000004
501432,47,34883,-0.586540162563324,-0.7529866695404053,-0.29829803109169006,-15.795763969421387,1.6400000000000003
501432,48,20604,0.9818633198738098,-0.17960865795612335,0.06070513650774956,12.588984489440918,1.3500000000000003
501432,49,15791,0.9870434999465942,0.1448097676038742,0.06910306960344315,12.463406562805176,1.3300000000000003
501432,50,35447,-0.4895513355731964,-0.8488914966583252,-0.19930565357208252,-11.486513137817383,1.3200000000000003
501432,51,24770,-0.23380479216575623,-0.8577522039413452,0.45781704783439636,-2.831490993499756,1.2900000000000003
501432,52,42435,-0.635113000869751,-0.6817940473556519,-0.3630266487598419,-15.624002456665039,1.2900000000000003
501432,53,16158,0.8838764429092407,-0.3160768151283264,0.3447577953338623,17.416255950927734,1.1800000000000002
501432,54,7585,0.9741950631141663,-0.22134320437908173,-0.044171806424856186,16.58266830444336,1.1500000000000001
501432,55,9944,0.9709661602973938,-0.08550770580768585,-0.2234124094247818,11.24690055847168,1.1000000000000003
501432,56,18470,0.8819258809089661,-0.4357296824455261,0.17985089123249054,14.23806095123291,1.0800000000000003
501432,57,36273,-0.0685938373208046,-0.9593360424041748,-0.2738051414489746,-7.929841995239258,1.0400000000000003
501432,58,4648,-0.04262547567486763,0.976212739944458,0.212583526968956,7.531899452209473,0.8600000000000002
501432,59,42925,-0.9758554100990295,-0.2184104472398758,0.0017685076454654336,-20.5621337890625,0.8300000000000002
501432,60,11594,0.9186277985572815,-0.2724889814853668,0.28613412380218506,15.282062530517578,0.7400000000000001
501432,61,42289,-0.7425805926322937,-0.580339252948761,-0.3343358337879181,-16.415983200073242,0.7100000000000002
501432,62,16619,0.9648256897926331,-0.07498735189437866,-0.25196877121925354,17.412137985229492,0.6800000000000002
501432,63,46549,-0.6471433639526367,-0.37976503372192383,-0.661047637462616,-18.81041145324707,0.6800000000000002
501432,64,30124,-0.48144543170928955,-0.8754376769065857,0.04265107959508896,-16.06669807434082,0.6500000000000001
501432,65,26122,-0.48362645506858826,-0.806839644908905,-0.33928635716438293,-10.200754165649414,0.6400000000000001
501432,66,4266,-0.29097574949264526,0.9214812517166138,-0.25730419158935547,-3.4591126441955566,0.6100000000000001
501432,67,35081,-0.4354933202266693,-0.8897882699966431,-0.1364639848470688,-8.170226097106934,0.6100000000000001
501432,68,43498,-0.8554750084877014,-0.37794482707977295,-0.3540060222148895,-20.28357696533203,0.6100000000000001
501432,69,1083,0.013515510596334934,0.888124406337738,0.4594044089317322,5.68605899810791,0.6000000000000001
501432,70,4340,-0.47009655833244324,0.882434070110321,0.017870618030428886,-2.7771480083465576,0.5300000000000001
501432,71,39668,-0.06933921575546265,0.7103217244148254,-0.700453519821167,-1.8719667196273804,0.5000000000000001
501432,72,12284,0.9776336550712585,0.1458771675825119,-0.15150021016597748,13.122777938842773,0.4700000000000001
501432,73,26363,-0.6149290800094604,-0.6618484854698181,0.4287409484386444,-9.696422576904297,0.45000000000000007
501432,74,44049,-0.7150572538375854,-0.307502806186676,-0.6278018355369568,-11.97175121307373,0.44000000000000006
501432,75,13674,0.9436740875244141,-0.22887420654296875,-0.23894719779491425,13.979159355163574,0.4300000000000001
501432,76,6867,-0.16125592589378357,0.9380430579185486,0.30671122670173645,1.9650273323059082,0.4100000000000001
501432,77,9104,0.9916330575942993,0.05648891627788544,0.1160726323723793,21.576871871948242,0.4000000000000001
501432,78,27353,-0.6183000802993774,-0.7520385384559631,-0.2283485382795334,-17.841341018676758,0.4000000000000001
501432,79,25784,-0.689853310585022,-0.7065165638923645,0.15791361033916473,-8.298379898071289,0.38000000000000006
501432,80,38275,0.11259645968675613,0.4190138280391693,-0.9009714126586914,-0.852778971195221,0.3500000000000001
501432,81,27799,-0.5407954454421997,-0.8080074787139893,0.23380377888679504,-8.01470947265625,0.31000000000000005
501432,82,20921,0.905127227306366,0.1023784652352333,0.41262978315353394,18.033222198486328,0.30000000000000004
501432,83,7515,0.9686675071716309,-0.19551946222782135,-0.15315166115760803,14.968018531799316,0.29000000000000004
501432,84,29571,0.25786516070365906,-0.6747904419898987,-0.6914936304092407,-5.535755157470703,0.26000000000000006
501432,85,1550,-0.3700222969055176,0.8204135894775391,-0.43589574098587036,-5.811185836791992,0.24000000000000005
501432,86,9435,0.9482757449150085,-0.011082313023507595,0.3172543942928314,18.319929122924805,0.23000000000000004
501432,87,19905,0.9478877186775208,-0.16255180537700653,-0.2740177810192108,16.582656860351562,0.21000000000000005
501432,88,25876,-0.7683133482933044,-0.48737308382987976,-0.41492417454719543,-17.396652221679688,0.21000000000000005
501432,89,46209,-0.8351566791534424,-0.4948004186153412,-0.2401788979768753,-16.245555877685547,0.21000000000000005
501432,90,9346,0.9174380302429199,-0.18559885025024414,-0.3519381582736969,15.534700393676758,0.20000000000000004
501432,91,44676,-0.86542147397995,-0.3505704402923584,-0.3579748868942261,-19.63634490966797,0.19000000000000003
501432,92,11117,0.9659326076507568,0.246009960770607,-0.08033261448144913,19.66654396057129,0.17000000000000004
501432,93,3941,0.14570766687393188,0.9881731271743774,0.047782815992832184,7.131374835968018,0.16000000000000003
501432,94,40975,-0.11758516728878021,0.2684561610221863,-0.9560883641242981,-4.997090816497803,0.15000000000000002
501432,95,36809,-0.4574611485004425,-0.8433473706245422,0.2819477915763855,-6.46779727935791,0.14
501432,96,1103,-0.6125555634498596,0.6508015990257263,-0.4485900104045868,-11.295165061950684,0.12000000000000002
501432,97,10098,0.9685309529304504,0.12183011323213577,0.2170373499393463,15.36831283569336,0.09000000000000002
501432,98,17225,0.994047999382019,0.018809849396348,0.10730668157339096,19.48292350769043,0.09000000000000002
501432,99,44494,-0.6028319001197815,-0.594048023223877,-0.5326355695724487,-20.95919418334961,0.08000000000000002
501432,100,15537,0.9899658560752869,-0.07984499633312225,0.11658661812543869,19.157089233398438,0.07
501432,101,26289,-0.34842222929000854,-0.9367842078208923,-0.03220684453845024,-3.1159579753875732,0.07
501432,102,45894,-0.8876616954803467,-0.28932812809944153,-0.358254075050354,-17.79935646057129,0.07
501432,103,15935,0.9508450031280518,-0.288005530834198,-0.11378311365842819,13.917670249938965,0.06000000000000001
501432,104,24255,-0.6487317085266113,-0.7359730005264282,0.19362574815750122,-8.780056953430176,0.06000000000000001
501432,105,35850,-0.6563247442245483,-0.5819921493530273,0.48012807965278625,-12.063138008117676,0.06000000000000001
501432,106,5358,-0.4735246002674103,0.8638221025466919,0.17200519144535065,-8.595338821411133,0.05000000000000001
501432,107,237,-0.5658898949623108,0.8241344690322876,0.023895716294646263,-5.229405879974365,0.04000000000000001
501432,108,11302,0.9318196773529053,-0.21487034857273102,0.292477011680603,14.391617774963379,0.04000000000000001
501432,109,26848,-0.39838722348213196,-0.8739612102508545,-0.2783512473106384,-13.454076766967773,0.04000000000000001
501432,110,2439,-0.4756123125553131,0.854286789894104,0.20973078906536102,-7.81179666519165,0.030000000000000006
501432,111,23762,-0.623620867729187,-0.780786395072937,0.0383358895778656,-10.324871063232422,0.030000000000000006
501432,112,28439,-0.09829932451248169,-0.9776063561439514,-0.18607263267040253,-0.027197718620300293,0.030000000000000006
501432,113,39343,-0.34078943729400635,0.4615623354911804,-0.8190377354621887,-7.471925735473633,0.030000000000000006
501432,114,29903,-0.3968302309513092,-0.8897453546524048,0.22556361556053162,-4.818028450012207,0.020000000000000004
501432,115,43791,-0.6089906096458435,-0.4584912657737732,-0.6472373604774475,-20.2880859375,0.020000000000000004
501432,116,12994,0.9937044978141785,-0.09158238023519516,-0.06452929228544235,15.726052284240723,0.010000000000000002
75207,1,40509,0.45751136541366577,0.30229148268699646,-0.8362435102462769,-1.7133108377456665,23.090000000000003
75207,2,38834,-0.012272434309124947,0.47582635283470154,-0.8794535994529724,5.296192169189453,15.800000000000002
75207,3,4144,-0.18752360343933105,0.9819685220718384,0.023931635543704033,11.784914016723633,12.750000000000002
75207,4,37375,-0.15029123425483704,0.6386401057243347,-0.7546862959861755,7.7843403816223145,9.570000000000002
75207,5,24005,-0.8002034425735474,-0.581150472164154,-0.14811678230762482,9.007549285888672,8.950000000000001
75207,6,31684,-0.382685124874115,-0.9215619564056396,0.06538811326026917,-1.1414284706115723,7.530000000000001
75207,7,24728,-0.3374975025653839,-0.9398893713951111,0.05199473351240158,-2.8211281299591064,6.160000000000001
75207,8,42995,-0.49008581042289734,-0.5757574439048767,-0.6544610261917114,8.051163673400879,6.120000000000001
75207,9,24475,-0.4396030306816101,-0.8659188747406006,0.23860782384872437,1.7830325365066528,5.920000000000001
75207,10,42334,-0.6482973098754883,-0.7226074934005737,-0.2398938089609146,8.909070014953613,5.7200000000000015
75207,11,11252,0.9443729519844055,-0.12056218087673187,-0.30598124861717224,-14.96761417388916,5.130000000000001
75207,12,42928,-0.9438217282295227,-0.2486015260219574,-0.21771034598350525,16.155366897583008,4.880000000000001
75207,13,1591,-0.7038149833679199,0.7062730193138123,-0.0763077363371849,18.71390724182129,4.550000000000001
75207,14,18788,0.91167813539505,-0.40414658188819885,0.07421931624412537,-18.204008102416992,4.330000000000001
75207,15,8744,0.938844621181488,-0.15356363356113434,-0.3082028031349182,-18.225570678710938,4.210000000000001
75207,16,32014,-0.69780433177948,-0.6445983052253723,-0.31234943866729736,6.789207935333252,3.9300000000000006
75207,17,46364,-0.8012105822563171,-0.39810770750045776,-0.4467346668243408,13.30555534362793,3.5500000000000007
75207,18,31920,-0.8342687487602234,-0.46374818682670593,0.2982167601585388,11.12899112701416,3.2700000000000005
75207,19,18997,0.9652431011199951,0.0023868000134825706,0.2613427937030792,-18.69194793701172,2.9400000000000004
75207,20,10442,0.8920384645462036,-0.23976804316043854,-0.3831169903278351,-16.701950073242188,2.9300000000000006
75207,21,16827,0.996852695941925,-0.045416854321956635,0.0649772509932518,-16.28010368347168,2.8500000000000005
75207,22,39314,-0.043990857899188995,0.23043687641620636,-0.9720923900604248,7.319565773010254,2.7900000000000005
75207,23,38513,-0.17812369763851166,0.528809666633606,-0.8298386931419373,11.431909561157227,2.7000000000000006
75207,24,21979,0.5707207918167114,-0.7684251666069031,-0.28948327898979187,-14.344032287597656,2.4700000000000006
75207,25,1050,-0.33620205521583557,0.8767055869102478,-0.3440282940864563,13.438576698303223,2.2800000000000002
75207,26,35520,-0.6190716624259949,-0.7818846702575684,-0.07352986931800842,7.234683513641357,2.1100000000000003
75207,27,29363,-0.48422694206237793,-0.8100872039794922,0.3305797576904297,3.2900795936584473,2.0400000000000005
75207,28,46325,-0.8281463384628296,-0.3003746569156647,-0.4732322096824646,10.253896713256836,1.9400000000000004
75207,29,28413,-0.759863018989563,-0.6155514121055603,-0.2090565711259842,11.157678604125977,1.8600000000000003
75207,30,24619,-0.7123397588729858,-0.5385703444480896,0.450015664100647,5.389037609100342,1.8400000000000003
75207,31,14668,0.8957868218421936,-0.3592900037765503,0.26168039441108704,-19.371999740600586,1.8300000000000003
75207,32,10971,0.9692614078521729,0.23804312944412231,-0.062191616743803024,-13.906865119934082,1.7400000000000004
75207,33,17744,0.9653677344322205,0.23299124836921692,-0.11738932877779007,-11.457823753356934,1.6900000000000004
75207,34,23974,-0.2740948498249054,-0.9615762829780579,-0.015589992515742779,-1.7772401571273804,1.6400000000000003
75207,35,13163,0.9932579398155212,-0.07117000222206116,-0.09150674194097519,-15.095823287963867,1.6200000000000003
75207,36,41209,-0.7478606700897217,0.07835332304239273,-0.6592155694961548,13.651220321655273,1.3200000000000003
75207,37,31306,-0.44699129462242126,-0.8915404677391052,0.07317333668470383,0.9840993881225586,1.3100000000000003
75207,38,22273,0.9925571084022522,-0.0023574160877615213,0.12175735086202621,-13.70853042602539,1.2600000000000002
75207,39,41824,-0.6491230130195618,-0.5984271168708801,-0.4696001410484314,7.261966228485107,1.2600000000000002
75207,40,6584,-0.19393058121204376,0.9742552638053894,-0.11496807634830475,7.059828281402588,1.1700000000000002
75207,41,14501,0.9522279500961304,-0.2793024182319641,0.12349944561719894,-16.49945068359375,1.1700000000000002
75207,42,26469,-0.45631587505340576,-0.734548032283783,0.5022101402282715,1.306412935256958,1.1700000000000002
75207,43,31514,-0.4096474349498749,-0.9073621034622192,0.09424955397844315,-1.6123130321502686,1.1700000000000002
75207,44,3412,-0.5376491546630859,0.8430382013320923,0.014833291992545128,17.173810958862305,1.0700000000000003
75207,45,22165,0.9895318746566772,-0.1360987275838852,0.0479976125061512,-19.679288864135742,1.0600000000000003
75207,46,14596,0.9650344252586365,-0.24972274899482727,-0.07966878265142441,-20.442813873291016,1.0400000000000003
75207,47,39616,-0.44596627354621887,0.09566649049520493,-0.8899224996566772,8.33804702758789,0.9700000000000002
75207,48,22883,0.9503134489059448,-0.20669500529766083,0.23276931047439575,-19.877777099609375,0.9000000000000001
75207,49,12139,0.9918773770332336,-0.03165557235479355,-0.12319574505090714,-16.21591567993164,0.8900000000000001
75207,50,38847,0.15208619832992554,0.3133258521556854,-0.9373882412910461,2.6034090518951416,0.8900000000000001
75207,51,18300,0.8888949155807495,-0.4565295875072479,0.03803445026278496,-16.516233444213867,0.8000000000000002
75207,52,43734,-0.938053548336029,-0.3464435935020447,-0.0056898281909525394,12.511001586914062,0.7500000000000001
75207,53,25253,-0.17454573512077332,-0.9315351247787476,-0.3190237581729889,0.7613523006439209,0.6300000000000001
75207,54,21663,0.9095453023910522,-0.3156716227531433,-0.2703307867050171,-16.938018798828125,0.6200000000000001
75207,55,9961,0.9446200728416443,-0.30237630009651184,-0.1275203377008438,-14.245559692382812,0.5800000000000001
75207,56,8249,0.9962654113769531,-0.030949482694268227,-0.08060634881258011,-18.46384620666504,0.4300000000000001
75207,57,27648,-0.7637010812759399,-0.6274711489677429,-0.15179142355918884,7.9259467124938965,0.4100000000000001
75207,58,33708,-0.8352841138839722,-0.5402381420135498,0.1021919846534729,11.16299819946289,0.32000000000000006
75207,59,47074,-0.8453124165534973,-0.3095947802066803,-0.43542852997779846,9.566036224365234,0.32000000000000006
75207,60,35437,-0.8699123859405518,-0.49254655838012695,-0.025502031669020653,12.768250465393066,0.31000000000000005
75207,61,39873,0.1750839501619339,0.7429322004318237,-0.646062970161438,6.219775199890137,0.2700000000000001
75207,62,10611,0.9648372530937195,0.030227504670619965,-0.2611040771007538,-14.504888534545898,0.26000000000000006
75207,63,29450,0.15194733440876007,-0.9289509654045105,-0.3375827670097351,-7.605132102966309,0.25000000000000006
75207,64,19731,0.921847939491272,-0.31168609857559204,-0.2303217202425003,-13.040084838867188,0.24000000000000005
75207,65,33187,-0.2669641375541687,-0.9580562710762024,0.10420338809490204,-1.5228651762008667,0.18000000000000005
75207,66,45616,-0.8248432278633118,-0.18760745227336884,-0.5333263874053955,11.082184791564941,0.17000000000000004
75207,67,12662,0.9640718102455139,-0.13967294991016388,0.22595804929733276,-20.260404586791992,0.13000000000000003
75207,68,7453,0.7547409534454346,-0.1620909720659256,-0.6356827616691589,-12.733292579650879,0.11000000000000001
75207,69,22725,0.9465101957321167,-0.21830399334430695,-0.23761694133281708,-14.47597885131836,0.08000000000000002
75207,70,39095,0.6501484513282776,0.23349788784980774,-0.7230392098426819,-8.13744068145752,0.08000000000000002
75207,71,383,-0.687562882900238,0.7175772190093994,0.11108645051717758,16.155256271362305,0.07
75207,72,4395,-0.004925069864839315,0.8963820338249207,-0.4432550072669983,6.820261001586914,0.010000000000000002
75207,73,7738,0.8150221705436707,-0.27150920033454895,0.5118804574012756,-12.769525527954102,0.010000000000000002
75207,74,19106,0.9701923131942749,-0.007369387429207563,0.24222427606582642,-13.501337051391602,0.010000000000000002
75207,75,23565,-0.38560330867767334,-0.9194852709770203,-0.07653018087148666,-0.5924795866012573,0.010000000000000002
75207,76,35286,-0.5356787443161011,-0.608937680721283,-0.5850155353546143,8.284897804260254,0.010000000000000002
75207,77,38185,-0.10841967165470123,0.8071977496147156,-0.5802386999130249,10.060129165649414,0.010000000000000002
157606,1,38961,0.28054818511009216,0.6347153186798096,-0.7200202941894531,-2.206622362136841,25.470000000000006
157606,2,39794,-0.24097448587417603,0.4637853801250458,-0.8525458574295044,2.3552098274230957,12.120000000000003
157606,3,25769,-0.7424759864807129,-0.6665628552436829,-0.0665087029337883,3.6900997161865234,11.520000000000003
157606,4,35727,-0.5822102427482605,-0.8117039799690247,0.04656098783016205,-1.3420681953430176,11.070000000000002
157606,5,38275,0.11259645968675613,0.4190138280391693,-0.9009714126586914,-0.852778971195221,10.460000000000003
157606,6,36864,-0.44765445590019226,-0.8908308744430542,0.07762646675109863,-3.758495807647705,10.030000000000001
157606,7,38134,-0.11972483992576599,0.245659738779068,-0.9619341492652893,-2.406007766723633,8.730000000000002
157606,8,31929,-0.2509637176990509,-0.9428407549858093,-0.21924546360969543,-5.065960884094238,8.430000000000001
157606,9,38325,0.2204708755016327,0.5804798603057861,-0.7838594913482666,-0.10566222667694092,7.780000000000001
157606,10,37974,-0.2845737338066101,0.1332753449678421,-0.9493447542190552,-1.413623332977295,7.690000000000001
157606,11,45183,-0.5535197257995605,-0.7722703814506531,-0.3117922246456146,-3.6718039512634277,6.910000000000001
157606,12,39640,-0.37335437536239624,0.7403197288513184,-0.5590466856956482,8.918527603149414,6.760000000000002
157606,13,10344,0.9957146048545837,0.06196381524205208,-0.06865106523036957,-8.416814804077148,6.190000000000001
157606,14,10907,0.9384613037109375,-0.29956597089767456,-0.1719028353691101,-10.389300346374512,6.190000000000001
157606,15,31336,0.06448598951101303,-0.9718636870384216,-0.22654469311237335,-7.735404968261719,5.560000000000001
157606,16,47685,-0.8521447777748108,-0.40884286165237427,-0.3266446590423584,3.5607011318206787,5.550000000000001
157606,17,25928,-0.21249201893806458,-0.9389999508857727,0.27041858434677124,-4.518256187438965,5.420000000000001
157606,18,25643,-0.2676525413990021,-0.9155163764953613,-0.3003196120262146,-8.301399230957031,4.630000000000001
157606,19,35947,0.01866147294640541,-0.9559673070907593,0.29287925362586975,-4.716358661651611,4.630000000000001
157606,20,18656,0.9874148964881897,-0.14988267421722412,0.050467491149902344,-12.45698356628418,4.530000000000001
157606,21,5119,-0.5195764303207397,0.6250438690185547,-0.5825465321540833,8.77017593383789,4.320000000000001
157606,22,38906,-0.09618392586708069,0.7663617730140686,-0.6351679563522339,3.3677685260772705,4.320000000000001
157606,23,4219,-0.06196906790137291,0.9357973337173462,0.3470492362976074,9.698780059814453,4.170000000000001
157606,24,4144,-0.18752360343933105,0.9819685220718384,0.023931635543704033,11.784914016723633,3.4100000000000006
157606,25,18689,0.9401180148124695,-0.09002198278903961,0.3287462890148163,-4.731060028076172,3.3100000000000005
157606,26,17321,0.9442617893218994,-0.161567822098732,0.28681960701942444,-9.876029014587402,2.7000000000000006
157606,27,46029,-0.7583854794502258,-0.40154436230659485,-0.5134330987930298,1.132995367050171,2.5700000000000003
157606,28,14694,0.9862121939659119,0.023700153455138206,0.16377981007099152,-8.927326202392578,2.3700000000000006
157606,29,27488,-0.9613149166107178,-0.27143359184265137,-0.04687660187482834,7.142691135406494,2.2900000000000005
157606,30,383,-0.687562882900238,0.7175772190093994,0.11108645051717758,16.155256271362305,2.2800000000000002
157606,31,10435,0.9348577260971069,-0.3535647392272949,0.0321400910615921,-12.016655921936035,2.2700000000000005
157606,32,37121,-0.06212858110666275,0.2273629903793335,-0.9718261957168579,-3.3377127647399902,2.1400000000000006
157606,33,34652,-0.49132710695266724,-0.8169891238212585,-0.3018715977668762,-4.045065879821777,2.0200000000000005
157606,34,42660,-0.7657116651535034,-0.5176685452461243,-0.38171321153640747,-0.12098169326782227,2.0200000000000005
157606,35,33483,-0.8475471138954163,-0.47491487860679626,-0.23689605295658112,0.565574049949646,1.9000000000000004
157606,36,25506,0.03908609598875046,-0.997176468372345,0.06411970406770706,-6.9965667724609375,1.8000000000000003
157606,37,22411,0.8609194159507751,-0.5019370317459106,-0.08292774856090546,-10.529491424560547,1.7300000000000004
157606,38,40955,-0.1631043702363968,0.27960172295570374,-0.9461605548858643,-2.1238765716552734,1.7100000000000004
157606,39,43156,-0.8366876244544983,-0.5303623080253601,-0.13663692772388458,1.9207923412322998,1.7000000000000004
157606,40,38796,-0.05783820524811745,0.42162904143333435,-0.9049219489097595,1.5222890377044678,1.6600000000000004
157606,41,24946,-0.6990365982055664,-0.6995329260826111,0.14832888543605804,2.5032689571380615,1.6400000000000003
157606,42,37790,0.07856515794992447,0.8369913697242737,-0.5415468215942383,1.8817027807235718,1.5200000000000002
157606,43,22712,0.9259645938873291,-0.37558579444885254,-0.039049092680215836,-14.774287223815918,1.2600000000000002
157606,44,10514,0.9996973872184753,0.022144803777337074,0.010709354653954506,-11.383480072021484,1.2500000000000002
157606,45,6168,-0.5451991558074951,0.8328038454055786,0.09589378535747528,12.764961242675781,1.1600000000000001
157606,46,9234,0.999796450138092,0.011335491202771664,-0.016690123826265335,-13.118701934814453,0.8700000000000002
157606,47,44968,-0.627765417098999,-0.5411434769630432,-0.5595303773880005,-3.5774435997009277,0.8600000000000002
157606,48,41342,-0.8994542360305786,-0.2153528332710266,-0.3802698850631714,3.2923765182495117,0.8500000000000002
157606,49,34645,-0.8237422704696655,-0.4274931848049164,-0.37242215871810913,4.244980812072754,0.8000000000000002
157606,50,44643,-0.5359559655189514,-0.6977868676185608,-0.47523123025894165,-3.813852071762085,0.7900000000000001
157606,51,26451,-0.3389087915420532,-0.9375911355018616,-0.07786975055932999,-4.470251083374023,0.7700000000000001
157606,52,35275,-0.030487440526485443,-0.9992485046386719,0.023936232551932335,-8.701009750366211,0.7500000000000001
157606,53,9647,0.9341111183166504,-0.35076192021369934,-0.06635168939828873,-10.231431007385254,0.7400000000000001
157606,54,31637,-0.7550199031829834,-0.5456858277320862,0.36355453729629517,4.834984302520752,0.7300000000000001
157606,55,10452,0.8966063261032104,-0.42005038261413574,-0.14019542932510376,-14.535310745239258,0.6800000000000002
157606,56,8736,0.994738757610321,-0.06554003804922104,0.07873579114675522,-13.630022048950195,0.6000000000000001
157606,57,13936,0.8154659271240234,-0.5675055980682373,0.1138102114200592,-12.491907119750977,0.6000000000000001
157606,58,39660,-0.08808338642120361,0.38325944542884827,-0.9194310903549194,-0.27133405208587646,0.6000000000000001
157606,59,21876,0.9948809146881104,-0.094776451587677,0.035061948001384735,-11.685553550720215,0.5700000000000001
157606,60,30134,-0.5445768237113953,-0.5862959027290344,0.5997442603111267,1.6578869819641113,0.5700000000000001
157606,61,36825,-0.5847856998443604,-0.8019139170646667,0.12231013178825378,-1.6202982664108276,0.5700000000000001
157606,62,27242,-0.6664522290229797,-0.736311137676239,-0.11699282377958298,0.0676928162574768,0.5300000000000001
157606,63,31955,-0.8448404669761658,-0.48826128244400024,-0.2187361717224121,0.21933984756469727,0.5300000000000001
157606,64,2734,-0.6244112253189087,0.7402847409248352,-0.2491767853498459,12.113852500915527,0.4600000000000001
157606,65,8516,0.9317433834075928,-0.26739442348480225,-0.2456715852022171,-9.07815933227539,0.4600000000000001
157606,66,7453,0.7547409534454346,-0.1620909720659256,-0.6356827616691589,-12.733292579650879,0.4000000000000001
157606,67,30800,-0.007265077438205481,-0.9995611310005188,0.028717858716845512,-4.235832691192627,0.4000000000000001
157606,68,16665,0.9081131219863892,-0.3632465600967407,-0.20828455686569214,-15.669797897338867,0.31000000000000005
157606,69,32375,-0.6243411898612976,-0.5626444816589355,-0.5418757200241089,-0.3926115036010742,0.26000000000000006
157606,70,21227,0.9990022778511047,-0.015453744679689407,0.041900504380464554,-6.2804341316223145,0.23000000000000004
157606,71,5418,-0.8036174178123474,0.5945142507553101,0.027420375496149063,12.099037170410156,0.21000000000000005
157606,72,12950,0.9639023542404175,-0.031773827970027924,-0.2643533945083618,-6.829624652862549,0.19000000000000003
157606,73,26559,-0.8036142587661743,-0.5681754350662231,0.177146315574646,1.5159019231796265,0.18000000000000005
157606,74,23253,0.9251177310943604,-0.32227930426597595,-0.2007317692041397,-13.922616004943848,0.17000000000000004
157606,75,18739,0.9798211455345154,-0.08271633833646774,-0.18195734918117523,-10.091521263122559,0.15000000000000002
157606,76,17991,0.8678851127624512,-0.48417726159095764,-0.11112053692340851,-16.47681999206543,0.13000000000000003
157606,77,22415,0.9675540328025818,-0.015366578474640846,0.25219646096229553,-9.963430404663086,0.12000000000000002
157606,78,31017,-0.7228677272796631,-0.6909451484680176,0.00755753368139267,1.8641356229782104,0.11000000000000001
157606,79,35801,-0.7250910997390747,-0.676922619342804,0.1265650987625122,4.160974979400635,0.09000000000000002
157606,80,3882,0.15636689960956573,0.9757354855537415,-0.15326321125030518,7.078230857849121,0.07
157606,81,15443,0.9520744681358337,-0.30387064814567566,-0.03488347679376602,-15.517518997192383,0.07
157606,82,26401,-0.08933170884847641,-0.9574741721153259,0.27434107661247253,-3.8755507469177246,0.06000000000000001
157606,83,38801,0.2922040522098541,0.27151015400886536,-0.9170054793357849,-3.056575298309326,0.06000000000000001
157606,84,15466,0.9748101830482483,0.024695612490177155,-0.22166462242603302,-14.4291410446167,0.05000000000000001
157606,85,26066,-0.444029837846756,-0.8786401748657227,-0.1755816489458084,-2.7474141120910645,0.04000000000000001
157606,86,35112,-0.49257388710975647,-0.8672791123390198,-0.07209618389606476,-0.3606836199760437,0.04000000000000001
157606,87,35249,-0.11353658884763718,-0.9418566823005676,-0.316252201795578,-5.892053127288818,0.04000000000000001
157606,88,2121,-0.6471356153488159,0.760491669178009,0.05355313792824745,11.990922927856445,0.030000000000000006
157606,89,14198,0.9313127994537354,-0.15726138651371002,0.32851994037628174,-6.436021327972412,0.020000000000000004
157606,90,17331,0.803721010684967,-0.5438452363014221,-0.24138113856315613,-9.4451904296875,0.020000000000000004
157606,91,38343,0.40286391973495483,0.778047502040863,-0.48201942443847656,0.4442272186279297,0.010000000000000002
157606,92,46152,-0.6915951371192932,-0.6613038182258606,-0.29047107696533203,1.1410144567489624,0.010000000000000002
54169,1,39968,0.5660015940666199,0.48800650238990784,-0.6644484996795654,-8.148909568786621,30.910000000000007
54169,2,37289,0.10764801502227783,0.03610878437757492,-0.9935331344604492,2.939838171005249,14.430000000000003
54169,3,21763,0.7880480289459229,-0.5946922302246094,-0.15912729501724243,-11.481385231018066,9.900000000000002
54169,4,38323,0.011960793286561966,0.4541497528553009,-0.8908450603485107,1.622586727142334,8.480000000000002
54169,5,8058,0.9745891690254211,-0.1659020483493805,0.15050721168518066,-21.026124954223633,7.450000000000001
54169,6,30595,-0.6467500925064087,-0.7189754247665405,-0.2545361816883087,19.45936393737793,6.810000000000001
54169,7,39724,0.17250590026378632,0.5689799189567566,-0.8040544390678406,-0.9075913429260254,5.750000000000001
54169,8,15220,0.9535520076751709,-0.27835285663604736,-0.11514468491077423,-14.750799179077148,5.670000000000001
54169,9,18582,0.9756069183349609,-0.2148214727640152,-0.04519817233085632,-18.722013473510742,5.340000000000001
54169,10,39273,0.1941727250814438,0.45042604207992554,-0.8714432120323181,-1.8660163879394531,4.840000000000001
54169,11,28500,-0.17313632369041443,-0.9245381355285645,-0.3394894003868103,9.4169921875,4.19
54169,12,33455,-0.1981571763753891,-0.8511285185813904,0.4861213266849518,5.5141215324401855,3.770000000000001
54169,13,45878,-0.9491541981697083,-0.21104839444160461,-0.23359118402004242,22.311315536499023,3.4900000000000007
54169,14,2783,-0.35022541880607605,0.9226093292236328,-0.16166071593761444,1.3520591259002686,3.4100000000000006
54169,15,293,-0.43039101362228394,0.8667661547660828,0.2519523501396179,3.9322714805603027,3.2800000000000007
54169,16,37181,-0.1529897302389145,0.43962913751602173,-0.8850538730621338,6.260800361633301,2.9200000000000004
54169,17,39320,0.18380539119243622,0.2547571361064911,-0.9493758082389832,1.827571153640747,2.8400000000000007
54169,18,16556,0.9949838519096375,-0.06508814543485641,0.07596495747566223,-18.231287002563477,2.3400000000000003
54169,19,43106,-0.7067340612411499,-0.35089099407196045,-0.6143308877944946,16.8466796875,2.3100000000000005
54169,20,20944,0.9565424919128418,-0.21517595648765564,-0.19678860902786255,-18.105558395385742,2.1300000000000003
54169,21,32766,-0.5093015432357788,-0.8123428225517273,0.28409698605537415,11.748867988586426,2.1000000000000005
54169,22,34315,-0.6008293032646179,-0.7991901636123657,0.017297357320785522,16.07210922241211,2.0800000000000005
54169,23,1269,-0.1334495097398758,0.9570304155349731,-0.25745686888694763,-1.8928804397583008,2.0300000000000002
54169,24,2192,0.052234094589948654,0.9966899752616882,0.06229506433010101,-7.062395095825195,2.0100000000000002
54169,25,37451,-0.599548876285553,0.5793511867523193,-0.5521714687347412,11.159671783447266,2.0000000000000004
54169,26,11205,0.9105838537216187,-0.3921179175376892,-0.13069292902946472,-12.64771842956543,1.9600000000000004
54169,27,20167,0.9608343839645386,-0.11283142864704132,-0.2531132400035858,-16.45728874206543,1.8700000000000003
54169,28,47112,-0.8124318718910217,-0.41465574502944946,-0.40989646315574646,21.044025421142578,1.4700000000000002
54169,29,41029,-0.7056379318237305,-0.6786419153213501,-0.20376519858837128,17.869277954101562,1.4400000000000004
54169,30,24349,-0.24467486143112183,-0.969353199005127,0.022104229778051376,8.934895515441895,1.1800000000000002
54169,31,9118,0.9641574025154114,-0.046851471066474915,0.2611616253852844,-18.936588287353516,1.1700000000000002
54169,32,38834,-0.012272434309124947,0.47582635283470154,-0.8794535994529724,5.296192169189453,0.9900000000000002
54169,33,30385,-0.4377932548522949,-0.8156233429908752,0.3782798647880554,7.952324390411377,0.7200000000000002
54169,34,202,-0.7314207553863525,0.6760077476501465,-0.08965028822422028,10.133621215820312,0.7100000000000002
54169,35,9414,0.9497905969619751,-0.3127906322479248,0.007736870553344488,-16.15829849243164,0.6300000000000001
54169,36,40371,0.31454089283943176,0.7837101817131042,-0.5355952978134155,-3.9600560665130615,0.6000000000000001
54169,37,26032,-0.7625746726989746,-0.4375731348991394,0.4764552712440491,15.249935150146484,0.5500000000000002
54169,38,31014,0.09693308174610138,-0.8206771016120911,-0.5631101131439209,4.166851997375488,0.4900000000000001
54169,39,34833,-0.6995709538459778,-0.710525631904602,-0.07585377991199493,15.335613250732422,0.4700000000000001
54169,40,2697,-0.14399276673793793,0.9498172402381897,0.27769288420677185,-1.9859548807144165,0.4100000000000001
54169,41,39194,-0.14015649259090424,0.6811470985412598,-0.7186061143875122,2.9040040969848633,0.39000000000000007
54169,42,1082,-0.5372174382209778,0.6134989261627197,-0.5788061022758484,12.046107292175293,0.33000000000000007
54169,43,38004,0.08788817375898361,0.44912609457969666,-0.8891351819038391,3.303725242614746,0.33000000000000007
54169,44,1770,-0.6444197297096252,0.6811033487319946,-0.347593754529953,12.382023811340332,0.31000000000000005
54169,45,24605,-0.6973089575767517,-0.7155634164810181,-0.04158325493335724,16.65882110595703,0.29000000000000004
54169,46,33784,-0.0885792151093483,-0.9874759316444397,0.13055646419525146,5.708345413208008,0.2700000000000001
54169,47,43148,-0.795441746711731,-0.47160592675209045,-0.38060513138771057,16.975919723510742,0.26000000000000006
54169,48,39643,-0.17595838010311127,0.08119188994169235,-0.9810435771942139,11.293301582336426,0.19000000000000003
54169,49,5717,-0.64491206407547,0.741297721862793,-0.1859196126461029,13.797414779663086,0.13000000000000003
54169,50,46841,-0.8171213269233704,-0.12316477298736572,-0.5631546974182129,16.037675857543945,0.12000000000000002
54169,51,11294,0.9538103938102722,0.1601230949163437,0.2541777491569519,-20.449188232421875,0.11000000000000001
54169,52,42934,-0.8243040442466736,-0.19008462131023407,-0.5332829356193542,19.842275619506836,0.11000000000000001
54169,53,11861,0.9039239287376404,-0.0824633464217186,0.4196681082248688,-19.64031982421875,0.09000000000000002
54169,54,35543,-0.4431055188179016,-0.8836096525192261,-0.1512993723154068,11.365486145019531,0.08000000000000002
54169,55,10005,0.9154985547065735,-0.2628381550312042,0.30459555983543396,-15.802862167358398,0.05000000000000001
54169,56,24221,-0.5875899791717529,-0.7674010396003723,-0.2565806806087494,14.358284950256348,0.05000000000000001
54169,57,802,-0.3400224447250366,0.8713688850402832,0.3536962568759918,-0.6121575832366943,0.04000000000000001
54169,58,1195,-0.3726254999637604,0.8410152792930603,-0.39222899079322815,4.769714832305908,0.030000000000000006
54169,59,19495,0.8864885568618774,-0.4462728500366211,-0.12238717079162598,-14.862041473388672,0.010000000000000002
54169,60,39623,0.13137869536876678,0.2618807554244995,-0.9561161398887634,0.5807722806930542,0.010000000000000002
543288,1,39083,-0.34196737408638,0.6938790082931519,-0.6337115168571472,0.9290995597839355,19.130000000000003
543288,2,38300,0.35191938281059265,0.5662621259689331,-0.7453187108039856,11.240801811218262,17.120000000000005
543288,3,39279,-0.10512998700141907,0.448108047246933,-0.8877763748168945,4.514735221862793,7.360000000000001
543288,4,43826,-0.7244094014167786,-0.3907950520515442,-0.5678998827934265,-16.150814056396484,6.290000000000001
543288,5,18405,0.9917054176330566,-0.08440037071704865,-0.09693759679794312,18.947919845581055,6.100000000000001
543288,6,26970,-0.4484477937221527,-0.8142164349555969,0.3687088191509247,-16.853670120239258,6.050000000000002
543288,7,37852,0.1724565029144287,0.5966744422912598,-0.783733606338501,8.6763334274292,5.6800000000000015
543288,8,25502,-0.4600033760070801,-0.8640490174293518,-0.20449015498161316,-14.728385925292969,5.480000000000001
543288,9,39830,-0.24257682263851166,-0.5094869136810303,-0.8255783319473267,-9.442253112792969,5.150000000000001
543288,10,1854,-0.44340837001800537,0.8944214582443237,-0.05830333009362221,-2.8713536262512207,4.830000000000001
543288,11,6436,-0.20479510724544525,0.9555036425590515,-0.21230097115039825,2.523880958557129,4.830000000000001
543288,12,15411,0.9722778797149658,-0.2283247709274292,-0.05043287202715874,18.51953887939453,4.800000000000001
543288,13,32884,-0.5257701277732849,-0.717241644859314,0.45730748772621155,-15.01982307434082,4.370000000000001
543288,14,11060,0.9933686852455139,0.0968857929110527,0.06190124899148941,21.5249080657959,3.770000000000001
543288,15,24293,-0.08293416351079941,-0.9583656191825867,-0.27323487401008606,-5.327470779418945,3.4300000000000006
543288,16,18256,0.9617910981178284,-0.26584675908088684,-0.06544727832078934,16.82712173461914,3.1600000000000006
543288,17,11573,0.9551286101341248,-0.19187743961811066,-0.225637748837471,16.32906150817871,3.0300000000000007
543288,18,6285,-0.2526412010192871,0.9587832689285278,-0.1300269514322281,2.3420825004577637,2.9000000000000004
543288,19,14562,0.8548104763031006,0.5136007070541382,-0.074251689016819,22.022314071655273,2.7700000000000005
543288,20,8160,0.8971099853515625,-0.23998071253299713,0.3709487318992615,15.436593055725098,2.4500000000000006
543288,21,37956,-0.5899155139923096,0.7805982232093811,-0.20655784010887146,-3.8231263160705566,2.4200000000000004
543288,22,8156,0.8966864943504333,-0.4133479595184326,-0.15841980278491974,15.203136444091797,2.2000000000000006
543288,23,41800,-0.5083988308906555,-0.17226915061473846,-0.8437143564224243,-10.094477653503418,2.1700000000000004
543288,24,27982,-0.6106176376342773,-0.5541982054710388,0.5656946897506714,-15.210451126098633,2.1200000000000006
543288,25,21180,0.917691707611084,0.1918458491563797,0.34790387749671936,15.5916109085083,2.0700000000000003
543288,26,22543,0.9616145491600037,-0.07127652317285538,-0.264985054731369,19.01500129699707,2.0500000000000003
543288,27,17477,0.9460844993591309,-0.2670304477214813,0.18335439264774323,15.978445053100586,2.0500000000000003
543288,28,9592,0.9013167023658752,-0.29806089401245117,-0.3143054246902466,17.297292709350586,1.7500000000000004
543288,29,38624,0.5704399943351746,0.3734973669052124,-0.7315038442611694,16.291406631469727,1.5900000000000003
543288,30,24556,-0.8031907677650452,-0.5451382398605347,-0.2402268350124359,-19.033618927001953,1.5800000000000003
543288,31,38673,-0.10211951285600662,0.37643566727638245,-0.9207973480224609,1.6856051683425903,1.5400000000000003
543288,32,39462,-0.6648861169815063,0.6624485850334167,-0.34509167075157166,-8.98870849609375,1.2300000000000002
543288,33,15929,0.9499167799949646,0.12317661195993423,-0.2872031033039093,19.132328033447266,1.0700000000000003
543288,34,19983,0.9950506091117859,-0.07737887650728226,-0.06234418973326683,19.63532066345215,0.9300000000000002
543288,35,41615,-0.7871026992797852,-0.3813627362251282,-0.4848007559776306,-16.958953857421875,0.9300000000000002
543288,36,20820,0.841242253780365,-0.3169183135032654,0.4380345642566681,11.401579856872559,0.8800000000000001
543288,37,3030,0.01576140709221363,0.9854128360748291,-0.16944950819015503,6.646866798400879,0.7500000000000001
543288,38,1752,-0.5648400783538818,0.8187109231948853,0.10328643769025803,-5.105404376983643,0.7200000000000002
543288,39,32712,-0.6306139230728149,-0.7609687447547913,-0.15248827636241913,-16.064712524414062,0.7000000000000002
543288,40,46308,-0.7651833891868591,-0.44805651903152466,-0.46231991052627563,-17.62941551208496,0.6800000000000002
543288,41,15560,0.8544665575027466,-0.26072096824645996,-0.44934555888175964,12.84186840057373,0.6700000000000002
543288,42,19500,0.8851295113563538,-0.45882683992385864,0.07761216908693314,11.9641752243042,0.6700000000000002
543288,43,44408,-0.828255832195282,-0.5321787595748901,-0.17543669044971466,-17.106706619262695,0.6100000000000001
543288,44,17037,0.9532885551452637,0.2845621407032013,-0.1013181135058403,20.0352725982666,0.5400000000000001
543288,45,21647,0.9106161594390869,-0.3469874858856201,-0.22445009648799896,13.846948623657227,0.4700000000000001
543288,46,24995,-0.3544796109199524,-0.9136146903038025,0.19912917912006378,-14.276045799255371,0.45000000000000007
543288,47,45585,-0.8081309795379639,-0.4567546546459198,-0.3718864619731903,-18.06296730041504,0.45000000000000007
543288,48,5432,-0.6936804056167603,0.5207919478416443,-0.49757736921310425,-9.363368034362793,0.4300000000000001
543288,49,12678,0.9968217015266418,-0.06289828568696976,-0.0488906055688858,20.543210983276367,0.37000000000000005
543288,50,40857,0.19777031242847443,0.511290431022644,-0.8363426327705383,8.747530937194824,0.37000000000000005
543288,51,10647,0.9022223949432373,-0.3553895652294159,0.2443215250968933,15.67487907409668,0.3600000000000001
543288,52,47373,-0.8738699555397034,-0.39282941818237305,-0.28641995787620544,-17.252534866333008,0.29000000000000004
543288,53,27505,0.10048060864210129,-0.9949248433113098,-0.005305829923599958,-3.8148059844970703,0.28
543288,54,25514,-0.624859631061554,-0.7803156971931458,-0.025648919865489006,-19.96231460571289,0.25000000000000006
543288,55,6589,-0.40070387721061707,0.9156221151351929,-0.0327504463493824,-0.11682979017496109,0.23000000000000004
543288,56,35364,-0.6120163798332214,-0.7844038605690002,-0.10073012113571167,-16.79522705078125,0.23000000000000004
543288,57,2378,-0.33260321617126465,0.9418920278549194,0.04705890268087387,2.9940054416656494,0.20000000000000004
543288,58,40131,-0.3278563916683197,-0.06933099031448364,-0.9421801567077637,-7.825867176055908,0.14
543288,59,42488,-0.9741097092628479,-0.12747599184513092,-0.18670880794525146,-18.174301147460938,0.12000000000000002
543288,60,39003,0.08606544882059097,0.557698667049408,-0.8255694508552551,6.813921928405762,0.09000000000000002
543288,61,20566,0.9200460314750671,-0.19403766095638275,0.3403890132904053,13.299501419067383,0.08000000000000002
543288,62,19119,0.9172393083572388,-0.3860127925872803,0.09831690788269043,13.989893913269043,0.07
543288,63,21341,0.9204089641571045,-0.37302708625793457,-0.11703880876302719,14.50580883026123,0.07
543288,64,15496,0.9783209562301636,0.18639734387397766,0.09024463593959808,15.830504417419434,0.030000000000000006
543288,65,45096,-0.8034716248512268,-0.37258175015449524,-0.46434488892555237,-14.51906967163086,0.010000000000000002
74931,1,39273,0.1941727250814438,0.45042604207992554,-0.8714432120323181,-1.8660163879394531,24.270000000000003
74931,2,39438,0.19613119959831238,0.8085002303123474,-0.5548512935638428,-7.329899787902832,19.970000000000002
74931,3,39947,-0.01506318524479866,0.4510284960269928,-0.8923824429512024,-0.29027295112609863,12.420000000000002
74931,4,40459,0.4641779363155365,0.3916172683238983,-0.7944650650024414,-7.266359806060791,10.440000000000001
74931,5,38796,-0.05783820524811745,0.42162904143333435,-0.9049219489097595,1.5222890377044678,9.490000000000002
74931,6,39968,0.5660015940666199,0.48800650238990784,-0.6644484996795654,-8.148909568786621,5.400000000000001
74931,7,26564,-0.5763899087905884,-0.5553267002105713,0.5994889140129089,11.149791717529297,4.910000000000001
74931,8,15220,0.9535520076751709,-0.27835285663604736,-0.11514468491077423,-14.750799179077148,4.8100000000000005
74931,9,32487,0.16124151647090912,-0.9858573079109192,-0.045678164809942245,5.00900936126709,4.250000000000001
74931,10,28500,-0.17313632369041443,-0.9245381355285645,-0.3394894003868103,9.4169921875,4.0600000000000005
74931,11,31310,-0.5952500700950623,-0.7572823762893677,-0.26870205998420715,16.177248001098633,3.8900000000000006
74931,12,11294,0.9538103938102722,0.1601230949163437,0.2541777491569519,-20.449188232421875,3.880000000000001
74931,13,46841,-0.8171213269233704,-0.12316477298736572,-0.5631546974182129,16.037675857543945,3.7400000000000007
74931,14,38275,0.11259645968675613,0.4190138280391693,-0.9009714126586914,-0.852778971195221,3.5700000000000007
74931,15,33400,-0.5907114744186401,-0.6653516292572021,-0.4564724862575531,15.417747497558594,3.400000000000001
74931,16,43148,-0.795441746711731,-0.47160592675209045,-0.38060513138771057,16.975919723510742,2.9100000000000006
74931,17,4307,-0.6799725890159607,0.6975462436676025,-0.22597898542881012,9.65762996673584,2.8400000000000007
74931,18,21,-0.31118130683898926,0.8965648412704468,-0.3151787519454956,-0.9239286184310913,2.7300000000000004
74931,19,38002,0.3542243540287018,0.5404684543609619,-0.7631638050079346,-7.136396884918213,2.5200000000000005
74931,20,44203,-0.6417134404182434,-0.7656564712524414,-0.04442939534783363,13.934853553771973,2.2700000000000005
74931,21,31433,-0.6010372638702393,-0.7625673413276672,0.23925983905792236,12.062758445739746,2.2200000000000006
74931,22,37813,-0.13451243937015533,0.264922171831131,-0.954841673374176,2.995656967163086,2.2200000000000006
74931,23,29195,-0.2691285014152527,-0.6405073404312134,-0.7192497253417969,12.872495651245117,1.9300000000000004
74931,24,45725,-0.9593347907066345,-0.17336001992225647,-0.22276243567466736,14.748844146728516,1.9300000000000004
74931,25,20167,0.9608343839645386,-0.11283142864704132,-0.2531132400035858,-16.45728874206543,1.8500000000000003
74931,26,40915,-0.6881831884384155,0.12420045584440231,-0.714827299118042,15.415639877319336,1.8500000000000003
74931,27,3502,-0.4085700511932373,0.8824983835220337,-0.2329529970884323,0.7116419076919556,1.7500000000000004
74931,28,37289,0.10764801502227783,0.03610878437757492,-0.9935331344604492,2.939838171005249,1.7100000000000004
74931,29,2281,-0.1969296634197235,0.9469627141952515,0.2539297938346863,-5.30267333984375,1.6400000000000003
74931,30,23326,0.9876337647438049,-0.15648579597473145,-0.009576985612511635,-13.638267517089844,1.4400000000000004
74931,31,22604,0.9886197447776794,-0.13960756361484528,-0.056042321026325226,-15.220489501953125,1.4300000000000004
74931,32,11630,0.9767074584960938,0.11089769750833511,-0.18369607627391815,-15.377305030822754,1.3100000000000003
74931,33,45272,-0.8203359842300415,-0.5498342514038086,-0.15726138651371002,18.404651641845703,1.2300000000000002
74931,34,37416,-0.4048003554344177,0.35760778188705444,-0.8415778875350952,9.281694412231445,1.1900000000000002
74931,35,6185,-0.7173755168914795,0.4570907652378082,-0.5257760286331177,10.044638633728027,1.1700000000000002
74931,36,11143,0.9763287305831909,-0.11454783380031586,0.18346941471099854,-14.986395835876465,1.12
74931,37,9118,0.9641574025154114,-0.046851471066474915,0.2611616253852844,-18.936588287353516,1.1000000000000003
74931,38,32037,-0.17412728071212769,-0.960519015789032,0.2169860154390335,8.300928115844727,1.0700000000000003
74931,39,31502,-0.5459685921669006,-0.8243024349212646,-0.14981265366077423,16.8171443939209,1.0500000000000003
74931,40,46234,-0.47132787108421326,-0.014816319569945335,-0.8818336129188538,9.670631408691406,0.9900000000000002
74931,41,1195,-0.3726254999637604,0.8410152792930603,-0.39222899079322815,4.769714832305908,0.7900000000000001
74931,42,45510,-0.8745208382606506,-0.3530515432357788,-0.3325175940990448,15.099782943725586,0.7800000000000001
74931,43,18529,0.9117478728294373,-0.38629981875419617,0.1396004557609558,-14.535847663879395,0.7400000000000001
74931,44,30976,-0.38450345396995544,-0.919698178768158,0.0794500783085823,12.294692993164062,0.7300000000000001
74931,45,34221,-0.2299531251192093,-0.973185122013092,0.005685252137482166,12.11960506439209,0.6000000000000001
74931,46,43106,-0.7067340612411499,-0.35089099407196045,-0.6143308877944946,16.8466796875,0.5900000000000001
74931,47,34422,-0.48090270161628723,-0.8743327260017395,0.06538233160972595,14.799347877502441,0.5400000000000001
74931,48,2783,-0.35022541880607605,0.9226093292236328,-0.16166071593761444,1.3520591259002686,0.5300000000000001
74931,49,21674,0.9608018398284912,-0.2688842713832855,0.06753547489643097,-17.425331115722656,0.5300000000000001
74931,50,1108,0.4992108941078186,0.860549807548523,-0.1012054830789566,-13.404752731323242,0.5100000000000001
74931,51,22777,0.9267123341560364,-0.35741761326789856,-0.11600395292043686,-7.926822185516357,0.4800000000000001
74931,52,23958,-0.24767592549324036,-0.9631668329238892,-0.10472023487091064,11.807745933532715,0.4800000000000001
74931,53,489,-0.5054551362991333,0.512922465801239,-0.6938484311103821,8.504899978637695,0.30000000000000004
74931,54,39628,0.587864875793457,0.4261399209499359,-0.6876188516616821,-12.227197647094727,0.29000000000000004
74931,55,12140,0.9660285711288452,-0.2567738890647888,-0.02925778739154339,-13.428888320922852,0.26000000000000006
74931,56,12441,0.93641597032547,-0.1366315633058548,0.32319802045822144,-12.081246376037598,0.25000000000000006
74931,57,18841,0.9531986713409424,-0.2773531973361969,-0.12036393582820892,-10.511768341064453,0.20000000000000004
74931,58,20551,0.6845628023147583,-0.3869631290435791,-0.6177647709846497,-8.587335586547852,0.20000000000000004
74931,59,3468,-0.31207314133644104,0.8882730603218079,-0.3370182514190674,-2.340303897857666,0.19000000000000003
74931,60,16862,0.979324221611023,-0.20193658769130707,0.012069703079760075,-15.935027122497559,0.19000000000000003
74931,61,6801,-0.3986912965774536,0.9161059260368347,0.04236923158168793,-2.1903960704803467,0.16000000000000003
74931,62,14912,0.949338436126709,-0.3000454306602478,-0.09343089163303375,-8.282470703125,0.15000000000000002
74931,63,26747,-0.786188542842865,-0.6171634793281555,-0.03188829869031906,16.877779006958008,0.15000000000000002
74931,64,42577,-0.7446597218513489,-0.6421064138412476,-0.1821572333574295,15.398126602172852,0.14
74931,65,2192,0.052234094589948654,0.9966899752616882,0.06229506433010101,-7.062395095825195,0.13000000000000003
74931,66,35404,0.23674103617668152,-0.966407299041748,-0.1000528410077095,6.513705730438232,0.13000000000000003
74931,67,26032,-0.7625746726989746,-0.4375731348991394,0.4764552712440491,15.249935150146484,0.10000000000000002
74931,68,4447,-0.2626497149467468,0.9499725699424744,-0.16901838779449463,-0.28028613328933716,0.09000000000000002
74931,69,5086,-0.35251370072364807,0.8963507413864136,0.26886698603630066,-3.4826807975769043,0.09000000000000002
74931,70,21763,0.7880480289459229,-0.5946922302246094,-0.15912729501724243,-11.481385231018066,0.09000000000000002
74931,71,30595,-0.6467500925064087,-0.7189754247665405,-0.2545361816883087,19.45936393737793,0.09000000000000002
74931,72,37944,0.22806259989738464,0.32135024666786194,-0.919087290763855,-3.933013439178467,0.08000000000000002
74931,73,11929,0.9402856230735779,0.20170007646083832,-0.2741897404193878,-18.999011993408203,0.05000000000000001
74931,74,18378,0.9388158321380615,-0.3444194197654724,0.00032045706757344306,-10.79411506652832,0.05000000000000001
74931,75,34315,-0.6008293032646179,-0.7991901636123657,0.017297357320785522,16.07210922241211,0.05000000000000001
74931,76,11205,0.9105838537216187,-0.3921179175376892,-0.13069292902946472,-12.64771842956543,0.04000000000000001
74931,77,46595,-0.7490330338478088,-0.4980584979057312,-0.43690645694732666,18.49125862121582,0.030000000000000006
74931,78,6526,-0.2981317937374115,0.9531754851341248,-0.05073387920856476,-3.937584400177002,0.010000000000000002
74931,79,15788,0.942646324634552,-0.3127390444278717,-0.11667140573263168,-11.733132362365723,0.010000000000000002
74931,80,36998,-0.37155839800834656,-0.9236434698104858,-0.09395238012075424,14.365943908691406,0.010000000000000002
125344,1,38961,0.28054818511009216,0.6347153186798096,-0.7200202941894531,-2.206622362136841,24.410000000000004
125344,2,38906,-0.09618392586708069,0.7663617730140686,-0.6351679563522339,3.3677685260772705,16.500000000000004
125344,3,25769,-0.7424759864807129,-0.6665628552436829,-0.0665087029337883,3.6900997161865234,12.210000000000003
125344,4,38796,-0.05783820524811745,0.42162904143333435,-0.9049219489097595,1.5222890377044678,11.980000000000002
125344,5,38275,0.11259645968675613,0.4190138280391693,-0.9009714126586914,-0.852778971195221,7.990000000000002
125344,6,39968,0.5660015940666199,0.48800650238990784,-0.6644484996795654,-8.148909568786621,7.310000000000001
125344,7,4144,-0.18752360343933105,0.9819685220718384,0.023931635543704033,11.784914016723633,4.690000000000001
125344,8,7453,0.7547409534454346,-0.1620909720659256,-0.6356827616691589,-12.733292579650879,4.690000000000001
125344,9,46476,-0.9048951864242554,-0.33565279841423035,-0.2617286145687103,7.472257137298584,4.430000000000001
125344,10,31929,-0.2509637176990509,-0.9428407549858093,-0.21924546360969543,-5.065960884094238,4.330000000000001
125344,11,7738,0.8150221705436707,-0.27150920033454895,0.5118804574012756,-12.769525527954102,4.220000000000001
125344,12,383,-0.687562882900238,0.7175772190093994,0.11108645051717758,16.155256271362305,4.180000000000001
125344,13,8736,0.994738757610321,-0.06554003804922104,0.07873579114675522,-13.630022048950195,3.880000000000001
125344,14,24520,-0.8344479203224182,-0.52984219789505,0.1515384316444397,8.045318603515625,3.8600000000000008
125344,15,43866,-0.6833399534225464,-0.18289782106876373,-0.7068202495574951,6.329626083374023,3.8400000000000007
125344,16,6168,-0.5451991558074951,0.8328038454055786,0.09589378535747528,12.764961242675781,3.400000000000001
125344,17,1049,0.0904374048113823,0.9831914901733398,-0.15860514342784882,4.192998886108398,3.2400000000000007
125344,18,33804,-0.7772082686424255,-0.623801052570343,-0.08258074522018433,6.980297088623047,2.3900000000000006
125344,19,39794,-0.24097448587417603,0.4637853801250458,-0.8525458574295044,2.3552098274230957,2.2700000000000005
125344,20,35249,-0.11353658884763718,-0.9418566823005676,-0.316252201795578,-5.892053127288818,2.2000000000000006
125344,21,19461,0.9534246325492859,0.03236938640475273,0.2998895049095154,-11.752280235290527,2.1900000000000004
125344,22,37773,-0.36983242630958557,-0.5368421673774719,-0.758303701877594,0.8618583679199219,2.0500000000000003
125344,23,4387,-0.8133033514022827,0.5818232297897339,0.00440361350774765,13.514646530151367,1.4900000000000002
125344,24,19224,0.9990672469139099,0.03906916454434395,-0.01839236356317997,-15.04041862487793,1.4500000000000002
125344,25,22712,0.9259645938873291,-0.37558579444885254,-0.039049092680215836,-14.774287223815918,1.3600000000000003
125344,26,44351,-0.6379369497299194,-0.3374927341938019,-0.6921958327293396,5.949077129364014,1.3200000000000003
125344,27,29749,-0.5015056729316711,-0.8340985774993896,-0.22972068190574646,0.8450528383255005,1.2900000000000003
125344,28,19437,0.8865722417831421,0.4136151671409607,0.20715251564979553,-8.95422077178955,1.2100000000000002
125344,29,14046,0.9189948439598083,0.05804382637143135,-0.38997355103492737,-14.044034957885742,1.1300000000000001
125344,30,17991,0.8678851127624512,-0.48417726159095764,-0.11112053692340851,-16.47681999206543,1.0600000000000003
125344,31,37835,-0.027592502534389496,0.2738884687423706,-0.9613655805587769,-0.2924443483352661,1.0200000000000002
125344,32,29176,-0.23290784657001495,-0.939911961555481,0.24963858723640442,-0.8220005035400391,0.9100000000000001
125344,33,758,-0.6960293054580688,0.6198301315307617,-0.36242762207984924,13.779558181762695,0.7600000000000001
125344,34,11593,0.9253946542739868,-0.3386683166027069,0.1701425462961197,-15.513324737548828,0.7600000000000001
125344,35,28211,-0.42457982897758484,-0.9053291082382202,0.010542647913098335,0.7105196118354797,0.7200000000000002
125344,36,6047,-0.23178228735923767,0.9537007808685303,-0.19165532290935516,7.62669563293457,0.6900000000000002
125344,37,30800,-0.007265077438205481,-0.9995611310005188,0.028717858716845512,-4.235832691192627,0.6300000000000001
125344,38,37974,-0.2845737338066101,0.1332753449678421,-0.9493447542190552,-1.413623332977295,0.6000000000000001
125344,39,13064,0.9246146082878113,-0.1983845829963684,0.3251636326313019,-14.064895629882812,0.5800000000000001
125344,40,21876,0.9948809146881104,-0.094776451587677,0.035061948001384735,-11.685553550720215,0.5800000000000001
125344,41,19206,0.9810929298400879,0.08182729780673981,0.1753881871700287,-12.65099811553955,0.5400000000000001
125344,42,35947,0.01866147294640541,-0.9559673070907593,0.29287925362586975,-4.716358661651611,0.4800000000000001
125344,43,3868,-0.08498397469520569,0.9695928692817688,0.2294938564300537,5.813748359680176,0.45000000000000007
125344,44,9647,0.9341111183166504,-0.35076192021369934,-0.06635168939828873,-10.231431007385254,0.45000000000000007
125344,45,37631,-0.7419854402542114,0.1958151012659073,-0.6411817669868469,8.75971794128418,0.4300000000000001
125344,46,35801,-0.7250910997390747,-0.676922619342804,0.1265650987625122,4.160974979400635,0.39000000000000007
125344,47,41066,-0.7908716797828674,-0.295602947473526,-0.535855233669281,6.193361759185791,0.39000000000000007
125344,48,22899,0.9218531250953674,-0.37887826561927795,-0.08147408813238144,-11.795473098754883,0.3500000000000001
125344,49,38801,0.2922040522098541,0.27151015400886536,-0.9170054793357849,-3.056575298309326,0.32000000000000006
125344,50,34733,-0.4880179464817047,-0.8349544405937195,0.2543414831161499,0.4765169024467468,0.24000000000000005
125344,51,5485,-0.5924052596092224,0.6797330379486084,-0.43245697021484375,8.84311580657959,0.23000000000000004
125344,52,43535,-0.9406797289848328,-0.3032356798648834,-0.15221631526947021,9.302680015563965,0.23000000000000004
125344,53,18021,0.985864520072937,0.1344459503889084,-0.09997711330652237,-13.687637329101562,0.17000000000000004
125344,54,18656,0.9874148964881897,-0.14988267421722412,0.050467491149902344,-12.45698356628418,0.14
125344,55,7531,0.9819250702857971,-0.15083257853984833,-0.11433584988117218,-13.814844131469727,0.13000000000000003
125344,56,526,-0.04233822599053383,0.9892836809158325,-0.13973288238048553,8.882623672485352,0.11000000000000001
125344,57,38134,-0.11972483992576599,0.245659738779068,-0.9619341492652893,-2.406007766723633,0.10000000000000002
125344,58,27488,-0.9613149166107178,-0.27143359184265137,-0.04687660187482834,7.142691135406494,0.09000000000000002
125344,59,30381,-0.798203706741333,-0.08947242796421051,0.5957058668136597,8.241084098815918,0.09000000000000002
125344,60,27340,-0.8257837891578674,-0.538992702960968,0.16603615880012512,9.718939781188965,0.08000000000000002
125344,61,15466,0.9748101830482483,0.024695612490177155,-0.22166462242603302,-14.4291410446167,0.06000000000000001
125344,62,19952,0.9900785684585571,-0.05526933819055557,0.12918883562088013,-14.765308380126953,0.030000000000000006
125344,63,39935,0.5027796030044556,0.05560513958334923,-0.8626243472099304,-12.55007266998291,0.030000000000000006
125344,64,15443,0.9520744681358337,-0.30387064814567566,-0.03488347679376602,-15.517518997192383,0.020000000000000004
125344,65,17066,0.9913450479507446,0.1289168745279312,-0.024807235226035118,-9.017309188842773,0.020000000000000004
125344,66,31684,-0.382685124874115,-0.9215619564056396,0.06538811326026917,-1.1414284706115723,0.010000000000000002
529178,1,39274,0.2972518801689148,0.280519962310791,-0.9126608967781067,4.064669132232666,23.410000000000004
529178,2,39315,0.3719925284385681,0.5696143507957458,-0.7329127192497253,1.6780784130096436,14.720000000000002
529178,3,37404,0.07784803211688995,0.7130714654922485,-0.6967558860778809,-5.047550201416016,7.860000000000001
529178,4,16639,0.9267957210540771,0.363632470369339,-0.09392102807760239,12.849366188049316,7.450000000000001
529178,5,41191,-0.7492696642875671,-0.4151563346385956,-0.5159846544265747,-11.950526237487793,5.740000000000001
529178,6,2681,-0.43909040093421936,0.732555091381073,0.5201563835144043,-12.135621070861816,5.480000000000001
529178,7,47433,-0.7131558060646057,0.07640266418457031,-0.6968295574188232,-15.107556343078613,5.240000000000001
529178,8,27604,-0.1318349391222,-0.9876692295074463,-0.084433913230896,4.841647148132324,5.090000000000001
529178,9,5416,-0.5986562967300415,0.801006019115448,0.0001672347862040624,-16.98221778869629,4.820000000000001
529178,10,38275,0.11259645968675613,0.4190138280391693,-0.9009714126586914,-0.852778971195221,4.2700000000000005
529178,11,40795,0.30236828327178955,0.2998158633708954,-0.9048115015029907,1.5389090776443481,4.210000000000001
529178,12,30380,-0.14307813346385956,-0.9648327827453613,0.22051380574703217,5.370392799377441,4.050000000000001
529178,13,38978,-0.35096532106399536,0.2287459373474121,-0.9080190658569336,-9.733575820922852,3.8500000000000005
529178,14,16222,0.9855887293815613,-0.10708115994930267,-0.13095226883888245,19.154239654541016,3.810000000000001
529178,15,4094,-0.5946553349494934,0.7677350044250488,0.23867984116077423,-16.59587860107422,3.5900000000000007
529178,16,4148,-0.18899528682231903,0.8769780397415161,-0.4418034255504608,-11.01113510131836,3.5400000000000005
529178,17,40016,-0.22712551057338715,0.3503515124320984,-0.9086626768112183,-5.965646743774414,3.5300000000000007
529178,18,22756,0.9822831749916077,0.04409562796354294,-0.18214093148708344,17.804473876953125,3.1800000000000006
529178,19,11848,0.8981767892837524,-0.2671442925930023,-0.3491596281528473,19.00112533569336,3.0100000000000007
529178,20,39256,-0.4904228746891022,0.6444242596626282,-0.5866879820823669,-11.367147445678711,2.9300000000000006
529178,21,32398,-0.7811974883079529,-0.6228588819503784,0.04215872660279274,-9.82495403289795,2.6600000000000006
529178,22,42699,-0.7237541675567627,-0.36604437232017517,-0.5849713087081909,-11.44970703125,2.3700000000000006
529178,23,41761,-0.6740291118621826,-0.7315890789031982,-0.10228490084409714,-7.660240650177002,2.2900000000000005
529178,24,26855,-0.0995941013097763,-0.9873358607292175,-0.12348651885986328,6.16070556640625,2.24
529178,25,28063,-0.18662895262241364,-0.9659203886985779,0.17935270071029663,5.930543899536133,2.1000000000000005
529178,26,38909,-0.31949901580810547,0.07921693474054337,-0.944269597530365,-8.37463092803955,1.9300000000000004
529178,27,14592,0.9819533824920654,-0.06517437845468521,0.17753836512565613,18.79043197631836,1.8900000000000003
529178,28,39316,-0.13520050048828125,0.630652904510498,-0.7641974687576294,-6.764248371124268,1.6300000000000003
529178,29,28690,-0.8245370984077454,-0.5510934591293335,0.12819750607013702,-10.418213844299316,1.5100000000000002
529178,30,43123,-0.9448531866073608,-0.2925634980201721,-0.14717020094394684,-16.106815338134766,1.4000000000000004
529178,31,27508,-0.3680424988269806,-0.8224170207977295,0.4337913990020752,-0.8722166419029236,1.3400000000000003
529178,32,14509,0.956945538520813,-0.23107226192951202,0.17567265033721924,16.00702667236328,1.3200000000000003
529178,33,11155,0.9583319425582886,-0.11867605894804001,0.25983819365501404,17.01593017578125,1.2000000000000002
529178,34,23694,-0.6890089511871338,-0.6792330145835876,-0.25280267000198364,-8.735602378845215,1.1300000000000001
529178,35,37512,-0.18638871610164642,0.7914754152297974,-0.582087516784668,-7.440286636352539,1.1300000000000001
529178,36,38540,-0.07502289116382599,0.3200758695602417,-0.9444167613983154,-1.8810502290725708,1.0900000000000003
529178,37,7677,0.6930931210517883,-0.7045121788978577,0.15259267389774323,19.83700942993164,1.0200000000000002
529178,38,23459,0.9303463697433472,-0.20017863810062408,0.3072199821472168,16.45209312438965,1.0200000000000002
529178,39,38046,0.3539668619632721,0.00975041650235653,-0.9352071285247803,7.8311028480529785,0.9900000000000002
529178,40,35746,-0.16229625046253204,-0.9770783185958862,0.13776011765003204,1.8671072721481323,0.8100000000000002
529178,41,1180,-0.4712485074996948,0.8638998866081238,-0.17776916921138763,-16.36241912841797,0.7800000000000001
529178,42,8303,0.7664164304733276,-0.6155790686607361,-0.18348921835422516,18.945384979248047,0.7600000000000001
529178,43,3877,-0.5149597525596619,0.85697340965271,0.020324289798736572,-12.277174949645996,0.7200000000000002
529178,44,18213,0.9667130708694458,-0.17716501653194427,-0.18460333347320557,20.03163719177246,0.7000000000000002
529178,45,12368,0.9212721586227417,-0.3485508859157562,0.1725395917892456,18.463871002197266,0.5800000000000001
529178,46,11125,0.8608187437057495,-0.5089007616043091,-0.003328122431412339,17.964250564575195,0.5700000000000001
529178,47,14000,0.9771672487258911,0.0892479196190834,0.1928185373544693,18.26513671875,0.5700000000000001
529178,48,10821,0.9972432255744934,-0.07394050061702728,-0.0062205595895648,18.570947647094727,0.56
529178,49,41099,-0.8409562110900879,-0.44235798716545105,-0.3116280734539032,-11.604650497436523,0.56
529178,50,42088,-0.8639530539512634,-0.3215245008468628,-0.38756561279296875,-9.061254501342773,0.5200000000000001
529178,51,6460,-0.551393985748291,0.7048046588897705,0.4463351368904114,-13.365006446838379,0.4900000000000001
529178,52,27695,-0.3106534481048584,-0.8034549355506897,0.507892370223999,-0.31790727376937866,0.39000000000000007
529178,53,5430,-0.20298829674720764,0.9531441330909729,0.22430330514907837,-12.614901542663574,0.31000000000000005
529178,54,20759,0.9531363248825073,0.05656864121556282,-0.2972055971622467,20.01760482788086,0.28
529178,55,39207,-0.2660578489303589,0.6054182052612305,-0.7501213550567627,-7.137266635894775,0.28
529178,56,24029,-0.1397780328989029,-0.9616122245788574,-0.23614415526390076,6.930499076843262,0.25000000000000006
529178,57,28882,-0.5627426505088806,-0.7894420623779297,0.2451569139957428,-3.057973861694336,0.18000000000000005
529178,58,23588,-0.7593894004821777,-0.6504887342453003,0.013861922547221184,-10.032426834106445,0.17000000000000004
529178,59,1375,-0.05591922998428345,0.8782321214675903,-0.4749540686607361,-9.353113174438477,0.14
529178,60,32836,-0.8266666531562805,-0.44641512632369995,-0.3425431251525879,-10.17529296875,0.13000000000000003
529178,61,18811,0.9230368137359619,-0.20349852740764618,-0.3264833092689514,22.040945053100586,0.12000000000000002
529178,62,30580,-0.2839581072330475,-0.9497814774513245,-0.13146443665027618,0.6459702253341675,0.12000000000000002
529178,63,9889,0.8906652331352234,-0.40610355138778687,-0.2044391632080078,16.257089614868164,0.07
529178,64,31158,-0.6084988713264465,-0.5574104189872742,-0.5648210048675537,-7.000982284545898,0.07
529178,65,6569,-0.45972394943237305,0.8870939612388611,0.041451048105955124,-18.461856842041016,0.06000000000000001
529178,66,9894,0.8330629467964172,-0.5529542565345764,0.01573924347758293,16.343034744262695,0.05000000000000001
529178,67,9103,0.8754065632820129,-0.413429856300354,-0.25047770142555237,16.940975189208984,0.04000000000000001
529178,68,29850,-0.8396544456481934,-0.543055534362793,0.00843308586627245,-12.11394214630127,0.04000000000000001
529178,69,6960,-0.7662242650985718,0.618861734867096,-0.172946497797966,-15.920939445495605,0.030000000000000006
529178,70,25421,-0.8480553030967712,-0.4121050536632538,-0.3331240117549896,-13.73832893371582,0.010000000000000002
529178,71,28560,-0.8682559728622437,-0.33033013343811035,-0.3701534867286682,-16.850351333618164,0.010000000000000002
529178,72,33595,-0.37651365995407104,-0.9097261428833008,-0.17503082752227783,2.1541473865509033,0.010000000000000002
299256,1,39274,0.2972518801689148,0.280519962310791,-0.9126608967781067,4.064669132232666,21.750000000000004
299256,2,38325,0.2204708755016327,0.5804798603057861,-0.7838594913482666,-0.10566222667694092,21.410000000000004
299256,3,39738,-0.4181375801563263,0.2535113990306854,-0.8722917437553406,3.5005745887756348,10.430000000000001
299256,4,40767,-0.3808688819408417,0.8124971985816956,-0.44134703278541565,-0.800910472869873,7.760000000000002
299256,5,7670,0.9796841740608215,0.185322105884552,-0.07664599269628525,0.5205938816070557,5.370000000000001
299256,6,40024,-0.3677612841129303,0.6937432885169983,-0.619251012802124,-2.222072124481201,5.190000000000001
299256,7,29193,-0.34012138843536377,-0.9089356064796448,-0.2411503940820694,7.06368350982666,4.550000000000001
299256,8,22661,0.8634762763977051,-0.3345961272716522,-0.3774309456348419,5.136884689331055,4.5200000000000005
299256,9,30334,-0.3432483375072479,-0.9350046515464783,-0.08914528787136078,6.771605014801025,3.6800000000000006
299256,10,47627,-0.8458185791969299,-0.5028021931648254,-0.17827185988426208,5.878432273864746,3.6400000000000006
299256,11,28037,-0.20980846881866455,-0.968690812587738,0.13273486495018005,5.129398345947266,3.5100000000000007
299256,12,43537,-0.7587746381759644,-0.44821372628211975,-0.47261562943458557,3.9438838958740234,3.1200000000000006
299256,13,38006,0.2053430676460266,0.19362005591392517,-0.9593464136123657,2.683488368988037,2.8700000000000006
299256,14,3287,-0.3440514802932739,0.9245903491973877,0.1635887622833252,-5.684305667877197,2.7800000000000007
299256,15,30981,-0.7452846765518188,-0.6307429075241089,-0.21613448858261108,4.7484049797058105,2.5900000000000003
299256,16,18689,0.9401180148124695,-0.09002198278903961,0.3287462890148163,-4.731060028076172,2.4600000000000004
299256,17,23465,0.9075313806533813,-0.03999249264597893,0.4180757701396942,-4.619423866271973,2.3600000000000003
299256,18,42846,-0.8581897616386414,-0.41709983348846436,-0.29922908544540405,4.902153491973877,2.3100000000000005
299256,19,37607,0.12303999066352844,0.6076987385749817,-0.7845785021781921,0.6459965109825134,2.2600000000000002
299256,20,20785,0.9027701020240784,0.4154181182384491,0.11150740087032318,-5.142515659332275,2.2300000000000004
299256,21,20686,0.9666920304298401,-0.06399982422590256,-0.24781149625778198,3.2835850715637207,2.1800000000000006
299256,22,25276,-0.3234693109989166,-0.8752292990684509,0.3596404790878296,6.007455825805664,2.1300000000000003
299256,23,12456,0.9331232905387878,-0.12781848013401031,0.3360704481601715,-1.7875101566314697,2.0800000000000005
299256,24,27767,-0.50900799036026,-0.8331385850906372,0.21631214022636414,4.074193000793457,1.8500000000000003
299256,25,28429,-0.8809859156608582,-0.36207547783851624,0.304573655128479,3.6130313873291016,1.8100000000000003
299256,26,40286,0.43852388858795166,0.5805273056030273,-0.6860647797584534,-0.8579878807067871,1.7900000000000003
299256,27,24961,-0.8040385246276855,-0.4470037817955017,-0.39205828309059143,5.894717693328857,1.7800000000000002
299256,28,31517,0.14568376541137695,-0.9890607595443726,0.023131506517529488,4.3550519943237305,1.7000000000000004
299256,29,12438,0.8800627589225769,0.4489898979663849,0.15458837151527405,-6.0283732414245605,1.6500000000000004
299256,30,35084,-0.3243669271469116,-0.936475932598114,-0.1334124505519867,5.224554061889648,1.5500000000000003
299256,31,19501,0.9911635518074036,0.0974670872092247,0.08997192978858948,-1.401315450668335,1.4200000000000004
299256,32,10636,0.9041934013366699,-0.4270594120025635,0.0073862019926309586,2.928302764892578,1.1800000000000002
299256,33,38004,0.08788817375898361,0.44912609457969666,-0.8891351819038391,3.303725242614746,1.0700000000000003
299256,34,47592,-0.6536296010017395,-0.6748110055923462,-0.3426345884799957,7.262444496154785,1.0700000000000003
299256,35,18153,0.916279137134552,-0.26235827803611755,0.3026560842990875,-1.6923558712005615,0.9600000000000002
299256,36,37373,0.03881318122148514,0.36650359630584717,-0.9296067357063293,3.544081211090088,0.9500000000000002
299256,37,23939,-0.7220838665962219,-0.6740270256996155,-0.15582822263240814,9.390887260437012,0.9300000000000002
299256,38,10275,0.9058608412742615,-0.41825801134109497,-0.0669056698679924,4.381878852844238,0.8300000000000002
299256,39,2790,-0.24130912125110626,0.9427539110183716,-0.2301846742630005,-4.517983913421631,0.8200000000000002
299256,40,42447,-0.7970163226127625,-0.28816744685173035,-0.5307772755622864,5.636380195617676,0.8100000000000002
299256,41,47134,-0.7135224342346191,-0.5583717226982117,-0.4232099950313568,5.646989822387695,0.8000000000000002
299256,42,30802,-0.7358635663986206,-0.6673216819763184,0.11483261734247208,4.118312358856201,0.7800000000000001
299256,43,8150,0.9935092926025391,-0.06090521067380905,0.09607195854187012,-1.1941949129104614,0.6900000000000002
299256,44,25553,-0.1867569088935852,-0.9221338033676147,-0.33880841732025146,9.653865814208984,0.6800000000000002
299256,45,2974,-0.7231679558753967,0.6888213157653809,0.05052991211414337,-1.748012661933899,0.5800000000000001
299256,46,45625,-0.6989271640777588,-0.6232644319534302,-0.3507738709449768,10.137022972106934,0.4900000000000001
299256,47,23182,0.8709404468536377,-0.07036341726779938,0.4863247275352478,-1.2686198949813843,0.45000000000000007
299256,48,27126,-0.7799428105354309,-0.6122319102287292,-0.1298510581254959,3.9354281425476074,0.4000000000000001
299256,49,46295,-0.763280987739563,-0.530844509601593,-0.36824747920036316,6.846932888031006,0.37000000000000005
299256,50,27107,-0.7173293828964233,-0.640591025352478,-0.27401047945022583,7.848508358001709,0.3600000000000001
299256,51,32434,-0.6786133050918579,-0.7299010157585144,0.08202710747718811,5.06025505065918,0.3400000000000001
299256,52,33471,-0.2672549784183502,-0.9283954501152039,0.25817951560020447,7.502312660217285,0.33000000000000007
299256,53,28456,-0.013355228118598461,-0.860090970993042,-0.5099658966064453,9.219637870788574,0.28
299256,54,13153,0.9846595525741577,-0.16948126256465912,0.04149272292852402,0.7381560802459717,0.23000000000000004
299256,55,47306,-0.7823475003242493,-0.17898687720298767,-0.5965702533721924,7.721337795257568,0.20000000000000004
299256,56,29291,-0.5301874876022339,-0.79330974817276,-0.2992672920227051,6.972532749176025,0.19000000000000003
299256,57,579,-0.3675527572631836,0.9206004738807678,-0.13190796971321106,-7.952182292938232,0.16000000000000003
299256,58,47437,-0.8788958191871643,-0.43621718883514404,-0.1930200308561325,1.4134111404418945,0.12000000000000002
299256,59,43803,-0.8950396776199341,-0.10918056219816208,-0.4324159324169159,2.6316304206848145,0.10000000000000002
299256,60,46138,-0.8916292786598206,-0.17277498543262482,-0.4185045659542084,2.839080810546875,0.10000000000000002
299256,61,16759,0.9913694858551025,0.0379612036049366,-0.1254810243844986,-0.14937523007392883,0.09000000000000002
299256,62,29407,-0.3566203713417053,-0.7697199583053589,-0.5294837951660156,12.827778816223145,0.08000000000000002
299256,63,16721,0.9586848020553589,-0.25734665989875793,0.12122773379087448,3.016663074493408,0.07
299256,64,15302,0.9803491830825806,-0.11364154517650604,-0.16124844551086426,-1.7469019889831543,0.06000000000000001
299256,65,5301,-0.3530179262161255,0.8485760688781738,0.3940773904323578,-11.67309856414795,0.05000000000000001
299256,66,21154,0.8831284046173096,0.3973451554775238,-0.24940133094787598,-1.7948436737060547,0.04000000000000001
299256,67,18744,0.9167846441268921,-0.38093245029449463,0.11998491734266281,2.887939929962158,0.030000000000000006
299256,68,37956,-0.5899155139923096,0.7805982232093811,-0.20655784010887146,-3.8231263160705566,0.030000000000000006
299256,69,39757,-0.24880342185497284,0.2927461862564087,-0.9232532382011414,1.404260277748108,0.030000000000000006
299256,70,23445,0.9774459004402161,-0.03821445256471634,0.20769977569580078,-0.23779603838920593,0.020000000000000004
299256,71,6934,-0.5348528027534485,0.8429712653160095,-0.05772297829389572,-2.389591693878174,0.010000000000000002
299256,72,22135,0.8608827590942383,-0.5004014372825623,0.09208306670188904,4.836643695831299,0.010000000000000002
299256,73,32513,-0.4949257969856262,-0.868333101272583,-0.03234323859214783,5.928126811981201,0.010000000000000002
137196,1,39968,0.5660015940666199,0.48800650238990784,-0.6644484996795654,-8.148909568786621,13.590000000000003
137196,2,38906,-0.09618392586708069,0.7663617730140686,-0.6351679563522339,3.3677685260772705,13.220000000000002
137196,3,38134,-0.11972483992576599,0.245659738779068,-0.9619341492652893,-2.406007766723633,10.960000000000003
137196,4,38961,0.28054818511009216,0.6347153186798096,-0.7200202941894531,-2.206622362136841,9.650000000000002
137196,5,46476,-0.9048951864242554,-0.33565279841423035,-0.2617286145687103,7.472257137298584,6.440000000000001
137196,6,25769,-0.7424759864807129,-0.6665628552436829,-0.0665087029337883,3.6900997161865234,6.260000000000002
137196,7,2861,-0.14439663290977478,0.9678241014480591,-0.2060731202363968,3.7618939876556396,6.210000000000001
137196,8,29176,-0.23290784657001495,-0.939911961555481,0.24963858723640442,-0.8220005035400391,4.5200000000000005
137196,9,37773,-0.36983242630958557,-0.5368421673774719,-0.758303701877594,0.8618583679199219,3.7400000000000007
137196,10,5605,0.05737004429101944,0.9961958527565002,-0.06559311598539352,2.3294742107391357,2.8600000000000008
137196,11,14046,0.9189948439598083,0.05804382637143135,-0.38997355103492737,-14.044034957885742,2.5500000000000007
137196,12,5485,-0.5924052596092224,0.6797330379486084,-0.43245697021484375,8.84311580657959,2.3800000000000003
137196,13,19437,0.8865722417831421,0.4136151671409607,0.20715251564979553,-8.95422077178955,1.7100000000000004
137196,14,6470,0.20296892523765564,0.9543871879577637,-0.21897192299365997,0.7290152311325073,1.2900000000000003
137196,15,17066,0.9913450479507446,0.1289168745279312,-0.024807235226035118,-9.017309188842773,1.2100000000000002
137196,16,22712,0.9259645938873291,-0.37558579444885254,-0.039049092680215836,-14.774287223815918,1.0100000000000002
137196,17,21949,0.9020719528198242,-0.42959433794021606,-0.04141150787472725,-13.206428527832031,0.7900000000000001
137196,18,37066,-0.27138400077819824,0.4280444085597992,-0.8620491623878479,1.774187445640564,0.7700000000000001
137196,19,46919,-0.8325731754302979,-0.388818621635437,-0.39451485872268677,4.276170253753662,0.7200000000000002
137196,20,35801,-0.7250910997390747,-0.676922619342804,0.1265650987625122,4.160974979400635,0.7000000000000002
137196,21,16010,0.8915827870368958,-0.4525589942932129,-0.01644524373114109,-9.886844635009766,0.6800000000000002
137196,22,1389,0.03857522830367088,0.9288485050201416,-0.3684459626674652,0.7804667353630066,0.6100000000000001
137196,23,3462,-0.48981621861457825,0.7954965829849243,-0.3567425608634949,6.219333648681641,0.6000000000000001
137196,24,32563,-0.7703666090965271,-0.32548025250434875,-0.5482681393623352,3.2805843353271484,0.5300000000000001
137196,25,24520,-0.8344479203224182,-0.52984219789505,0.1515384316444397,8.045318603515625,0.3600000000000001
137196,26,22899,0.9218531250953674,-0.37887826561927795,-0.08147408813238144,-11.795473098754883,0.3400000000000001
137196,27,27488,-0.9613149166107178,-0.27143359184265137,-0.04687660187482834,7.142691135406494,0.25000000000000006
137196,28,22411,0.8609194159507751,-0.5019370317459106,-0.08292774856090546,-10.529491424560547,0.22000000000000003
137196,29,44351,-0.6379369497299194,-0.3374927341938019,-0.6921958327293396,5.949077129364014,0.20000000000000004
137196,30,31929,-0.2509637176990509,-0.9428407549858093,-0.21924546360969543,-5.065960884094238,0.17000000000000004
137196,31,29749,-0.5015056729316711,-0.8340985774993896,-0.22972068190574646,0.8450528383255005,0.12000000000000002
137196,32,30381,-0.798203706741333,-0.08947242796421051,0.5957058668136597,8.241084098815918,0.10000000000000002
137196,33,7453,0.7547409534454346,-0.1620909720659256,-0.6356827616691589,-12.733292579650879,0.05000000000000001
137196,34,24373,-0.28341516852378845,-0.7284421920776367,-0.6237369775772095,-2.8397700786590576,0.05000000000000001
137196,35,4387,-0.8133033514022827,0.5818232297897339,0.00440361350774765,13.514646530151367,0.020000000000000004
137196,36,35947,0.01866147294640541,-0.9559673070907593,0.29287925362586975,-4.716358661651611,0.020000000000000004
137196,37,37835,-0.027592502534389496,0.2738884687423706,-0.9613655805587769,-0.2924443483352661,0.020000000000000004
137196,38,43866,-0.6833399534225464,-0.18289782106876373,-0.7068202495574951,6.329626083374023,0.020000000000000004
137196,39,45427,-0.5987494587898254,-0.687804639339447,-0.4103947579860687,-0.20496773719787598,0.020000000000000004
362813,1,40464,0.044961947947740555,0.5538598299026489,-0.8313950300216675,-4.713716983795166,26.670000000000005
362813,2,37465,-0.1390741765499115,0.21050789952278137,-0.9676491022109985,-1.9890093803405762,11.510000000000002
362813,3,39427,-0.29428693652153015,0.34830397367477417,-0.8899884819984436,-3.4904117584228516,10.850000000000001
362813,4,43193,-0.5477274060249329,-0.7773244976997375,-0.30945324897766113,0.6594803333282471,6.410000000000001
362813,5,39406,-0.07098226994276047,0.11186696588993073,-0.9911847710609436,-1.9333536624908447,5.340000000000001
362813,6,30807,-0.15045200288295746,-0.8215996623039246,-0.5498528480529785,4.0485053062438965,4.200000000000001
362813,7,40257,0.5449357628822327,0.6194216012954712,-0.5651211738586426,-3.486175060272217,3.5900000000000007
362813,8,16721,0.9586848020553589,-0.25734665989875793,0.12122773379087448,3.016663074493408,3.5400000000000005
362813,9,24277,-0.6218110918998718,-0.6558442711830139,-0.42804116010665894,1.7319587469100952,3.2700000000000005
362813,10,33254,-0.707033097743988,-0.6144267320632935,0.3501199781894684,-0.5281788110733032,3.1800000000000006
362813,11,9235,0.9847291707992554,-0.17405474185943604,0.0036644237115979195,9.205028533935547,3.0700000000000007
362813,12,30862,0.23618724942207336,-0.9711166024208069,0.033884041011333466,8.459426879882812,3.0500000000000007
362813,13,18432,0.9680439233779907,-0.22774405777454376,-0.10499344021081924,8.227438926696777,2.5800000000000005
362813,14,8426,0.9274077415466309,-0.3696030378341675,0.05751953274011612,8.523344039916992,2.4100000000000006
362813,15,13238,0.9691795706748962,-0.24093323945999146,-0.0514020100235939,5.969481468200684,2.2700000000000005
362813,16,39207,-0.2660578489303589,0.6054182052612305,-0.7501213550567627,-7.137266635894775,1.8800000000000003
362813,17,5580,-0.7592477202415466,0.6174936890602112,-0.2055344581604004,-8.139894485473633,1.8700000000000003
362813,18,35710,-0.3874339461326599,-0.823471188545227,0.4144757091999054,3.959481954574585,1.8700000000000003
362813,19,2131,0.07584722340106964,0.918167769908905,0.38886386156082153,-7.6676225662231445,1.8200000000000003
362813,20,8234,0.9808568954467773,0.14151199162006378,0.13376906514167786,1.9173176288604736,1.8000000000000003
362813,21,12599,0.9052944183349609,-0.34577101469039917,0.24674776196479797,7.851385593414307,1.6700000000000004
362813,22,35669,-0.6882521510124207,-0.7175393104553223,-0.10698747634887695,0.8035230040550232,1.5500000000000003
362813,23,32731,-0.9081928133964539,-0.41831645369529724,-0.014041718095541,-3.062664270401001,1.4900000000000002
362813,24,10684,0.9302959442138672,-0.3581317961215973,-0.07931613177061081,5.363288402557373,1.4600000000000002
362813,25,36562,-0.6978151202201843,-0.6989023089408875,0.15681082010269165,-0.2889028787612915,1.3400000000000003
362813,26,10537,0.9820839166641235,-0.1524314135313034,0.11079657822847366,3.106722593307495,1.2500000000000002
362813,27,30336,-0.7364296913146973,-0.6643199920654297,0.12786820530891418,3.304039239883423,0.9900000000000002
362813,28,13159,0.9319261908531189,-0.36143940687179565,-0.029582561925053596,8.21675968170166,0.8400000000000002
362813,29,3962,-0.1848466396331787,0.9587222933769226,-0.21606317162513733,-5.164801597595215,0.7200000000000002
362813,30,27963,-0.5938978791236877,-0.681312084197998,-0.42790088057518005,2.8271918296813965,0.6900000000000002
362813,31,2079,-0.3491614758968353,0.8281452059745789,-0.43847665190696716,-7.307910442352295,0.6600000000000001
362813,32,3614,-0.14052385091781616,0.8985589146614075,0.4157462418079376,-8.67212200164795,0.6300000000000001
362813,33,12750,0.9941368103027344,0.10668358206748962,0.017623864114284515,4.390508651733398,0.6300000000000001
362813,34,3215,-0.2833884656429291,0.949805736541748,-0.13251428306102753,-6.671241760253906,0.6200000000000001
362813,35,17043,0.9823798537254333,-0.16197501122951508,0.0932411178946495,2.626047372817993,0.5900000000000001
362813,36,24254,-0.44978395104408264,-0.8083169460296631,0.3798922896385193,4.436796188354492,0.5500000000000002
362813,37,22577,0.9547027349472046,0.23803041875362396,-0.17856137454509735,6.016608238220215,0.4800000000000001
362813,38,39649,-0.15429162979125977,0.6293158531188965,-0.761679470539093,-4.329409599304199,0.4600000000000001
362813,39,7777,0.8900405764579773,-0.4557631015777588,0.010380608960986137,10.84521198272705,0.39000000000000007
362813,40,19478,0.8663942217826843,-0.46776947379112244,-0.17479346692562103,9.026765823364258,0.37000000000000005
362813,41,21789,0.9994297027587891,-0.0159115269780159,-0.0297832153737545,7.503981113433838,0.3400000000000001
362813,42,20403,0.9161434173583984,-0.4007931649684906,0.006790035869926214,7.029079437255859,0.32000000000000006
362813,43,17421,0.9034405946731567,-0.3475055992603302,0.2510676085948944,9.241615295410156,0.2700000000000001
362813,44,22930,0.9902194738388062,-0.13396748900413513,0.03896216303110123,5.886370658874512,0.21000000000000005
362813,45,782,-0.3922315239906311,0.9198315739631653,-0.008020163513720036,-5.652916431427002,0.18000000000000005
362813,46,29576,-0.05350544676184654,-0.9615446329116821,-0.2693865895271301,2.538341522216797,0.17000000000000004
362813,47,3236,-0.33790916204452515,0.9323080778121948,-0.1289147138595581,-8.840593338012695,0.15000000000000002
362813,48,26978,-0.2802359163761139,-0.9368898868560791,0.20905768871307373,3.269460439682007,0.15000000000000002
362813,49,28122,-0.7934392094612122,-0.6086481809616089,0.001291920430958271,3.198068618774414,0.15000000000000002
362813,50,23252,0.9893813729286194,-0.02504538558423519,-0.14316843450069427,4.323451042175293,0.13000000000000003
362813,51,33122,-0.8017602562904358,-0.5693379044532776,-0.1817547082901001,-2.0924386978149414,0.10000000000000002
362813,52,38090,0.6153777241706848,0.6614751219749451,-0.42867350578308105,-4.598083019256592,0.10000000000000002
362813,53,23044,0.9669612050056458,-0.2197713404893875,0.12917667627334595,9.14390754699707,0.09000000000000002
362813,54,27330,-0.3417430818080902,-0.8823108077049255,-0.3236345946788788,2.8651132583618164,0.09000000000000002
362813,55,22965,0.9581137299537659,-0.16652044653892517,-0.23300009965896606,8.880586624145508,0.08000000000000002
362813,56,32682,-0.7891159057617188,-0.507053017616272,0.3466891050338745,-2.6478419303894043,0.06000000000000001
362813,57,9813,0.8514085412025452,-0.5078393220901489,0.13115929067134857,9.208819389343262,0.05000000000000001
362813,58,18403,0.952808678150177,-0.300498366355896,-0.04308486729860306,7.822397232055664,0.010000000000000002
362813,59,37322,-0.357323557138443,-0.17423181235790253,-0.9175854921340942,0.9393600821495056,0.010000000000000002
362813,60,47162,-0.7025953531265259,-0.5666983127593994,-0.4303635060787201,0.18660855293273926,0.010000000000000002
245372,1,37375,-0.15029123425483704,0.6386401057243347,-0.7546862959861755,7.7843403816223145,12.640000000000002
245372,2,2861,-0.14439663290977478,0.9678241014480591,-0.2060731202363968,3.7618939876556396,7.650000000000001
245372,3,39873,0.1750839501619339,0.7429322004318237,-0.646062970161438,6.219775199890137,7.620000000000002
245372,4,1356,-0.4983222484588623,0.8668770790100098,0.014109519310295582,4.144926071166992,6.530000000000001
245372,5,18689,0.9401180148124695,-0.09002198278903961,0.3287462890148163,-4.731060028076172,6.3900000000000015
245372,6,37279,0.01246197521686554,0.7375673651695251,-0.6751585602760315,5.033202648162842,6.280000000000001
245372,7,32839,-0.6189197897911072,-0.6920484304428101,-0.37149330973625183,4.366337776184082,4.390000000000001
245372,8,32343,-0.7675256729125977,-0.6331138014793396,0.10035578906536102,1.3336666822433472,4.340000000000001
245372,9,293,-0.43039101362228394,0.8667661547660828,0.2519523501396179,3.9322714805603027,4.3100000000000005
245372,10,5530,-0.643566906452179,0.7509280443191528,0.14808346331119537,6.161011695861816,3.8400000000000007
245372,11,38635,0.8025465607643127,-0.057075921446084976,-0.5938529372215271,-2.832991600036621,3.7400000000000007
245372,12,10588,0.8707797527313232,-0.4285672903060913,0.240982785820961,-7.601341247558594,2.5600000000000005
245372,13,21326,0.9062409400939941,-0.41575345396995544,-0.07665777206420898,-4.752981185913086,2.4600000000000004
245372,14,19970,0.9003974199295044,0.1788744032382965,-0.3965960741043091,-2.400806427001953,2.1000000000000005
245372,15,27350,-0.3711130917072296,-0.906079888343811,0.20321016013622284,-3.4100570678710938,1.9200000000000004
245372,16,34674,-0.3309290409088135,-0.8717219829559326,-0.3613679111003876,-0.26966947317123413,1.9100000000000004
245372,17,28215,-0.5200178027153015,-0.7713770866394043,-0.36682263016700745,2.5114634037017822,1.5900000000000003
245372,18,36691,0.11279992759227753,-0.9936063289642334,-0.00475480780005455,-3.2114479541778564,1.5100000000000002
245372,19,43787,-0.8821952939033508,-0.2058984935283661,-0.4234822988510132,4.543924331665039,1.3700000000000003
245372,20,29048,-0.7190644145011902,-0.5672027468681335,-0.40153130888938904,4.01925802230835,1.2200000000000002
245372,21,21044,0.8894661664962769,-0.08060126006603241,-0.44983699917793274,-1.1983028650283813,0.9700000000000002
245372,22,35219,-0.27120187878608704,-0.9135897159576416,-0.30299073457717896,-0.41009771823883057,0.9000000000000001
245372,23,35240,-0.2362300604581833,-0.9479333758354187,-0.21358296275138855,-1.9207534790039062,0.8800000000000001
245372,24,36236,-0.7459669709205627,-0.5736808776855469,0.33826544880867004,-1.9966579675674438,0.6000000000000001
245372,25,5820,-0.3705906867980957,0.8144199252128601,-0.44652289152145386,8.303179740905762,0.5800000000000001
245372,26,28468,-0.6737883687019348,-0.7185392379760742,-0.17236749827861786,0.04259985685348511,0.5400000000000001
245372,27,37773,-0.36983242630958557,-0.5368421673774719,-0.758303701877594,0.8618583679199219,0.5200000000000001
245372,28,24252,-0.3638633191585541,-0.918317973613739,0.15587058663368225,-2.5956308841705322,0.44000000000000006
245372,29,46585,-0.9676080346107483,-0.13659650087356567,-0.21231123805046082,7.592370986938477,0.4300000000000001
245372,30,37954,0.11154755204916,0.30008164048194885,-0.9473690390586853,7.837258338928223,0.3600000000000001
245372,31,47080,-0.8992722630500793,-0.2628399729728699,-0.34960633516311646,3.0669479370117188,0.3600000000000001
245372,32,9342,0.9946205615997314,-0.07302938401699066,0.07346205413341522,-3.828939914703369,0.3400000000000001
245372,33,11122,0.9710776209831238,0.16688424348831177,0.17075690627098083,-6.010428428649902,0.33000000000000007
245372,34,37155,-0.1191081702709198,0.7922998070716858,-0.5983930826187134,5.714597225189209,0.33000000000000007
245372,35,47465,-0.8677988052368164,-0.4899342954158783,-0.0830034613609314,2.341623306274414,0.33000000000000007
245372,36,10964,0.9492657780647278,-0.19373081624507904,-0.24771521985530853,-5.714850425720215,0.22000000000000003
245372,37,9463,0.9112120866775513,-0.38423264026641846,-0.14851871132850647,-6.922053813934326,0.19000000000000003
245372,38,47352,-0.7893376350402832,-0.5756285786628723,-0.21353639662265778,0.7303431630134583,0.16000000000000003
245372,39,19285,0.9575698971748352,-0.2859456539154053,-0.035985395312309265,-7.679011344909668,0.15000000000000002
245372,40,45262,-0.7483974099159241,-0.5339085459709167,-0.3935008645057678,5.744885444641113,0.14
245372,41,23219,0.9217677116394043,-0.08689875900745392,-0.37787944078445435,-4.055237293243408,0.12000000000000002
245372,42,5646,-0.5252053737640381,0.8414961099624634,0.12666340172290802,5.1036787033081055,0.10000000000000002
245372,43,36987,-0.6391856670379639,-0.7686727046966553,-0.024166196584701538,-1.1280757188796997,0.09000000000000002
245372,44,47137,-0.5295534729957581,-0.31905126571655273,-0.7859894633293152,5.551296234130859,0.08000000000000002
245372,45,27685,-0.3619404435157776,-0.8826824426651001,0.29978469014167786,-3.85046648979187,0.07
245372,46,36917,-0.11236687749624252,-0.9908393621444702,0.07490693777799606,-1.9634820222854614,0.030000000000000006
245372,47,41465,-0.960271954536438,0.016074277460575104,-0.2786025106906891,5.149857044219971,0.030000000000000006
245372,48,41803,-0.8378678560256958,-0.4117198586463928,-0.3584190607070923,4.845242500305176,0.030000000000000006
245372,49,16052,0.9745879769325256,0.19928257167339325,0.10229726880788803,-2.367952585220337,0.020000000000000004
245372,50,18206,0.9574443697929382,0.15968690812587738,0.24041706323623657,-5.6387505531311035,0.020000000000000004
245372,51,33476,-0.7245170474052429,-0.5905628204345703,-0.3554019629955292,0.6959778070449829,0.020000000000000004
245372,52,37401,-0.0008080271072685719,0.47438979148864746,-0.8803145289421082,7.118099689483643,0.020000000000000004
245372,53,656,-0.44054946303367615,0.8951570391654968,0.06789696961641312,6.133081912994385,0.010000000000000002
245372,54,9932,0.9362332224845886,-0.32021814584732056,0.14466401934623718,-6.060663223266602,0.010000000000000002
245372,55,10117,0.9886044859886169,-0.1293434500694275,-0.07701585441827774,-1.9525165557861328,0.010000000000000002
245372,56,12606,0.9970076680183411,0.07573742419481277,0.015478018671274185,-4.155276775360107,0.010000000000000002
245372,57,21664,0.9191286563873291,-0.059363849461078644,-0.38945916295051575,-1.400322437286377,0.010000000000000002
245372,58,37087,0.10724275559186935,-0.1592918485403061,-0.9813893437385559,6.08415412902832,0.010000000000000002
245372,59,47480,-0.9629522562026978,-0.12698623538017273,-0.23790216445922852,3.9531965255737305,0.010000000000000002
97363,1,40509,0.45751136541366577,0.30229148268699646,-0.8362435102462769,-1.7133108377456665,16.880000000000003
97363,2,40432,0.3968987762928009,0.36398813128471375,-0.842605471611023,0.5216174721717834,9.840000000000002
97363,3,39873,0.1750839501619339,0.7429322004318237,-0.646062970161438,6.219775199890137,9.050000000000002
97363,4,38513,-0.17812369763851166,0.528809666633606,-0.8298386931419373,11.431909561157227,7.980000000000001
97363,5,32014,-0.69780433177948,-0.6445983052253723,-0.31234943866729736,6.789207935333252,7.760000000000002
97363,6,38185,-0.10841967165470123,0.8071977496147156,-0.5802386999130249,10.060129165649414,6.400000000000001
97363,7,13087,0.8475222587585449,-0.508446216583252,-0.15227781236171722,-13.455916404724121,6.090000000000001
97363,8,43734,-0.938053548336029,-0.3464435935020447,-0.0056898281909525394,12.511001586914062,5.670000000000001
97363,9,42334,-0.6482973098754883,-0.7226074934005737,-0.2398938089609146,8.909070014953613,5.260000000000001
97363,10,20068,0.8929436802864075,0.09344665706157684,-0.44036275148391724,-11.110440254211426,3.3300000000000005
97363,11,18788,0.91167813539505,-0.40414658188819885,0.07421931624412537,-18.204008102416992,3.3000000000000007
97363,12,24005,-0.8002034425735474,-0.581150472164154,-0.14811678230762482,9.007549285888672,3.1600000000000006
97363,13,23974,-0.2740948498249054,-0.9615762829780579,-0.015589992515742779,-1.7772401571273804,3.1200000000000006
97363,14,39722,0.3805557191371918,0.05751512572169304,-0.9229676723480225,0.4783957302570343,2.8300000000000005
97363,15,24475,-0.4396030306816101,-0.8659188747406006,0.23860782384872437,1.7830325365066528,2.4900000000000007
97363,16,9961,0.9446200728416443,-0.30237630009651184,-0.1275203377008438,-14.245559692382812,2.3800000000000003
97363,17,11992,0.961483895778656,-0.23181472718715668,0.14768412709236145,-17.55786895751953,2.3200000000000003
97363,18,31684,-0.382685124874115,-0.9215619564056396,0.06538811326026917,-1.1414284706115723,2.2100000000000004
97363,19,13165,0.9477403163909912,-0.21683266758918762,-0.23403404653072357,-12.980475425720215,1.9900000000000004
97363,20,11252,0.9443729519844055,-0.12056218087673187,-0.30598124861717224,-14.96761417388916,1.9600000000000004
97363,21,18300,0.8888949155807495,-0.4565295875072479,0.03803445026278496,-16.516233444213867,1.9500000000000004
97363,22,31306,-0.44699129462242126,-0.8915404677391052,0.07317333668470383,0.9840993881225586,1.9500000000000004
97363,23,6584,-0.19393058121204376,0.9742552638053894,-0.11496807634830475,7.059828281402588,1.6900000000000004
97363,24,14152,0.94282066822052,0.25167110562324524,-0.2185196578502655,-9.5618314743042,1.6900000000000004
97363,25,40733,0.14790531992912292,0.3487425446510315,-0.9254742860794067,5.704488277435303,1.6700000000000004
97363,26,8108,0.763868510723114,-0.6366775035858154,-0.10557772219181061,-11.903875350952148,1.4800000000000002
97363,27,31853,-0.9703776836395264,-0.23820878565311432,-0.04029612988233566,13.028532028198242,1.4400000000000004
97363,28,19233,0.9504625201225281,-0.3067385256290436,0.050323985517024994,-18.24917221069336,1.3400000000000003
97363,29,45247,-0.7008712291717529,-0.6268046498298645,-0.34043431282043457,9.150774955749512,1.2500000000000002
97363,30,17362,0.9874617457389832,-0.14845065772533417,-0.05368198826909065,-16.87457847595215,1.2000000000000002
97363,31,20966,0.885951578617096,-0.31429216265678406,-0.34104281663894653,-13.259233474731445,1.1000000000000003
97363,32,36309,0.06607051193714142,-0.9920256733894348,0.10733002424240112,-6.5083417892456055,1.1000000000000003
97363,33,33392,-0.6825767159461975,-0.6325855255126953,-0.36595699191093445,7.443334579467773,1.0100000000000002
97363,34,37375,-0.15029123425483704,0.6386401057243347,-0.7546862959861755,7.7843403816223145,0.9800000000000002
97363,35,39314,-0.043990857899188995,0.23043687641620636,-0.9720923900604248,7.319565773010254,0.9600000000000002
97363,36,18997,0.9652431011199951,0.0023868000134825706,0.2613427937030792,-18.69194793701172,0.9500000000000002
97363,37,35286,-0.5356787443161011,-0.608937680721283,-0.5850155353546143,8.284897804260254,0.9500000000000002
97363,38,38006,0.2053430676460266,0.19362005591392517,-0.9593464136123657,2.683488368988037,0.9200000000000002
97363,39,35437,-0.8699123859405518,-0.49254655838012695,-0.025502031669020653,12.768250465393066,0.8700000000000002
97363,40,20479,0.8744150400161743,0.04140862822532654,0.4834083616733551,-15.19297981262207,0.7700000000000001
97363,41,16205,0.9184125065803528,0.09575192630290985,0.3838619887828827,-13.555139541625977,0.6300000000000001
97363,42,29525,-0.8672519326210022,-0.49359601736068726,0.06509298086166382,8.30414867401123,0.5700000000000001
97363,43,9153,0.9896683096885681,0.07490254938602448,0.12225494533777237,-14.355257034301758,0.5300000000000001
97363,44,22924,0.8908122181892395,-0.25454533100128174,-0.37637782096862793,-14.708226203918457,0.5200000000000001
97363,45,13069,0.9099271297454834,-0.23929935693740845,-0.3387749195098877,-13.014809608459473,0.4800000000000001
97363,46,24728,-0.3374975025653839,-0.9398893713951111,0.05199473351240158,-2.8211281299591064,0.4300000000000001
97363,47,21979,0.5707207918167114,-0.7684251666069031,-0.28948327898979187,-14.344032287597656,0.39000000000000007
97363,48,20480,0.9726024866104126,-0.1742967665195465,-0.15383434295654297,-14.436665534973145,0.38000000000000006
97363,49,19351,0.9608154892921448,0.13535992801189423,-0.24189098179340363,-9.789410591125488,0.32000000000000006
97363,50,12532,0.9881748557090759,-0.09768178313970566,-0.11818914860486984,-12.347704887390137,0.30000000000000004
97363,51,42995,-0.49008581042289734,-0.5757574439048767,-0.6544610261917114,8.051163673400879,0.25000000000000006
97363,52,36328,-0.8804487586021423,-0.3404989242553711,0.32995522022247314,9.748641967773438,0.21000000000000005
97363,53,29724,-0.4784504771232605,-0.8242727518081665,0.3027532398700714,1.5363707542419434,0.18000000000000005
97363,54,28413,-0.759863018989563,-0.6155514121055603,-0.2090565711259842,11.157678604125977,0.16000000000000003
97363,55,42536,-0.8405044078826904,-0.2105838656425476,-0.49920618534088135,15.802706718444824,0.13000000000000003
97363,56,8368,0.9511200785636902,-0.09464889764785767,0.29395952820777893,-13.44774055480957,0.12000000000000002
97363,57,5477,-0.6605005264282227,0.7127417325973511,-0.2360895276069641,17.653934478759766,0.08000000000000002
97363,58,25253,-0.17454573512077332,-0.9315351247787476,-0.3190237581729889,0.7613523006439209,0.08000000000000002
97363,59,40984,-0.04382697120308876,0.356626033782959,-0.9332186579704285,9.319829940795898,0.08000000000000002
97363,60,16506,0.8892200589179993,-0.42444348335266113,-0.17069107294082642,-13.754666328430176,0.06000000000000001
97363,61,18462,0.9341947436332703,-0.30546897649765015,0.1843065619468689,-13.755021095275879,0.06000000000000001
97363,62,3608,-0.6238232254981995,0.6623706817626953,0.4148609936237335,13.839046478271484,0.04000000000000001
97363,63,22883,0.9503134489059448,-0.20669500529766083,0.23276931047439575,-19.877777099609375,0.04000000000000001
97363,64,29363,-0.48422694206237793,-0.8100872039794922,0.3305797576904297,3.2900795936584473,0.04000000000000001
97363,65,22273,0.9925571084022522,-0.0023574160877615213,0.12175735086202621,-13.70853042602539,0.030000000000000006
97363,66,14633,0.9719341993331909,-0.22929784655570984,-0.05259685963392258,-13.244449615478516,0.020000000000000004
97363,67,25560,-0.8610082864761353,-0.46410444378852844,-0.2080187350511551,11.012130737304688,0.020000000000000004
97363,68,46364,-0.8012105822563171,-0.39810770750045776,-0.4467346668243408,13.30555534362793,0.020000000000000004
97363,69,21663,0.9095453023910522,-0.3156716227531433,-0.2703307867050171,-16.938018798828125,0.010000000000000002
528071,1,5358,-0.4735246002674103,0.8638221025466919,0.17200519144535065,-8.595338821411133,14.970000000000002
528071,2,14819,0.8909172415733337,-0.4405997097492218,0.11017443239688873,17.799964904785156,9.890000000000002
528071,3,21531,0.9463913440704346,-0.20298807322978973,-0.2512752413749695,15.169219970703125,9.510000000000002
528071,4,26289,-0.34842222929000854,-0.9367842078208923,-0.03220684453845024,-3.1159579753875732,6.310000000000001
528071,5,12845,0.8573471307754517,-0.510759174823761,0.06388261914253235,17.074726104736328,6.240000000000001
528071,6,33955,-0.6013028621673584,-0.7789892554283142,-0.17779377102851868,-7.243324279785156,5.870000000000001
528071,7,38531,-0.09375681728124619,0.43006694316864014,-0.8979154229164124,-9.610917091369629,5.650000000000001
528071,8,28731,-0.49891430139541626,-0.7974353432655334,-0.3393838107585907,-6.295083522796631,4.490000000000001
528071,9,42768,-0.8322226405143738,-0.44995972514152527,-0.32394713163375854,-14.364622116088867,4.300000000000001
528071,10,38978,-0.35096532106399536,0.2287459373474121,-0.9080190658569336,-9.733575820922852,4.120000000000001
528071,11,36720,0.04084458202123642,-0.979033887386322,-0.1995605081319809,2.6743369102478027,3.2100000000000004
528071,12,40464,0.044961947947740555,0.5538598299026489,-0.8313950300216675,-4.713716983795166,2.9800000000000004
528071,13,38068,-0.017841534689068794,0.6507079005241394,-0.7591184973716736,-5.355246067047119,2.880000000000001
528071,14,14830,0.9163996577262878,0.3896523714065552,0.0915568396449089,13.64539623260498,2.6400000000000006
528071,15,3604,-0.058848001062870026,0.994497537612915,0.08666933327913284,-1.9454336166381836,2.5200000000000005
528071,16,31404,0.03867446258664131,-0.9850918054580688,0.16762574017047882,3.9909915924072266,2.4000000000000004
528071,17,40795,0.30236828327178955,0.2998158633708954,-0.9048115015029907,1.5389090776443481,2.2300000000000004
528071,18,17961,0.9831836223602295,0.17317171394824982,0.05797829106450081,16.465662002563477,2.0000000000000004
528071,19,37512,-0.18638871610164642,0.7914754152297974,-0.582087516784668,-7.440286636352539,1.7200000000000004
528071,20,3877,-0.5149597525596619,0.85697340965271,0.020324289798736572,-12.277174949645996,1.5400000000000003
528071,21,28439,-0.09829932451248169,-0.9776063561439514,-0.18607263267040253,-0.027197718620300293,1.4900000000000002
528071,22,13265,0.8639288544654846,-0.3296019434928894,-0.3807748854160309,12.521696090698242,1.4800000000000002
528071,23,27575,-0.6123180389404297,-0.738793671131134,-0.28151464462280273,-10.172577857971191,1.4500000000000002
528071,24,5648,-0.4712505340576172,0.80263751745224,-0.36564451456069946,-11.89976692199707,1.3800000000000003
528071,25,30727,-0.2036176323890686,-0.9684007167816162,0.14401376247406006,1.199413537979126,1.3300000000000003
528071,26,31420,-0.34577518701553345,-0.9022325873374939,-0.2577126622200012,-3.709824800491333,1.2800000000000002
528071,27,25038,-0.42523080110549927,-0.7014253735542297,0.5719975233078003,-1.017916202545166,1.1400000000000001
528071,28,2394,-0.7100191116333008,0.477663516998291,-0.5174074172973633,-15.016883850097656,1.0300000000000002
528071,29,16253,0.9993456602096558,-0.029827585443854332,0.020460031926631927,18.2852840423584,0.9600000000000002
528071,30,13674,0.9436740875244141,-0.22887420654296875,-0.23894719779491425,13.979159355163574,0.8900000000000001
528071,31,24255,-0.6487317085266113,-0.7359730005264282,0.19362574815750122,-8.780056953430176,0.7400000000000001
528071,32,33991,-0.16778641939163208,-0.9711386561393738,-0.1695212870836258,-3.167085647583008,0.7400000000000001
528071,33,2498,0.012147638946771622,0.9981561899185181,-0.05946996062994003,-3.396684169769287,0.6300000000000001
528071,34,26173,-0.5670599937438965,-0.7704447507858276,-0.29130369424819946,-8.000964164733887,0.5000000000000001
528071,35,27878,-0.42552649974823,-0.9044474959373474,0.030031906440854073,-4.979435920715332,0.37000000000000005
528071,36,39808,0.32825127243995667,0.4818768799304962,-0.8124319911003113,-0.23562920093536377,0.3400000000000001
528071,37,968,-0.747496485710144,0.6638326048851013,0.02398550696671009,-13.432863235473633,0.32000000000000006
528071,38,45854,-0.8146538734436035,-0.04934549704194069,-0.5778443813323975,-16.472890853881836,0.31000000000000005
528071,39,14124,0.950859546661377,-0.2535017132759094,-0.17777228355407715,15.479413032531738,0.30000000000000004
528071,40,20903,0.9899768829345703,-0.011868933215737343,0.14073006808757782,15.741369247436523,0.28
528071,41,41191,-0.7492696642875671,-0.4151563346385956,-0.5159846544265747,-11.950526237487793,0.24000000000000005
528071,42,33005,-0.6892421841621399,-0.667776346206665,-0.28110483288764954,-10.609135627746582,0.18000000000000005
528071,43,44206,-0.5963102579116821,-0.49939295649528503,-0.6285067200660706,-11.94594955444336,0.18000000000000005
528071,44,11310,0.7913012504577637,-0.38702160120010376,-0.47334614396095276,11.662640571594238,0.17000000000000004
528071,45,17994,0.8240150213241577,-0.49070432782173157,-0.28321099281311035,12.62131404876709,0.14
528071,46,39150,-0.2226119190454483,0.44947338104248047,-0.8651113510131836,-11.26015567779541,0.10000000000000002
528071,47,19237,0.8253298401832581,0.32383766770362854,0.46255794167518616,16.158370971679688,0.06000000000000001
528071,48,40393,0.43984106183052063,0.16580377519130707,-0.8826375007629395,0.8073554039001465,0.06000000000000001
528071,49,39709,-0.5080401301383972,0.3186066150665283,-0.8002406358718872,-16.12255859375,0.05000000000000001
528071,50,22383,0.9870774149894714,-0.1534118354320526,-0.046291813254356384,15.754568099975586,0.04000000000000001
528071,51,44660,-0.6565030217170715,-0.42138639092445374,-0.6256495118141174,-14.851943969726562,0.030000000000000006
528071,52,46209,-0.8351566791534424,-0.4948004186153412,-0.2401788979768753,-16.245555877685547,0.030000000000000006
504113,1,37701,0.006288016214966774,0.7017844319343567,-0.7123616337776184,3.190706729888916,17.320000000000004
504113,2,32625,-0.09311621636152267,-0.92081618309021,0.3787175118923187,-1.1266463994979858,16.040000000000003
504113,3,37729,-0.22375723719596863,0.4738195538520813,-0.8517204523086548,-0.3630056381225586,5.810000000000001
504113,4,29175,-0.721347451210022,-0.6220245361328125,0.30453795194625854,-13.900918960571289,5.440000000000001
504113,5,37031,-0.4530847668647766,0.6922814846038818,-0.5616587400436401,-5.088140487670898,4.170000000000001
504113,6,38728,-0.19659730792045593,-0.039730317890644073,-0.9796790480613708,3.452881097793579,3.770000000000001
504113,7,16863,0.9781493544578552,0.20757579803466797,-0.011665771715342999,16.13383674621582,2.9600000000000004
504113,8,36509,-0.23161813616752625,-0.9696835875511169,-0.07788943499326706,-1.9807153940200806,2.8700000000000006
504113,9,47591,-0.8420951962471008,-0.4037413001060486,-0.3575872778892517,-8.334613800048828,2.7700000000000005
504113,10,26106,-0.3523999750614166,-0.8425840139389038,-0.4072669744491577,-3.046473979949951,2.6700000000000004
504113,11,20118,0.9481657147407532,-0.22976185381412506,0.21952511370182037,14.451563835144043,2.6100000000000003
504113,12,4190,-0.04600232467055321,0.9543673396110535,-0.2950708866119385,-0.29866325855255127,2.5000000000000004
504113,13,20087,0.9672582745552063,-0.18552063405513763,-0.17318645119667053,17.154714584350586,2.4400000000000004
504113,14,28709,0.21002653241157532,-0.9776234030723572,-0.011887848377227783,6.556035041809082,2.3100000000000005
504113,15,4911,-0.6073960661888123,0.770749568939209,-0.19239304959774017,-7.454769134521484,1.8700000000000003
504113,16,36121,-0.48128771781921387,-0.8667100071907043,-0.1310569941997528,-6.660510063171387,1.8700000000000003
504113,17,15496,0.9783209562301636,0.18639734387397766,0.09024463593959808,15.830504417419434,1.8100000000000003
504113,18,20538,0.8959479331970215,0.03283530846238136,-0.44294366240501404,15.2501220703125,1.7800000000000002
504113,19,44040,-0.6495607495307922,-0.14776939153671265,-0.7458116412162781,-8.046812057495117,1.5200000000000002
504113,20,24108,-0.27774134278297424,-0.885014533996582,0.3736429512500763,-4.62568473815918,1.4700000000000002
504113,21,27215,-0.7577756643295288,-0.6235291957855225,-0.19232088327407837,-9.052425384521484,1.3900000000000003
504113,22,37373,0.03881318122148514,0.36650359630584717,-0.9296067357063293,3.544081211090088,1.2900000000000003
504113,23,42490,-0.8265234231948853,-0.4416442811489105,-0.34901201725006104,-12.230409622192383,1.2600000000000002
504113,24,38342,-0.5143661499023438,0.5315931439399719,-0.6729310154914856,-3.916858673095703,1.1900000000000002
504113,25,37700,0.15899330377578735,0.15623629093170166,-0.9748391509056091,9.241222381591797,1.1400000000000001
504113,26,38092,0.06576913595199585,0.41908982396125793,-0.9055595993995667,4.840630054473877,0.9900000000000002
504113,27,18173,0.9105539917945862,-0.3886641263961792,0.14082488417625427,17.092214584350586,0.9400000000000002
504113,28,36561,-0.5839568972587585,-0.8020453453063965,-0.12536974251270294,-7.8285956382751465,0.8900000000000001
504113,29,11107,0.9955747127532959,-0.06652648746967316,0.06637153029441833,13.235236167907715,0.8300000000000002
504113,30,42738,-0.8698964715003967,-0.3908270597457886,-0.3008893132209778,-14.533278465270996,0.6300000000000001
504113,31,21093,0.9894405603408813,-0.04446734860539436,-0.1379493772983551,17.039215087890625,0.45000000000000007
504113,32,12656,0.8569372892379761,-0.45986539125442505,0.23277093470096588,15.831743240356445,0.4000000000000001
504113,33,35270,-0.3717602789402008,-0.9263738393783569,-0.06021454557776451,-5.173908710479736,0.39000000000000007
504113,34,31449,-0.09435626119375229,-0.8068031072616577,-0.5832372307777405,1.8895699977874756,0.33000000000000007
504113,35,38854,0.3278461992740631,0.7168424129486084,-0.6153485178947449,8.503621101379395,0.33000000000000007
504113,36,13293,0.9927444458007812,0.051654502749443054,-0.10858277231454849,15.528359413146973,0.2700000000000001
504113,37,42203,-0.9828699231147766,-0.15167568624019623,-0.10469567775726318,-13.350760459899902,0.23000000000000004
504113,38,7559,0.8261319398880005,-0.5627378821372986,0.028846291825175285,17.12327766418457,0.22000000000000003
504113,39,23007,0.9245919585227966,-0.2595192790031433,0.2788896858692169,12.89675521850586,0.15000000000000002
504113,40,44380,-0.8687081933021545,-0.4156118631362915,-0.2694677412509918,-13.16985034942627,0.15000000000000002
504113,41,3124,-0.18787173926830292,0.9792988300323486,-0.07535260915756226,-4.293868064880371,0.13000000000000003
504113,42,6620,-0.1842460334300995,0.9671141505241394,0.17533862590789795,-4.247641086578369,0.12000000000000002
504113,43,37260,0.40887507796287537,0.3856453597545624,-0.8271026611328125,7.977787017822266,0.10000000000000002
504113,44,38105,-0.4056583344936371,0.6266327500343323,-0.665411651134491,-6.461906433105469,0.10000000000000002
504113,45,6506,-0.3478430509567261,0.8686875104904175,-0.3526856601238251,-5.055305480957031,0.06000000000000001
504113,46,6025,-0.0490456260740757,0.994454026222229,-0.09303585439920425,-3.6210832595825195,0.04000000000000001
504113,47,3779,-0.6308197379112244,0.760867714881897,0.15214087069034576,-10.40060806274414,0.020000000000000004
504113,48,12855,0.8307356834411621,-0.5298702120780945,-0.1706336885690689,15.244507789611816,0.020000000000000004
504113,49,39778,-0.17392507195472717,0.5225462913513184,-0.834682822227478,1.8723549842834473,0.020000000000000004
504113,50,47062,-0.887592613697052,-0.1631760448217392,-0.43075859546661377,-12.546512603759766,0.010000000000000002
409196,1,44115,-0.6928544044494629,-0.3195420801639557,-0.646409809589386,-9.788308143615723,9.780000000000001
409196,2,39083,-0.34196737408638,0.6938790082931519,-0.6337115168571472,0.9290995597839355,7.600000000000001
409196,3,38700,0.7724648714065552,0.32387059926986694,-0.5462653636932373,5.38740348815918,7.580000000000002
409196,4,25104,-0.3974813222885132,-0.8907294273376465,-0.22047613561153412,-8.445054054260254,7.060000000000001
409196,5,38275,0.11259645968675613,0.4190138280391693,-0.9009714126586914,-0.852778971195221,6.480000000000001
409196,6,39036,0.16881102323532104,0.3458646535873413,-0.9229736924171448,2.4249074459075928,6.230000000000001
409196,7,38715,0.03228110447525978,0.4901750087738037,-0.8710260391235352,1.5589513778686523,4.750000000000001
409196,8,1421,-0.2165798842906952,0.9555580019950867,0.20000524818897247,5.790314674377441,4.680000000000001
409196,9,40747,0.06364423036575317,0.6710307002067566,-0.7386929392814636,1.9580986499786377,4.540000000000001
409196,10,39580,0.01584339700639248,0.5959397554397583,-0.8028728365898132,1.8605849742889404,4.400000000000001
409196,11,5189,-0.47085335850715637,0.8810825943946838,0.044615671038627625,0.19645912945270538,4.300000000000001
409196,12,10277,0.8741547465324402,-0.43710994720458984,0.21163253486156464,5.669075965881348,3.9300000000000006
409196,13,3297,-0.5296878218650818,0.843056321144104,0.0932033434510231,2.9883604049682617,3.790000000000001
409196,14,2856,-0.5197792649269104,0.8487396240234375,-0.09731709212064743,0.7153393030166626,3.3300000000000005
409196,15,29855,-0.3122934401035309,-0.9499622583389282,0.006669596768915653,-8.836280822753906,3.1000000000000005
409196,16,2861,-0.14439663290977478,0.9678241014480591,-0.2060731202363968,3.7618939876556396,2.9000000000000004
409196,17,37030,0.461966872215271,0.13617779314517975,-0.876380205154419,3.0259852409362793,2.8500000000000005
409196,18,30610,-0.49254924058914185,-0.801902174949646,-0.33815404772758484,-7.61248779296875,2.4100000000000006
409196,19,18257,0.7850894927978516,-0.3428952097892761,0.5158074498176575,5.101995468139648,2.3700000000000006
409196,20,43002,-0.6803622841835022,-0.383547306060791,-0.6244986653327942,-8.932760238647461,2.0400000000000005
409196,21,1803,-0.49055448174476624,0.8196279406547546,-0.2959161698818207,0.2557300329208374,2.0100000000000002
409196,22,43461,-0.7928488254547119,-0.5941425561904907,-0.13559266924858093,-7.5703043937683105,1.6300000000000003
409196,23,31443,-0.03420371189713478,-0.9826256632804871,0.1824195832014084,-5.525476455688477,1.5100000000000002
409196,24,167,-0.23174358904361725,0.8994179368019104,0.370597243309021,3.8419628143310547,1.3800000000000003
409196,25,7884,0.9815835356712341,0.014074798673391342,-0.19051411747932434,7.5297441482543945,1.3500000000000003
409196,26,8450,0.9720245599746704,0.019430143758654594,0.23407414555549622,9.3517427444458,1.3400000000000003
409196,27,38422,-0.23431576788425446,-0.08011867105960846,-0.9688535332679749,-3.038179874420166,1.2600000000000002
409196,28,24715,-0.5283916592597961,-0.8455978631973267,-0.07593753933906555,-6.825953483581543,1.1800000000000002
409196,29,21254,0.9695824980735779,-0.24471323192119598,-0.005025715567171574,5.621829986572266,1.1500000000000001
409196,30,36924,-0.6411134004592896,-0.701187252998352,0.31194552779197693,-4.944740295410156,1.0500000000000003
409196,31,17534,0.9602557420730591,-0.27906930446624756,-0.00540138129144907,7.044482231140137,0.8700000000000002
409196,32,34724,-0.3270246386528015,-0.9249637126922607,-0.19364161789417267,-7.128991603851318,0.7800000000000001
409196,33,46856,-0.8752560019493103,-0.2246129959821701,-0.4283409118652344,-7.161190032958984,0.7200000000000002
409196,34,31272,-0.666285514831543,-0.7060193419456482,0.2400006353855133,-6.034772872924805,0.6700000000000002
409196,35,41839,-0.9447678327560425,-0.29896727204322815,-0.13428445160388947,-6.088990211486816,0.4900000000000001
409196,36,25963,-0.3497988283634186,-0.9299991130828857,-0.11288221180438995,-10.060628890991211,0.3400000000000001
409196,37,16608,0.8671700954437256,-0.4300384521484375,-0.2511630952358246,5.820011138916016,0.32000000000000006
409196,38,41872,-0.7544909119606018,-0.46053236722946167,-0.467603862285614,-8.939411163330078,0.32000000000000006
409196,39,589,-0.2029472440481186,0.97669517993927,0.06984954327344894,5.321471691131592,0.28
409196,40,40247,-0.6970901489257812,0.09212235361337662,-0.7110406756401062,-7.534245014190674,0.25000000000000006
409196,41,2674,-0.6074171662330627,0.7783278822898865,-0.1589026302099228,0.08208250999450684,0.24000000000000005
409196,42,16940,0.9509702324867249,-0.08916210383176804,-0.2961514890193939,3.178953170776367,0.20000000000000004
409196,43,17672,0.9333016276359558,-0.35199564695358276,0.07104358077049255,4.534496784210205,0.17000000000000004
409196,44,9963,0.9712026715278625,-0.2316604107618332,0.05566729977726936,8.371588706970215,0.16000000000000003
409196,45,20711,0.9792970418930054,-0.20225517451763153,0.008378276601433754,7.247641086578369,0.16000000000000003
409196,46,44428,-0.8850669860839844,-0.17563842236995697,-0.4310540556907654,-10.804628372192383,0.16000000000000003
409196,47,17732,0.8528766632080078,-0.2719893455505371,0.44567158818244934,6.406102657318115,0.12000000000000002
409196,48,6932,-0.5122478604316711,0.7812350392341614,0.3567546606063843,0.6483908891677856,0.11000000000000001
409196,49,3259,-0.5117108821868896,0.7478410005569458,0.4229489266872406,-0.7905209064483643,0.10000000000000002
409196,50,13052,0.9522154927253723,-0.28369584679603577,0.11314744502305984,4.74420690536499,0.05000000000000001
409196,51,45534,-0.5817813277244568,-0.677996039390564,-0.4492792785167694,-11.238759994506836,0.05000000000000001
409196,52,46945,-0.8161395788192749,-0.4104577600955963,-0.4067439138889313,-10.592314720153809,0.020000000000000004
409196,53,23684,-0.9260122179985046,-0.2381184697151184,0.29291796684265137,-8.610471725463867,0.010000000000000002
409196,54,33094,-0.7843635082244873,-0.6027671098709106,0.14644332230091095,-8.097799301147461,0.010000000000000002
46492,1,27232,-0.9427975416183472,-0.23989692330360413,0.23147845268249512,17.23545265197754,9.070000000000002
46492,2,39968,0.5660015940666199,0.48800650238990784,-0.6644484996795654,-8.148909568786621,9.030000000000001
46492,3,38796,-0.05783820524811745,0.42162904143333435,-0.9049219489097595,1.5222890377044678,8.410000000000002
46492,4,39616,-0.44596627354621887,0.09566649049520493,-0.8899224996566772,8.33804702758789,7.4700000000000015
46492,5,37773,-0.36983242630958557,-0.5368421673774719,-0.758303701877594,0.8618583679199219,7.310000000000001
46492,6,38764,0.5373557806015015,0.327097624540329,-0.777338981628418,-10.657472610473633,6.300000000000002
46492,7,39116,-0.021044626832008362,0.5814236402511597,-0.813328742980957,1.0800738334655762,5.8900000000000015
46492,8,37070,0.4573867619037628,0.3051491677761078,-0.8352732062339783,-10.219368934631348,5.460000000000001
46492,9,12180,0.46673551201820374,-0.8455657958984375,0.25918418169021606,-14.726853370666504,4.960000000000001
46492,10,4144,-0.18752360343933105,0.9819685220718384,0.023931635543704033,11.784914016723633,4.930000000000001
46492,11,3669,-0.4857255518436432,0.8610133528709412,0.15075358748435974,12.861673355102539,3.730000000000001
46492,12,39243,0.24579915404319763,0.7901636362075806,-0.5614482760429382,-0.688683032989502,3.1000000000000005
46492,13,27084,-0.7403644919395447,-0.5872979760169983,0.327019065618515,11.868444442749023,3.0300000000000007
46492,14,42334,-0.6482973098754883,-0.7226074934005737,-0.2398938089609146,8.909070014953613,2.9200000000000004
46492,15,8820,0.794736921787262,-0.6067262291908264,0.016628919169306755,-20.205120086669922,2.3100000000000005
46492,16,44936,-0.6792256236076355,-0.5914818048477173,-0.4345133304595947,8.467041969299316,2.2300000000000004
46492,17,11997,0.9990676045417786,-0.0008185860351659358,0.04316507652401924,-20.84507179260254,2.1000000000000005
46492,18,34854,-0.6819367408752441,-0.7215314507484436,-0.11981107294559479,9.636030197143555,1.6500000000000004
46492,19,7980,0.9776184558868408,-0.17355433106422424,0.11891593784093857,-20.918949127197266,1.5700000000000003
46492,20,17341,0.9525997638702393,-0.07478926330804825,-0.29489022493362427,-18.085960388183594,1.4600000000000002
46492,21,38906,-0.09618392586708069,0.7663617730140686,-0.6351679563522339,3.3677685260772705,1.4600000000000002
46492,22,10289,0.9671085476875305,-0.25046929717063904,0.0443415641784668,-18.698755264282227,1.4000000000000004
46492,23,25518,-0.6250733137130737,-0.7282547950744629,-0.2809419631958008,6.589815616607666,1.3400000000000003
46492,24,33736,-0.6106024384498596,-0.7841700911521912,-0.11064313352108002,7.900299549102783,1.0300000000000002
46492,25,12841,0.9256917834281921,0.08460857719182968,0.36869513988494873,-18.66750144958496,0.9600000000000002
46492,26,5713,-0.8880525231361389,0.4515261650085449,-0.08652683347463608,18.196117401123047,0.9500000000000002
46492,27,4746,-0.6356490254402161,0.7644220590591431,0.10774622857570648,16.910322189331055,0.8100000000000002
46492,28,13404,0.9816733002662659,0.10056789964437485,-0.16187547147274017,-19.660173416137695,0.7000000000000002
46492,29,38292,-0.14183126389980316,0.23196785151958466,-0.9623278379440308,0.3613896369934082,0.5400000000000001
46492,30,20177,0.9660279154777527,-0.1475944221019745,-0.21214598417282104,-18.775056838989258,0.5300000000000001
46492,31,13514,0.9789021015167236,-0.20165607333183289,-0.03294609859585762,-19.246814727783203,0.5100000000000001
46492,32,40371,0.31454089283943176,0.7837101817131042,-0.5355952978134155,-3.9600560665130615,0.28
46492,33,25360,-0.5942347645759583,-0.7676503658294678,0.23999576270580292,8.344404220581055,0.24000000000000005
46492,34,33884,-0.2829335033893585,-0.7804242968559265,-0.5575720071792603,-0.8016467094421387,0.24000000000000005
46492,35,5080,-0.3728419840335846,0.8860217928886414,0.2755979597568512,11.199484825134277,0.23000000000000004
46492,36,7152,-0.6256623864173889,0.711872398853302,-0.31903645396232605,15.365028381347656,0.19000000000000003
46492,37,21649,0.9919465780258179,0.005674671847373247,-0.1265299767255783,-22.031957626342773,0.16000000000000003
46492,38,25843,-0.3031609356403351,-0.9526770114898682,-0.022359801456332207,1.5407449007034302,0.11000000000000001
46492,39,42696,-0.7504110336303711,-0.411034494638443,-0.5176233649253845,9.986177444458008,0.10000000000000002
46492,40,4000,0.044498011469841,0.9940198063850403,-0.09972227364778519,4.842852592468262,0.07
46492,41,11273,0.9568569660186768,-0.20484858751296997,0.20606271922588348,-19.499591827392578,0.07
46492,42,45727,-0.7085034847259521,-0.5406282544136047,-0.45359006524086,7.927807331085205,0.05000000000000001
46492,43,46049,-0.6201728582382202,-0.16791807115077972,-0.7662826776504517,9.730758666992188,0.030000000000000006
89135,1,39273,0.1941727250814438,0.45042604207992554,-0.8714432120323181,-1.8660163879394531,21.120000000000005
89135,2,39968,0.5660015940666199,0.48800650238990784,-0.6644484996795654,-8.148909568786621,18.450000000000003
89135,3,38323,0.011960793286561966,0.4541497528553009,-0.8908450603485107,1.622586727142334,5.450000000000001
89135,4,37416,-0.4048003554344177,0.35760778188705444,-0.8415778875350952,9.281694412231445,5.150000000000001
89135,5,30595,-0.6467500925064087,-0.7189754247665405,-0.2545361816883087,19.45936393737793,4.950000000000001
89135,6,15220,0.9535520076751709,-0.27835285663604736,-0.11514468491077423,-14.750799179077148,4.19
89135,7,6407,-0.2546965181827545,0.8953946828842163,0.36523690819740295,-5.068321228027344,3.4700000000000006
89135,8,41029,-0.7056379318237305,-0.6786419153213501,-0.20376519858837128,17.869277954101562,3.150000000000001
89135,9,12140,0.9660285711288452,-0.2567738890647888,-0.02925778739154339,-13.428888320922852,3.0100000000000007
89135,10,40915,-0.6881831884384155,0.12420045584440231,-0.714827299118042,15.415639877319336,2.9300000000000006
89135,11,2192,0.052234094589948654,0.9966899752616882,0.06229506433010101,-7.062395095825195,2.9200000000000004
89135,12,489,-0.5054551362991333,0.512922465801239,-0.6938484311103821,8.504899978637695,2.8300000000000005
89135,13,46841,-0.8171213269233704,-0.12316477298736572,-0.5631546974182129,16.037675857543945,2.6900000000000004
89135,14,11205,0.9105838537216187,-0.3921179175376892,-0.13069292902946472,-12.64771842956543,2.4300000000000006
89135,15,5086,-0.35251370072364807,0.8963507413864136,0.26886698603630066,-3.4826807975769043,2.0800000000000005
89135,16,6801,-0.3986912965774536,0.9161059260368347,0.04236923158168793,-2.1903960704803467,1.9400000000000004
89135,17,39724,0.17250590026378632,0.5689799189567566,-0.8040544390678406,-0.9075913429260254,1.8400000000000003
89135,18,45272,-0.8203359842300415,-0.5498342514038086,-0.15726138651371002,18.404651641845703,1.6900000000000004
89135,19,34315,-0.6008293032646179,-0.7991901636123657,0.017297357320785522,16.07210922241211,1.6600000000000004
89135,20,16614,0.7859653234481812,-0.5626041889190674,0.25638845562934875,-11.194948196411133,1.4300000000000004
89135,21,34422,-0.48090270161628723,-0.8743327260017395,0.06538233160972595,14.799347877502441,1.4100000000000004
89135,22,37451,-0.599548876285553,0.5793511867523193,-0.5521714687347412,11.159671783447266,1.2100000000000002
89135,23,2783,-0.35022541880607605,0.9226093292236328,-0.16166071593761444,1.3520591259002686,1.12
89135,24,16556,0.9949838519096375,-0.06508814543485641,0.07596495747566223,-18.231287002563477,1.12
89135,25,43148,-0.795441746711731,-0.47160592675209045,-0.38060513138771057,16.975919723510742,1.0600000000000003
89135,26,29195,-0.2691285014152527,-0.6405073404312134,-0.7192497253417969,12.872495651245117,0.9900000000000002
89135,27,29428,-0.4064243733882904,-0.7852124571800232,0.4671837091445923,8.891581535339355,0.7700000000000001
89135,28,9118,0.9641574025154114,-0.046851471066474915,0.2611616253852844,-18.936588287353516,0.7000000000000002
89135,29,22300,0.9737889766693115,-0.16319535672664642,-0.15843713283538818,-12.482465744018555,0.6400000000000001
89135,30,33530,-0.1248064935207367,-0.9861133098602295,-0.10956207662820816,11.879067420959473,0.6100000000000001
89135,31,33026,-0.808272659778595,-0.581334114074707,0.09351984411478043,15.91666030883789,0.5100000000000001
89135,32,32487,0.16124151647090912,-0.9858573079109192,-0.045678164809942245,5.00900936126709,0.5000000000000001
89135,33,33400,-0.5907114744186401,-0.6653516292572021,-0.4564724862575531,15.417747497558594,0.4900000000000001
89135,34,7243,0.9118348360061646,-0.19843606650829315,0.3594166338443756,-17.99022674560547,0.44000000000000006
89135,35,43106,-0.7067340612411499,-0.35089099407196045,-0.6143308877944946,16.8466796875,0.4200000000000001
89135,36,35404,0.23674103617668152,-0.966407299041748,-0.1000528410077095,6.513705730438232,0.37000000000000005
89135,37,26747,-0.786188542842865,-0.6171634793281555,-0.03188829869031906,16.877779006958008,0.3600000000000001
89135,38,23958,-0.24767592549324036,-0.9631668329238892,-0.10472023487091064,11.807745933532715,0.3500000000000001
89135,39,34221,-0.2299531251192093,-0.973185122013092,0.005685252137482166,12.11960506439209,0.31000000000000005
89135,40,3502,-0.4085700511932373,0.8824983835220337,-0.2329529970884323,0.7116419076919556,0.30000000000000004
89135,41,1269,-0.1334495097398758,0.9570304155349731,-0.25745686888694763,-1.8928804397583008,0.25000000000000006
89135,42,8647,0.9453455209732056,-0.18793731927871704,-0.26646098494529724,-11.769213676452637,0.19000000000000003
89135,43,4447,-0.2626497149467468,0.9499725699424744,-0.16901838779449463,-0.28028613328933716,0.18000000000000005
89135,44,16862,0.979324221611023,-0.20193658769130707,0.012069703079760075,-15.935027122497559,0.18000000000000005
89135,45,7914,0.9284661412239075,-0.24947814643383026,-0.27515679597854614,-12.055768966674805,0.16000000000000003
89135,46,711,-0.45998066663742065,0.6429575681686401,0.6123915314674377,-3.678623676300049,0.12000000000000002
89135,47,42456,-0.8278840780258179,-0.5238125920295715,-0.2005700021982193,19.8591251373291,0.12000000000000002
89135,48,39438,0.19613119959831238,0.8085002303123474,-0.5548512935638428,-7.329899787902832,0.10000000000000002
89135,49,46725,-0.7617040276527405,-0.10685333609580994,-0.639053463935852,18.836406707763672,0.10000000000000002
89135,50,37289,0.10764801502227783,0.03610878437757492,-0.9935331344604492,2.939838171005249,0.04000000000000001
89135,51,37985,-0.3741789162158966,0.3820422887802124,-0.845005214214325,7.707784652709961,0.030000000000000006
89135,52,802,-0.3400224447250366,0.8713688850402832,0.3536962568759918,-0.6121575832366943,0.020000000000000004
89135,53,46072,-0.8177679181098938,-0.03787761181592941,-0.5743003487586975,18.5782413482666,0.020000000000000004
89135,54,2281,-0.1969296634197235,0.9469627141952515,0.2539297938346863,-5.30267333984375,0.010000000000000002
89135,55,18378,0.9388158321380615,-0.3444194197654724,0.00032045706757344306,-10.79411506652832,0.010000000000000002
192773,1,39968,0.5660015940666199,0.48800650238990784,-0.6644484996795654,-8.148909568786621,13.030000000000003
192773,2,31099,-0.3682696223258972,-0.4390847384929657,0.8195011019706726,6.750180244445801,9.820000000000002
192773,3,25769,-0.7424759864807129,-0.6665628552436829,-0.0665087029337883,3.6900997161865234,7.010000000000002
192773,4,38134,-0.11972483992576599,0.245659738779068,-0.9619341492652893,-2.406007766723633,6.670000000000002
192773,5,34705,-0.5836815237998962,-0.8092659711837769,0.06636608392000198,4.461535930633545,5.110000000000001
192773,6,18689,0.9401180148124695,-0.09002198278903961,0.3287462890148163,-4.731060028076172,5.050000000000001
192773,7,39193,0.05412905290722847,0.4398408830165863,-0.8964430093765259,-4.634550094604492,3.6100000000000008
192773,8,2861,-0.14439663290977478,0.9678241014480591,-0.2060731202363968,3.7618939876556396,3.2200000000000006
192773,9,37877,-0.021530838683247566,0.8868090510368347,-0.46163415908813477,0.32962676882743835,3.1800000000000006
192773,10,32563,-0.7703666090965271,-0.32548025250434875,-0.5482681393623352,3.2805843353271484,2.8200000000000007
192773,11,16831,0.9492520093917847,-0.3061527907848358,0.0720490887761116,-9.328071594238281,2.4300000000000006
192773,12,293,-0.43039101362228394,0.8667661547660828,0.2519523501396179,3.9322714805603027,2.3700000000000006
192773,13,44619,-0.7990471720695496,-0.4737215042114258,-0.3702858090400696,5.466169834136963,2.0300000000000002
192773,14,18476,0.7750957608222961,-0.593074381351471,0.21792061626911163,-6.6712260246276855,1.8000000000000003
192773,15,3913,-0.5184631943702698,0.8501266241073608,0.09209012985229492,6.049045085906982,1.7300000000000004
192773,16,11213,0.8012359738349915,-0.5554425716400146,-0.22249600291252136,-9.05492115020752,1.3700000000000003
192773,17,23873,-0.7976825833320618,-0.3877279758453369,-0.4619193971157074,3.975390911102295,1.3000000000000003
192773,18,625,-0.6591557264328003,0.721737265586853,0.21120856702327728,9.670477867126465,1.2100000000000002
192773,19,41672,-0.8213859796524048,-0.4610219895839691,-0.33583298325538635,4.702205181121826,1.1700000000000002
192773,20,28846,-0.5501960515975952,-0.8145010471343994,0.18404455482959747,5.722227573394775,1.0800000000000003
192773,21,46919,-0.8325731754302979,-0.388818621635437,-0.39451485872268677,4.276170253753662,1.0700000000000003
192773,22,25042,-0.7599336504936218,-0.442890465259552,-0.47576141357421875,4.291524410247803,1.0000000000000002
192773,23,17066,0.9913450479507446,0.1289168745279312,-0.024807235226035118,-9.017309188842773,0.9900000000000002
192773,24,46476,-0.9048951864242554,-0.33565279841423035,-0.2617286145687103,7.472257137298584,0.9800000000000002
192773,25,7509,0.999299168586731,0.0102852713316679,-0.03599147871136665,-9.342863082885742,0.9700000000000002
192773,26,12355,0.9830266833305359,0.161448135972023,-0.0871383473277092,-10.205706596374512,0.9400000000000002
192773,27,40975,-0.11758516728878021,0.2684561610221863,-0.9560883641242981,-4.997090816497803,0.8800000000000001
192773,28,1567,-0.3971548080444336,0.9003086686134338,0.17807970941066742,3.6989378929138184,0.8500000000000002
192773,29,41064,-0.826520562171936,-0.3585236668586731,-0.43396371603012085,5.081748962402344,0.7600000000000001
192773,30,47583,-0.5545380711555481,-0.2993741035461426,-0.776442289352417,-0.5512058734893799,0.7600000000000001
192773,31,16010,0.8915827870368958,-0.4525589942932129,-0.01644524373114109,-9.886844635009766,0.7000000000000002
192773,32,40212,-0.39591872692108154,0.2112240493297577,-0.8936625719070435,-2.8932790756225586,0.5000000000000001
192773,33,5641,0.1972053349018097,0.9778302907943726,0.0704132691025734,1.685725450515747,0.4800000000000001
192773,34,37974,-0.2845737338066101,0.1332753449678421,-0.9493447542190552,-1.413623332977295,0.3500000000000001
192773,35,26060,-0.7885316014289856,-0.6054721474647522,0.10780233144760132,5.970190525054932,0.24000000000000005
192773,36,13333,0.9496241211891174,-0.30099326372146606,-0.0872759148478508,-10.403157234191895,0.21000000000000005
192773,37,38547,-0.021184824407100677,0.602372407913208,-0.7979339957237244,-4.468008041381836,0.14
192773,38,4325,-0.5612966418266296,0.7792868614196777,-0.2786719799041748,4.353027820587158,0.13000000000000003
192773,39,16417,0.9356421232223511,-0.31376153230667114,0.1616399586200714,-6.588687419891357,0.13000000000000003
192773,40,22366,0.9511590600013733,-0.287406325340271,0.1126677393913269,-6.968456745147705,0.12000000000000002
192773,41,4059,-0.2507617175579071,0.930844783782959,-0.26579412817955017,2.9077224731445312,0.10000000000000002
192773,42,41443,-0.6321700215339661,-0.7421340942382812,-0.2227061688899994,4.798364162445068,0.06000000000000001
192773,43,3462,-0.48981621861457825,0.7954965829849243,-0.3567425608634949,6.219333648681641,0.030000000000000006
192773,44,10261,0.9766795635223389,0.02511480823159218,-0.21322816610336304,-6.930191993713379,0.020000000000000004
192773,45,38047,-0.09910912066698074,0.6473348140716553,-0.7557347416877747,-0.33743369579315186,0.020000000000000004
520980,1,40821,0.43967100977897644,0.5820956230163574,-0.6839986443519592,12.11556339263916,14.110000000000003
520980,2,40089,0.4825071096420288,0.26806628704071045,-0.8338629007339478,9.637066841125488,12.960000000000003
520980,3,32884,-0.5257701277732849,-0.717241644859314,0.45730748772621155,-15.01982307434082,6.850000000000001
520980,4,38300,0.35191938281059265,0.5662621259689331,-0.7453187108039856,11.240801811218262,5.620000000000001
520980,5,27982,-0.6106176376342773,-0.5541982054710388,0.5656946897506714,-15.210451126098633,5.400000000000001
520980,6,39083,-0.34196737408638,0.6938790082931519,-0.6337115168571472,0.9290995597839355,4.750000000000001
520980,7,25790,-0.23326216638088226,-0.936823308467865,0.2606738805770874,-9.450884819030762,4.670000000000001
520980,8,37956,-0.5899155139923096,0.7805982232093811,-0.20655784010887146,-3.8231263160705566,4.5200000000000005
520980,9,37373,0.03881318122148514,0.36650359630584717,-0.9296067357063293,3.544081211090088,3.5300000000000007
520980,10,21647,0.9106161594390869,-0.3469874858856201,-0.22445009648799896,13.846948623657227,3.380000000000001
520980,11,43826,-0.7244094014167786,-0.3907950520515442,-0.5678998827934265,-16.150814056396484,2.8000000000000007
520980,12,45096,-0.8034716248512268,-0.37258175015449524,-0.46434488892555237,-14.51906967163086,2.7900000000000005
520980,13,47373,-0.8738699555397034,-0.39282941818237305,-0.28641995787620544,-17.252534866333008,2.5600000000000005
520980,14,39696,-0.07063128799200058,0.34466812014579773,-0.9360636472702026,3.067375659942627,2.5400000000000005
520980,15,40859,-0.39692825078964233,0.9147356152534485,0.07554273307323456,-1.674405574798584,2.4600000000000004
520980,16,40469,0.2801760137081146,0.4963163435459137,-0.821688175201416,8.562378883361816,2.3900000000000006
520980,17,25974,-0.5424649119377136,-0.744249701499939,0.3896462619304657,-14.180959701538086,2.2300000000000004
520980,18,18313,0.984337568283081,-0.15789292752742767,0.07841809093952179,15.5487060546875,2.0800000000000005
520980,19,15701,0.9780526161193848,-0.19526520371437073,-0.07269540429115295,13.37719440460205,2.0500000000000003
520980,20,43442,-0.9091852903366089,-0.13545310497283936,-0.3937443494796753,-16.35172462463379,1.7200000000000004
520980,21,1752,-0.5648400783538818,0.8187109231948853,0.10328643769025803,-5.105404376983643,1.6900000000000004
520980,22,46713,-0.7723463773727417,-0.269370973110199,-0.5752568244934082,-14.09897232055664,1.6000000000000003
520980,23,2163,-0.047421474009752274,0.9580780863761902,0.2825554609298706,6.487126350402832,1.5400000000000003
520980,24,17664,0.9804509878158569,-0.08307276666164398,0.17836683988571167,16.784147262573242,1.5200000000000002
520980,25,37852,0.1724565029144287,0.5966744422912598,-0.783733606338501,8.6763334274292,1.4200000000000004
520980,26,39830,-0.24257682263851166,-0.5094869136810303,-0.8255783319473267,-9.442253112792969,1.4100000000000004
520980,27,8815,0.9947183728218079,-0.09789357334375381,-0.03085709922015667,14.763177871704102,1.1700000000000002
520980,28,44685,-0.8413739800453186,-0.23955368995666504,-0.4844624400138855,-15.602005958557129,1.1700000000000002
520980,29,41380,-0.6550413370132446,-0.5552834272384644,-0.5124267339706421,-13.472216606140137,1.0900000000000003
520980,30,32702,-0.867691159248352,-0.4851495325565338,-0.10836047679185867,-18.70761489868164,0.6600000000000001
520980,31,6285,-0.2526412010192871,0.9587832689285278,-0.1300269514322281,2.3420825004577637,0.4900000000000001
520980,32,11444,0.6321010589599609,-0.62205570936203,-0.46205514669418335,4.161263465881348,0.4600000000000001
520980,33,47039,-0.697167158126831,-0.48748815059661865,-0.5256550908088684,-12.578110694885254,0.4300000000000001
520980,34,40131,-0.3278563916683197,-0.06933099031448364,-0.9421801567077637,-7.825867176055908,0.3600000000000001
520980,35,3469,-0.5690449476242065,0.7367076277732849,-0.3653077483177185,-4.231797695159912,0.26000000000000006
520980,36,24556,-0.8031907677650452,-0.5451382398605347,-0.2402268350124359,-19.033618927001953,0.24000000000000005
520980,37,21180,0.917691707611084,0.1918458491563797,0.34790387749671936,15.5916109085083,0.22000000000000003
520980,38,24293,-0.08293416351079941,-0.9583656191825867,-0.27323487401008606,-5.327470779418945,0.20000000000000004
520980,39,33391,-0.6734166741371155,-0.6928791403770447,0.2577372193336487,-16.504207611083984,0.17000000000000004
520980,40,32784,-0.34970274567604065,-0.9031409025192261,0.249087393283844,-10.363330841064453,0.15000000000000002
520980,41,14654,0.8983657956123352,-0.358616441488266,0.25363972783088684,11.215030670166016,0.13000000000000003
520980,42,3030,0.01576140709221363,0.9854128360748291,-0.16944950819015503,6.646866798400879,0.12000000000000002
520980,43,12610,0.9545282125473022,0.026906438171863556,0.2969038188457489,14.143388748168945,0.09000000000000002
520980,44,47487,-0.893983781337738,-0.4202503263950348,-0.15550759434700012,-17.77485466003418,0.07
520980,45,28135,-0.48123952746391296,-0.7458950877189636,0.46048787236213684,-14.213839530944824,0.06000000000000001
520980,46,8092,0.9074456095695496,-0.048532236367464066,-0.4173572361469269,13.803929328918457,0.05000000000000001
520980,47,42948,-0.6778922080993652,-0.558983564376831,-0.47749295830726624,-12.023441314697266,0.04000000000000001
520980,48,6436,-0.20479510724544525,0.9555036425590515,-0.21230097115039825,2.523880958557129,0.010000000000000002
520980,49,15496,0.9783209562301636,0.18639734387397766,0.09024463593959808,15.830504417419434,0.010000000000000002
520980,50,22193,0.8527190685272217,-0.40805789828300476,0.32612714171409607,10.441380500793457,0.010000000000000002
520980,51,23657,-0.41553995013237,-0.8225058913230896,-0.3883434236049652,-12.993042945861816,0.010000000000000002
76406,1,37375,-0.15029123425483704,0.6386401057243347,-0.7546862959861755,7.7843403816223145,13.980000000000002
76406,2,2861,-0.14439663290977478,0.9678241014480591,-0.2060731202363968,3.7618939876556396,9.840000000000002
76406,3,38834,-0.012272434309124947,0.47582635283470154,-0.8794535994529724,5.296192169189453,9.420000000000002
76406,4,40470,0.48185423016548157,0.39533600211143494,-0.782001256942749,-3.8100757598876953,5.690000000000001
76406,5,38325,0.2204708755016327,0.5804798603057861,-0.7838594913482666,-0.10566222667694092,4.460000000000001
76406,6,7776,0.9130325317382812,-0.3618519902229309,-0.1882411539554596,-12.915316581726074,4.150000000000001
76406,7,27205,-0.6195378303527832,-0.741295576095581,-0.2581738531589508,11.368163108825684,3.0200000000000005
76406,8,47238,-0.8777132630348206,-0.47705623507499695,-0.04513060301542282,13.740086555480957,2.8200000000000007
76406,9,11861,0.9039239287376404,-0.0824633464217186,0.4196681082248688,-19.64031982421875,2.7600000000000007
76406,10,16506,0.8892200589179993,-0.42444348335266113,-0.17069107294082642,-13.754666328430176,2.7400000000000007
76406,11,37279,0.01246197521686554,0.7375673651695251,-0.6751585602760315,5.033202648162842,2.5300000000000007
76406,12,17430,0.8945567011833191,-0.381844699382782,0.2322993129491806,-15.399808883666992,2.4600000000000004
76406,13,8098,0.9877389073371887,-0.024180669337511063,0.15423066914081573,-16.95124626159668,1.9100000000000004
76406,14,20569,0.9528127312660217,-0.12342363595962524,0.27733463048934937,-16.730968475341797,1.8700000000000003
76406,15,9406,0.9743606448173523,-0.14249080419540405,0.1741197109222412,-16.44546890258789,1.8600000000000003
76406,16,5543,-0.335401326417923,0.9394817352294922,0.0698573887348175,7.555449485778809,1.8100000000000003
76406,17,33708,-0.8352841138839722,-0.5402381420135498,0.1021919846534729,11.16299819946289,1.6800000000000004
76406,18,37289,0.10764801502227783,0.03610878437757492,-0.9935331344604492,2.939838171005249,1.4800000000000002
76406,19,14561,0.9896976947784424,-0.021227726712822914,-0.14159047603607178,-15.033602714538574,1.4000000000000004
76406,20,42334,-0.6482973098754883,-0.7226074934005737,-0.2398938089609146,8.909070014953613,1.2300000000000002
76406,21,5717,-0.64491206407547,0.741297721862793,-0.1859196126461029,13.797414779663086,1.1100000000000003
76406,22,14558,0.9845157861709595,-0.09906729310750961,-0.1446177065372467,-18.413930892944336,1.0200000000000002
76406,23,38809,0.039047062397003174,0.6951459050178528,-0.717807412147522,4.261793613433838,0.6700000000000002
76406,24,21147,0.986467719078064,0.13589036464691162,0.0917343720793724,-18.729461669921875,0.6600000000000001
76406,25,37775,0.12319371104240417,0.0788036584854126,-0.9892488718032837,1.7002711296081543,0.5000000000000001
76406,26,38968,0.34949612617492676,0.5419726967811584,-0.7642761468887329,-2.802516222000122,0.4900000000000001
76406,27,2493,-0.20910033583641052,0.9768099188804626,0.046036913990974426,6.47949743270874,0.4300000000000001
76406,28,17577,0.9836484789848328,0.05735655128955841,-0.17072176933288574,-17.865421295166016,0.29000000000000004
76406,29,38004,0.08788817375898361,0.44912609457969666,-0.8891351819038391,3.303725242614746,0.29000000000000004
76406,30,30593,-0.10633256286382675,-0.9023739695549011,-0.41762977838516235,4.618409156799316,0.2700000000000001
76406,31,9184,0.8664586544036865,-0.49782857298851013,-0.03763091191649437,-13.390637397766113,0.26000000000000006
76406,32,13087,0.8475222587585449,-0.508446216583252,-0.15227781236171722,-13.455916404724121,0.22000000000000003
76406,33,26796,-0.41834259033203125,-0.9071440100669861,-0.04559803381562233,6.058770179748535,0.21000000000000005
76406,34,8108,0.763868510723114,-0.6366775035858154,-0.10557772219181061,-11.903875350952148,0.20000000000000004
76406,35,40995,-0.8100836873054504,-0.5524961948394775,-0.19624565541744232,15.611251831054688,0.18000000000000005
76406,36,4008,-0.524186372756958,0.840730607509613,-0.1356491595506668,9.556351661682129,0.16000000000000003
76406,37,27864,0.19980266690254211,-0.9525611400604248,-0.2295781970024109,-4.807292938232422,0.16000000000000003
76406,38,5742,-0.2535887062549591,0.7417420148849487,-0.6208958029747009,7.2037672996521,0.15000000000000002
76406,39,12139,0.9918773770332336,-0.03165557235479355,-0.12319574505090714,-16.21591567993164,0.05000000000000001
76406,40,41502,-0.8717412352561951,-0.4109353721141815,-0.26683205366134644,17.331628799438477,0.05000000000000001
76406,41,7147,0.013516911305487156,0.9824385643005371,-0.18609599769115448,2.9910624027252197,0.030000000000000006
76406,42,10666,0.9271524548530579,-0.37288975715637207,-0.03662696108222008,-16.24166488647461,0.030000000000000006
76406,43,18644,0.9592245817184448,-0.2563576102256775,-0.11903365701436996,-13.68458366394043,0.020000000000000004
76406,44,320,-0.23544707894325256,0.904062032699585,-0.3567023277282715,5.875619411468506,0.010000000000000002
76406,45,38938,0.6161277890205383,0.44492432475090027,-0.6499453186988831,-8.54776668548584,0.010000000000000002
440681,1,39083,-0.34196737408638,0.6938790082931519,-0.6337115168571472,0.9290995597839355,8.430000000000001
440681,2,40043,-0.14911732077598572,0.6337700486183167,-0.7590122222900391,4.582913398742676,7.130000000000002
440681,3,37956,-0.5899155139923096,0.7805982232093811,-0.20655784010887146,-3.8231263160705566,6.460000000000001
440681,4,40469,0.2801760137081146,0.4963163435459137,-0.821688175201416,8.562378883361816,5.470000000000001
440681,5,9072,0.9688535332679749,-0.22861391305923462,0.09517602622509003,9.164495468139648,5.020000000000001
440681,6,38240,-0.019871238619089127,0.6175869703292847,-0.7862515449523926,6.011561393737793,3.8700000000000006
440681,7,40153,-0.43633589148521423,-0.015562601387500763,-0.8996492624282837,1.5402390956878662,3.8700000000000006
440681,8,169,-0.5787487030029297,0.8017359375953674,0.1492295265197754,-3.1093909740448,3.4100000000000006
440681,9,38572,0.14905741810798645,0.826108992099762,-0.5434388518333435,6.1953582763671875,3.0100000000000007
440681,10,37260,0.40887507796287537,0.3856453597545624,-0.8271026611328125,7.977787017822266,2.8600000000000008
440681,11,17519,0.9824641346931458,0.029064038768410683,-0.18417255580425262,11.083732604980469,2.8200000000000007
440681,12,37852,0.1724565029144287,0.5966744422912598,-0.783733606338501,8.6763334274292,2.7700000000000005
440681,13,12689,0.7757239937782288,-0.6310296058654785,-0.007340325973927975,7.336251258850098,2.2500000000000004
440681,14,1071,-0.4898558557033539,0.8717890381813049,0.005017477087676525,-3.393735885620117,2.1800000000000006
440681,15,25782,0.1924733966588974,-0.9489108324050903,0.25004446506500244,-3.0874345302581787,1.9500000000000004
440681,16,40340,-0.6706792116165161,0.30808165669441223,-0.6747407913208008,-2.2388720512390137,1.7700000000000002
440681,17,4635,-0.28933069109916687,0.6552400588989258,-0.6978167295455933,3.1814088821411133,1.6500000000000004
440681,18,39799,0.2659055292606354,0.31000497937202454,-0.9127930402755737,8.455245971679688,1.6400000000000003
440681,19,44913,-0.9066873788833618,-0.3589763641357422,-0.22148142755031586,-11.787511825561523,1.5300000000000002
440681,20,38658,0.10766666382551193,0.8017040491104126,-0.5879443287849426,7.304940223693848,1.4600000000000002
440681,21,43169,-0.786946177482605,-0.4596906006336212,-0.41158267855644226,-4.1437668800354,1.3500000000000003
440681,22,39066,0.37704578042030334,0.26407894492149353,-0.8877492547035217,7.643748760223389,1.3100000000000003
440681,23,38672,0.3305929899215698,0.49166810512542725,-0.8055872321128845,7.429305553436279,1.2500000000000002
440681,24,23876,-0.44827035069465637,-0.8160991072654724,0.36474093794822693,-8.433477401733398,1.0300000000000002
440681,25,45949,-0.5651674866676331,-0.7432767152786255,-0.3579462170600891,-7.8595194816589355,0.8700000000000002
440681,26,46261,-0.7635701298713684,-0.6021329760551453,-0.23323065042495728,-10.070415496826172,0.8500000000000002
440681,27,39873,0.1750839501619339,0.7429322004318237,-0.646062970161438,6.219775199890137,0.8200000000000002
440681,28,10974,0.9369699954986572,-0.14895214140415192,0.3160703778266907,8.66672134399414,0.8100000000000002
440681,29,33124,-0.30432674288749695,-0.7839784026145935,-0.5410758256912231,-3.3779494762420654,0.8000000000000002
440681,30,35236,0.13986234366893768,-0.8544597625732422,0.5003369450569153,-3.63561749458313,0.7400000000000001
440681,31,19398,0.9462019205093384,-0.3107406198978424,-0.09023424237966537,8.462677001953125,0.6200000000000001
440681,32,23616,-0.7404880523681641,-0.5689235925674438,-0.3577755391597748,-7.9562811851501465,0.6100000000000001
440681,33,7962,0.9334720373153687,-0.34227415919303894,-0.10713696479797363,8.151288986206055,0.5500000000000002
440681,34,16118,0.9706645607948303,-0.19228561222553253,0.14434878528118134,10.466466903686523,0.5200000000000001
440681,35,20509,0.9231960773468018,-0.18054896593093872,-0.3392801582813263,10.022831916809082,0.5000000000000001
440681,36,30888,-0.49384087324142456,-0.8324374556541443,-0.25133466720581055,-7.799074649810791,0.44000000000000006
440681,37,30437,-0.6761266589164734,-0.7246075868606567,0.13340377807617188,-10.029632568359375,0.33000000000000007
440681,38,11943,0.9979888796806335,0.020876530557870865,0.059852514415979385,12.004430770874023,0.2700000000000001
440681,39,40078,0.21537302434444427,-0.01440997701138258,-0.9764255285263062,6.889482021331787,0.2700000000000001
440681,40,2952,-0.44786536693573,0.8938668966293335,-0.02046024426817894,-1.860923171043396,0.25000000000000006
440681,41,27027,-0.32483789324760437,-0.9096565842628479,0.2588537037372589,-7.972418308258057,0.18000000000000005
440681,42,5411,-0.19257737696170807,0.9057333469390869,-0.37757256627082825,2.577199935913086,0.17000000000000004
440681,43,37087,0.10724275559186935,-0.1592918485403061,-0.9813893437385559,6.08415412902832,0.17000000000000004
440681,44,30849,-0.7223294377326965,-0.6688370704650879,-0.17577584087848663,-5.014854431152344,0.13000000000000003
440681,45,46390,-0.9021341800689697,-0.20890165865421295,-0.37751027941703796,-10.007852554321289,0.11000000000000001
440681,46,35135,-0.311825692653656,-0.8904918432235718,-0.33134427666664124,-3.919843912124634,0.10000000000000002
440681,47,17925,0.857886016368866,-0.3666048049926758,-0.3600451648235321,8.587729454040527,0.08000000000000002
440681,48,1932,-0.4389159083366394,0.8825886249542236,0.16849370300769806,-1.5195422172546387,0.06000000000000001
440681,49,972,-0.4888657033443451,0.8213108777999878,-0.2940387427806854,-0.7901730537414551,0.05000000000000001
440681,50,16071,0.9658343195915222,-0.06787416338920593,0.250114381313324,8.86240291595459,0.05000000000000001
440681,51,28642,-0.20727622509002686,-0.9132704734802246,0.35067594051361084,-4.065074443817139,0.04000000000000001
440681,52,44235,-0.9491256475448608,-0.1852358728647232,-0.25465309619903564,-7.474746227264404,0.030000000000000006
440681,53,17780,0.931454598903656,-0.2574443519115448,-0.2571277916431427,10.841744422912598,0.010000000000000002
440681,54,23311,0.9987178444862366,0.019933080300688744,0.04653342813253403,9.503655433654785,0.010000000000000002
369259,1,13073,0.995212972164154,0.06384789198637009,-0.07399081438779831,2.0937271118164062,14.320000000000002
369259,2,38700,0.7724648714065552,0.32387059926986694,-0.5462653636932373,5.38740348815918,9.060000000000002
369259,3,16721,0.9586848020553589,-0.25734665989875793,0.12122773379087448,3.016663074493408,6.960000000000002
369259,4,40312,0.3208484351634979,0.6721141338348389,-0.6673222184181213,4.789607048034668,5.570000000000001
369259,5,39066,0.37704578042030334,0.26407894492149353,-0.8877492547035217,7.643748760223389,4.150000000000001
369259,6,40094,-0.04916330799460411,0.8251908421516418,-0.5627104043960571,3.1353607177734375,4.120000000000001
369259,7,4019,-0.06707439571619034,0.986092746257782,-0.15205948054790497,-0.4077994227409363,3.880000000000001
369259,8,169,-0.5787487030029297,0.8017359375953674,0.1492295265197754,-3.1093909740448,3.8200000000000007
369259,9,40060,0.2394055426120758,0.23269407451152802,-0.9426231980323792,5.669556617736816,3.690000000000001
369259,10,38751,0.08487575501203537,0.6433117985725403,-0.7608850598335266,3.855154037475586,3.630000000000001
369259,11,21754,0.931422770023346,-0.15167735517024994,0.33082568645477295,0.2254292070865631,3.1100000000000008
369259,12,8646,0.940242350101471,-0.3387976586818695,0.03406655788421631,2.0021519660949707,3.0500000000000007
369259,13,21864,0.9998212456703186,0.0008255633874796331,0.01888795755803585,2.046743154525757,2.6400000000000006
369259,14,37373,0.03881318122148514,0.36650359630584717,-0.9296067357063293,3.544081211090088,2.4700000000000006
369259,15,40767,-0.3808688819408417,0.8124971985816956,-0.44134703278541565,-0.800910472869873,2.4500000000000006
369259,16,8310,0.932098388671875,-0.3621404469013214,-0.006848591845482588,3.5243301391601562,2.4000000000000004
369259,17,26264,-0.4107685983181,-0.8730005025863647,-0.26294341683387756,2.8306260108947754,2.3000000000000003
369259,18,26811,-0.3947664499282837,-0.9038642048835754,0.16489075124263763,0.573168158531189,2.1000000000000005
369259,19,44604,-0.3466436564922333,-0.552916407585144,-0.7577081322669983,2.5948219299316406,2.0900000000000003
369259,20,5330,-0.1582309901714325,0.9871494770050049,-0.022334884852170944,-1.9409313201904297,1.1600000000000001
369259,21,37087,0.10724275559186935,-0.1592918485403061,-0.9813893437385559,6.08415412902832,1.0600000000000003
369259,22,11722,0.9829725623130798,-0.11653666943311691,0.14207075536251068,1.118533730506897,1.0300000000000002
369259,23,44899,-0.8394913077354431,-0.3049367666244507,-0.44974201917648315,2.418454170227051,0.9800000000000002
369259,24,37684,-0.3906537592411041,0.6952040791511536,-0.6033912301063538,2.635538339614868,0.9600000000000002
369259,25,7402,0.9600893259048462,-0.2714981734752655,0.06721024960279465,1.2156014442443848,0.8900000000000001
369259,26,12687,0.8441862463951111,-0.4756305515766144,-0.24723505973815918,3.538548707962036,0.8500000000000002
369259,27,45831,-0.767418622970581,-0.5997881889343262,-0.22654539346694946,2.5682153701782227,0.8400000000000002
369259,28,13999,0.834936261177063,-0.543573260307312,0.08607851713895798,2.4408905506134033,0.8300000000000002
369259,29,37279,0.01246197521686554,0.7375673651695251,-0.6751585602760315,5.033202648162842,0.7300000000000001
369259,30,28023,-0.5238811373710632,-0.8490272164344788,0.06856628507375717,-0.01996856927871704,0.7100000000000002
369259,31,22108,0.9988461136817932,0.0005671100225299597,-0.048022616654634476,2.4171814918518066,0.7000000000000002
369259,32,21792,0.8927043676376343,-0.3513205349445343,-0.2822282612323761,3.8233282566070557,0.6300000000000001
369259,33,22683,0.9213706851005554,-0.03426140919327736,0.38717201352119446,0.25018900632858276,0.5800000000000001
369259,34,596,-0.5369710326194763,0.8178974986076355,0.2066539078950882,-5.425361633300781,0.5100000000000001
369259,35,26792,-0.6593069434165955,-0.7411706447601318,0.12641356885433197,-1.1051394939422607,0.45000000000000007
369259,36,17954,0.8187689185142517,-0.5667291879653931,-0.09184464067220688,5.0007524490356445,0.4200000000000001
369259,37,39274,0.2972518801689148,0.280519962310791,-0.9126608967781067,4.064669132232666,0.38000000000000006
369259,38,17009,0.985724151134491,-0.16715878248214722,-0.020145876333117485,3.965522527694702,0.3500000000000001
369259,39,40747,0.06364423036575317,0.6710307002067566,-0.7386929392814636,1.9580986499786377,0.31000000000000005
369259,40,39738,-0.4181375801563263,0.2535113990306854,-0.8722917437553406,3.5005745887756348,0.2700000000000001
369259,41,42385,-0.928523600101471,0.04972956329584122,-0.36792781949043274,0.9178703427314758,0.26000000000000006
369259,42,46676,-0.7125142812728882,-0.3536264896392822,-0.6060294508934021,1.9361273050308228,0.20000000000000004
369259,43,9847,0.985722005367279,0.02672172151505947,0.1662469506263733,1.6492724418640137,0.19000000000000003
369259,44,26838,-0.46524152159690857,-0.8125768899917603,0.35109707713127136,-0.33773207664489746,0.17000000000000004
369259,45,5052,-0.2230539172887802,0.9742721915245056,0.032258808612823486,-2.956226348876953,0.10000000000000002
369259,46,3247,-0.6790288090705872,0.7340981960296631,0.004442948382347822,-4.280478000640869,0.08000000000000002
369259,47,38524,0.11548898369073868,0.08244597911834717,-0.9898812770843506,5.003664970397949,0.05000000000000001
369259,48,35669,-0.6882521510124207,-0.7175393104553223,-0.10698747634887695,0.8035230040550232,0.030000000000000006
369259,49,42973,-0.7218070030212402,-0.5321551561355591,-0.4424992501735687,3.394559860229492,0.010000000000000002
510828,1,38800,-0.12756748497486115,0.7159421443939209,-0.686406135559082,-3.8824617862701416,12.440000000000003
510828,2,38105,-0.4056583344936371,0.6266327500343323,-0.665411651134491,-6.461906433105469,12.130000000000003
510828,3,37373,0.03881318122148514,0.36650359630584717,-0.9296067357063293,3.544081211090088,8.600000000000001
510828,4,39427,-0.29428693652153015,0.34830397367477417,-0.8899884819984436,-3.4904117584228516,4.890000000000001
510828,5,36844,-0.43120139837265015,-0.900175154209137,0.06123732402920723,-1.4889888763427734,4.200000000000001
510828,6,27604,-0.1318349391222,-0.9876692295074463,-0.084433913230896,4.841647148132324,4.090000000000001
510828,7,10163,0.9886969923973083,0.031058117747306824,0.14667531847953796,15.016809463500977,3.3000000000000007
510828,8,30520,-0.6734874844551086,-0.7265385985374451,-0.13622137904167175,-7.133932113647461,3.170000000000001
510828,9,3529,-0.29551276564598083,0.9516639709472656,-0.08371300250291824,-10.065526008605957,3.1000000000000005
510828,10,38879,0.26446035504341125,0.04776840656995773,-0.963212788105011,6.88170051574707,2.0900000000000003
510828,11,42088,-0.8639530539512634,-0.3215245008468628,-0.38756561279296875,-9.061254501342773,2.0800000000000005
510828,12,585,-0.16405950486660004,0.9018927216529846,-0.3995922803878784,-6.548933029174805,2.0200000000000005
510828,13,37318,0.05914636701345444,0.44769734144210815,-0.8922268748283386,2.066911220550537,2.0200000000000005
510828,14,26617,-0.40431147813796997,-0.8953258991241455,-0.18687894940376282,-0.198500394821167,1.9300000000000004
510828,15,46063,-0.6698797941207886,-0.17207467555999756,-0.7222543358802795,-5.161655426025391,1.8700000000000003
510828,16,9889,0.8906652331352234,-0.40610355138778687,-0.2044391632080078,16.257089614868164,1.8400000000000003
510828,17,39104,-0.05926964059472084,0.6581472158432007,-0.7505527138710022,-1.8875912427902222,1.5500000000000003
510828,18,8381,0.9747323393821716,-0.2113330215215683,-0.07235506176948547,14.47990894317627,1.5300000000000002
510828,19,23872,-0.5660356283187866,-0.8190988898277283,-0.09317031502723694,-1.5368132591247559,1.2800000000000002
510828,20,10741,0.8404428362846375,-0.45746931433677673,0.29047828912734985,16.646942138671875,1.1000000000000003
510828,21,2792,-0.5042780041694641,0.7876944541931152,0.35389426350593567,-14.200611114501953,1.0900000000000003
510828,22,32603,-0.5731233954429626,-0.7825204730033875,-0.2432926893234253,0.19601643085479736,1.0400000000000003
510828,23,18040,0.9757411479949951,-0.16110557317733765,0.14823706448078156,17.35453987121582,0.9600000000000002
510828,24,5430,-0.20298829674720764,0.9531441330909729,0.22430330514907837,-12.614901542663574,0.9300000000000002
510828,25,36670,-0.9058810472488403,-0.38701826333999634,-0.1720358431339264,-12.717818260192871,0.8800000000000001
510828,26,9754,0.9561139345169067,0.08219144493341446,-0.281230628490448,13.096441268920898,0.8200000000000002
510828,27,37744,0.4897952973842621,0.42207053303718567,-0.7628610730171204,10.3837251663208,0.8000000000000002
510828,28,10168,0.9805088639259338,0.011188608594238758,0.19615605473518372,17.023563385009766,0.7500000000000001
510828,29,12368,0.9212721586227417,-0.3485508859157562,0.1725395917892456,18.463871002197266,0.7500000000000001
510828,30,27442,-0.6065492033958435,-0.7939236760139465,-0.04222921282052994,-3.504689931869507,0.7300000000000001
510828,31,7266,0.9965450167655945,-0.07222912460565567,0.04099997505545616,15.181099891662598,0.7200000000000002
510828,32,45804,-0.869490921497345,-0.39773786067962646,-0.29289957880973816,-8.13593864440918,0.6700000000000002
510828,33,41144,-0.6110254526138306,-0.7666029334068298,-0.19740279018878937,-3.7408626079559326,0.5900000000000001
510828,34,18227,0.8914069533348083,-0.07537170499563217,0.44689232110977173,10.176996231079102,0.5500000000000002
510828,35,44423,-0.7754500508308411,-0.293652206659317,-0.5589683055877686,-6.5104756355285645,0.5400000000000001
510828,36,5685,-0.5123106241226196,0.8288077116012573,-0.22497914731502533,-10.700138092041016,0.4800000000000001
510828,37,31858,-0.5677731037139893,-0.7211000919342041,-0.39704960584640503,-0.6843676567077637,0.4200000000000001
510828,38,28568,-0.2817700505256653,-0.8667193651199341,-0.4115862250328064,5.85793399810791,0.3600000000000001
510828,39,8850,0.9949393272399902,0.09807804226875305,-0.02182667702436447,13.317001342773438,0.3500000000000001
510828,40,47148,-0.53993821144104,-0.5279527902603149,-0.6555399298667908,-1.695483922958374,0.3500000000000001
510828,41,824,-0.5348275303840637,0.8377777338027954,-0.10994518548250198,-13.999603271484375,0.32000000000000006
510828,42,11361,0.9084581136703491,-0.25424739718437195,-0.3317561149597168,14.788142204284668,0.29000000000000004
510828,43,29157,-0.4061596989631653,-0.893292248249054,-0.19251808524131775,0.9653140306472778,0.24000000000000005
510828,44,22651,0.9501891136169434,-0.2859097123146057,-0.12408193945884705,17.008068084716797,0.22000000000000003
510828,45,9825,0.9231462478637695,-0.2545590400695801,-0.2880984842777252,16.703405380249023,0.09000000000000002
510828,46,40312,0.3208484351634979,0.6721141338348389,-0.6673222184181213,4.789607048034668,0.07
510828,47,39948,0.09302720427513123,0.037341661751270294,-0.9949631094932556,4.16033411026001,0.06000000000000001
510828,48,429,-0.5876477360725403,0.801730751991272,-0.10907786339521408,-13.622801780700684,0.030000000000000006
510828,49,24450,-0.39834824204444885,-0.9119542837142944,0.09827517718076706,-2.3105106353759766,0.020000000000000004
510828,50,38728,-0.19659730792045593,-0.039730317890644073,-0.9796790480613708,3.452881097793579,0.020000000000000004
510828,51,45086,-0.9074176549911499,-0.2915192246437073,-0.3026711046695709,-9.707069396972656,0.010000000000000002
506745,1,40464,0.044961947947740555,0.5538598299026489,-0.8313950300216675,-4.713716983795166,10.720000000000002
506745,2,40795,0.30236828327178955,0.2998158633708954,-0.9048115015029907,1.5389090776443481,7.9700000000000015
506745,3,38918,-0.36324068903923035,0.6339799761772156,-0.6827338933944702,-9.448226928710938,5.130000000000001
506745,4,39808,0.32825127243995667,0.4818768799304962,-0.8124319911003113,-0.23562920093536377,4.440000000000001
506745,5,37120,-0.34000253677368164,0.12691886723041534,-0.9318207502365112,-7.4374518394470215,4.3500000000000005
506745,6,38909,-0.31949901580810547,0.07921693474054337,-0.944269597530365,-8.37463092803955,4.0200000000000005
506745,7,31158,-0.6084988713264465,-0.5574104189872742,-0.5648210048675537,-7.000982284545898,3.3600000000000008
506745,8,40016,-0.22712551057338715,0.3503515124320984,-0.9086626768112183,-5.965646743774414,3.3600000000000008
506745,9,33948,-0.3628041446208954,-0.8501193523406982,0.3816676437854767,0.21914231777191162,3.1800000000000006
506745,10,30318,-0.5448380708694458,-0.6385990977287292,0.5434544086456299,-2.778533935546875,2.8200000000000007
506745,11,18297,0.9842572808265686,0.05174615606665611,-0.1689969003200531,14.493236541748047,2.7900000000000005
506745,12,21336,0.9070977568626404,-0.11215146631002426,0.4057040214538574,12.869779586791992,2.6800000000000006
506745,13,5358,-0.4735246002674103,0.8638221025466919,0.17200519144535065,-8.595338821411133,2.0500000000000003
506745,14,29497,-0.3517782390117645,-0.9264473915100098,0.13396748900413513,1.0199875831604004,2.0400000000000005
506745,15,15036,0.8566567301750183,-0.38906756043434143,-0.33877086639404297,14.100848197937012,2.0000000000000004
506745,16,38015,0.4493981897830963,0.6492196321487427,-0.6136409044265747,0.17548948526382446,1.8100000000000003
506745,17,18875,0.9831418991088867,-0.17143456637859344,0.06357802450656891,15.604930877685547,1.7800000000000002
506745,18,9894,0.8330629467964172,-0.5529542565345764,0.01573924347758293,16.343034744262695,1.6000000000000003
506745,19,30544,-0.5720350742340088,-0.7579898834228516,0.31341224908828735,-3.8625712394714355,1.6000000000000003
506745,20,31126,-0.2966734766960144,-0.8327743411064148,0.46740955114364624,1.9163872003555298,1.5700000000000003
506745,21,3877,-0.5149597525596619,0.85697340965271,0.020324289798736572,-12.277174949645996,1.5100000000000002
506745,22,44122,-0.848946213722229,-0.1888151317834854,-0.49359816312789917,-11.672935485839844,1.4900000000000002
506745,23,27924,-0.9359714984893799,-0.34731778502464294,0.05768667906522751,-10.169726371765137,1.4800000000000002
506745,24,25257,-0.4297497868537903,-0.8996312022209167,-0.07732243835926056,-0.9447580575942993,1.3600000000000003
506745,25,35746,-0.16229625046253204,-0.9770783185958862,0.13776011765003204,1.8671072721481323,1.3000000000000003
506745,26,29123,-0.5265445113182068,-0.8440927863121033,0.10128313302993774,-1.7366948127746582,1.2800000000000002
506745,27,9700,0.9879986047744751,-0.10921116918325424,-0.10923242568969727,12.70441722869873,1.0200000000000002
506745,28,39256,-0.4904228746891022,0.6444242596626282,-0.5866879820823669,-11.367147445678711,0.9400000000000002
506745,29,41191,-0.7492696642875671,-0.4151563346385956,-0.5159846544265747,-11.950526237487793,0.9300000000000002
506745,30,28690,-0.8245370984077454,-0.5510934591293335,0.12819750607013702,-10.418213844299316,0.8800000000000001
506745,31,15791,0.9870434999465942,0.1448097676038742,0.06910306960344315,12.463406562805176,0.8600000000000002
506745,32,21788,0.9816882610321045,-0.15837019681930542,0.10586307942867279,13.475041389465332,0.7600000000000001
506745,33,28731,-0.49891430139541626,-0.7974353432655334,-0.3393838107585907,-6.295083522796631,0.7600000000000001
506745,34,28063,-0.18662895262241364,-0.9659203886985779,0.17935270071029663,5.930543899536133,0.5100000000000001
506745,35,42129,-0.9442698955535889,-0.31273093819618225,0.10273157805204391,-12.311795234680176,0.45000000000000007
506745,36,32608,0.12038639932870865,-0.9922384023666382,-0.031145652756094933,9.748204231262207,0.28
506745,37,10060,0.9019230604171753,-0.4318033754825592,-0.008980494923889637,13.512052536010742,0.26000000000000006
506745,38,37512,-0.18638871610164642,0.7914754152297974,-0.582087516784668,-7.440286636352539,0.26000000000000006
506745,39,10810,0.9996917247772217,0.024644818156957626,0.0030177216976881027,13.781075477600098,0.23000000000000004
506745,40,8429,0.9710950255393982,-0.09943130612373352,0.21699748933315277,13.176135063171387,0.23000000000000004
506745,41,14830,0.9163996577262878,0.3896523714065552,0.0915568396449089,13.64539623260498,0.22000000000000003
506745,42,20961,0.9544451236724854,-0.27226021885871887,-0.12210186570882797,15.350052833557129,0.18000000000000005
506745,43,42088,-0.8639530539512634,-0.3215245008468628,-0.38756561279296875,-9.061254501342773,0.12000000000000002
506745,44,22877,0.8819767236709595,0.4130897521972656,-0.22687871754169464,8.8070650100708,0.05000000000000001
506745,45,27604,-0.1318349391222,-0.9876692295074463,-0.084433913230896,4.841647148132324,0.04000000000000001
291920,1,38325,0.2204708755016327,0.5804798603057861,-0.7838594913482666,-0.10566222667694092,19.820000000000004
291920,2,40579,0.5334203243255615,0.5799462199211121,-0.6157313585281372,-2.414522171020508,15.250000000000004
291920,3,40024,-0.3677612841129303,0.6937432885169983,-0.619251012802124,-2.222072124481201,10.540000000000003
291920,4,2790,-0.24130912125110626,0.9427539110183716,-0.2301846742630005,-4.517983913421631,4.040000000000001
291920,5,38006,0.2053430676460266,0.19362005591392517,-0.9593464136123657,2.683488368988037,3.9300000000000006
291920,6,30334,-0.3432483375072479,-0.9350046515464783,-0.08914528787136078,6.771605014801025,3.8900000000000006
291920,7,19501,0.9911635518074036,0.0974670872092247,0.08997192978858948,-1.401315450668335,3.1000000000000005
291920,8,39757,-0.24880342185497284,0.2927461862564087,-0.9232532382011414,1.404260277748108,2.3000000000000003
291920,9,12456,0.9331232905387878,-0.12781848013401031,0.3360704481601715,-1.7875101566314697,1.8600000000000003
291920,10,28429,-0.8809859156608582,-0.36207547783851624,0.304573655128479,3.6130313873291016,1.8600000000000003
291920,11,47134,-0.7135224342346191,-0.5583717226982117,-0.4232099950313568,5.646989822387695,1.7800000000000002
291920,12,46295,-0.763280987739563,-0.530844509601593,-0.36824747920036316,6.846932888031006,1.7500000000000004
291920,13,27767,-0.50900799036026,-0.8331385850906372,0.21631214022636414,4.074193000793457,1.6400000000000003
291920,14,29193,-0.34012138843536377,-0.9089356064796448,-0.2411503940820694,7.06368350982666,1.4700000000000002
291920,15,30981,-0.7452846765518188,-0.6307429075241089,-0.21613448858261108,4.7484049797058105,1.3100000000000003
291920,16,27107,-0.7173293828964233,-0.640591025352478,-0.27401047945022583,7.848508358001709,1.2600000000000002
291920,17,23465,0.9075313806533813,-0.03999249264597893,0.4180757701396942,-4.619423866271973,1.1700000000000002
291920,18,25276,-0.3234693109989166,-0.8752292990684509,0.3596404790878296,6.007455825805664,1.1500000000000001
291920,19,47627,-0.8458185791969299,-0.5028021931648254,-0.17827185988426208,5.878432273864746,1.0800000000000003
291920,20,39738,-0.4181375801563263,0.2535113990306854,-0.8722917437553406,3.5005745887756348,0.9600000000000002
291920,21,3215,-0.2833884656429291,0.949805736541748,-0.13251428306102753,-6.671241760253906,0.9300000000000002
291920,22,34525,-0.30760595202445984,-0.8545728921890259,-0.4184300899505615,9.19930362701416,0.8700000000000002
291920,23,37133,0.290139377117157,0.36581820249557495,-0.884305477142334,1.6521817445755005,0.8500000000000002
291920,24,20785,0.9027701020240784,0.4154181182384491,0.11150740087032318,-5.142515659332275,0.7800000000000001
291920,25,43537,-0.7587746381759644,-0.44821372628211975,-0.47261562943458557,3.9438838958740234,0.7800000000000001
291920,26,46138,-0.8916292786598206,-0.17277498543262482,-0.4185045659542084,2.839080810546875,0.6700000000000002
291920,27,29407,-0.3566203713417053,-0.7697199583053589,-0.5294837951660156,12.827778816223145,0.56
291920,28,5308,-0.30955517292022705,0.9450609683990479,-0.10504952073097229,-3.4496865272521973,0.5400000000000001
291920,29,23939,-0.7220838665962219,-0.6740270256996155,-0.15582822263240814,9.390887260437012,0.5100000000000001
291920,30,3287,-0.3440514802932739,0.9245903491973877,0.1635887622833252,-5.684305667877197,0.4900000000000001
291920,31,22661,0.8634762763977051,-0.3345961272716522,-0.3774309456348419,5.136884689331055,0.44000000000000006
291920,32,2513,-0.09358621388673782,0.9767352342605591,-0.1929505318403244,-5.5442986488342285,0.4000000000000001
291920,33,33653,-0.18626289069652557,-0.8667475581169128,-0.462660551071167,6.8359904289245605,0.37000000000000005
291920,34,2974,-0.7231679558753967,0.6888213157653809,0.05052991211414337,-1.748012661933899,0.30000000000000004
291920,35,7782,0.9793329238891602,0.20176026225090027,-0.014135436154901981,-4.136072635650635,0.30000000000000004
291920,36,33471,-0.2672549784183502,-0.9283954501152039,0.25817951560020447,7.502312660217285,0.28
291920,37,5301,-0.3530179262161255,0.8485760688781738,0.3940773904323578,-11.67309856414795,0.26000000000000006
291920,38,18689,0.9401180148124695,-0.09002198278903961,0.3287462890148163,-4.731060028076172,0.26000000000000006
291920,39,28037,-0.20980846881866455,-0.968690812587738,0.13273486495018005,5.129398345947266,0.23000000000000004
291920,40,15302,0.9803491830825806,-0.11364154517650604,-0.16124844551086426,-1.7469019889831543,0.21000000000000005
291920,41,24005,-0.8002034425735474,-0.581150472164154,-0.14811678230762482,9.007549285888672,0.17000000000000004
291920,42,15046,0.9033121466636658,-0.004552410449832678,-0.4289596676826477,1.377379059791565,0.07
291920,43,45625,-0.6989271640777588,-0.6232644319534302,-0.3507738709449768,10.137022972106934,0.06000000000000001
291920,44,18153,0.916279137134552,-0.26235827803611755,0.3026560842990875,-1.6923558712005615,0.04000000000000001
291920,45,21154,0.8831284046173096,0.3973451554775238,-0.24940133094787598,-1.7948436737060547,0.030000000000000006
291920,46,39274,0.2972518801689148,0.280519962310791,-0.9126608967781067,4.064669132232666,0.020000000000000004
291920,47,28056,-0.11206411570310593,-0.851996660232544,0.5114130973815918,1.7936668395996094,0.010000000000000002
291920,48,31517,0.14568376541137695,-0.9890607595443726,0.023131506517529488,4.3550519943237305,0.010000000000000002
144972,1,40685,-0.3745131194591522,0.6493364572525024,-0.661892831325531,0.07608509063720703,5.470000000000001
144972,2,39193,0.05412905290722847,0.4398408830165863,-0.8964430093765259,-4.634550094604492,5.340000000000001
144972,3,38547,-0.021184824407100677,0.602372407913208,-0.7979339957237244,-4.468008041381836,4.48
144972,4,4400,-0.5157346129417419,0.816919207572937,0.2581874132156372,8.01513385772705,4.340000000000001
144972,5,39438,0.19613119959831238,0.8085002303123474,-0.5548512935638428,-7.329899787902832,4.220000000000001
144972,6,33350,-0.0427250899374485,-0.9915940165519714,-0.12213070690631866,0.36971044540405273,3.940000000000001
144972,7,24005,-0.8002034425735474,-0.581150472164154,-0.14811678230762482,9.007549285888672,3.7800000000000007
144972,8,42334,-0.6482973098754883,-0.7226074934005737,-0.2398938089609146,8.909070014953613,3.6000000000000005
144972,9,2545,-0.4225773215293884,0.8950496912002563,0.14252859354019165,3.525352954864502,3.3600000000000008
144972,10,37974,-0.2845737338066101,0.1332753449678421,-0.9493447542190552,-1.413623332977295,3.190000000000001
144972,11,30973,-0.7591009736061096,-0.6502007842063904,-0.0316966250538826,9.336261749267578,2.9100000000000006
144972,12,8255,0.9802927374839783,-0.05978216975927353,0.18828755617141724,-13.0642671585083,2.6400000000000006
144972,13,38800,-0.12756748497486115,0.7159421443939209,-0.686406135559082,-3.8824617862701416,2.3200000000000003
144972,14,39676,0.09751801192760468,0.8260096311569214,-0.5551561117172241,-6.156268119812012,2.2500000000000004
144972,15,2242,-0.5659370422363281,0.8210203647613525,0.07510524988174438,5.685540199279785,2.0700000000000003
144972,16,38134,-0.11972483992576599,0.245659738779068,-0.9619341492652893,-2.406007766723633,1.9700000000000004
144972,17,28989,-0.45205891132354736,-0.8317700028419495,-0.32218223810195923,5.154566764831543,1.9100000000000004
144972,18,34667,-0.6702088117599487,-0.7342352867126465,-0.10825270414352417,7.978978157043457,1.7900000000000003
144972,19,30522,-0.5764063596725464,-0.7623558640480042,0.29422643780708313,8.546170234680176,1.4300000000000004
144972,20,14304,0.9995056986808777,-0.018916400149464607,-0.02511006034910679,-13.727306365966797,1.2900000000000003
144972,21,33440,-0.4653431475162506,-0.8838473558425903,-0.04764094576239586,6.377350807189941,1.2700000000000002
144972,22,3573,-0.6142604351043701,0.748892605304718,-0.2486845999956131,6.1330108642578125,1.2400000000000002
144972,23,45826,-0.6574529409408569,-0.4150717556476593,-0.6288648843765259,5.254888534545898,1.2000000000000002
144972,24,35087,-0.785751461982727,-0.5052841901779175,-0.3567667007446289,9.462678909301758,0.9900000000000002
144972,25,13489,0.9927448630332947,0.12023473531007767,-0.0010949930874630809,-11.976409912109375,0.9500000000000002
144972,26,13573,0.9773939251899719,-0.19696751236915588,0.07684344798326492,-13.681998252868652,0.9500000000000002
144972,27,22247,0.9716042876243591,-0.09460752457380295,0.2168743759393692,-12.02873706817627,0.9400000000000002
144972,28,33539,-0.6830361485481262,-0.7019242644309998,-0.20190072059631348,7.525820255279541,0.8600000000000002
144972,29,46406,-0.8417218923568726,-0.39121291041374207,-0.3720977008342743,8.332582473754883,0.6800000000000002
144972,30,4520,-0.6920464038848877,0.7073023319244385,-0.14420512318611145,7.022342681884766,0.6100000000000001
144972,31,10264,0.9607564806938171,-0.25956639647483826,0.09783786535263062,-12.139901161193848,0.6100000000000001
144972,32,8458,0.8655349612236023,-0.48543986678123474,-0.12327766418457031,-11.2728853225708,0.5900000000000001
144972,33,10453,0.8268319964408875,-0.4098612070083618,-0.38517865538597107,-12.997875213623047,0.5800000000000001
144972,34,30029,-0.6032117605209351,-0.7914457321166992,0.09873821586370468,7.735544204711914,0.4800000000000001
144972,35,46237,-0.96401447057724,-0.15272372961044312,-0.21760419011116028,10.968661308288574,0.4700000000000001
144972,36,8715,0.7800913453102112,-0.6256614327430725,0.0023000012151896954,-7.721774578094482,0.32000000000000006
144972,37,21594,0.8878722786903381,-0.4066685438156128,-0.2151825726032257,-13.544483184814453,0.28
144972,38,13483,0.9118740558624268,-0.39963528513908386,-0.0936877578496933,-11.879352569580078,0.2700000000000001
144972,39,13187,0.9620914459228516,-0.24260567128658295,-0.12458931654691696,-13.402457237243652,0.23000000000000004
144972,40,16518,0.967656672000885,-0.17270174622535706,-0.18388772010803223,-14.86362361907959,0.18000000000000005
144972,41,21875,0.8989359140396118,0.20526926219463348,-0.3870125710964203,-13.552606582641602,0.17000000000000004
144972,42,23020,0.8926043510437012,-0.32516810297966003,0.3122870922088623,-9.319060325622559,0.15000000000000002
144972,43,39962,0.20885860919952393,0.25108325481414795,-0.945164144039154,-7.5312933921813965,0.14
144972,44,41503,-0.6378571391105652,-0.5919085144996643,-0.49272972345352173,7.683492183685303,0.08000000000000002
144972,45,293,-0.43039101362228394,0.8667661547660828,0.2519523501396179,3.9322714805603027,0.05000000000000001
144972,46,30516,-0.46270859241485596,-0.8865066766738892,0.0025773660745471716,6.142210006713867,0.04000000000000001
144972,47,14345,0.882648766040802,-0.45935559272766113,0.0996173620223999,-10.389162063598633,0.020000000000000004
144972,48,16083,0.9359866380691528,-0.27865859866142273,0.21512402594089508,-10.28945541381836,0.020000000000000004
144972,49,4325,-0.5612966418266296,0.7792868614196777,-0.2786719799041748,4.353027820587158,0.010000000000000002
458127,1,37349,0.29625803232192993,0.7801558971405029,-0.5509881377220154,0.7696259021759033,9.690000000000001
458127,2,37373,0.03881318122148514,0.36650359630584717,-0.9296067357063293,3.544081211090088,8.450000000000001
458127,3,14185,0.9928625822067261,-0.07023847848176956,0.09638705104589462,12.298110961914062,4.220000000000001
458127,4,37031,-0.4530847668647766,0.6922814846038818,-0.5616587400436401,-5.088140487670898,3.710000000000001
458127,5,23224,0.940111517906189,-0.2253631353378296,0.25573763251304626,11.158096313476562,2.9000000000000004
458127,6,38879,0.26446035504341125,0.04776840656995773,-0.963212788105011,6.88170051574707,2.9000000000000004
458127,7,30441,-0.335094690322876,-0.7503663301467896,-0.5697911381721497,3.293991804122925,2.7600000000000007
458127,8,37826,-0.5576846599578857,0.3130533695220947,-0.7687557339668274,-3.145672559738159,2.7300000000000004
458127,9,39858,-0.17528708279132843,0.760804295539856,-0.6248610019683838,-4.083888053894043,1.6400000000000003
458127,10,38524,0.11548898369073868,0.08244597911834717,-0.9898812770843506,5.003664970397949,1.4700000000000002
458127,11,33603,-0.04670649394392967,-0.9988235235214233,0.013042661361396313,3.1986007690429688,1.4200000000000004
458127,12,38728,-0.19659730792045593,-0.039730317890644073,-0.9796790480613708,3.452881097793579,1.2100000000000002
458127,13,1758,-0.5571677088737488,0.7973966002464294,-0.23178188502788544,-9.5778169631958,1.2000000000000002
458127,14,16460,0.9894886612892151,-0.07516960799694061,0.12353819608688354,12.053696632385254,1.1900000000000002
458127,15,11697,0.9704176783561707,-0.18917708098888397,0.15000516176223755,10.28749942779541,0.9200000000000002
458127,16,20343,0.9523739218711853,-0.2263018786907196,0.2043805867433548,11.916452407836914,0.9200000000000002
458127,17,3779,-0.6308197379112244,0.760867714881897,0.15214087069034576,-10.40060806274414,0.8700000000000002
458127,18,32603,-0.5731233954429626,-0.7825204730033875,-0.2432926893234253,0.19601643085479736,0.8500000000000002
458127,19,4484,-0.29340362548828125,0.9502993226051331,0.1041417270898819,-8.909317970275879,0.6900000000000002
458127,20,43169,-0.786946177482605,-0.4596906006336212,-0.41158267855644226,-4.1437668800354,0.6100000000000001
458127,21,10910,0.9808538556098938,0.19239363074302673,-0.03017214871942997,11.052827835083008,0.4600000000000001
458127,22,22243,0.9917606711387634,0.04273011162877083,-0.1207679808139801,10.974745750427246,0.44000000000000006
458127,23,37318,0.05914636701345444,0.44769734144210815,-0.8922268748283386,2.066911220550537,0.3600000000000001
458127,24,43738,-0.4578680992126465,-0.6806460618972778,-0.571907103061676,3.2636220455169678,0.3600000000000001
458127,25,21348,0.9790369272232056,-0.188576340675354,0.07697831839323044,12.853042602539062,0.31000000000000005
458127,26,8237,0.9283190369606018,-0.21507400274276733,0.3032605051994324,8.70240592956543,0.2700000000000001
458127,27,30544,-0.5720350742340088,-0.7579898834228516,0.31341224908828735,-3.8625712394714355,0.22000000000000003
458127,28,39066,0.37704578042030334,0.26407894492149353,-0.8877492547035217,7.643748760223389,0.22000000000000003
458127,29,41839,-0.9447678327560425,-0.29896727204322815,-0.13428445160388947,-6.088990211486816,0.19000000000000003
458127,30,6895,-0.6703314185142517,0.7420464754104614,-0.0047736940905451775,-10.807901382446289,0.17000000000000004
458127,31,29157,-0.4061596989631653,-0.893292248249054,-0.19251808524131775,0.9653140306472778,0.11000000000000001
458127,32,9754,0.9561139345169067,0.08219144493341446,-0.281230628490448,13.096441268920898,0.08000000000000002
458127,33,3900,-0.7124401330947876,0.6610397696495056,-0.23548977077007294,-10.86949348449707,0.04000000000000001
458127,34,30411,-0.7584184408187866,-0.3326887786388397,-0.5604637861251831,-4.401822566986084,0.04000000000000001
458127,35,36038,-0.34869125485420227,-0.9342314004898071,-0.07500763982534409,2.861252784729004,0.04000000000000001
458127,36,16426,0.9860129952430725,-0.14437010884284973,-0.08328083902597427,13.258352279663086,0.030000000000000006
221142,1,38961,0.28054818511009216,0.6347153186798096,-0.7200202941894531,-2.206622362136841,6.090000000000001
221142,2,38801,0.2922040522098541,0.27151015400886536,-0.9170054793357849,-3.056575298309326,4.680000000000001
221142,3,41342,-0.8994542360305786,-0.2153528332710266,-0.3802698850631714,3.2923765182495117,4.3500000000000005
221142,4,27242,-0.6664522290229797,-0.736311137676239,-0.11699282377958298,0.0676928162574768,3.7000000000000006
221142,5,38275,0.11259645968675613,0.4190138280391693,-0.9009714126586914,-0.852778971195221,3.6200000000000006
221142,6,10907,0.9384613037109375,-0.29956597089767456,-0.1719028353691101,-10.389300346374512,2.9700000000000006
221142,7,29136,-0.7720646262168884,-0.6312503218650818,0.07375131547451019,2.6294100284576416,2.6700000000000004
221142,8,31336,0.06448598951101303,-0.9718636870384216,-0.22654469311237335,-7.735404968261719,2.4700000000000006
221142,9,46029,-0.7583854794502258,-0.40154436230659485,-0.5134330987930298,1.132995367050171,2.2900000000000005
221142,10,27488,-0.9613149166107178,-0.27143359184265137,-0.04687660187482834,7.142691135406494,1.8600000000000003
221142,11,2861,-0.14439663290977478,0.9678241014480591,-0.2060731202363968,3.7618939876556396,1.8500000000000003
221142,12,38134,-0.11972483992576599,0.245659738779068,-0.9619341492652893,-2.406007766723633,1.3900000000000003
221142,13,12950,0.9639023542404175,-0.031773827970027924,-0.2643533945083618,-6.829624652862549,1.0800000000000003
221142,14,43156,-0.8366876244544983,-0.5303623080253601,-0.13663692772388458,1.9207923412322998,1.0600000000000003
221142,15,22411,0.8609194159507751,-0.5019370317459106,-0.08292774856090546,-10.529491424560547,0.9800000000000002
221142,16,9982,0.9472288489341736,-0.090306356549263,0.3075748085975647,-6.910557270050049,0.8700000000000002
221142,17,30800,-0.007265077438205481,-0.9995611310005188,0.028717858716845512,-4.235832691192627,0.7200000000000002
221142,18,9647,0.9341111183166504,-0.35076192021369934,-0.06635168939828873,-10.231431007385254,0.6600000000000001
221142,19,21051,0.9483398795127869,-0.0548657663166523,0.3124759793281555,-6.643543720245361,0.6500000000000001
221142,20,4060,-0.09534453600645065,0.9830198287963867,0.1567845493555069,7.259040832519531,0.6000000000000001
221142,21,25769,-0.7424759864807129,-0.6665628552436829,-0.0665087029337883,3.6900997161865234,0.5000000000000001
221142,22,42157,-0.8494246006011963,-0.5201692581176758,-0.08889211714267731,2.4909300804138184,0.3500000000000001
221142,23,35947,0.01866147294640541,-0.9559673070907593,0.29287925362586975,-4.716358661651611,0.3400000000000001
221142,24,10344,0.9957146048545837,0.06196381524205208,-0.06865106523036957,-8.416814804077148,0.26000000000000006
221142,25,29120,-0.5381879806518555,-0.6399563550949097,0.5484610795974731,3.1197264194488525,0.20000000000000004
221142,26,35112,-0.49257388710975647,-0.8672791123390198,-0.07209618389606476,-0.3606836199760437,0.18000000000000005
221142,27,24946,-0.6990365982055664,-0.6995329260826111,0.14832888543605804,2.5032689571380615,0.17000000000000004
221142,28,38325,0.2204708755016327,0.5804798603057861,-0.7838594913482666,-0.10566222667694092,0.09000000000000002
221142,29,39100,-0.5579150319099426,-0.0013488730182871222,-0.8298969864845276,1.4026377201080322,0.05000000000000001
221142,30,30134,-0.5445768237113953,-0.5862959027290344,0.5997442603111267,1.6578869819641113,0.020000000000000004
221142,31,16010,0.8915827870368958,-0.4525589942932129,-0.01644524373114109,-9.886844635009766,0.010000000000000002
76543,1,39968,0.5660015940666199,0.48800650238990784,-0.6644484996795654,-8.148909568786621,8.400000000000002
76543,2,24005,-0.8002034425735474,-0.581150472164154,-0.14811678230762482,9.007549285888672,5.560000000000001
76543,3,38325,0.2204708755016327,0.5804798603057861,-0.7838594913482666,-0.10566222667694092,4.880000000000001
76543,4,39616,-0.44596627354621887,0.09566649049520493,-0.8899224996566772,8.33804702758789,4.320000000000001
76543,5,33884,-0.2829335033893585,-0.7804242968559265,-0.5575720071792603,-0.8016467094421387,4.220000000000001
76543,6,17341,0.9525997638702393,-0.07478926330804825,-0.29489022493362427,-18.085960388183594,3.190000000000001
76543,7,10736,0.9976743459701538,0.012523932382464409,0.0670001357793808,-15.960023880004883,3.130000000000001
76543,8,38796,-0.05783820524811745,0.42162904143333435,-0.9049219489097595,1.5222890377044678,2.8600000000000008
76543,9,37773,-0.36983242630958557,-0.5368421673774719,-0.758303701877594,0.8618583679199219,2.8500000000000005
76543,10,46049,-0.6201728582382202,-0.16791807115077972,-0.7662826776504517,9.730758666992188,1.5400000000000003
76543,11,4144,-0.18752360343933105,0.9819685220718384,0.023931635543704033,11.784914016723633,1.4100000000000004
76543,12,3669,-0.4857255518436432,0.8610133528709412,0.15075358748435974,12.861673355102539,1.3100000000000003
76543,13,45608,-0.8913714289665222,-0.25398099422454834,-0.37543395161628723,12.856077194213867,0.8900000000000001
76543,14,38801,0.2922040522098541,0.27151015400886536,-0.9170054793357849,-3.056575298309326,0.8800000000000001
76543,15,21974,0.9966731071472168,0.03716379776597023,-0.07253679633140564,-15.135289192199707,0.6300000000000001
76543,16,20177,0.9660279154777527,-0.1475944221019745,-0.21214598417282104,-18.775056838989258,0.5800000000000001
76543,17,7453,0.7547409534454346,-0.1620909720659256,-0.6356827616691589,-12.733292579650879,0.5400000000000001
76543,18,41974,-0.8622413277626038,-0.3724813461303711,-0.3432164192199707,11.69012451171875,0.4700000000000001
76543,19,8249,0.9962654113769531,-0.030949482694268227,-0.08060634881258011,-18.46384620666504,0.33000000000000007
76543,20,4000,0.044498011469841,0.9940198063850403,-0.09972227364778519,4.842852592468262,0.29000000000000004
76543,21,12222,0.9685685634613037,-0.2465076595544815,-0.03330094739794731,-18.569726943969727,0.2700000000000001
76543,22,43127,-0.8972123265266418,-0.4327169358730316,-0.08812560141086578,12.442522048950195,0.2700000000000001
76543,23,24475,-0.4396030306816101,-0.8659188747406006,0.23860782384872437,1.7830325365066528,0.17000000000000004
76543,24,12180,0.46673551201820374,-0.8455657958984375,0.25918418169021606,-14.726853370666504,0.10000000000000002
76543,25,5713,-0.8880525231361389,0.4515261650085449,-0.08652683347463608,18.196117401123047,0.07
76543,26,30129,-0.4809764623641968,-0.8764303922653198,0.023051785305142403,2.56562876701355,0.07
76543,27,16530,0.9585250020027161,-0.16074202954769135,0.2353546917438507,-16.422016143798828,0.020000000000000004
76543,28,2255,-0.49106624722480774,0.8653786778450012,-0.09986849874258041,11.987244606018066,0.010000000000000002
76543,29,38938,0.6161277890205383,0.44492432475090027,-0.6499453186988831,-8.54776668548584,0.010000000000000002
95778,1,37066,-0.27138400077819824,0.4280444085597992,-0.8620491623878479,1.774187445640564,10.590000000000002
95778,2,40282,-0.13773728907108307,0.2547806203365326,-0.9571391344070435,-0.2602296471595764,9.660000000000002
95778,3,40164,0.31339648365974426,0.0481569766998291,-0.9484004974365234,-4.277862071990967,6.370000000000001
95778,4,40392,-0.2827858030796051,0.789330780506134,-0.5449671149253845,-0.3147764205932617,5.990000000000001
95778,5,38614,-0.13890017569065094,0.5022006630897522,-0.8535228371620178,-1.8778525590896606,5.9300000000000015
95778,6,39215,0.39177173376083374,0.729589581489563,-0.5605478882789612,-12.203351974487305,4.220000000000001
95778,7,39628,0.587864875793457,0.4261399209499359,-0.6876188516616821,-12.227197647094727,3.7200000000000006
95778,8,39438,0.19613119959831238,0.8085002303123474,-0.5548512935638428,-7.329899787902832,3.6600000000000006
95778,9,39193,0.05412905290722847,0.4398408830165863,-0.8964430093765259,-4.634550094604492,1.9400000000000004
95778,10,44884,-0.7792999744415283,-0.40438199043273926,-0.4787136912345886,13.902932167053223,1.8400000000000003
95778,11,26536,-0.5327881574630737,-0.6284497976303101,0.5667341947555542,12.422666549682617,1.5500000000000003
95778,12,37546,-0.0831495076417923,0.650056004524231,-0.7553233504295349,-3.5717430114746094,1.4600000000000002
95778,13,38800,-0.12756748497486115,0.7159421443939209,-0.686406135559082,-3.8824617862701416,1.4200000000000004
95778,14,42585,-0.601311206817627,-0.7240050435066223,-0.33799639344215393,14.99998664855957,1.3800000000000003
95778,15,11630,0.9767074584960938,0.11089769750833511,-0.18369607627391815,-15.377305030822754,1.2200000000000002
95778,16,20606,0.9792691469192505,-0.19966906309127808,0.03412097692489624,-16.070301055908203,1.0600000000000003
95778,17,22493,0.9619706273078918,-0.06062278524041176,-0.26634079217910767,-15.185714721679688,0.9300000000000002
95778,18,29911,-0.2898125946521759,-0.9570556879043579,-0.007283537182956934,10.14636516571045,0.9100000000000001
95778,19,31754,-0.7254332900047302,-0.6561763286590576,-0.20779597759246826,13.74553108215332,0.8400000000000002
95778,20,14156,0.945552408695221,-0.2429221272468567,-0.21660904586315155,-10.712516784667969,0.8100000000000002
95778,21,16752,0.948055624961853,0.1585429459810257,-0.27578020095825195,-13.736462593078613,0.7900000000000001
95778,22,16006,0.8120803833007812,-0.4829927980899811,0.3274803161621094,-7.7577314376831055,0.7600000000000001
95778,23,47233,-0.902005136013031,-0.21062947809696198,-0.37685802578926086,14.628787994384766,0.6800000000000002
95778,24,45681,-0.6095213294029236,-0.5389264225959778,-0.5814138650894165,12.392755508422852,0.6400000000000001
95778,25,40685,-0.3745131194591522,0.6493364572525024,-0.661892831325531,0.07608509063720703,0.4900000000000001
95778,26,9468,0.9287315607070923,-0.3519308269023895,-0.11662915349006653,-14.121882438659668,0.4200000000000001
95778,27,31310,-0.5952500700950623,-0.7572823762893677,-0.26870205998420715,16.177248001098633,0.39000000000000007
95778,28,14865,0.9385690689086914,-0.24842704832553864,0.23952463269233704,-15.33734130859375,0.3600000000000001
95778,29,37093,-0.03619179129600525,0.6194687485694885,-0.784186601638794,-2.752993106842041,0.23000000000000004
95778,30,15468,0.979296088218689,0.1898556798696518,0.07024257630109787,-16.589637756347656,0.20000000000000004
95778,31,35576,-0.25943246483802795,-0.9488010406494141,0.18019826710224152,9.078396797180176,0.14
95778,32,42544,-0.8039250373840332,-0.437252014875412,-0.40313172340393066,17.32117462158203,0.12000000000000002
95778,33,2258,-0.1805637925863266,0.9235657453536987,-0.33826467394828796,-3.309614658355713,0.11000000000000001
95778,34,20783,0.919913113117218,-0.30528131127357483,0.24609582126140594,-10.9026460647583,0.11000000000000001
95778,35,29779,-0.6220810413360596,-0.7802897691726685,-0.06452197581529617,12.898444175720215,0.04000000000000001
95778,36,7738,0.8150221705436707,-0.27150920033454895,0.5118804574012756,-12.769525527954102,0.030000000000000006
95778,37,34876,-0.7623225450515747,-0.6273924112319946,-0.15888094902038574,14.243453025817871,0.030000000000000006
95778,38,18743,0.9990976452827454,0.01729155331850052,0.03879227861762047,-13.186985969543457,0.010000000000000002
95778,39,37538,-0.2971518039703369,0.8029000163078308,-0.516771137714386,-2.4496519565582275,0.010000000000000002
494774,1,38572,0.14905741810798645,0.826108992099762,-0.5434388518333435,6.1953582763671875,12.660000000000002
494774,2,39083,-0.34196737408638,0.6938790082931519,-0.6337115168571472,0.9290995597839355,5.940000000000001
494774,3,38458,0.18372006714344025,0.5450472235679626,-0.8180283904075623,8.641294479370117,5.770000000000001
494774,4,1085,-0.20027373731136322,0.9712556600570679,-0.12865805625915527,-0.26236623525619507,5.020000000000001
494774,5,39279,-0.10512998700141907,0.448108047246933,-0.8877763748168945,4.514735221862793,4.5600000000000005
494774,6,38387,-0.48386967182159424,0.6125997304916382,-0.6249733567237854,-1.7010279893875122,3.0200000000000005
494774,7,15496,0.9783209562301636,0.18639734387397766,0.09024463593959808,15.830504417419434,2.9700000000000006
494774,8,13293,0.9927444458007812,0.051654502749443054,-0.10858277231454849,15.528359413146973,2.6200000000000006
494774,9,40469,0.2801760137081146,0.4963163435459137,-0.821688175201416,8.562378883361816,2.6100000000000003
494774,10,13500,0.8065994381904602,-0.1456441432237625,-0.5728744268417358,14.956807136535645,2.3500000000000005
494774,11,40821,0.43967100977897644,0.5820956230163574,-0.6839986443519592,12.11556339263916,2.2900000000000005
494774,12,39452,0.2549994885921478,0.5858490467071533,-0.7692568898200989,9.381603240966797,2.0200000000000005
494774,13,15389,0.894307553768158,-0.3679192066192627,-0.25465548038482666,13.829567909240723,1.9200000000000004
494774,14,45949,-0.5651674866676331,-0.7432767152786255,-0.3579462170600891,-7.8595194816589355,1.7600000000000002
494774,15,2158,-0.3894041180610657,0.91506427526474,0.10498498380184174,-4.952383041381836,1.6100000000000003
494774,16,26613,-0.4354126453399658,-0.8997142910957336,-0.0304968673735857,-10.024179458618164,1.4800000000000002
494774,17,46261,-0.7635701298713684,-0.6021329760551453,-0.23323065042495728,-10.070415496826172,1.4800000000000002
494774,18,3322,-0.32018086314201355,0.9347893595695496,0.15379546582698822,-2.6740102767944336,1.3000000000000003
494774,19,18633,0.8486696481704712,0.09363912791013718,-0.5205684900283813,14.005941390991211,1.2900000000000003
494774,20,14332,0.998904287815094,0.014892094768583775,0.04436710849404335,12.364583015441895,1.2800000000000002
494774,21,46508,-0.776638925075531,-0.32774344086647034,-0.5379741191864014,-7.408020973205566,1.2200000000000002
494774,22,30888,-0.49384087324142456,-0.8324374556541443,-0.25133466720581055,-7.799074649810791,1.1800000000000002
494774,23,20600,0.9166346192359924,-0.2532498836517334,0.30926597118377686,9.875543594360352,1.0300000000000002
494774,24,31643,-0.28370484709739685,-0.9581990838050842,-0.03695989400148392,-6.638749599456787,0.8600000000000002
494774,25,37956,-0.5899155139923096,0.7805982232093811,-0.20655784010887146,-3.8231263160705566,0.8300000000000002
494774,26,4264,-0.5960148572921753,0.7866844534873962,0.1609158217906952,-7.7252583503723145,0.7900000000000001
494774,27,33544,-0.8454719185829163,-0.5143522620201111,-0.14359304308891296,-14.418095588684082,0.7400000000000001
494774,28,9015,0.9823595285415649,0.18516682088375092,0.026135409250855446,13.839591979980469,0.6600000000000001
494774,29,23616,-0.7404880523681641,-0.5689235925674438,-0.3577755391597748,-7.9562811851501465,0.5200000000000001
494774,30,12326,0.9552382230758667,-0.14373692870140076,0.2585722506046295,11.589159965515137,0.44000000000000006
494774,31,44913,-0.9066873788833618,-0.3589763641357422,-0.22148142755031586,-11.787511825561523,0.4100000000000001
494774,32,1786,0.42342907190322876,0.805624783039093,0.4143386483192444,7.5333123207092285,0.33000000000000007
494774,33,38728,-0.19659730792045593,-0.039730317890644073,-0.9796790480613708,3.452881097793579,0.26000000000000006
494774,34,11798,0.9782771468162537,-0.09602218121290207,0.1837213635444641,13.71360969543457,0.25000000000000006
494774,35,12163,0.8331068158149719,-0.4187132716178894,0.36140310764312744,9.796693801879883,0.24000000000000005
494774,36,37700,0.15899330377578735,0.15623629093170166,-0.9748391509056091,9.241222381591797,0.16000000000000003
494774,37,21729,0.9954689741134644,-0.05976584926247597,0.07395637780427933,13.487814903259277,0.15000000000000002
494774,38,30437,-0.6761266589164734,-0.7246075868606567,0.13340377807617188,-10.029632568359375,0.14
494774,39,27971,-0.6117951273918152,-0.7793630957603455,-0.13527727127075195,-8.284219741821289,0.12000000000000002
494774,40,14654,0.8983657956123352,-0.358616441488266,0.25363972783088684,11.215030670166016,0.05000000000000001
494774,41,9008,0.9658033847808838,-0.03124660812318325,0.2573857307434082,14.373547554016113,0.04000000000000001
494774,42,1541,-0.31453853845596313,0.9481383562088013,0.045816969126462936,-2.900064706802368,0.010000000000000002
494774,43,38342,-0.5143661499023438,0.5315931439399719,-0.6729310154914856,-3.916858673095703,0.010000000000000002
520679,1,40795,0.30236828327178955,0.2998158633708954,-0.9048115015029907,1.5389090776443481,15.030000000000003
520679,2,39315,0.3719925284385681,0.5696143507957458,-0.7329127192497253,1.6780784130096436,10.250000000000002
520679,3,40016,-0.22712551057338715,0.3503515124320984,-0.9086626768112183,-5.965646743774414,8.560000000000002
520679,4,16639,0.9267957210540771,0.363632470369339,-0.09392102807760239,12.849366188049316,5.170000000000001
520679,5,5416,-0.5986562967300415,0.801006019115448,0.0001672347862040624,-16.98221778869629,4.120000000000001
520679,6,38275,0.11259645968675613,0.4190138280391693,-0.9009714126586914,-0.852778971195221,3.7800000000000007
520679,7,27604,-0.1318349391222,-0.9876692295074463,-0.084433913230896,4.841647148132324,3.1600000000000006
520679,8,37404,0.07784803211688995,0.7130714654922485,-0.6967558860778809,-5.047550201416016,3.0100000000000007
520679,9,28063,-0.18662895262241364,-0.9659203886985779,0.17935270071029663,5.930543899536133,2.4300000000000006
520679,10,9103,0.8754065632820129,-0.413429856300354,-0.25047770142555237,16.940975189208984,2.4200000000000004
520679,11,18297,0.9842572808265686,0.05174615606665611,-0.1689969003200531,14.493236541748047,2.0400000000000005
520679,12,44122,-0.848946213722229,-0.1888151317834854,-0.49359816312789917,-11.672935485839844,1.9400000000000004
520679,13,9894,0.8330629467964172,-0.5529542565345764,0.01573924347758293,16.343034744262695,1.8400000000000003
520679,14,2681,-0.43909040093421936,0.732555091381073,0.5201563835144043,-12.135621070861816,1.3500000000000003
520679,15,30544,-0.5720350742340088,-0.7579898834228516,0.31341224908828735,-3.8625712394714355,1.2400000000000002
520679,16,31158,-0.6084988713264465,-0.5574104189872742,-0.5648210048675537,-7.000982284545898,1.1900000000000002
520679,17,3877,-0.5149597525596619,0.85697340965271,0.020324289798736572,-12.277174949645996,1.1800000000000002
520679,18,14509,0.956945538520813,-0.23107226192951202,0.17567265033721924,16.00702667236328,1.0800000000000003
520679,19,26855,-0.0995941013097763,-0.9873358607292175,-0.12348651885986328,6.16070556640625,0.8200000000000002
520679,20,42129,-0.9442698955535889,-0.31273093819618225,0.10273157805204391,-12.311795234680176,0.8100000000000002
520679,21,39256,-0.4904228746891022,0.6444242596626282,-0.5866879820823669,-11.367147445678711,0.7700000000000001
520679,22,36257,-0.6914295554161072,-0.5938383936882019,0.41143786907196045,-7.178099155426025,0.5800000000000001
520679,23,30318,-0.5448380708694458,-0.6385990977287292,0.5434544086456299,-2.778533935546875,0.5100000000000001
520679,24,7521,0.9981178641319275,0.061278849840164185,-0.0023624568711966276,13.755763053894043,0.5000000000000001
520679,25,20961,0.9544451236724854,-0.27226021885871887,-0.12210186570882797,15.350052833557129,0.4600000000000001
520679,26,38978,-0.35096532106399536,0.2287459373474121,-0.9080190658569336,-9.733575820922852,0.33000000000000007
520679,27,4094,-0.5946553349494934,0.7677350044250488,0.23867984116077423,-16.59587860107422,0.31000000000000005
520679,28,1765,-0.4162673056125641,0.90920090675354,-0.008674589917063713,-10.358804702758789,0.30000000000000004
520679,29,30380,-0.14307813346385956,-0.9648327827453613,0.22051380574703217,5.370392799377441,0.29000000000000004
520679,30,42088,-0.8639530539512634,-0.3215245008468628,-0.38756561279296875,-9.061254501342773,0.22000000000000003
520679,31,15036,0.8566567301750183,-0.38906756043434143,-0.33877086639404297,14.100848197937012,0.18000000000000005
520679,32,40464,0.044961947947740555,0.5538598299026489,-0.8313950300216675,-4.713716983795166,0.18000000000000005
520679,33,39207,-0.2660578489303589,0.6054182052612305,-0.7501213550567627,-7.137266635894775,0.10000000000000002
520679,34,38918,-0.36324068903923035,0.6339799761772156,-0.6827338933944702,-9.448226928710938,0.09000000000000002
520679,35,11155,0.9583319425582886,-0.11867605894804001,0.25983819365501404,17.01593017578125,0.07
520679,36,41099,-0.8409562110900879,-0.44235798716545105,-0.3116280734539032,-11.604650497436523,0.05000000000000001
520679,37,41191,-0.7492696642875671,-0.4151563346385956,-0.5159846544265747,-11.950526237487793,0.05000000000000001
520679,38,39316,-0.13520050048828125,0.630652904510498,-0.7641974687576294,-6.764248371124268,0.030000000000000006
520679,39,16696,0.8157309889793396,-0.5643972754478455,0.1266435980796814,16.67193031311035,0.020000000000000004
520679,40,33919,-0.6279281377792358,-0.4692234992980957,0.6209151148796082,-7.107234001159668,0.010000000000000002
386758,1,16721,0.9586848020553589,-0.25734665989875793,0.12122773379087448,3.016663074493408,10.310000000000002
386758,2,41839,-0.9447678327560425,-0.29896727204322815,-0.13428445160388947,-6.088990211486816,9.770000000000001
386758,3,40975,-0.11758516728878021,0.2684561610221863,-0.9560883641242981,-4.997090816497803,5.370000000000001
386758,4,5189,-0.47085335850715637,0.8810825943946838,0.044615671038627625,0.19645912945270538,3.5200000000000005
386758,5,38430,0.1337609738111496,0.8499899506568909,-0.5095342397689819,-0.7946318984031677,3.4500000000000006
386758,6,578,-0.547533392906189,0.818928062915802,0.17194169759750366,0.08304369449615479,2.9900000000000007
386758,7,38275,0.11259645968675613,0.4190138280391693,-0.9009714126586914,-0.852778971195221,2.0000000000000004
386758,8,20161,0.9892324805259705,-0.09914035350084305,-0.10765831172466278,3.58270263671875,1.1800000000000002
386758,9,33215,-0.7210937142372131,-0.6429843306541443,0.258060097694397,-4.133672714233398,1.12
386758,10,23124,0.9388766884803772,-0.2809894382953644,0.19888561964035034,3.44242262840271,0.9200000000000002
386758,11,14259,0.9819092750549316,-0.11837673932313919,-0.14778734743595123,2.5000104904174805,0.7500000000000001
386758,12,38999,0.4336305558681488,0.6183571815490723,-0.6554379463195801,-0.1784147024154663,0.7400000000000001
386758,13,27030,-0.6204158067703247,-0.7786200642585754,-0.09399484097957611,-4.493443012237549,0.6800000000000002
386758,14,3191,-0.38415151834487915,0.874272346496582,-0.2967751920223236,-1.3458094596862793,0.6500000000000001
386758,15,5776,-0.48137277364730835,0.8758710026741028,-0.03361837938427925,-1.0575534105300903,0.6500000000000001
386758,16,41053,-0.7737160921096802,-0.4587076008319855,-0.4369790852069855,-5.506593704223633,0.6500000000000001
386758,17,23800,-0.5197279453277588,-0.8330707550048828,0.1894095540046692,-5.216331481933594,0.6300000000000001
386758,18,11116,0.9097010493278503,-0.41354379057884216,0.03775675594806671,2.6339516639709473,0.6000000000000001
386758,19,1803,-0.49055448174476624,0.8196279406547546,-0.2959161698818207,0.2557300329208374,0.5500000000000002
386758,20,7220,0.8747053742408752,-0.4845690131187439,-0.009134244173765182,1.038994550704956,0.5200000000000001
386758,21,44666,-0.6044077277183533,-0.7815719246864319,-0.15439121425151825,-5.5904951095581055,0.23000000000000004
386758,22,22796,0.9160782694816589,-0.16131336987018585,0.3671221137046814,6.544191837310791,0.22000000000000003
386758,23,6936,-0.28323879837989807,0.9093236923217773,0.30480509996414185,2.9496285915374756,0.17000000000000004
386758,24,10286,0.9160820245742798,-0.28569725155830383,-0.28137311339378357,1.9011802673339844,0.06000000000000001
386758,25,31557,-0.5315264463424683,-0.822003960609436,-0.20442377030849457,-7.560083389282227,0.06000000000000001
386758,26,3330,-0.3094525635242462,0.9509148597717285,-6.792731437599286e-05,-0.6347212791442871,0.020000000000000004
386758,27,16940,0.9509702324867249,-0.08916210383176804,-0.2961514890193939,3.178953170776367,0.020000000000000004
386758,28,30934,-0.3214435577392578,-0.7192654609680176,0.6158987283706665,-0.559198260307312,0.020000000000000004
386758,29,16252,0.9840872883796692,-0.12177062034606934,-0.12939924001693726,3.3702547550201416,0.010000000000000002
386758,30,17216,0.9541863203048706,-0.08752946555614471,-0.2861242890357971,1.1536316871643066,0.010000000000000002
251240,1,24005,-0.8002034425735474,-0.581150472164154,-0.14811678230762482,9.007549285888672,8.800000000000002
251240,2,18689,0.9401180148124695,-0.09002198278903961,0.3287462890148163,-4.731060028076172,8.540000000000001
251240,3,38325,0.2204708755016327,0.5804798603057861,-0.7838594913482666,-0.10566222667694092,4.750000000000001
251240,4,30713,-0.8662996292114258,-0.35394224524497986,0.35249093174934387,5.87454891204834,4.690000000000001
251240,5,38006,0.2053430676460266,0.19362005591392517,-0.9593464136123657,2.683488368988037,3.480000000000001
251240,6,30334,-0.3432483375072479,-0.9350046515464783,-0.08914528787136078,6.771605014801025,3.4300000000000006
251240,7,19041,0.9979254007339478,0.0038812337443232536,-0.06426361203193665,-4.982687950134277,3.130000000000001
251240,8,28650,-0.574219286441803,-0.8047336935997009,-0.15058521926403046,8.738700866699219,2.6900000000000004
251240,9,40579,0.5334203243255615,0.5799462199211121,-0.6157313585281372,-2.414522171020508,2.6400000000000006
251240,10,22140,0.9334211945533752,0.0704459547996521,-0.35179856419563293,-3.865677833557129,2.4900000000000007
251240,11,20974,0.986896276473999,-0.15851160883903503,0.03016391210258007,-3.7288756370544434,2.2200000000000006
251240,12,35,-0.32495325803756714,0.9059983491897583,-0.2712423503398895,-3.4726345539093018,1.9600000000000004
251240,13,25504,-0.4919780492782593,-0.8640546798706055,0.1066165342926979,7.853057861328125,1.7300000000000004
251240,14,44158,-0.5932825803756714,-0.669639527797699,-0.44676464796066284,8.978771209716797,1.6300000000000003
251240,15,39947,-0.01506318524479866,0.4510284960269928,-0.8923824429512024,-0.29027295112609863,1.6200000000000003
251240,16,45625,-0.6989271640777588,-0.6232644319534302,-0.3507738709449768,10.137022972106934,1.5500000000000003
251240,17,23899,-0.2036806344985962,-0.9625518918037415,0.17890797555446625,5.633175849914551,1.2500000000000002
251240,18,29333,-0.31789106130599976,-0.9467684626579285,0.05074251443147659,8.288605690002441,1.0700000000000003
251240,19,27107,-0.7173293828964233,-0.640591025352478,-0.27401047945022583,7.848508358001709,0.8000000000000002
251240,20,22188,0.9822283983230591,-0.09083884954452515,-0.16424280405044556,-4.342864990234375,0.7600000000000001
251240,21,28403,-0.7570576071739197,-0.6513803601264954,0.05066990107297897,8.068098068237305,0.6000000000000001
251240,22,6868,-0.6094081401824951,0.745253324508667,0.27059048414230347,-2.547288656234741,0.4800000000000001
251240,23,12748,0.9429032206535339,-0.25700584053993225,-0.211852565407753,-3.7354040145874023,0.4700000000000001
251240,24,33653,-0.18626289069652557,-0.8667475581169128,-0.462660551071167,6.8359904289245605,0.44000000000000006
251240,25,44277,-0.8540458679199219,-0.09656964242458344,-0.5111554861068726,7.6673455238342285,0.4300000000000001
251240,26,3287,-0.3440514802932739,0.9245903491973877,0.1635887622833252,-5.684305667877197,0.39000000000000007
251240,27,22737,0.9258704781532288,-0.3032050132751465,-0.22545646131038666,-2.3148932456970215,0.37000000000000005
251240,28,40432,0.3968987762928009,0.36398813128471375,-0.842605471611023,0.5216174721717834,0.3500000000000001
251240,29,24519,-0.8851941823959351,-0.4535183906555176,-0.10369358211755753,8.707154273986816,0.32000000000000006
251240,30,504,-0.20494140684604645,0.9740069508552551,0.09648557007312775,-7.2092413902282715,0.2700000000000001
251240,31,8724,0.9766867756843567,-0.1997358202934265,0.07866744697093964,-6.092007160186768,0.26000000000000006
251240,32,37066,-0.27138400077819824,0.4280444085597992,-0.8620491623878479,1.774187445640564,0.24000000000000005
251240,33,18536,0.8080641627311707,-0.29900532960891724,-0.5075708031654358,1.510280728340149,0.21000000000000005
251240,34,38796,-0.05783820524811745,0.42162904143333435,-0.9049219489097595,1.5222890377044678,0.19000000000000003
251240,35,42576,-0.7545089721679688,-0.296121209859848,-0.5856863260269165,9.060110092163086,0.17000000000000004
251240,36,23939,-0.7220838665962219,-0.6740270256996155,-0.15582822263240814,9.390887260437012,0.13000000000000003
251240,37,21238,0.8549292683601379,-0.49965375661849976,-0.13943462073802948,0.7355916500091553,0.11000000000000001
251240,38,33471,-0.2672549784183502,-0.9283954501152039,0.25817951560020447,7.502312660217285,0.08000000000000002
251240,39,2513,-0.09358621388673782,0.9767352342605591,-0.1929505318403244,-5.5442986488342285,0.04000000000000001
251240,40,30257,0.10617078840732574,-0.9906381368637085,0.08581279963254929,4.393272399902344,0.04000000000000001
251240,41,19553,0.7476186752319336,-0.6078444719314575,0.2675657868385315,-3.600135326385498,0.030000000000000006
311125,1,40975,-0.11758516728878021,0.2684561610221863,-0.9560883641242981,-4.997090816497803,6.290000000000001
311125,2,38800,-0.12756748497486115,0.7159421443939209,-0.686406135559082,-3.8824617862701416,4.720000000000001
311125,3,37648,0.5738745331764221,0.04659058898687363,-0.817616879940033,-5.178305149078369,4.370000000000001
311125,4,40212,-0.39591872692108154,0.2112240493297577,-0.8936625719070435,-2.8932790756225586,3.940000000000001
311125,5,37175,-0.5254307985305786,0.2503867447376251,-0.8131598830223083,-2.8205459117889404,3.500000000000001
311125,6,19388,0.9594634175300598,-0.16355909407138824,-0.22951778769493103,-0.6893841028213501,3.4100000000000006
311125,7,22489,0.8090006709098816,-0.3759925961494446,-0.4518267810344696,-3.3746025562286377,3.2500000000000004
311125,8,30549,-0.8546951413154602,-0.4183976948261261,-0.30731019377708435,-1.0027318000793457,3.2400000000000007
311125,9,37714,0.6461831331253052,0.38822972774505615,-0.6570578813552856,-2.347014904022217,3.2000000000000006
311125,10,38961,0.28054818511009216,0.6347153186798096,-0.7200202941894531,-2.206622362136841,3.190000000000001
311125,11,22159,0.9750670194625854,0.200845405459404,-0.09436862915754318,-1.5591261386871338,3.1000000000000005
311125,12,7693,0.9858219623565674,-0.1368718445301056,0.09706275165081024,-1.0627340078353882,2.6200000000000006
311125,13,33679,-0.4187409281730652,-0.8749302625656128,-0.2432139813899994,-1.2908008098602295,2.3700000000000006
311125,14,18478,0.943691074848175,0.0029077036306262016,0.33081522583961487,1.3723721504211426,2.2800000000000002
311125,15,39641,-0.6555826663970947,0.6149563789367676,-0.4382236897945404,0.05229294300079346,2.0100000000000002
311125,16,293,-0.43039101362228394,0.8667661547660828,0.2519523501396179,3.9322714805603027,1.1700000000000002
311125,17,26218,-0.6031995415687561,-0.7966486811637878,-0.0387447290122509,-1.7265920639038086,1.0200000000000002
311125,18,27441,-0.38323837518692017,-0.9192995429039001,-0.08953621238470078,1.3837063312530518,0.9100000000000001
311125,19,26934,-0.5562942028045654,-0.7367845177650452,0.38429850339889526,2.472996950149536,0.8800000000000001
311125,20,5274,-0.07008524984121323,0.9973244071006775,0.020787611603736877,2.4212114810943604,0.8200000000000002
311125,21,28480,-0.4059552550315857,-0.910241961479187,0.08160824328660965,1.2687870264053345,0.8000000000000002
311125,22,40464,0.044961947947740555,0.5538598299026489,-0.8313950300216675,-4.713716983795166,0.7900000000000001
311125,23,23309,0.862048864364624,-0.13728205859661102,-0.4878784418106079,-3.9435737133026123,0.5400000000000001
311125,24,21642,0.8176027536392212,-0.42654484510421753,0.38676249980926514,-0.15108861029148102,0.4900000000000001
311125,25,44882,-0.7987701892852783,-0.17983976006507874,-0.5741287469863892,-0.0043495893478393555,0.4600000000000001
311125,26,22239,0.8809430003166199,-0.450253963470459,-0.1456393450498581,-2.0401668548583984,0.37000000000000005
311125,27,13719,0.9796497821807861,-0.19364620745182037,-0.0527961365878582,-2.435788154602051,0.3400000000000001
311125,28,12287,0.7180718779563904,-0.46070414781570435,0.5216554999351501,3.041841506958008,0.24000000000000005
311125,29,31315,-0.8453993201255798,-0.48939627408981323,-0.2139889895915985,1.0426290035247803,0.16000000000000003
311125,30,17754,0.9658299088478088,-0.05102328956127167,0.2541046738624573,-0.10737411677837372,0.15000000000000002
311125,31,42061,-0.2689085602760315,-0.6995257139205933,-0.6620815396308899,-5.616784572601318,0.06000000000000001
311125,32,3191,-0.38415151834487915,0.874272346496582,-0.2967751920223236,-1.3458094596862793,0.05000000000000001
311125,33,25752,-0.24674201011657715,-0.9085879325866699,-0.33702582120895386,1.1664574146270752,0.04000000000000001
311125,34,45422,-0.7911259531974792,-0.23146723210811615,-0.5661648511886597,-2.5219388008117676,0.04000000000000001
311125,35,7513,0.878880500793457,-0.3847215473651886,-0.2820609509944916,-3.1051084995269775,0.020000000000000004
311125,36,5146,-0.3676010072231293,0.9249005317687988,0.0971006229519844,-1.4185162782669067,0.010000000000000002
311125,37,35283,-0.7090774774551392,-0.7041199803352356,0.037738703191280365,3.052464485168457,0.010000000000000002
311125,38,36796,-0.05423540621995926,-0.9919081926345825,-0.11478982120752335,1.5678670406341553,0.010000000000000002
233783,1,37207,0.4143618643283844,0.1859111785888672,-0.8909215927124023,-0.2214866280555725,7.850000000000001
233783,2,25025,-0.12634849548339844,-0.9760751128196716,0.17695608735084534,-7.13282585144043,5.590000000000001
233783,3,38006,0.2053430676460266,0.19362005591392517,-0.9593464136123657,2.683488368988037,5.170000000000001
233783,4,33476,-0.7245170474052429,-0.5905628204345703,-0.3554019629955292,0.6959778070449829,4.320000000000001
233783,5,37773,-0.36983242630958557,-0.5368421673774719,-0.758303701877594,0.8618583679199219,4.050000000000001
233783,6,18689,0.9401180148124695,-0.09002198278903961,0.3287462890148163,-4.731060028076172,3.8200000000000007
233783,7,36980,-0.4089466333389282,-0.8710652589797974,-0.27204400300979614,-3.5314133167266846,2.8200000000000007
233783,8,37279,0.01246197521686554,0.7375673651695251,-0.6751585602760315,5.033202648162842,2.5600000000000005
233783,9,2367,0.17273861169815063,0.9478340148925781,0.2679031193256378,5.432441711425781,2.0300000000000002
233783,10,27350,-0.3711130917072296,-0.906079888343811,0.20321016013622284,-3.4100570678710938,1.8100000000000003
233783,11,37375,-0.15029123425483704,0.6386401057243347,-0.7546862959861755,7.7843403816223145,1.0900000000000003
233783,12,43679,-0.9286008477210999,-0.2850694954395294,-0.23756220936775208,4.710428237915039,1.0200000000000002
233783,13,18401,0.8289581537246704,-0.5589682459831238,0.019567731767892838,-10.256373405456543,0.8100000000000002
233783,14,17812,0.9426854252815247,-0.23064333200454712,0.24113869667053223,-9.298900604248047,0.7800000000000001
233783,15,14777,0.9939203262329102,0.011495977640151978,-0.10949977487325668,-6.02271842956543,0.6600000000000001
233783,16,16129,0.9101839065551758,-0.182461217045784,-0.37185096740722656,-7.789910316467285,0.6600000000000001
233783,17,17154,0.9978157877922058,-0.06303755193948746,0.019746843725442886,-4.530757427215576,0.4100000000000001
233783,18,35674,-0.5389858484268188,-0.8191518187522888,0.19617483019828796,-4.339922904968262,0.4100000000000001
233783,19,39873,0.1750839501619339,0.7429322004318237,-0.646062970161438,6.219775199890137,0.3600000000000001
233783,20,30089,-0.5192320942878723,-0.8450498580932617,0.12762729823589325,-3.616154432296753,0.3400000000000001
233783,21,23342,0.8621358871459961,-0.48475053906440735,-0.14744031429290771,-9.538125991821289,0.23000000000000004
233783,22,47352,-0.7893376350402832,-0.5756285786628723,-0.21353639662265778,0.7303431630134583,0.23000000000000004
233783,23,37155,-0.1191081702709198,0.7922998070716858,-0.5983930826187134,5.714597225189209,0.21000000000000005
233783,24,4949,-0.21933738887310028,0.9264764189720154,0.3058308959007263,5.689197540283203,0.11000000000000001
233783,25,5530,-0.643566906452179,0.7509280443191528,0.14808346331119537,6.161011695861816,0.030000000000000006
584987,1,39611,0.23134176433086395,0.44767361879348755,-0.8637530207633972,0.5576189756393433,8.320000000000002
584987,2,40228,-0.50416499376297,0.5475330948829651,-0.6678512096405029,-15.246145248413086,7.3900000000000015
584987,3,38068,-0.017841534689068794,0.6507079005241394,-0.7591184973716736,-5.355246067047119,5.570000000000001
584987,4,40318,0.36789482831954956,0.5078712701797485,-0.778922438621521,4.558015823364258,5.250000000000001
584987,5,43240,-0.533805251121521,-0.7994585037231445,-0.2755322754383087,-10.739192962646484,2.0800000000000005
584987,6,23623,-0.27599990367889404,-0.9568984508514404,-0.09038496762514114,-6.640881538391113,1.9900000000000004
584987,7,18642,0.9800811409950256,0.04332974553108215,-0.19381307065486908,19.729372024536133,1.7600000000000002
584987,8,36812,-0.4956347644329071,-0.868508517742157,0.006256491877138615,-11.302450180053711,1.7100000000000004
584987,9,13326,0.9970882534980774,0.03984759375452995,0.06501640379428864,20.230449676513672,1.6100000000000003
584987,10,5358,-0.4735246002674103,0.8638221025466919,0.17200519144535065,-8.595338821411133,1.5600000000000003
584987,11,13367,0.9371410608291626,-0.3110239803791046,0.15821100771427155,20.103609085083008,1.5400000000000003
584987,12,26289,-0.34842222929000854,-0.9367842078208923,-0.03220684453845024,-3.1159579753875732,1.4800000000000002
584987,13,47610,-0.9575311541557312,-0.19841451942920685,-0.20920266211032867,-21.710641860961914,1.2300000000000002
584987,14,11161,0.878600001335144,-0.0994303971529007,0.46709275245666504,20.452037811279297,1.1900000000000002
584987,15,12020,0.8722070455551147,-0.4037046730518341,-0.2761836647987366,17.393211364746094,1.1800000000000002
584987,16,45980,-0.6491628885269165,-0.6960059404373169,-0.3068602979183197,-11.228139877319336,1.0900000000000003
584987,17,13642,0.9895272254943848,0.10169752687215805,0.10243795812129974,20.53959083557129,1.0700000000000003
584987,18,35831,-0.5202668905258179,-0.5549349188804626,-0.6491298675537109,-9.706245422363281,0.9400000000000002
584987,19,10044,0.977139413356781,-0.07939629256725311,0.19721762835979462,21.848594665527344,0.8800000000000001
584987,20,33991,-0.16778641939163208,-0.9711386561393738,-0.1695212870836258,-3.167085647583008,0.8800000000000001
584987,21,21652,0.9549858570098877,-0.243046373128891,-0.1700894832611084,21.637218475341797,0.7600000000000001
584987,22,43565,-0.9434819221496582,-0.32968202233314514,-0.03393634781241417,-19.20068359375,0.7500000000000001
584987,23,36720,0.04084458202123642,-0.979033887386322,-0.1995605081319809,2.6743369102478027,0.7400000000000001
584987,24,6989,-0.7709208726882935,0.6191219091415405,0.1495630294084549,-16.746618270874023,0.6300000000000001
584987,25,27765,-0.5449048280715942,-0.8324198126792908,0.10077682882547379,-8.111438751220703,0.6100000000000001
584987,26,11563,0.9966541528701782,-0.02556752972304821,0.0776326134800911,21.416160583496094,0.5800000000000001
584987,27,7366,0.9232251644134521,-0.38242965936660767,-0.03745478764176369,22.305652618408203,0.5700000000000001
584987,28,28560,-0.8682559728622437,-0.33033013343811035,-0.3701534867286682,-16.850351333618164,0.3400000000000001
584987,29,2681,-0.43909040093421936,0.732555091381073,0.5201563835144043,-12.135621070861816,0.29000000000000004
584987,30,16222,0.9855887293815613,-0.10708115994930267,-0.13095226883888245,19.154239654541016,0.26000000000000006
584987,31,9969,0.9071102142333984,-0.4208931028842926,-0.0003164979862049222,18.18939971923828,0.25000000000000006
584987,32,9717,0.9779146909713745,-0.19994725286960602,-0.060859691351652145,22.023439407348633,0.22000000000000003
584987,33,16619,0.9648256897926331,-0.07498735189437866,-0.25196877121925354,17.412137985229492,0.19000000000000003
584987,34,11113,0.9924338459968567,0.012285895645618439,0.1221645325422287,23.307947158813477,0.15000000000000002
584987,35,40795,0.30236828327178955,0.2998158633708954,-0.9048115015029907,1.5389090776443481,0.15000000000000002
584987,36,1506,-0.6674078702926636,0.6640446186065674,-0.3370629847049713,-18.49254608154297,0.14
584987,37,25876,-0.7683133482933044,-0.48737308382987976,-0.41492417454719543,-17.396652221679688,0.13000000000000003
584987,38,8766,0.9846026301383972,-0.10192722827196121,-0.14201578497886658,18.64380645751953,0.12000000000000002
584987,39,26122,-0.48362645506858826,-0.806839644908905,-0.33928635716438293,-10.200754165649414,0.12000000000000002
584987,40,17225,0.994047999382019,0.018809849396348,0.10730668157339096,19.48292350769043,0.11000000000000001
584987,41,25953,-0.48418524861335754,-0.8382096886634827,-0.2509365379810333,-11.733418464660645,0.10000000000000002
584987,42,46550,-0.9026058316230774,0.005938660819083452,-0.4304269850254059,-20.101619720458984,0.08000000000000002
584987,43,8303,0.7664164304733276,-0.6155790686607361,-0.18348921835422516,18.945384979248047,0.07
584987,44,14763,0.9726524353027344,-0.13620628416538239,0.1881357580423355,24.329875946044922,0.07
584987,45,27574,0.17627529799938202,-0.9394113421440125,-0.2939954996109009,3.875123977661133,0.07
584987,46,45117,-0.9188475608825684,-0.35808229446411133,-0.1658196896314621,-20.0196590423584,0.07
584987,47,32181,-0.5679501295089722,-0.7756768465042114,0.275241881608963,-9.969444274902344,0.06000000000000001
584987,48,12845,0.8573471307754517,-0.510759174823761,0.06388261914253235,17.074726104736328,0.020000000000000004
584987,49,1992,-0.6574084758758545,0.7433693408966064,0.1233537569642067,-14.041017532348633,0.010000000000000002
584987,50,4908,-0.5838192105293274,0.8061043620109558,0.09670012444257736,-13.302473068237305,0.010000000000000002
249862,1,37877,-0.021530838683247566,0.8868090510368347,-0.46163415908813477,0.32962676882743835,8.320000000000002
249862,2,40212,-0.39591872692108154,0.2112240493297577,-0.8936625719070435,-2.8932790756225586,6.960000000000002
249862,3,35801,-0.7250910997390747,-0.676922619342804,0.1265650987625122,4.160974979400635,4.1000000000000005
249862,4,5427,-0.6613885164260864,0.734241783618927,0.15314751863479614,4.840906143188477,3.8700000000000006
249862,5,5274,-0.07008524984121323,0.9973244071006775,0.020787611603736877,2.4212114810943604,3.6600000000000006
249862,6,18689,0.9401180148124695,-0.09002198278903961,0.3287462890148163,-4.731060028076172,2.4300000000000006
249862,7,30713,-0.8662996292114258,-0.35394224524497986,0.35249093174934387,5.87454891204834,2.0200000000000005
249862,8,10261,0.9766795635223389,0.02511480823159218,-0.21322816610336304,-6.930191993713379,1.3700000000000003
249862,9,2714,-0.4542810320854187,0.7989810109138489,0.394027978181839,6.095432758331299,1.2300000000000002
249862,10,38134,-0.11972483992576599,0.245659738779068,-0.9619341492652893,-2.406007766723633,1.0700000000000003
249862,11,1567,-0.3971548080444336,0.9003086686134338,0.17807970941066742,3.6989378929138184,0.9800000000000002
249862,12,41110,-0.6254305839538574,-0.568404495716095,-0.5345585942268372,-0.9100387096405029,0.9800000000000002
249862,13,9513,0.8673801422119141,-0.2571508586406708,-0.4260576367378235,-5.713618755340576,0.9100000000000001
249862,14,3913,-0.5184631943702698,0.8501266241073608,0.09209012985229492,6.049045085906982,0.7500000000000001
249862,15,20506,0.9983514547348022,0.05097257345914841,-0.026385048404335976,-6.848937511444092,0.6800000000000002
249862,16,27242,-0.6664522290229797,-0.736311137676239,-0.11699282377958298,0.0676928162574768,0.6700000000000002
249862,17,13733,0.9482731223106384,-0.29516109824180603,-0.1168675348162651,-5.3452887535095215,0.6600000000000001
249862,18,31099,-0.3682696223258972,-0.4390847384929657,0.8195011019706726,6.750180244445801,0.4800000000000001
249862,19,40975,-0.11758516728878021,0.2684561610221863,-0.9560883641242981,-4.997090816497803,0.4800000000000001
249862,20,17154,0.9978157877922058,-0.06303755193948746,0.019746843725442886,-4.530757427215576,0.38000000000000006
249862,21,11378,0.9388878345489502,-0.29218852519989014,-0.18197651207447052,-8.65729808807373,0.30000000000000004
249862,22,41342,-0.8994542360305786,-0.2153528332710266,-0.3802698850631714,3.2923765182495117,0.26000000000000006
249862,23,15770,0.8306498527526855,-0.477944940328598,0.2856386601924896,-3.973029613494873,0.22000000000000003
249862,24,21501,0.9582104682922363,-0.22346541285514832,-0.17859435081481934,-6.615414142608643,0.20000000000000004
249862,25,9111,0.985525906085968,-0.1679558902978897,0.02301211468875408,-4.106907844543457,0.16000000000000003
249862,26,29435,-0.616249144077301,-0.7205036282539368,0.3179803788661957,3.974738597869873,0.14
249862,27,43022,-0.7981526851654053,-0.45264044404029846,-0.39757874608039856,1.8775348663330078,0.14
249862,28,23991,-0.7513552904129028,-0.6260808110237122,-0.20853783190250397,-0.54056715965271,0.07
249862,29,13347,0.9065109491348267,-0.37161314487457275,-0.20035351812839508,-6.444333076477051,0.06000000000000001
249862,30,37648,0.5738745331764221,0.04659058898687363,-0.817616879940033,-5.178305149078369,0.020000000000000004
249862,31,44773,-0.5079109072685242,-0.7727019190788269,-0.38073381781578064,-2.755519390106201,0.020000000000000004
249862,32,29416,-0.6612113118171692,-0.6784141659736633,-0.3202402889728546,-0.21682411432266235,0.010000000000000002
41889,1,39628,0.587864875793457,0.4261399209499359,-0.6876188516616821,-12.227197647094727,8.880000000000003
41889,2,37944,0.22806259989738464,0.32135024666786194,-0.919087290763855,-3.933013439178467,6.150000000000001
41889,3,37289,0.10764801502227783,0.03610878437757492,-0.9935331344604492,2.939838171005249,4.380000000000001
41889,4,8058,0.9745891690254211,-0.1659020483493805,0.15050721168518066,-21.026124954223633,3.5300000000000007
41889,5,37416,-0.4048003554344177,0.35760778188705444,-0.8415778875350952,9.281694412231445,3.1200000000000006
41889,6,9494,0.9726207852363586,0.05770847201347351,-0.22511883080005646,-19.637603759765625,3.0700000000000007
41889,7,30270,-0.8755817413330078,-0.46393612027168274,-0.1346101313829422,22.348295211791992,3.0300000000000007
41889,8,12813,0.9766207337379456,0.05715502053499222,-0.2072322964668274,-21.08036994934082,3.0100000000000007
41889,9,30595,-0.6467500925064087,-0.7189754247665405,-0.2545361816883087,19.45936393737793,2.9600000000000004
41889,10,38002,0.3542243540287018,0.5404684543609619,-0.7631638050079346,-7.136396884918213,2.8300000000000005
41889,11,39215,0.39177173376083374,0.729589581489563,-0.5605478882789612,-12.203351974487305,2.8200000000000007
41889,12,347,-0.42087647318840027,0.8978614807128906,0.12925837934017181,3.0309360027313232,1.8600000000000003
41889,13,20551,0.6845628023147583,-0.3869631290435791,-0.6177647709846497,-8.587335586547852,1.6600000000000004
41889,14,39623,0.13137869536876678,0.2618807554244995,-0.9561161398887634,0.5807722806930542,1.4500000000000002
41889,15,18211,0.9649865627288818,0.2441517412662506,0.09586876630783081,-22.068849563598633,1.4300000000000004
41889,16,1057,-0.4027271568775177,0.8753869533538818,-0.26741084456443787,2.4831881523132324,1.2200000000000002
41889,17,2281,-0.1969296634197235,0.9469627141952515,0.2539297938346863,-5.30267333984375,1.1600000000000001
41889,18,33623,-0.15139050781726837,-0.9523854851722717,-0.26465609669685364,12.56743049621582,1.1300000000000001
41889,19,45034,-0.8992664217948914,-0.21799448132514954,-0.3792075514793396,22.996389389038086,1.0900000000000003
41889,20,22566,0.9622746706008911,-0.02856787107884884,-0.2705758512020111,-18.215892791748047,1.0600000000000003
41889,21,1195,-0.3726254999637604,0.8410152792930603,-0.39222899079322815,4.769714832305908,0.9400000000000002
41889,22,8298,0.9956994652748108,-0.08293921500444412,0.041275590658187866,-20.837032318115234,0.9400000000000002
41889,23,10001,0.8532658815383911,-0.439125120639801,0.2812586724758148,-17.42837905883789,0.9300000000000002
41889,24,293,-0.43039101362228394,0.8667661547660828,0.2519523501396179,3.9322714805603027,0.8500000000000002
41889,25,32005,-0.6693031787872314,-0.7429652214050293,-0.005998335313051939,18.886577606201172,0.5500000000000002
41889,26,21484,0.9704151749610901,-0.2266865223646164,0.08311180770397186,-18.454532623291016,0.5200000000000001
41889,27,40915,-0.6881831884384155,0.12420045584440231,-0.714827299118042,15.415639877319336,0.4800000000000001
41889,28,11852,0.9552074074745178,-0.20892173051834106,-0.20959603786468506,-17.49189567565918,0.45000000000000007
41889,29,20167,0.9608343839645386,-0.11283142864704132,-0.2531132400035858,-16.45728874206543,0.4100000000000001
41889,30,29194,-0.781877338886261,-0.6191285848617554,-0.07312768697738647,19.788734436035156,0.3600000000000001
41889,31,36797,-0.6387131214141846,-0.739652693271637,-0.2120363414287567,18.68545913696289,0.3600000000000001
41889,32,12239,0.8290795087814331,-0.4345085322856903,-0.3518941402435303,-12.351282119750977,0.33000000000000007
41889,33,38323,0.011960793286561966,0.4541497528553009,-0.8908450603485107,1.622586727142334,0.33000000000000007
41889,34,39438,0.19613119959831238,0.8085002303123474,-0.5548512935638428,-7.329899787902832,0.26000000000000006
41889,35,8857,0.9693248867988586,0.039240602403879166,0.24263034760951996,-20.381452560424805,0.23000000000000004
41889,36,12448,0.9346636533737183,-0.3526754677295685,0.04498743265867233,-17.729721069335938,0.20000000000000004
41889,37,20944,0.9565424919128418,-0.21517595648765564,-0.19678860902786255,-18.105558395385742,0.18000000000000005
41889,38,42758,-0.6991926431655884,-0.6122865676879883,-0.3690999746322632,20.340991973876953,0.16000000000000003
41889,39,24121,-0.1940903216600418,-0.9246403574943542,-0.3276723027229309,10.857518196105957,0.12000000000000002
41889,40,28500,-0.17313632369041443,-0.9245381355285645,-0.3394894003868103,9.4169921875,0.12000000000000002
41889,41,10583,0.7378716468811035,-0.5319302082061768,-0.415446400642395,-7.522004127502441,0.11000000000000001
41889,42,18694,0.7174007892608643,-0.558752715587616,-0.4160907566547394,-8.580562591552734,0.09000000000000002
41889,43,6898,0.01831848919391632,0.9977337121963501,0.0647442489862442,-9.345244407653809,0.08000000000000002
41889,44,36306,-0.8081218004226685,-0.5612664818763733,0.1786591112613678,21.97784996032715,0.06000000000000001
41889,45,45878,-0.9491541981697083,-0.21104839444160461,-0.23359118402004242,22.311315536499023,0.05000000000000001
41889,46,39864,-0.36352863907814026,0.7937489151954651,-0.48765724897384644,5.04450798034668,0.04000000000000001
41889,47,2783,-0.35022541880607605,0.9226093292236328,-0.16166071593761444,1.3520591259002686,0.030000000000000006
41889,48,31502,-0.5459685921669006,-0.8243024349212646,-0.14981265366077423,16.8171443939209,0.010000000000000002
550497,1,40821,0.43967100977897644,0.5820956230163574,-0.6839986443519592,12.11556339263916,5.670000000000001
550497,2,15496,0.9783209562301636,0.18639734387397766,0.09024463593959808,15.830504417419434,4.740000000000001
550497,3,42738,-0.8698964715003967,-0.3908270597457886,-0.3008893132209778,-14.533278465270996,3.9500000000000006
550497,4,29175,-0.721347451210022,-0.6220245361328125,0.30453795194625854,-13.900918960571289,3.9300000000000006
550497,5,38572,0.14905741810798645,0.826108992099762,-0.5434388518333435,6.1953582763671875,3.9100000000000006
550497,6,40781,0.6078283786773682,0.45360124111175537,-0.6517595648765564,14.98967170715332,3.5700000000000007
550497,7,38854,0.3278461992740631,0.7168424129486084,-0.6153485178947449,8.503621101379395,3.5300000000000007
550497,8,39452,0.2549994885921478,0.5858490467071533,-0.7692568898200989,9.381603240966797,3.2000000000000006
550497,9,37701,0.006288016214966774,0.7017844319343567,-0.7123616337776184,3.190706729888916,2.7100000000000004
550497,10,12855,0.8307356834411621,-0.5298702120780945,-0.1706336885690689,15.244507789611816,2.3700000000000006
550497,11,37700,0.15899330377578735,0.15623629093170166,-0.9748391509056091,9.241222381591797,2.3100000000000005
550497,12,33544,-0.8454719185829163,-0.5143522620201111,-0.14359304308891296,-14.418095588684082,1.6900000000000004
550497,13,46182,-0.7691921591758728,-0.45752808451652527,-0.44610705971717834,-11.5531587600708,1.3700000000000003
550497,14,4190,-0.04600232467055321,0.9543673396110535,-0.2950708866119385,-0.29866325855255127,1.3100000000000003
550497,15,6620,-0.1842460334300995,0.9671141505241394,0.17533862590789795,-4.247641086578369,1.2700000000000002
550497,16,31449,-0.09435626119375229,-0.8068031072616577,-0.5832372307777405,1.8895699977874756,1.1800000000000002
550497,17,44040,-0.6495607495307922,-0.14776939153671265,-0.7458116412162781,-8.046812057495117,1.1800000000000002
550497,18,2158,-0.3894041180610657,0.91506427526474,0.10498498380184174,-4.952383041381836,1.0900000000000003
550497,19,19709,0.9007173180580139,-0.43436485528945923,-0.005958582740277052,15.152838706970215,1.0500000000000003
550497,20,14576,0.9132800698280334,-0.36383336782455444,-0.18315228819847107,18.086071014404297,0.9900000000000002
550497,21,8274,0.8238163590431213,-0.227345809340477,-0.5192692279815674,17.211591720581055,0.9300000000000002
550497,22,33154,-0.3724759817123413,-0.8364552855491638,0.4020003080368042,-8.36503791809082,0.6600000000000001
550497,23,9008,0.9658033847808838,-0.03124660812318325,0.2573857307434082,14.373547554016113,0.56
550497,24,10156,0.9536391496658325,-0.025317519903182983,0.2998855412006378,14.901515007019043,0.4700000000000001
550497,25,13221,0.9192473888397217,-0.36965981125831604,0.1354101449251175,17.22793960571289,0.4300000000000001
550497,26,1085,-0.20027373731136322,0.9712556600570679,-0.12865805625915527,-0.26236623525619507,0.18000000000000005
550497,27,29089,-0.5517408847808838,-0.8340057134628296,0.004056248813867569,-10.995963096618652,0.18000000000000005
550497,28,31643,-0.28370484709739685,-0.9581990838050842,-0.03695989400148392,-6.638749599456787,0.16000000000000003
550497,29,36121,-0.48128771781921387,-0.8667100071907043,-0.1310569941997528,-6.660510063171387,0.12000000000000002
550497,30,42562,-0.7756630182266235,-0.5840612649917603,-0.2392055243253708,-13.801399230957031,0.11000000000000001
550497,31,20087,0.9672582745552063,-0.18552063405513763,-0.17318645119667053,17.154714584350586,0.10000000000000002
550497,32,39778,-0.17392507195472717,0.5225462913513184,-0.834682822227478,1.8723549842834473,0.08000000000000002
550497,33,37729,-0.22375723719596863,0.4738195538520813,-0.8517204523086548,-0.3630056381225586,0.07
550497,34,26613,-0.4354126453399658,-0.8997142910957336,-0.0304968673735857,-10.024179458618164,0.06000000000000001
550497,35,6272,-0.6127930283546448,0.78107088804245,-0.12005381286144257,-6.414358615875244,0.05000000000000001
550497,36,9604,0.9123106002807617,-0.38540321588516235,-0.13839690387248993,16.89382553100586,0.04000000000000001
184736,1,38999,0.4336305558681488,0.6183571815490723,-0.6554379463195801,-0.1784147024154663,9.870000000000003
184736,2,38796,-0.05783820524811745,0.42162904143333435,-0.9049219489097595,1.5222890377044678,7.790000000000002
184736,3,38343,0.40286391973495483,0.778047502040863,-0.48201942443847656,0.4442272186279297,5.160000000000001
184736,4,40246,-0.10661114007234573,0.6414136290550232,-0.7597516775131226,4.238254547119141,4.440000000000001
184736,5,31929,-0.2509637176990509,-0.9428407549858093,-0.21924546360969543,-5.065960884094238,2.9700000000000006
184736,6,41066,-0.7908716797828674,-0.295602947473526,-0.535855233669281,6.193361759185791,2.6600000000000006
184736,7,28951,-0.8170726895332336,-0.54051274061203,0.20059458911418915,4.435805797576904,2.4900000000000007
184736,8,25769,-0.7424759864807129,-0.6665628552436829,-0.0665087029337883,3.6900997161865234,2.2500000000000004
184736,9,2121,-0.6471356153488159,0.760491669178009,0.05355313792824745,11.990922927856445,2.1500000000000004
184736,10,29774,-0.26269930601119995,-0.9598470330238342,-0.0984007939696312,-2.5833795070648193,1.8600000000000003
184736,11,35112,-0.49257388710975647,-0.8672791123390198,-0.07209618389606476,-0.3606836199760437,1.8300000000000003
184736,12,16711,0.9813975095748901,-0.09213162958621979,-0.16843603551387787,-10.389747619628906,1.7200000000000004
184736,13,19859,0.8987411260604858,-0.4190499186515808,0.1290794461965561,-12.544661521911621,1.5800000000000003
184736,14,38736,0.1902810037136078,0.5283046364784241,-0.8274583220481873,1.4103730916976929,1.4500000000000002
184736,15,29835,-0.4868532717227936,-0.758486270904541,0.4332118034362793,0.6526381969451904,1.3100000000000003
184736,16,34645,-0.8237422704696655,-0.4274931848049164,-0.37242215871810913,4.244980812072754,1.3100000000000003
184736,17,24946,-0.6990365982055664,-0.6995329260826111,0.14832888543605804,2.5032689571380615,1.0000000000000002
184736,18,38325,0.2204708755016327,0.5804798603057861,-0.7838594913482666,-0.10566222667694092,0.9700000000000002
184736,19,38835,-0.03992603346705437,0.36855030059814453,-0.9287500381469727,2.9144039154052734,0.9600000000000002
184736,20,38801,0.2922040522098541,0.27151015400886536,-0.9170054793357849,-3.056575298309326,0.8700000000000002
184736,21,30134,-0.5445768237113953,-0.5862959027290344,0.5997442603111267,1.6578869819641113,0.8400000000000002
184736,22,10907,0.9384613037109375,-0.29956597089767456,-0.1719028353691101,-10.389300346374512,0.8300000000000002
184736,23,6168,-0.5451991558074951,0.8328038454055786,0.09589378535747528,12.764961242675781,0.8200000000000002
184736,24,16502,0.9224779605865479,-0.37523913383483887,-0.09071919322013855,-12.263089179992676,0.6600000000000001
184736,25,32916,-0.4382016360759735,-0.8445062041282654,0.3078775405883789,-0.7556564211845398,0.6500000000000001
184736,26,21051,0.9483398795127869,-0.0548657663166523,0.3124759793281555,-6.643543720245361,0.5900000000000001
184736,27,9647,0.9341111183166504,-0.35076192021369934,-0.06635168939828873,-10.231431007385254,0.5000000000000001
184736,28,21876,0.9948809146881104,-0.094776451587677,0.035061948001384735,-11.685553550720215,0.30000000000000004
184736,29,43049,-0.653519868850708,-0.5437400341033936,-0.5265535116195679,2.5527398586273193,0.28
184736,30,37773,-0.36983242630958557,-0.5368421673774719,-0.758303701877594,0.8618583679199219,0.22000000000000003
184736,31,25491,-0.6840112805366516,-0.7289312481880188,0.02806842140853405,1.2006443738937378,0.21000000000000005
184736,32,9982,0.9472288489341736,-0.090306356549263,0.3075748085975647,-6.910557270050049,0.19000000000000003
184736,33,4060,-0.09534453600645065,0.9830198287963867,0.1567845493555069,7.259040832519531,0.17000000000000004
184736,34,10344,0.9957146048545837,0.06196381524205208,-0.06865106523036957,-8.416814804077148,0.17000000000000004
184736,35,10435,0.9348577260971069,-0.3535647392272949,0.0321400910615921,-12.016655921936035,0.13000000000000003
184736,36,12950,0.9639023542404175,-0.031773827970027924,-0.2643533945083618,-6.829624652862549,0.12000000000000002
184736,37,37279,0.01246197521686554,0.7375673651695251,-0.6751585602760315,5.033202648162842,0.12000000000000002
184736,38,27488,-0.9613149166107178,-0.27143359184265137,-0.04687660187482834,7.142691135406494,0.11000000000000001
184736,39,23342,0.8621358871459961,-0.48475053906440735,-0.14744031429290771,-9.538125991821289,0.10000000000000002
184736,40,13378,0.98902428150177,-0.14380620419979095,0.033922404050827026,-11.97760009765625,0.06000000000000001
184736,41,3868,-0.08498397469520569,0.9695928692817688,0.2294938564300537,5.813748359680176,0.05000000000000001
184736,42,14694,0.9862121939659119,0.023700153455138206,0.16377981007099152,-8.927326202392578,0.030000000000000006
184736,43,34929,-0.7838450074195862,-0.6195672750473022,0.041514161974191666,2.1995344161987305,0.030000000000000006
184736,44,46476,-0.9048951864242554,-0.33565279841423035,-0.2617286145687103,7.472257137298584,0.030000000000000006
184736,45,31684,-0.382685124874115,-0.9215619564056396,0.06538811326026917,-1.1414284706115723,0.010000000000000002
406572,1,33254,-0.707033097743988,-0.6144267320632935,0.3501199781894684,-0.5281788110733032,6.1800000000000015
406572,2,40975,-0.11758516728878021,0.2684561610221863,-0.9560883641242981,-4.997090816497803,4.280000000000001
406572,3,41839,-0.9447678327560425,-0.29896727204322815,-0.13428445160388947,-6.088990211486816,3.900000000000001
406572,4,26978,-0.2802359163761139,-0.9368898868560791,0.20905768871307373,3.269460439682007,3.7000000000000006
406572,5,40464,0.044961947947740555,0.5538598299026489,-0.8313950300216675,-4.713716983795166,3.1800000000000006
406572,6,39406,-0.07098226994276047,0.11186696588993073,-0.9911847710609436,-1.9333536624908447,2.7300000000000004
406572,7,33049,-0.36229753494262695,-0.931644082069397,-0.02792549505829811,2.505059242248535,2.6500000000000004
406572,8,22577,0.9547027349472046,0.23803041875362396,-0.17856137454509735,6.016608238220215,2.1900000000000004
406572,9,36562,-0.6978151202201843,-0.6989023089408875,0.15681082010269165,-0.2889028787612915,2.1600000000000006
406572,10,30862,0.23618724942207336,-0.9711166024208069,0.033884041011333466,8.459426879882812,1.9300000000000004
406572,11,3544,-0.6231513619422913,0.7619105577468872,0.1765635758638382,-6.727710723876953,1.8300000000000003
406572,12,40247,-0.6970901489257812,0.09212235361337662,-0.7110406756401062,-7.534245014190674,1.5300000000000002
406572,13,3236,-0.33790916204452515,0.9323080778121948,-0.1289147138595581,-8.840593338012695,1.4800000000000002
406572,14,782,-0.3922315239906311,0.9198315739631653,-0.008020163513720036,-5.652916431427002,1.3400000000000003
406572,15,18432,0.9680439233779907,-0.22774405777454376,-0.10499344021081924,8.227438926696777,1.2800000000000002
406572,16,9235,0.9847291707992554,-0.17405474185943604,0.0036644237115979195,9.205028533935547,1.1100000000000003
406572,17,28590,0.029263895004987717,-0.7324603796005249,0.6801804304122925,4.636049270629883,1.1000000000000003
406572,18,32682,-0.7891159057617188,-0.507053017616272,0.3466891050338745,-2.6478419303894043,1.0100000000000002
406572,19,38540,-0.07502289116382599,0.3200758695602417,-0.9444167613983154,-1.8810502290725708,0.9900000000000002
406572,20,37465,-0.1390741765499115,0.21050789952278137,-0.9676491022109985,-1.9890093803405762,0.8600000000000002
406572,21,5910,-0.27273985743522644,0.9608196020126343,-0.049382567405700684,-3.3233296871185303,0.8300000000000002
406572,22,28764,-0.5935239791870117,-0.7989577651023865,-0.09693164378404617,-0.8679676055908203,0.7700000000000001
406572,23,26167,-0.47471997141838074,-0.6288964748382568,-0.6157354712486267,-0.6043927073478699,0.7600000000000001
406572,24,30863,-0.715064287185669,-0.5681097507476807,0.40735048055648804,-2.416470527648926,0.6600000000000001
406572,25,21370,0.9319116473197937,-0.2692584693431854,-0.2429826706647873,8.283002853393555,0.6000000000000001
406572,26,43193,-0.5477274060249329,-0.7773244976997375,-0.30945324897766113,0.6594803333282471,0.5200000000000001
406572,27,27023,-0.29606810212135315,-0.7887411713600159,0.5387309789657593,1.5534852743148804,0.4000000000000001
406572,28,9539,0.9739513397216797,0.05107623338699341,-0.22092999517917633,3.5591108798980713,0.33000000000000007
406572,29,40016,-0.22712551057338715,0.3503515124320984,-0.9086626768112183,-5.965646743774414,0.32000000000000006
406572,30,6414,-0.10600490868091583,0.9370454549789429,0.3327293395996094,-2.293978452682495,0.2700000000000001
406572,31,32396,-0.6501665711402893,-0.7450288534164429,0.14904853701591492,-1.4609638452529907,0.20000000000000004
406572,32,23044,0.9669612050056458,-0.2197713404893875,0.12917667627334595,9.14390754699707,0.17000000000000004
406572,33,30807,-0.15045200288295746,-0.8215996623039246,-0.5498528480529785,4.0485053062438965,0.15000000000000002
406572,34,6317,-0.1346910297870636,0.7846710085868835,0.605103075504303,-4.549201488494873,0.13000000000000003
406572,35,15950,0.9930588006973267,-0.09768012166023254,-0.06551945209503174,6.272889614105225,0.11000000000000001
406572,36,39649,-0.15429162979125977,0.6293158531188965,-0.761679470539093,-4.329409599304199,0.10000000000000002
406572,37,6988,-0.18116354942321777,0.983427107334137,0.007134800776839256,-5.534126281738281,0.07
406572,38,28104,-0.4893062114715576,-0.7332085967063904,-0.47221246361732483,-2.5516128540039062,0.06000000000000001
406572,39,8426,0.9274077415466309,-0.3696030378341675,0.05751953274011612,8.523344039916992,0.05000000000000001
406572,40,46248,-0.7444382309913635,-0.2691721022129059,-0.6110303997993469,-5.523111820220947,0.020000000000000004
406572,41,6704,-0.5129587650299072,0.7717001438140869,-0.3759683668613434,-9.244153022766113,0.010000000000000002
406572,42,7664,0.8417104482650757,0.2041810303926468,0.4998335838317871,5.974669456481934,0.010000000000000002
362786,1,40224,-0.5085889101028442,0.18868519365787506,-0.8400804996490479,-1.1839962005615234,9.260000000000002
362786,2,38540,-0.07502289116382599,0.3200758695602417,-0.9444167613983154,-1.8810502290725708,8.720000000000002
362786,3,37826,-0.5576846599578857,0.3130533695220947,-0.7687557339668274,-3.145672559738159,7.840000000000002
362786,4,37175,-0.5254307985305786,0.2503867447376251,-0.8131598830223083,-2.8205459117889404,7.750000000000002
362786,5,37685,-0.23729351162910461,0.16653597354888916,-0.9570567011833191,-0.6218308210372925,7.260000000000002
362786,6,38275,0.11259645968675613,0.4190138280391693,-0.9009714126586914,-0.852778971195221,4.160000000000001
362786,7,10671,0.8697730898857117,-0.4040167033672333,0.28331121802330017,5.215919494628906,3.7400000000000007
362786,8,38800,-0.12756748497486115,0.7159421443939209,-0.686406135559082,-3.8824617862701416,3.2100000000000004
362786,9,40039,0.22710907459259033,0.9106738567352295,-0.3451008200645447,-8.210386276245117,2.7700000000000005
362786,10,40437,-0.42013445496559143,0.677274227142334,-0.6039757132530212,-6.602851867675781,2.6600000000000006
362786,11,28122,-0.7934392094612122,-0.6086481809616089,0.001291920430958271,3.198068618774414,2.3400000000000003
362786,12,8029,0.9764778017997742,-0.1286434382200241,0.1730373352766037,2.970067024230957,2.0800000000000005
362786,13,8234,0.9808568954467773,0.14151199162006378,0.13376906514167786,1.9173176288604736,1.9100000000000004
362786,14,37322,-0.357323557138443,-0.17423181235790253,-0.9175854921340942,0.9393600821495056,1.8000000000000003
362786,15,30047,-0.7135981321334839,-0.6841080188751221,-0.15091022849082947,3.700594902038574,1.7500000000000004
362786,16,12331,0.93772292137146,-0.3451825976371765,-0.039047740399837494,8.228291511535645,1.4800000000000002
362786,17,13238,0.9691795706748962,-0.24093323945999146,-0.0514020100235939,5.969481468200684,1.3700000000000003
362786,18,24742,-0.4882000982761383,-0.8715826272964478,-0.04477047175168991,7.133636951446533,1.2400000000000002
362786,19,40420,-0.4594653844833374,0.23283347487449646,-0.8571348190307617,-2.5951638221740723,1.2200000000000002
362786,20,41966,-0.7708864808082581,-0.36014294624328613,-0.5253865718841553,2.5532405376434326,1.0400000000000003
362786,21,8044,0.8930972814559937,-0.3580204248428345,-0.2723941504955292,8.426060676574707,0.9400000000000002
362786,22,17160,0.9666635394096375,-0.08044841885566711,0.24308361113071442,4.1235504150390625,0.9000000000000001
362786,23,22661,0.8634762763977051,-0.3345961272716522,-0.3774309456348419,5.136884689331055,0.8500000000000002
362786,24,10275,0.9058608412742615,-0.41825801134109497,-0.0669056698679924,4.381878852844238,0.8100000000000002
362786,25,38090,0.6153777241706848,0.6614751219749451,-0.42867350578308105,-4.598083019256592,0.7600000000000001
362786,26,16721,0.9586848020553589,-0.25734665989875793,0.12122773379087448,3.016663074493408,0.6800000000000002
362786,27,3215,-0.2833884656429291,0.949805736541748,-0.13251428306102753,-6.671241760253906,0.6600000000000001
362786,28,4439,-0.3714146316051483,0.8841053247451782,0.2835646867752075,-10.878134727478027,0.6500000000000001
362786,29,39891,-0.4477120637893677,0.4856920540332794,-0.7507710456848145,-3.9993579387664795,0.6300000000000001
362786,30,35710,-0.3874339461326599,-0.823471188545227,0.4144757091999054,3.959481954574585,0.6200000000000001
362786,31,25496,-0.016280274838209152,-0.830165445804596,0.5572793483734131,6.0457282066345215,0.4300000000000001
362786,32,46225,-0.8765572905540466,-0.28548040986061096,-0.3874896764755249,-0.43185651302337646,0.3500000000000001
362786,33,28183,-0.39949706196784973,-0.8752856254577637,0.27253833413124084,6.869479179382324,0.33000000000000007
362786,34,37740,0.014627275988459587,0.4556399881839752,-0.8900439739227295,-1.9078713655471802,0.2700000000000001
362786,35,15199,0.9324356317520142,-0.31860867142677307,-0.1704474836587906,4.319337844848633,0.18000000000000005
362786,36,6363,-0.7962184548377991,0.5820268988609314,-0.16516900062561035,-8.499764442443848,0.14
362786,37,30336,-0.7364296913146973,-0.6643199920654297,0.12786820530891418,3.304039239883423,0.14
362786,38,10051,0.8854378461837769,-0.4207454025745392,0.19741612672805786,5.726867198944092,0.12000000000000002
362786,39,19130,0.8899866938591003,-0.407879114151001,-0.20385853946208954,5.494204044342041,0.020000000000000004
362786,40,43227,-0.7786703109741211,-0.25600627064704895,-0.5728292465209961,0.6810240745544434,0.020000000000000004
362786,41,361,-0.44448965787887573,0.7553462386131287,-0.4815402030944824,-7.322934627532959,0.010000000000000002
458203,1,40464,0.044961947947740555,0.5538598299026489,-0.8313950300216675,-4.713716983795166,5.380000000000001
458203,2,40975,-0.11758516728878021,0.2684561610221863,-0.9560883641242981,-4.997090816497803,5.190000000000001
458203,3,787,-0.1281386762857437,0.9565789699554443,-0.2617960572242737,-3.6802279949188232,4.0600000000000005
458203,4,11444,0.6321010589599609,-0.62205570936203,-0.46205514669418335,4.161263465881348,3.3300000000000005
458203,5,10162,0.9979986548423767,0.044739700853824615,-0.04468845576047897,8.441767692565918,3.0500000000000007
458203,6,38909,-0.31949901580810547,0.07921693474054337,-0.944269597530365,-8.37463092803955,2.9300000000000006
458203,7,13814,0.9601670503616333,-0.16670364141464233,-0.2242523580789566,10.183685302734375,2.8100000000000005
458203,8,10770,0.934046745300293,-0.2832038700580597,0.21760571002960205,10.965560913085938,2.6300000000000003
458203,9,1785,0.02694496512413025,0.9996227025985718,-0.00533674331381917,-2.4016244411468506,2.2600000000000002
458203,10,34421,-0.7022092938423157,-0.6998212337493896,-0.130966916680336,-7.705611228942871,2.1300000000000003
458203,11,35230,-0.43257543444633484,-0.6959483027458191,0.5731792449951172,-0.44474077224731445,2.1200000000000006
458203,12,15233,0.8645133972167969,-0.42276665568351746,0.27181774377822876,10.862634658813477,2.0800000000000005
458203,13,6021,-0.621517539024353,0.7801510691642761,-0.07127616554498672,-7.76411771774292,1.8800000000000003
458203,14,35788,-0.5660073161125183,-0.7725763320922852,-0.28768303990364075,-7.609179973602295,1.6500000000000004
458203,15,38430,0.1337609738111496,0.8499899506568909,-0.5095342397689819,-0.7946318984031677,1.4000000000000004
458203,16,40393,0.43984106183052063,0.16580377519130707,-0.8826375007629395,0.8073554039001465,1.3600000000000003
458203,17,2341,-0.3111463487148285,0.9474329352378845,-0.07455718517303467,-4.457772254943848,0.7400000000000001
458203,18,19052,0.937630832195282,-0.29578572511672974,-0.1826450526714325,9.124955177307129,0.6000000000000001
458203,19,7385,0.8030527830123901,-0.13788720965385437,-0.5797356367111206,5.200405597686768,0.4000000000000001
458203,20,4186,-0.276652991771698,0.7224478125572205,0.6336658000946045,-2.4430248737335205,0.38000000000000006
458203,21,24756,-0.25670042634010315,-0.9614322185516357,0.09875709563493729,1.921034812927246,0.3400000000000001
458203,22,40016,-0.22712551057338715,0.3503515124320984,-0.9086626768112183,-5.965646743774414,0.12000000000000002
458203,23,38015,0.4493981897830963,0.6492196321487427,-0.6136409044265747,0.17548948526382446,0.10000000000000002
458203,24,18037,0.9755157828330994,-0.18313968181610107,0.12177345901727676,11.930623054504395,0.010000000000000002
505321,1,37373,0.03881318122148514,0.36650359630584717,-0.9296067357063293,3.544081211090088,9.200000000000001
505321,2,38105,-0.4056583344936371,0.6266327500343323,-0.665411651134491,-6.461906433105469,8.990000000000002
505321,3,9754,0.9561139345169067,0.08219144493341446,-0.281230628490448,13.096441268920898,4.210000000000001
505321,4,8381,0.9747323393821716,-0.2113330215215683,-0.07235506176948547,14.47990894317627,3.8400000000000007
505321,5,14185,0.9928625822067261,-0.07023847848176956,0.09638705104589462,12.298110961914062,3.7000000000000006
505321,6,40312,0.3208484351634979,0.6721141338348389,-0.6673222184181213,4.789607048034668,3.0300000000000007
505321,7,45086,-0.9074176549911499,-0.2915192246437073,-0.3026711046695709,-9.707069396972656,2.6400000000000006
505321,8,4484,-0.29340362548828125,0.9502993226051331,0.1041417270898819,-8.909317970275879,2.3400000000000003
505321,9,26617,-0.40431147813796997,-0.8953258991241455,-0.18687894940376282,-0.198500394821167,1.5200000000000002
505321,10,38879,0.26446035504341125,0.04776840656995773,-0.963212788105011,6.88170051574707,1.4100000000000004
505321,11,7266,0.9965450167655945,-0.07222912460565567,0.04099997505545616,15.181099891662598,1.2000000000000002
505321,12,36844,-0.43120139837265015,-0.900175154209137,0.06123732402920723,-1.4889888763427734,1.2000000000000002
505321,13,38728,-0.19659730792045593,-0.039730317890644073,-0.9796790480613708,3.452881097793579,1.0400000000000003
505321,14,3529,-0.29551276564598083,0.9516639709472656,-0.08371300250291824,-10.065526008605957,0.9000000000000001
505321,15,32603,-0.5731233954429626,-0.7825204730033875,-0.2432926893234253,0.19601643085479736,0.8000000000000002
505321,16,33603,-0.04670649394392967,-0.9988235235214233,0.013042661361396313,3.1986007690429688,0.7400000000000001
505321,17,19027,0.9565632343292236,0.1030021384358406,0.2727220058441162,10.559356689453125,0.6600000000000001
505321,18,23872,-0.5660356283187866,-0.8190988898277283,-0.09317031502723694,-1.5368132591247559,0.6300000000000001
505321,19,37318,0.05914636701345444,0.44769734144210815,-0.8922268748283386,2.066911220550537,0.6100000000000001
505321,20,37349,0.29625803232192993,0.7801558971405029,-0.5509881377220154,0.7696259021759033,0.44000000000000006
505321,21,21348,0.9790369272232056,-0.188576340675354,0.07697831839323044,12.853042602539062,0.3600000000000001
505321,22,11107,0.9955747127532959,-0.06652648746967316,0.06637153029441833,13.235236167907715,0.29000000000000004
505321,23,27604,-0.1318349391222,-0.9876692295074463,-0.084433913230896,4.841647148132324,0.25000000000000006
505321,24,29157,-0.4061596989631653,-0.893292248249054,-0.19251808524131775,0.9653140306472778,0.18000000000000005
505321,25,5685,-0.5123106241226196,0.8288077116012573,-0.22497914731502533,-10.700138092041016,0.12000000000000002
505321,26,18227,0.8914069533348083,-0.07537170499563217,0.44689232110977173,10.176996231079102,0.09000000000000002
505321,27,44423,-0.7754500508308411,-0.293652206659317,-0.5589683055877686,-6.5104756355285645,0.08000000000000002
505321,28,42291,-0.8613150119781494,-0.3184768855571747,-0.3958647549152374,-7.283734321594238,0.030000000000000006
505321,29,46063,-0.6698797941207886,-0.17207467555999756,-0.7222543358802795,-5.161655426025391,0.030000000000000006
505321,30,16460,0.9894886612892151,-0.07516960799694061,0.12353819608688354,12.053696632385254,0.020000000000000004
505321,31,27442,-0.6065492033958435,-0.7939236760139465,-0.04222921282052994,-3.504689931869507,0.020000000000000004
367795,1,38940,-0.4396671652793884,0.4659554064273834,-0.7678400278091431,-1.545396089553833,8.400000000000002
367795,2,10671,0.8697730898857117,-0.4040167033672333,0.28331121802330017,5.215919494628906,5.480000000000001
367795,3,38800,-0.12756748497486115,0.7159421443939209,-0.686406135559082,-3.8824617862701416,4.640000000000001
367795,4,43227,-0.7786703109741211,-0.25600627064704895,-0.5728292465209961,0.6810240745544434,4.0600000000000005
367795,5,14564,0.9878296852111816,-0.14535710215568542,0.055351629853248596,3.1661970615386963,2.6500000000000004
367795,6,40224,-0.5085889101028442,0.18868519365787506,-0.8400804996490479,-1.1839962005615234,2.5900000000000003
367795,7,22661,0.8634762763977051,-0.3345961272716522,-0.3774309456348419,5.136884689331055,2.3500000000000005
367795,8,7186,0.9747561812400818,0.1766810268163681,0.13650712370872498,1.0636816024780273,2.2100000000000004
367795,9,16721,0.9586848020553589,-0.25734665989875793,0.12122773379087448,3.016663074493408,1.8100000000000003
367795,10,38275,0.11259645968675613,0.4190138280391693,-0.9009714126586914,-0.852778971195221,1.7300000000000004
367795,11,113,-0.47689440846443176,0.8669996857643127,-0.1445104479789734,-8.086999893188477,1.4300000000000004
367795,12,10275,0.9058608412742615,-0.41825801134109497,-0.0669056698679924,4.381878852844238,1.4100000000000004
367795,13,38015,0.4493981897830963,0.6492196321487427,-0.6136409044265747,0.17548948526382446,1.3100000000000003
367795,14,43537,-0.7587746381759644,-0.44821372628211975,-0.47261562943458557,3.9438838958740234,1.1400000000000001
367795,15,3215,-0.2833884656429291,0.949805736541748,-0.13251428306102753,-6.671241760253906,0.7500000000000001
367795,16,39796,0.23737061023712158,0.23405198752880096,-0.9428015947341919,2.520249366760254,0.6200000000000001
367795,17,14324,0.9606282114982605,-0.011551854200661182,0.27759677171707153,1.3170504570007324,0.6000000000000001
367795,18,11001,0.9939868450164795,-0.1085461750626564,0.01441916637122631,4.258458614349365,0.3400000000000001
367795,19,22653,0.7907305955886841,0.021272268146276474,-0.6117945909500122,2.7001118659973145,0.23000000000000004
367795,20,38692,0.0017987971659749746,0.1775083839893341,-0.9841176271438599,3.1477043628692627,0.20000000000000004
367795,21,6912,-0.4893972873687744,0.8425406217575073,-0.22497910261154175,-7.647549629211426,0.13000000000000003
367795,22,6087,-0.020404454320669174,0.9683709144592285,0.24867942929267883,-9.421942710876465,0.08000000000000002
367795,23,8420,0.8669897317886353,0.02851821668446064,0.49750933051109314,0.3577401041984558,0.08000000000000002
367795,24,38157,-0.27494290471076965,0.5644407272338867,-0.7783399224281311,-1.3523015975952148,0.06000000000000001
367795,25,14174,0.9656952619552612,-0.21085278689861298,-0.15157102048397064,5.958324432373047,0.05000000000000001
367795,26,39757,-0.24880342185497284,0.2927461862564087,-0.9232532382011414,1.404260277748108,0.010000000000000002
123996,1,37375,-0.15029123425483704,0.6386401057243347,-0.7546862959861755,7.7843403816223145,5.590000000000001
123996,2,31684,-0.382685124874115,-0.9215619564056396,0.06538811326026917,-1.1414284706115723,4.620000000000001
123996,3,21231,0.9526485204696655,-0.19591781497001648,0.23254457116127014,-14.553972244262695,3.3300000000000005
123996,4,24005,-0.8002034425735474,-0.581150472164154,-0.14811678230762482,9.007549285888672,3.2500000000000004
123996,5,38835,-0.03992603346705437,0.36855030059814453,-0.9287500381469727,2.9144039154052734,2.8300000000000005
123996,6,23974,-0.2740948498249054,-0.9615762829780579,-0.015589992515742779,-1.7772401571273804,2.8100000000000005
123996,7,17744,0.9653677344322205,0.23299124836921692,-0.11738932877779007,-11.457823753356934,2.3800000000000003
123996,8,7453,0.7547409534454346,-0.1620909720659256,-0.6356827616691589,-12.733292579650879,2.3000000000000003
123996,9,22725,0.9465101957321167,-0.21830399334430695,-0.23761694133281708,-14.47597885131836,2.0000000000000004
123996,10,7738,0.8150221705436707,-0.27150920033454895,0.5118804574012756,-12.769525527954102,1.8400000000000003
123996,11,14390,0.7252737879753113,-0.1921125054359436,-0.6611132621765137,-11.971923828125,1.7300000000000004
123996,12,37279,0.01246197521686554,0.7375673651695251,-0.6751585602760315,5.033202648162842,1.7100000000000004
123996,13,38801,0.2922040522098541,0.27151015400886536,-0.9170054793357849,-3.056575298309326,1.5400000000000003
123996,14,14501,0.9522279500961304,-0.2793024182319641,0.12349944561719894,-16.49945068359375,1.1600000000000001
123996,15,13163,0.9932579398155212,-0.07117000222206116,-0.09150674194097519,-15.095823287963867,1.0600000000000003
123996,16,38325,0.2204708755016327,0.5804798603057861,-0.7838594913482666,-0.10566222667694092,1.0600000000000003
123996,17,2255,-0.49106624722480774,0.8653786778450012,-0.09986849874258041,11.987244606018066,0.8300000000000002
123996,18,19731,0.921847939491272,-0.31168609857559204,-0.2303217202425003,-13.040084838867188,0.7800000000000001
123996,19,24475,-0.4396030306816101,-0.8659188747406006,0.23860782384872437,1.7830325365066528,0.7400000000000001
123996,20,6168,-0.5451991558074951,0.8328038454055786,0.09589378535747528,12.764961242675781,0.6500000000000001
123996,21,39095,0.6501484513282776,0.23349788784980774,-0.7230392098426819,-8.13744068145752,0.4900000000000001
123996,22,32963,-0.78827965259552,-0.6094197034835815,0.08498713374137878,7.356907367706299,0.4700000000000001
123996,23,22273,0.9925571084022522,-0.0023574160877615213,0.12175735086202621,-13.70853042602539,0.45000000000000007
123996,24,47074,-0.8453124165534973,-0.3095947802066803,-0.43542852997779846,9.566036224365234,0.4300000000000001
123996,25,16827,0.996852695941925,-0.045416854321956635,0.0649772509932518,-16.28010368347168,0.38000000000000006
123996,26,39616,-0.44596627354621887,0.09566649049520493,-0.8899224996566772,8.33804702758789,0.25000000000000006
123996,27,9961,0.9446200728416443,-0.30237630009651184,-0.1275203377008438,-14.245559692382812,0.22000000000000003
123996,28,37773,-0.36983242630958557,-0.5368421673774719,-0.758303701877594,0.8618583679199219,0.15000000000000002
123996,29,32014,-0.69780433177948,-0.6445983052253723,-0.31234943866729736,6.789207935333252,0.12000000000000002
123996,30,45616,-0.8248432278633118,-0.18760745227336884,-0.5333263874053955,11.082184791564941,0.08000000000000002
123996,31,27648,-0.7637010812759399,-0.6274711489677429,-0.15179142355918884,7.9259467124938965,0.05000000000000001
123996,32,38343,0.40286391973495483,0.778047502040863,-0.48201942443847656,0.4442272186279297,0.05000000000000001
123996,33,32510,-0.6690419912338257,-0.6497858762741089,-0.36077848076820374,6.40757942199707,0.020000000000000004
123996,34,7531,0.9819250702857971,-0.15083257853984833,-0.11433584988117218,-13.814844131469727,0.010000000000000002
123996,35,10971,0.9692614078521729,0.23804312944412231,-0.062191616743803024,-13.906865119934082,0.010000000000000002
123996,36,17392,0.9927946329116821,-0.11769209802150726,0.02252461202442646,-15.647611618041992,0.010000000000000002
556080,1,37852,0.1724565029144287,0.5966744422912598,-0.783733606338501,8.6763334274292,11.480000000000002
556080,2,38624,0.5704399943351746,0.3734973669052124,-0.7315038442611694,16.291406631469727,7.400000000000001
556080,3,39279,-0.10512998700141907,0.448108047246933,-0.8877763748168945,4.514735221862793,6.610000000000001
556080,4,39608,0.5173888802528381,0.6120282411575317,-0.5981054306030273,13.865910530090332,2.8200000000000007
556080,5,19983,0.9950506091117859,-0.07737887650728226,-0.06234418973326683,19.63532066345215,2.6200000000000006
556080,6,37700,0.15899330377578735,0.15623629093170166,-0.9748391509056091,9.241222381591797,2.6000000000000005
556080,7,21180,0.917691707611084,0.1918458491563797,0.34790387749671936,15.5916109085083,2.4300000000000006
556080,8,17037,0.9532885551452637,0.2845621407032013,-0.1013181135058403,20.0352725982666,2.2900000000000005
556080,9,39462,-0.6648861169815063,0.6624485850334167,-0.34509167075157166,-8.98870849609375,2.1000000000000005
556080,10,10156,0.9536391496658325,-0.025317519903182983,0.2998855412006378,14.901515007019043,1.8300000000000003
556080,11,21392,0.9837077856063843,-0.1664641797542572,0.06788686662912369,18.723180770874023,1.7600000000000002
556080,12,24293,-0.08293416351079941,-0.9583656191825867,-0.27323487401008606,-5.327470779418945,1.6000000000000003
556080,13,43465,-0.8583316206932068,-0.1543782353401184,-0.4893200993537903,-13.687994956970215,1.4900000000000002
556080,14,15929,0.9499167799949646,0.12317661195993423,-0.2872031033039093,19.132328033447266,1.4700000000000002
556080,15,6272,-0.6127930283546448,0.78107088804245,-0.12005381286144257,-6.414358615875244,1.1800000000000002
556080,16,20337,0.9930055141448975,0.05605845898389816,-0.10391072928905487,19.614330291748047,0.8500000000000002
556080,17,29199,-0.5168887376785278,-0.837414562702179,0.1776593029499054,-12.24860954284668,0.8400000000000002
556080,18,8274,0.8238163590431213,-0.227345809340477,-0.5192692279815674,17.211591720581055,0.7300000000000001
556080,19,42488,-0.9741097092628479,-0.12747599184513092,-0.18670880794525146,-18.174301147460938,0.7000000000000002
556080,20,42562,-0.7756630182266235,-0.5840612649917603,-0.2392055243253708,-13.801399230957031,0.4600000000000001
556080,21,42738,-0.8698964715003967,-0.3908270597457886,-0.3008893132209778,-14.533278465270996,0.4200000000000001
556080,22,24317,-0.47648516297340393,-0.8482193350791931,0.23127011954784393,-11.39904499053955,0.3500000000000001
556080,23,45301,-0.7519612908363342,-0.21124932169914246,-0.6244421005249023,-10.277060508728027,0.32000000000000006
556080,24,1541,-0.31453853845596313,0.9481383562088013,0.045816969126462936,-2.900064706802368,0.17000000000000004
556080,25,31468,-0.3933318555355072,-0.6015111207962036,-0.6953232288360596,-4.356861114501953,0.12000000000000002
556080,26,1451,-0.5345816612243652,0.8173235654830933,-0.2149527370929718,-7.541284084320068,0.09000000000000002
556080,27,34584,-0.8673798441886902,-0.4402390718460083,0.23203831911087036,-18.06024742126465,0.09000000000000002
556080,28,27982,-0.6106176376342773,-0.5541982054710388,0.5656946897506714,-15.210451126098633,0.06000000000000001
556080,29,31854,-0.35945624113082886,-0.8136976957321167,-0.4568230211734772,-9.048422813415527,0.05000000000000001
556080,30,17685,0.9308236837387085,-0.31385865807533264,-0.1872432380914688,19.359207153320312,0.04000000000000001
556080,31,42826,-0.4322904646396637,-0.9017336964607239,-0.0011414308100938797,-12.736983299255371,0.04000000000000001
556080,32,34761,-0.5384544134140015,-0.8398686051368713,-0.06846556067466736,-12.46989917755127,0.020000000000000004
556080,33,46182,-0.7691921591758728,-0.45752808451652527,-0.44610705971717834,-11.5531587600708,0.020000000000000004
289320,1,39873,0.1750839501619339,0.7429322004318237,-0.646062970161438,6.219775199890137,5.460000000000001
289320,2,21967,0.9947390556335449,0.04525911435484886,0.09190137684345245,-2.1100425720214844,5.340000000000001
289320,3,18689,0.9401180148124695,-0.09002198278903961,0.3287462890148163,-4.731060028076172,5.290000000000001
289320,4,37207,0.4143618643283844,0.1859111785888672,-0.8909215927124023,-0.2214866280555725,4.910000000000001
289320,5,35674,-0.5389858484268188,-0.8191518187522888,0.19617483019828796,-4.339922904968262,3.3500000000000005
289320,6,38006,0.2053430676460266,0.19362005591392517,-0.9593464136123657,2.683488368988037,2.9400000000000004
289320,7,25025,-0.12634849548339844,-0.9760751128196716,0.17695608735084534,-7.13282585144043,2.8100000000000005
289320,8,2367,0.17273861169815063,0.9478340148925781,0.2679031193256378,5.432441711425781,2.7300000000000004
289320,9,37279,0.01246197521686554,0.7375673651695251,-0.6751585602760315,5.033202648162842,2.6100000000000003
289320,10,37155,-0.1191081702709198,0.7922998070716858,-0.5983930826187134,5.714597225189209,2.3200000000000003
289320,11,4867,-0.37052813172340393,0.9284468293190002,-0.02637075074017048,9.19060230255127,1.4700000000000002
289320,12,1582,-0.4461415410041809,0.7968888878822327,-0.4073399603366852,8.033157348632812,1.3700000000000003
289320,13,39036,0.16881102323532104,0.3458646535873413,-0.9229736924171448,2.4249074459075928,1.2800000000000002
289320,14,17154,0.9978157877922058,-0.06303755193948746,0.019746843725442886,-4.530757427215576,0.9000000000000001
289320,15,3281,-0.3552645742893219,0.9054012894630432,-0.23245550692081451,7.388224124908447,0.8900000000000001
289320,16,3812,0.01917174644768238,0.9998160004615784,-0.0006569175166077912,8.00546646118164,0.7800000000000001
289320,17,36622,-0.7652965784072876,-0.6420503854751587,0.045744020491838455,-2.7743191719055176,0.6800000000000002
289320,18,40041,-0.07069765776395798,0.6305059194564819,-0.7729580402374268,4.479776859283447,0.3400000000000001
289320,19,46827,-0.8949695229530334,-0.34377139806747437,-0.2843426465988159,0.30513668060302734,0.29000000000000004
289320,20,18376,0.95307856798172,-0.06676167249679565,0.29526960849761963,-2.8033831119537354,0.2700000000000001
289320,21,41291,-0.5631550550460815,-0.3715038299560547,-0.7381336688995361,-0.3594520390033722,0.23000000000000004
289320,22,10995,0.9399654269218445,0.03217007964849472,0.3397500813007355,-3.3871066570281982,0.18000000000000005
289320,23,3158,-0.4645036458969116,0.7981234192848206,-0.38371261954307556,6.755929470062256,0.11000000000000001
289320,24,17935,0.9821057319641113,0.18562547862529755,-0.031804896891117096,-1.0481432676315308,0.10000000000000002
289320,25,40628,-0.1184583306312561,0.986873209476471,-0.10976733267307281,7.336189270019531,0.10000000000000002
289320,26,5654,-0.08620971441268921,0.989656925201416,-0.11466040462255478,6.4308929443359375,0.05000000000000001
289320,27,11377,0.9741368293762207,0.20005370676517487,0.10505219548940659,-1.937033772468567,0.04000000000000001
289320,28,25877,-0.4295009970664978,-0.8885290622711182,0.1613846719264984,-7.3646745681762695,0.020000000000000004
289320,29,5530,-0.643566906452179,0.7509280443191528,0.14808346331119537,6.161011695861816,0.010000000000000002
449424,1,38340,-0.17182035744190216,0.7047844529151917,-0.688299834728241,5.174217224121094,12.970000000000002
449424,2,39066,0.37704578042030334,0.26407894492149353,-0.8877492547035217,7.643748760223389,8.690000000000001
449424,3,40469,0.2801760137081146,0.4963163435459137,-0.821688175201416,8.562378883361816,7.560000000000001
449424,4,38658,0.10766666382551193,0.8017040491104126,-0.5879443287849426,7.304940223693848,4.240000000000001
449424,5,38240,-0.019871238619089127,0.6175869703292847,-0.7862515449523926,6.011561393737793,3.8400000000000007
449424,6,20012,0.96288001537323,-0.2695147395133972,-0.01496319379657507,9.561529159545898,2.8500000000000005
449424,7,37852,0.1724565029144287,0.5966744422912598,-0.783733606338501,8.6763334274292,2.4700000000000006
449424,8,8497,0.9114487767219543,-0.35540467500686646,0.2072405070066452,7.575708866119385,1.7100000000000004
449424,9,7438,0.7772535085678101,-0.586610734462738,0.22751891613006592,4.471960067749023,1.6500000000000004
449424,10,19398,0.9462019205093384,-0.3107406198978424,-0.09023424237966537,8.462677001953125,1.3300000000000003
449424,11,18668,0.9132142663002014,-0.35506799817085266,-0.19991609454154968,8.55868148803711,1.0500000000000003
449424,12,169,-0.5787487030029297,0.8017359375953674,0.1492295265197754,-3.1093909740448,1.0300000000000002
449424,13,44913,-0.9066873788833618,-0.3589763641357422,-0.22148142755031586,-11.787511825561523,1.0300000000000002
449424,14,36019,-0.6552155613899231,-0.7435960173606873,0.1332574039697647,-12.185635566711426,1.0100000000000002
449424,15,23311,0.9987178444862366,0.019933080300688744,0.04653342813253403,9.503655433654785,0.9100000000000001
449424,16,33572,-0.5280044674873352,-0.8170962333679199,-0.23144115507602692,-8.990225791931152,0.8600000000000002
449424,17,46390,-0.9021341800689697,-0.20890165865421295,-0.37751027941703796,-10.007852554321289,0.8400000000000002
449424,18,9960,0.9768595695495605,-0.19993412494659424,0.07597175985574722,6.935235977172852,0.7800000000000001
449424,19,1932,-0.4389159083366394,0.8825886249542236,0.16849370300769806,-1.5195422172546387,0.7600000000000001
449424,20,17519,0.9824641346931458,0.029064038768410683,-0.18417255580425262,11.083732604980469,0.7000000000000002
449424,21,44115,-0.6928544044494629,-0.3195420801639557,-0.646409809589386,-9.788308143615723,0.5400000000000001
449424,22,10974,0.9369699954986572,-0.14895214140415192,0.3160703778266907,8.66672134399414,0.5100000000000001
449424,23,2795,-0.7226884961128235,0.6824780106544495,-0.10929358750581741,-3.934032440185547,0.4200000000000001
449424,24,11943,0.9979888796806335,0.020876530557870865,0.059852514415979385,12.004430770874023,0.32000000000000006
449424,25,39696,-0.07063128799200058,0.34466812014579773,-0.9360636472702026,3.067375659942627,0.30000000000000004
449424,26,40089,0.4825071096420288,0.26806628704071045,-0.8338629007339478,9.637066841125488,0.29000000000000004
449424,27,30442,-0.6901461482048035,-0.6448484659194946,0.3284338116645813,-10.240072250366211,0.22000000000000003
449424,28,22507,0.975500762462616,-0.1771293580532074,-0.1304737776517868,7.28866720199585,0.19000000000000003
449424,29,19732,0.9752094149589539,-0.18659821152687073,0.11894428730010986,6.386593818664551,0.16000000000000003
449424,30,2571,-0.16656018793582916,0.9247584342956543,-0.3421688973903656,4.512976169586182,0.15000000000000002
449424,31,32784,-0.34970274567604065,-0.9031409025192261,0.249087393283844,-10.363330841064453,0.15000000000000002
449424,32,42853,-0.8298169374465942,-0.008998553268611431,-0.5579631924629211,-5.211636066436768,0.09000000000000002
449424,33,44922,-0.706783652305603,-0.5564742088317871,-0.436799019575119,-11.673846244812012,0.07
449424,34,27027,-0.32483789324760437,-0.9096565842628479,0.2588537037372589,-7.972418308258057,0.06000000000000001
449424,35,30742,-0.6344820261001587,-0.714543879032135,-0.2947194278240204,-12.991058349609375,0.06000000000000001
449424,36,42948,-0.6778922080993652,-0.558983564376831,-0.47749295830726624,-12.023441314697266,0.030000000000000006
449424,37,10554,0.8548519015312195,-0.34733667969703674,0.38546788692474365,5.837582111358643,0.020000000000000004
449424,38,34678,-0.29264500737190247,-0.8876931667327881,-0.3554711937904358,-9.697604179382324,0.020000000000000004
449424,39,1300,-0.1688997447490692,0.9631593823432922,0.20927694439888,1.5356751680374146,0.010000000000000002
24463,1,38938,0.6161277890205383,0.44492432475090027,-0.6499453186988831,-8.54776668548584,9.310000000000002
24463,2,39968,0.5660015940666199,0.48800650238990784,-0.6644484996795654,-8.148909568786621,7.2200000000000015
24463,3,38834,-0.012272434309124947,0.47582635283470154,-0.8794535994529724,5.296192169189453,4.640000000000001
24463,4,39091,-0.3286295235157013,0.5525062680244446,-0.7659891843795776,13.730854988098145,4.320000000000001
24463,5,37289,0.10764801502227783,0.03610878437757492,-0.9935331344604492,2.939838171005249,2.3900000000000006
24463,6,13660,0.9841798543930054,-0.1760561317205429,0.019856009632349014,-23.90540885925293,1.3700000000000003
24463,7,17207,0.9744543433189392,0.028402376919984818,0.22278256714344025,-21.66326904296875,1.2600000000000002
24463,8,43926,-0.6406102776527405,-0.568285346031189,-0.5164011716842651,13.061959266662598,1.2400000000000002
24463,9,14229,0.9914272427558899,-0.11786621809005737,0.05638757720589638,-22.97197723388672,1.2300000000000002
24463,10,4144,-0.18752360343933105,0.9819685220718384,0.023931635543704033,11.784914016723633,1.1300000000000001
24463,11,36736,-0.49404817819595337,-0.6822160482406616,-0.5389783382415771,8.510257720947266,1.12
24463,12,32156,-0.7912426590919495,-0.6114594340324402,0.007237531244754791,13.38597297668457,1.0900000000000003
24463,13,41358,-0.9313238263130188,-0.3187449872493744,-0.17617495357990265,18.92302703857422,1.0000000000000002
24463,14,6899,-0.3559185266494751,0.932099461555481,-0.06717585027217865,10.456328392028809,0.9800000000000002
24463,15,1472,-0.22590671479701996,0.9572986364364624,-0.18040350079536438,11.747530937194824,0.9600000000000002
24463,16,38968,0.34949612617492676,0.5419726967811584,-0.7642761468887329,-2.802516222000122,0.8900000000000001
24463,17,38809,0.039047062397003174,0.6951459050178528,-0.717807412147522,4.261793613433838,0.8100000000000002
24463,18,963,0.042574070394039154,0.7950430512428284,-0.6050570011138916,6.527109622955322,0.7100000000000002
24463,19,38847,0.15208619832992554,0.3133258521556854,-0.9373882412910461,2.6034090518951416,0.7100000000000002
24463,20,5544,-0.33683326840400696,0.8231807351112366,-0.4570741653442383,13.708048820495605,0.6600000000000001
24463,21,39320,0.18380539119243622,0.2547571361064911,-0.9493758082389832,1.827571153640747,0.5100000000000001
24463,22,10069,0.8778877258300781,-0.4079618453979492,0.2507593333721161,-22.9095516204834,0.4700000000000001
24463,23,2727,0.052932798862457275,0.9879797101020813,-0.14523856341838837,5.652248382568359,0.45000000000000007
24463,24,35600,-0.5476968288421631,-0.8355058431625366,-0.044251151382923126,9.833198547363281,0.4300000000000001
24463,25,42334,-0.6482973098754883,-0.7226074934005737,-0.2398938089609146,8.909070014953613,0.4000000000000001
24463,26,16995,0.9345636367797852,-0.2104533612728119,0.2868800163269043,-22.408132553100586,0.3600000000000001
24463,27,11585,0.9740565419197083,0.14659664034843445,0.17240428924560547,-20.556055068969727,0.32000000000000006
24463,28,42053,-0.7249619364738464,-0.5959147810935974,-0.34542116522789,15.347262382507324,0.30000000000000004
24463,29,38801,0.2922040522098541,0.27151015400886536,-0.9170054793357849,-3.056575298309326,0.25000000000000006
24463,30,7094,-0.2671925127506256,0.9636428952217102,0.0007275379030033946,11.128693580627441,0.24000000000000005
24463,31,33187,-0.2669641375541687,-0.9580562710762024,0.10420338809490204,-1.5228651762008667,0.22000000000000003
24463,32,13336,0.9803373217582703,-0.16452808678150177,0.10894598811864853,-21.275300979614258,0.17000000000000004
24463,33,1707,-0.6632939577102661,0.7379916906356812,-0.12413488328456879,16.604446411132812,0.06000000000000001
24463,34,8865,0.9440771341323853,-0.140687957406044,0.29820337891578674,-22.03392791748047,0.05000000000000001
24463,35,6068,-0.4209041893482208,0.8720214366912842,-0.24983641505241394,13.599854469299316,0.010000000000000002
378325,1,16721,0.9586848020553589,-0.25734665989875793,0.12122773379087448,3.016663074493408,7.670000000000002
378325,2,22773,0.9959394931793213,0.0865488350391388,-0.02477431669831276,2.6166388988494873,5.160000000000001
378325,3,2861,-0.14439663290977478,0.9678241014480591,-0.2060731202363968,3.7618939876556396,4.570000000000001
378325,4,19284,0.9812203645706177,0.17362794280052185,0.08402357250452042,3.8253064155578613,3.0800000000000005
378325,5,38275,0.11259645968675613,0.4190138280391693,-0.9009714126586914,-0.852778971195221,2.6500000000000004
378325,6,40975,-0.11758516728878021,0.2684561610221863,-0.9560883641242981,-4.997090816497803,2.4800000000000004
378325,7,17401,0.9599930047988892,-0.27303001284599304,-0.06219363957643509,1.5961713790893555,2.4000000000000004
378325,8,27030,-0.6204158067703247,-0.7786200642585754,-0.09399484097957611,-4.493443012237549,2.2200000000000006
378325,9,38999,0.4336305558681488,0.6183571815490723,-0.6554379463195801,-0.1784147024154663,1.8200000000000003
378325,10,46981,-0.6918487548828125,-0.697598397731781,-0.18628428876399994,-5.9350996017456055,1.8100000000000003
378325,11,23800,-0.5197279453277588,-0.8330707550048828,0.1894095540046692,-5.216331481933594,1.6900000000000004
378325,12,37725,-0.2464156597852707,0.4609508514404297,-0.8525277972221375,-1.5753045082092285,0.8400000000000002
378325,13,7220,0.8747053742408752,-0.4845690131187439,-0.009134244173765182,1.038994550704956,0.7400000000000001
378325,14,41839,-0.9447678327560425,-0.29896727204322815,-0.13428445160388947,-6.088990211486816,0.3400000000000001
378325,15,13491,0.7401798367500305,-0.6322904825210571,-0.22878491878509521,-1.0808982849121094,0.15000000000000002
378325,16,33215,-0.7210937142372131,-0.6429843306541443,0.258060097694397,-4.133672714233398,0.14
378325,17,31557,-0.5315264463424683,-0.822003960609436,-0.20442377030849457,-7.560083389282227,0.12000000000000002
378325,18,19329,0.9763795137405396,0.07218220829963684,-0.20364868640899658,1.8459250926971436,0.11000000000000001
378325,19,46783,-0.5158018469810486,-0.6599383354187012,-0.5462873578071594,-5.831636428833008,0.11000000000000001
378325,20,30934,-0.3214435577392578,-0.7192654609680176,0.6158987283706665,-0.559198260307312,0.10000000000000002
378325,21,20708,0.9997496008872986,0.01702829636633396,0.014516767114400864,3.6815619468688965,0.020000000000000004
378325,22,3297,-0.5296878218650818,0.843056321144104,0.0932033434510231,2.9883604049682617,0.010000000000000002
378325,23,34117,-0.6045387983322144,-0.7909258008003235,0.09470568597316742,-6.072717189788818,0.010000000000000002
378325,24,40066,0.4863573908805847,0.5991183519363403,-0.636013925075531,0.3560786247253418,0.010000000000000002
501530,1,37852,0.1724565029144287,0.5966744422912598,-0.783733606338501,8.6763334274292,7.060000000000001
501530,2,40821,0.43967100977897644,0.5820956230163574,-0.6839986443519592,12.11556339263916,6.040000000000001
501530,3,39696,-0.07063128799200058,0.34466812014579773,-0.9360636472702026,3.067375659942627,4.220000000000001
501530,4,39083,-0.34196737408638,0.6938790082931519,-0.6337115168571472,0.9290995597839355,3.830000000000001
501530,5,40089,0.4825071096420288,0.26806628704071045,-0.8338629007339478,9.637066841125488,3.0500000000000007
501530,6,11943,0.9979888796806335,0.020876530557870865,0.059852514415979385,12.004430770874023,2.5300000000000007
501530,7,972,-0.4888657033443451,0.8213108777999878,-0.2940387427806854,-0.7901730537414551,2.3800000000000003
501530,8,40469,0.2801760137081146,0.4963163435459137,-0.821688175201416,8.562378883361816,2.2000000000000006
501530,9,39279,-0.10512998700141907,0.448108047246933,-0.8877763748168945,4.514735221862793,2.0400000000000005
501530,10,38340,-0.17182035744190216,0.7047844529151917,-0.688299834728241,5.174217224121094,1.8100000000000003
501530,11,42948,-0.6778922080993652,-0.558983564376831,-0.47749295830726624,-12.023441314697266,1.5800000000000003
501530,12,30742,-0.6344820261001587,-0.714543879032135,-0.2947194278240204,-12.991058349609375,1.5400000000000003
501530,13,7438,0.7772535085678101,-0.586610734462738,0.22751891613006592,4.471960067749023,1.5300000000000002
501530,14,14962,0.9994651079177856,-0.030890485271811485,0.010738087818026543,13.066123962402344,1.5300000000000002
501530,15,24846,0.00031071717967279255,-0.9356003999710083,-0.3530605435371399,-5.55890417098999,0.9200000000000002
501530,16,12019,0.9098200798034668,-0.41446635127067566,0.02109573408961296,8.458617210388184,0.9100000000000001
501530,17,32784,-0.34970274567604065,-0.9031409025192261,0.249087393283844,-10.363330841064453,0.8600000000000002
501530,18,1932,-0.4389159083366394,0.8825886249542236,0.16849370300769806,-1.5195422172546387,0.7100000000000002
501530,19,24293,-0.08293416351079941,-0.9583656191825867,-0.27323487401008606,-5.327470779418945,0.56
501530,20,11973,0.9773035645484924,-0.11460141837596893,-0.1781693398952484,12.26709270477295,0.4700000000000001
501530,21,24515,-0.7597733736038208,-0.6441518068313599,0.0883900597691536,-16.133464813232422,0.4700000000000001
501530,22,25974,-0.5424649119377136,-0.744249701499939,0.3896462619304657,-14.180959701538086,0.44000000000000006
501530,23,30848,-0.7922962307929993,-0.5710664391517639,0.21482506394386292,-16.045881271362305,0.4200000000000001
501530,24,38240,-0.019871238619089127,0.6175869703292847,-0.7862515449523926,6.011561393737793,0.3600000000000001
501530,25,37956,-0.5899155139923096,0.7805982232093811,-0.20655784010887146,-3.8231263160705566,0.33000000000000007
501530,26,26613,-0.4354126453399658,-0.8997142910957336,-0.0304968673735857,-10.024179458618164,0.23000000000000004
501530,27,44115,-0.6928544044494629,-0.3195420801639557,-0.646409809589386,-9.788308143615723,0.19000000000000003
501530,28,29413,-0.07079260051250458,-0.9721689224243164,0.22332921624183655,-6.417799472808838,0.14
501530,29,9890,0.9753362536430359,-0.21272391080856323,-0.05888714641332626,10.61803913116455,0.12000000000000002
501530,30,11469,0.9832870364189148,-0.11017829924821854,0.14493905007839203,10.754196166992188,0.10000000000000002
501530,31,44922,-0.706783652305603,-0.5564742088317871,-0.436799019575119,-11.673846244812012,0.07
501530,32,3402,-0.09341558068990707,0.9640862345695496,-0.24861882627010345,7.753255367279053,0.05000000000000001
501530,33,5144,-0.5833836793899536,0.8117796778678894,0.02602420747280121,-2.4357759952545166,0.030000000000000006
501530,34,25580,-0.7789453268051147,-0.5710515379905701,0.2591221332550049,-14.829474449157715,0.030000000000000006
501530,35,1786,0.42342907190322876,0.805624783039093,0.4143386483192444,7.5333123207092285,0.020000000000000004
501530,36,20012,0.96288001537323,-0.2695147395133972,-0.01496319379657507,9.561529159545898,0.010000000000000002
81684,1,38834,-0.012272434309124947,0.47582635283470154,-0.8794535994529724,5.296192169189453,10.320000000000002
81684,2,37375,-0.15029123425483704,0.6386401057243347,-0.7546862959861755,7.7843403816223145,10.150000000000002
81684,3,8744,0.938844621181488,-0.15356363356113434,-0.3082028031349182,-18.225570678710938,2.9900000000000007
81684,4,24005,-0.8002034425735474,-0.581150472164154,-0.14811678230762482,9.007549285888672,2.9600000000000004
81684,5,1050,-0.33620205521583557,0.8767055869102478,-0.3440282940864563,13.438576698303223,2.1500000000000004
81684,6,24475,-0.4396030306816101,-0.8659188747406006,0.23860782384872437,1.7830325365066528,1.5300000000000002
81684,7,16827,0.996852695941925,-0.045416854321956635,0.0649772509932518,-16.28010368347168,0.9100000000000001
81684,8,41209,-0.7478606700897217,0.07835332304239273,-0.6592155694961548,13.651220321655273,0.8300000000000002
81684,9,38801,0.2922040522098541,0.27151015400886536,-0.9170054793357849,-3.056575298309326,0.5000000000000001
81684,10,42334,-0.6482973098754883,-0.7226074934005737,-0.2398938089609146,8.909070014953613,0.44000000000000006
81684,11,29363,-0.48422694206237793,-0.8100872039794922,0.3305797576904297,3.2900795936584473,0.4200000000000001
81684,12,8249,0.9962654113769531,-0.030949482694268227,-0.08060634881258011,-18.46384620666504,0.31000000000000005
81684,13,42928,-0.9438217282295227,-0.2486015260219574,-0.21771034598350525,16.155366897583008,0.20000000000000004
81684,14,10442,0.8920384645462036,-0.23976804316043854,-0.3831169903278351,-16.701950073242188,0.17000000000000004
81684,15,4000,0.044498011469841,0.9940198063850403,-0.09972227364778519,4.842852592468262,0.16000000000000003
81684,16,14668,0.8957868218421936,-0.3592900037765503,0.26168039441108704,-19.371999740600586,0.16000000000000003
81684,17,4144,-0.18752360343933105,0.9819685220718384,0.023931635543704033,11.784914016723633,0.13000000000000003
81684,18,9566,0.9979630708694458,-0.051632266491651535,-0.03746771067380905,-15.146175384521484,0.08000000000000002
81684,19,20177,0.9660279154777527,-0.1475944221019745,-0.21214598417282104,-18.775056838989258,0.07
81684,20,10971,0.9692614078521729,0.23804312944412231,-0.062191616743803024,-13.906865119934082,0.030000000000000006
81684,21,10611,0.9648372530937195,0.030227504670619965,-0.2611040771007538,-14.504888534545898,0.020000000000000004
284441,1,38275,0.11259645968675613,0.4190138280391693,-0.9009714126586914,-0.852778971195221,6.850000000000001
284441,2,40024,-0.3677612841129303,0.6937432885169983,-0.619251012802124,-2.222072124481201,5.920000000000001
284441,3,40282,-0.13773728907108307,0.2547806203365326,-0.9571391344070435,-0.2602296471595764,5.270000000000001
284441,4,38800,-0.12756748497486115,0.7159421443939209,-0.686406135559082,-3.8824617862701416,5.030000000000001
284441,5,38940,-0.4396671652793884,0.4659554064273834,-0.7678400278091431,-1.545396089553833,2.9800000000000004
284441,6,18536,0.8080641627311707,-0.29900532960891724,-0.5075708031654358,1.510280728340149,2.7400000000000007
284441,7,35521,-0.36744990944862366,-0.7991176247596741,0.4758062958717346,5.458314418792725,2.4800000000000004
284441,8,3215,-0.2833884656429291,0.949805736541748,-0.13251428306102753,-6.671241760253906,2.2000000000000006
284441,9,28403,-0.7570576071739197,-0.6513803601264954,0.05066990107297897,8.068098068237305,1.5500000000000003
284441,10,41613,-0.9081368446350098,-0.2934795022010803,-0.2985921800136566,3.650160789489746,1.4700000000000002
284441,11,27107,-0.7173293828964233,-0.640591025352478,-0.27401047945022583,7.848508358001709,1.3600000000000003
284441,12,7782,0.9793329238891602,0.20176026225090027,-0.014135436154901981,-4.136072635650635,1.2300000000000002
284441,13,25504,-0.4919780492782593,-0.8640546798706055,0.1066165342926979,7.853057861328125,1.1300000000000001
284441,14,30334,-0.3432483375072479,-0.9350046515464783,-0.08914528787136078,6.771605014801025,1.0800000000000003
284441,15,21359,0.6704850792884827,-0.6512459516525269,0.3554271459579468,1.311845302581787,1.0200000000000002
284441,16,39273,0.1941727250814438,0.45042604207992554,-0.8714432120323181,-1.8660163879394531,0.9500000000000002
284441,17,19501,0.9911635518074036,0.0974670872092247,0.08997192978858948,-1.401315450668335,0.7700000000000001
284441,18,17335,0.961168646812439,-0.2017701268196106,-0.188264861702919,-0.8959953784942627,0.6800000000000002
284441,19,30713,-0.8662996292114258,-0.35394224524497986,0.35249093174934387,5.87454891204834,0.6500000000000001
284441,20,838,0.14011456072330475,0.9769512414932251,0.1610410511493683,-7.250495910644531,0.5700000000000001
284441,21,33178,-0.872742772102356,-0.4839930832386017,-0.06380265951156616,3.9823169708251953,0.5500000000000002
284441,22,8154,0.9828671813011169,0.18228642642498016,0.02727200649678707,-3.8752875328063965,0.4100000000000001
284441,23,20311,0.9270616769790649,-0.030736230313777924,0.3736467659473419,-0.590953528881073,0.22000000000000003
284441,24,46138,-0.8916292786598206,-0.17277498543262482,-0.4185045659542084,2.839080810546875,0.20000000000000004
284441,25,22140,0.9334211945533752,0.0704459547996521,-0.35179856419563293,-3.865677833557129,0.13000000000000003
284441,26,9935,0.969692587852478,-0.2442641407251358,0.005598906893283129,-1.5114368200302124,0.10000000000000002
284441,27,21986,0.9889295697212219,0.11936210840940475,-0.08815338462591171,-4.252257347106934,0.10000000000000002
284441,28,38090,0.6153777241706848,0.6614751219749451,-0.42867350578308105,-4.598083019256592,0.06000000000000001
284441,29,19658,0.9147939682006836,-0.39015480875968933,0.10455252230167389,2.426778793334961,0.05000000000000001
284441,30,23424,0.9973292350769043,-0.07252494245767593,-0.00863092951476574,-2.1753814220428467,0.05000000000000001
284441,31,14752,0.9065985083580017,-0.2713477313518524,-0.3231864869594574,0.09208090603351593,0.030000000000000006
51540,1,37775,0.12319371104240417,0.0788036584854126,-0.9892488718032837,1.7002711296081543,5.180000000000001
51540,2,293,-0.43039101362228394,0.8667661547660828,0.2519523501396179,3.9322714805603027,4.010000000000001
51540,3,37181,-0.1529897302389145,0.43962913751602173,-0.8850538730621338,6.260800361633301,3.8200000000000007
51540,4,1082,-0.5372174382209778,0.6134989261627197,-0.5788061022758484,12.046107292175293,3.7400000000000007
51540,5,37289,0.10764801502227783,0.03610878437757492,-0.9935331344604492,2.939838171005249,3.690000000000001
51540,6,39968,0.5660015940666199,0.48800650238990784,-0.6644484996795654,-8.148909568786621,3.5200000000000005
51540,7,39623,0.13137869536876678,0.2618807554244995,-0.9561161398887634,0.5807722806930542,3.190000000000001
51540,8,8058,0.9745891690254211,-0.1659020483493805,0.15050721168518066,-21.026124954223633,1.8100000000000003
51540,9,31022,-0.58542799949646,-0.6260957717895508,0.515051543712616,10.545455932617188,1.5700000000000003
51540,10,32766,-0.5093015432357788,-0.8123428225517273,0.28409698605537415,11.748867988586426,1.4300000000000004
51540,11,38323,0.011960793286561966,0.4541497528553009,-0.8908450603485107,1.622586727142334,1.4200000000000004
51540,12,10001,0.8532658815383911,-0.439125120639801,0.2812586724758148,-17.42837905883789,1.1400000000000001
51540,13,30385,-0.4377932548522949,-0.8156233429908752,0.3782798647880554,7.952324390411377,1.1400000000000001
51540,14,19495,0.8864885568618774,-0.4462728500366211,-0.12238717079162598,-14.862041473388672,1.12
51540,15,11852,0.9552074074745178,-0.20892173051834106,-0.20959603786468506,-17.49189567565918,1.0000000000000002
51540,16,39273,0.1941727250814438,0.45042604207992554,-0.8714432120323181,-1.8660163879394531,0.9000000000000001
51540,17,11861,0.9039239287376404,-0.0824633464217186,0.4196681082248688,-19.64031982421875,0.8700000000000002
51540,18,2697,-0.14399276673793793,0.9498172402381897,0.27769288420677185,-1.9859548807144165,0.6700000000000002
51540,19,17149,0.9688042998313904,0.2143954187631607,0.12430928647518158,-18.885501861572266,0.6500000000000001
51540,20,9494,0.9726207852363586,0.05770847201347351,-0.22511883080005646,-19.637603759765625,0.6300000000000001
51540,21,9414,0.9497905969619751,-0.3127906322479248,0.007736870553344488,-16.15829849243164,0.5900000000000001
51540,22,21763,0.7880480289459229,-0.5946922302246094,-0.15912729501724243,-11.481385231018066,0.5700000000000001
51540,23,35057,-0.892728328704834,-0.4437772333621979,-0.07808926701545715,19.472684860229492,0.5000000000000001
51540,24,8529,0.9232478737831116,-0.35700058937072754,0.14199990034103394,-17.89337730407715,0.45000000000000007
51540,25,20944,0.9565424919128418,-0.21517595648765564,-0.19678860902786255,-18.105558395385742,0.37000000000000005
51540,26,40371,0.31454089283943176,0.7837101817131042,-0.5355952978134155,-3.9600560665130615,0.25000000000000006
51540,27,8915,0.9840533137321472,-0.17066285014152527,-0.05013277381658554,-19.867231369018555,0.21000000000000005
51540,28,20757,0.9968278408050537,0.0795871689915657,-0.00030436317319981754,-17.796232223510742,0.20000000000000004
51540,29,35543,-0.4431055188179016,-0.8836096525192261,-0.1512993723154068,11.365486145019531,0.20000000000000004
51540,30,36704,-0.3041718602180481,-0.9525694251060486,0.00953497551381588,6.116394996643066,0.20000000000000004
51540,31,22738,0.9985251426696777,-0.006888073869049549,-0.05385199934244156,-18.272212982177734,0.17000000000000004
51540,32,34833,-0.6995709538459778,-0.710525631904602,-0.07585377991199493,15.335613250732422,0.17000000000000004
51540,33,20975,0.8493795990943909,-0.304097980260849,-0.43136849999427795,-15.707404136657715,0.08000000000000002
51540,34,320,-0.23544707894325256,0.904062032699585,-0.3567023277282715,5.875619411468506,0.06000000000000001
51540,35,18582,0.9756069183349609,-0.2148214727640152,-0.04519817233085632,-18.722013473510742,0.04000000000000001
51540,36,18211,0.9649865627288818,0.2441517412662506,0.09586876630783081,-22.068849563598633,0.010000000000000002
84264,1,37375,-0.15029123425483704,0.6386401057243347,-0.7546862959861755,7.7843403816223145,9.350000000000001
84264,2,38801,0.2922040522098541,0.27151015400886536,-0.9170054793357849,-3.056575298309326,5.110000000000001
84264,3,24005,-0.8002034425735474,-0.581150472164154,-0.14811678230762482,9.007549285888672,4.500000000000001
84264,4,24475,-0.4396030306816101,-0.8659188747406006,0.23860782384872437,1.7830325365066528,4.360000000000001
84264,5,38325,0.2204708755016327,0.5804798603057861,-0.7838594913482666,-0.10566222667694092,1.8200000000000003
84264,6,4000,0.044498011469841,0.9940198063850403,-0.09972227364778519,4.842852592468262,1.7000000000000004
84264,7,39616,-0.44596627354621887,0.09566649049520493,-0.8899224996566772,8.33804702758789,1.5700000000000003
84264,8,16827,0.996852695941925,-0.045416854321956635,0.0649772509932518,-16.28010368347168,1.0500000000000003
84264,9,8744,0.938844621181488,-0.15356363356113434,-0.3082028031349182,-18.225570678710938,0.7600000000000001
84264,10,43127,-0.8972123265266418,-0.4327169358730316,-0.08812560141086578,12.442522048950195,0.7000000000000002
84264,11,41209,-0.7478606700897217,0.07835332304239273,-0.6592155694961548,13.651220321655273,0.6800000000000002
84264,12,46049,-0.6201728582382202,-0.16791807115077972,-0.7662826776504517,9.730758666992188,0.56
84264,13,7453,0.7547409534454346,-0.1620909720659256,-0.6356827616691589,-12.733292579650879,0.4600000000000001
84264,14,33884,-0.2829335033893585,-0.7804242968559265,-0.5575720071792603,-0.8016467094421387,0.4600000000000001
84264,15,10736,0.9976743459701538,0.012523932382464409,0.0670001357793808,-15.960023880004883,0.3600000000000001
84264,16,20177,0.9660279154777527,-0.1475944221019745,-0.21214598417282104,-18.775056838989258,0.3400000000000001
84264,17,9566,0.9979630708694458,-0.051632266491651535,-0.03746771067380905,-15.146175384521484,0.30000000000000004
84264,18,12222,0.9685685634613037,-0.2465076595544815,-0.03330094739794731,-18.569726943969727,0.17000000000000004
84264,19,10971,0.9692614078521729,0.23804312944412231,-0.062191616743803024,-13.906865119934082,0.04000000000000001
84264,20,14390,0.7252737879753113,-0.1921125054359436,-0.6611132621765137,-11.971923828125,0.04000000000000001
84264,21,38968,0.34949612617492676,0.5419726967811584,-0.7642761468887329,-2.802516222000122,0.04000000000000001
84264,22,29363,-0.48422694206237793,-0.8100872039794922,0.3305797576904297,3.2900795936584473,0.030000000000000006
84264,23,37279,0.01246197521686554,0.7375673651695251,-0.6751585602760315,5.033202648162842,0.030000000000000006
84264,24,38835,-0.03992603346705437,0.36855030059814453,-0.9287500381469727,2.9144039154052734,0.030000000000000006
84264,25,17392,0.9927946329116821,-0.11769209802150726,0.02252461202442646,-15.647611618041992,0.020000000000000004
549289,1,38300,0.35191938281059265,0.5662621259689331,-0.7453187108039856,11.240801811218262,8.480000000000002
549289,2,40781,0.6078283786773682,0.45360124111175537,-0.6517595648765564,14.98967170715332,8.170000000000002
549289,3,39452,0.2549994885921478,0.5858490467071533,-0.7692568898200989,9.381603240966797,7.4300000000000015
549289,4,40821,0.43967100977897644,0.5820956230163574,-0.6839986443519592,12.11556339263916,4.590000000000001
549289,5,37701,0.006288016214966774,0.7017844319343567,-0.7123616337776184,3.190706729888916,4.0200000000000005
549289,6,39608,0.5173888802528381,0.6120282411575317,-0.5981054306030273,13.865910530090332,2.8700000000000006
549289,7,37729,-0.22375723719596863,0.4738195538520813,-0.8517204523086548,-0.3630056381225586,2.8500000000000005
549289,8,24317,-0.47648516297340393,-0.8482193350791931,0.23127011954784393,-11.39904499053955,1.9200000000000004
549289,9,42738,-0.8698964715003967,-0.3908270597457886,-0.3008893132209778,-14.533278465270996,1.8300000000000003
549289,10,19597,0.9472121596336365,0.31145337224006653,-0.07606519013643265,20.145944595336914,1.7900000000000003
549289,11,37700,0.15899330377578735,0.15623629093170166,-0.9748391509056091,9.241222381591797,1.6100000000000003
549289,12,10156,0.9536391496658325,-0.025317519903182983,0.2998855412006378,14.901515007019043,1.0900000000000003
549289,13,8274,0.8238163590431213,-0.227345809340477,-0.5192692279815674,17.211591720581055,0.8600000000000002
549289,14,42562,-0.7756630182266235,-0.5840612649917603,-0.2392055243253708,-13.801399230957031,0.6500000000000001
549289,15,29089,-0.5517408847808838,-0.8340057134628296,0.004056248813867569,-10.995963096618652,0.6400000000000001
549289,16,23347,0.9904649257659912,-0.11874869465827942,0.0698428824543953,20.452301025390625,0.5400000000000001
549289,17,1539,-0.04235662519931793,0.9877204298973083,-0.15038058161735535,-0.5715991258621216,0.4600000000000001
549289,18,15496,0.9783209562301636,0.18639734387397766,0.09024463593959808,15.830504417419434,0.3600000000000001
549289,19,37852,0.1724565029144287,0.5966744422912598,-0.783733606338501,8.6763334274292,0.3600000000000001
549289,20,46182,-0.7691921591758728,-0.45752808451652527,-0.44610705971717834,-11.5531587600708,0.3500000000000001
549289,21,27526,-0.8350846171379089,-0.5115859508514404,-0.20227092504501343,-16.58226203918457,0.33000000000000007
549289,22,33544,-0.8454719185829163,-0.5143522620201111,-0.14359304308891296,-14.418095588684082,0.32000000000000006
549289,23,31449,-0.09435626119375229,-0.8068031072616577,-0.5832372307777405,1.8895699977874756,0.31000000000000005
549289,24,1085,-0.20027373731136322,0.9712556600570679,-0.12865805625915527,-0.26236623525619507,0.30000000000000004
549289,25,9008,0.9658033847808838,-0.03124660812318325,0.2573857307434082,14.373547554016113,0.30000000000000004
549289,26,38572,0.14905741810798645,0.826108992099762,-0.5434388518333435,6.1953582763671875,0.30000000000000004
549289,27,6272,-0.6127930283546448,0.78107088804245,-0.12005381286144257,-6.414358615875244,0.28
549289,28,2158,-0.3894041180610657,0.91506427526474,0.10498498380184174,-4.952383041381836,0.25000000000000006
549289,29,26613,-0.4354126453399658,-0.8997142910957336,-0.0304968673735857,-10.024179458618164,0.25000000000000006
549289,30,31643,-0.28370484709739685,-0.9581990838050842,-0.03695989400148392,-6.638749599456787,0.20000000000000004
549289,31,21180,0.917691707611084,0.1918458491563797,0.34790387749671936,15.5916109085083,0.19000000000000003
549289,32,1541,-0.31453853845596313,0.9481383562088013,0.045816969126462936,-2.900064706802368,0.11000000000000001
549289,33,39462,-0.6648861169815063,0.6624485850334167,-0.34509167075157166,-8.98870849609375,0.09000000000000002
549289,34,19983,0.9950506091117859,-0.07737887650728226,-0.06234418973326683,19.63532066345215,0.08000000000000002
549289,35,1764,-0.6449790000915527,0.6145195364952087,-0.45427724719047546,-10.11644172668457,0.07
549289,36,12855,0.8307356834411621,-0.5298702120780945,-0.1706336885690689,15.244507789611816,0.06000000000000001
549289,37,3641,-0.35886794328689575,0.9239423871040344,-0.13245460391044617,-6.085556507110596,0.05000000000000001
549289,38,13221,0.9192473888397217,-0.36965981125831604,0.1354101449251175,17.22793960571289,0.04000000000000001
549289,39,14576,0.9132800698280334,-0.36383336782455444,-0.18315228819847107,18.086071014404297,0.04000000000000001
549289,40,44040,-0.6495607495307922,-0.14776939153671265,-0.7458116412162781,-8.046812057495117,0.010000000000000002
146336,1,39193,0.05412905290722847,0.4398408830165863,-0.8964430093765259,-4.634550094604492,9.500000000000002
146336,2,38134,-0.11972483992576599,0.245659738779068,-0.9619341492652893,-2.406007766723633,6.810000000000001
146336,3,37974,-0.2845737338066101,0.1332753449678421,-0.9493447542190552,-1.413623332977295,3.3000000000000007
146336,4,2861,-0.14439663290977478,0.9678241014480591,-0.2060731202363968,3.7618939876556396,3.0900000000000007
146336,5,39968,0.5660015940666199,0.48800650238990784,-0.6644484996795654,-8.148909568786621,2.7500000000000004
146336,6,46476,-0.9048951864242554,-0.33565279841423035,-0.2617286145687103,7.472257137298584,2.1000000000000005
146336,7,4059,-0.2507617175579071,0.930844783782959,-0.26579412817955017,2.9077224731445312,1.5900000000000003
146336,8,12703,0.9287922978401184,-0.24422059953212738,0.2787492573261261,-9.383987426757812,1.4800000000000002
146336,9,24005,-0.8002034425735474,-0.581150472164154,-0.14811678230762482,9.007549285888672,1.4100000000000004
146336,10,20183,0.8876757621765137,-0.42683544754981995,-0.17275191843509674,-13.521722793579102,1.3300000000000003
146336,11,474,-0.5304126739501953,0.7100480794906616,-0.46313509345054626,5.250975608825684,1.1600000000000001
146336,12,46406,-0.8417218923568726,-0.39121291041374207,-0.3720977008342743,8.332582473754883,1.1100000000000003
146336,13,14345,0.882648766040802,-0.45935559272766113,0.0996173620223999,-10.389162063598633,1.0400000000000003
146336,14,4325,-0.5612966418266296,0.7792868614196777,-0.2786719799041748,4.353027820587158,0.9900000000000002
146336,15,12355,0.9830266833305359,0.161448135972023,-0.0871383473277092,-10.205706596374512,0.9800000000000002
146336,16,9364,0.9576365351676941,-0.2879660725593567,0.0027976990677416325,-11.52142333984375,0.7500000000000001
146336,17,39962,0.20885860919952393,0.25108325481414795,-0.945164144039154,-7.5312933921813965,0.56
146336,18,31099,-0.3682696223258972,-0.4390847384929657,0.8195011019706726,6.750180244445801,0.4600000000000001
146336,19,13573,0.9773939251899719,-0.19696751236915588,0.07684344798326492,-13.681998252868652,0.4100000000000001
146336,20,10486,0.9882416725158691,0.05397273227572441,-0.1430572122335434,-11.902201652526855,0.31000000000000005
146336,21,2047,-0.4101073443889618,0.9117394685745239,-0.023304786533117294,4.831019401550293,0.26000000000000006
146336,22,11613,0.6334957480430603,-0.6149378418922424,-0.46961110830307007,-12.345540046691895,0.26000000000000006
146336,23,30029,-0.6032117605209351,-0.7914457321166992,0.09873821586370468,7.735544204711914,0.26000000000000006
146336,24,24373,-0.28341516852378845,-0.7284421920776367,-0.6237369775772095,-2.8397700786590576,0.23000000000000004
146336,25,18476,0.7750957608222961,-0.593074381351471,0.21792061626911163,-6.6712260246276855,0.21000000000000005
146336,26,46237,-0.96401447057724,-0.15272372961044312,-0.21760419011116028,10.968661308288574,0.15000000000000002
146336,27,35842,-0.4167154133319855,-0.8956878185272217,-0.15521466732025146,2.6082894802093506,0.13000000000000003
146336,28,4520,-0.6920464038848877,0.7073023319244385,-0.14420512318611145,7.022342681884766,0.09000000000000002
146336,29,1963,0.18389569222927094,0.961376965045929,0.20478443801403046,0.18154197931289673,0.06000000000000001
146336,30,33474,-0.6419585347175598,-0.5640398263931274,0.5193729996681213,9.117280006408691,0.05000000000000001
146336,31,41443,-0.6321700215339661,-0.7421340942382812,-0.2227061688899994,4.798364162445068,0.05000000000000001
146336,32,15450,0.914915919303894,-0.35685470700263977,0.18863597512245178,-11.182354927062988,0.030000000000000006
146336,33,45935,-0.701734185218811,-0.5673546195030212,-0.4309036135673523,4.889410972595215,0.030000000000000006
146336,34,1389,0.03857522830367088,0.9288485050201416,-0.3684459626674652,0.7804667353630066,0.020000000000000004
309448,1,40024,-0.3677612841129303,0.6937432885169983,-0.619251012802124,-2.222072124481201,7.580000000000002
309448,2,38275,0.11259645968675613,0.4190138280391693,-0.9009714126586914,-0.852778971195221,6.280000000000001
309448,3,3215,-0.2833884656429291,0.949805736541748,-0.13251428306102753,-6.671241760253906,4.770000000000001
309448,4,39757,-0.24880342185497284,0.2927461862564087,-0.9232532382011414,1.404260277748108,3.2900000000000005
309448,5,38940,-0.4396671652793884,0.4659554064273834,-0.7678400278091431,-1.545396089553833,2.9100000000000006
309448,6,40579,0.5334203243255615,0.5799462199211121,-0.6157313585281372,-2.414522171020508,2.4900000000000007
309448,7,43537,-0.7587746381759644,-0.44821372628211975,-0.47261562943458557,3.9438838958740234,2.3700000000000006
309448,8,19501,0.9911635518074036,0.0974670872092247,0.08997192978858948,-1.401315450668335,2.2800000000000002
309448,9,38157,-0.27494290471076965,0.5644407272338867,-0.7783399224281311,-1.3523015975952148,1.6400000000000003
309448,10,22653,0.7907305955886841,0.021272268146276474,-0.6117945909500122,2.7001118659973145,1.4900000000000002
309448,11,19658,0.9147939682006836,-0.39015480875968933,0.10455252230167389,2.426778793334961,1.2200000000000002
309448,12,33178,-0.872742772102356,-0.4839930832386017,-0.06380265951156616,3.9823169708251953,0.8700000000000002
309448,13,35521,-0.36744990944862366,-0.7991176247596741,0.4758062958717346,5.458314418792725,0.7600000000000001
309448,14,20311,0.9270616769790649,-0.030736230313777924,0.3736467659473419,-0.590953528881073,0.6600000000000001
309448,15,30334,-0.3432483375072479,-0.9350046515464783,-0.08914528787136078,6.771605014801025,0.6100000000000001
309448,16,18744,0.9167846441268921,-0.38093245029449463,0.11998491734266281,2.887939929962158,0.5700000000000001
309448,17,27107,-0.7173293828964233,-0.640591025352478,-0.27401047945022583,7.848508358001709,0.5000000000000001
309448,18,18536,0.8080641627311707,-0.29900532960891724,-0.5075708031654358,1.510280728340149,0.4300000000000001
309448,19,7670,0.9796841740608215,0.185322105884552,-0.07664599269628525,0.5205938816070557,0.4200000000000001
309448,20,46138,-0.8916292786598206,-0.17277498543262482,-0.4185045659542084,2.839080810546875,0.2700000000000001
309448,21,34525,-0.30760595202445984,-0.8545728921890259,-0.4184300899505615,9.19930362701416,0.25000000000000006
309448,22,25504,-0.4919780492782593,-0.8640546798706055,0.1066165342926979,7.853057861328125,0.19000000000000003
309448,23,27767,-0.50900799036026,-0.8331385850906372,0.21631214022636414,4.074193000793457,0.17000000000000004
309448,24,10275,0.9058608412742615,-0.41825801134109497,-0.0669056698679924,4.381878852844238,0.16000000000000003
309448,25,46295,-0.763280987739563,-0.530844509601593,-0.36824747920036316,6.846932888031006,0.12000000000000002
309448,26,47134,-0.7135224342346191,-0.5583717226982117,-0.4232099950313568,5.646989822387695,0.11000000000000001
309448,27,9172,0.979044497013092,-0.05757879838347435,-0.195337176322937,1.2145953178405762,0.07
309448,28,41613,-0.9081368446350098,-0.2934795022010803,-0.2985921800136566,3.650160789489746,0.04000000000000001
309448,29,21154,0.8831284046173096,0.3973451554775238,-0.24940133094787598,-1.7948436737060547,0.030000000000000006
309448,30,30981,-0.7452846765518188,-0.6307429075241089,-0.21613448858261108,4.7484049797058105,0.030000000000000006
309448,31,35372,-0.7022943496704102,-0.6952476501464844,-0.15301422774791718,3.3316524028778076,0.010000000000000002
142130,1,39947,-0.01506318524479866,0.4510284960269928,-0.8923824429512024,-0.29027295112609863,8.680000000000001
142130,2,40459,0.4641779363155365,0.3916172683238983,-0.7944650650024414,-7.266359806060791,5.750000000000001
142130,3,39438,0.19613119959831238,0.8085002303123474,-0.5548512935638428,-7.329899787902832,4.990000000000001
142130,4,31433,-0.6010372638702393,-0.7625673413276672,0.23925983905792236,12.062758445739746,3.9700000000000006
142130,5,37066,-0.27138400077819824,0.4280444085597992,-0.8620491623878479,1.774187445640564,3.3700000000000006
142130,6,39968,0.5660015940666199,0.48800650238990784,-0.6644484996795654,-8.148909568786621,3.1800000000000006
142130,7,46964,-0.8081000447273254,-0.5852437615394592,-0.06681325286626816,13.508624076843262,1.3100000000000003
142130,8,14912,0.949338436126709,-0.3000454306602478,-0.09343089163303375,-8.282470703125,1.2500000000000002
142130,9,45248,-0.7830840349197388,-0.4100947082042694,-0.4675486087799072,13.256945610046387,1.1100000000000003
142130,10,45725,-0.9593347907066345,-0.17336001992225647,-0.22276243567466736,14.748844146728516,1.0800000000000003
142130,11,22425,0.9271740317344666,0.11579492688179016,0.35628625750541687,-12.891706466674805,0.8600000000000002
142130,12,29779,-0.6220810413360596,-0.7802897691726685,-0.06452197581529617,12.898444175720215,0.6800000000000002
142130,13,44203,-0.6417134404182434,-0.7656564712524414,-0.04442939534783363,13.934853553771973,0.5700000000000001
142130,14,15874,0.9245718717575073,-0.24908731877803802,-0.2883095443248749,-9.069624900817871,0.3500000000000001
142130,15,30976,-0.38450345396995544,-0.919698178768158,0.0794500783085823,12.294692993164062,0.30000000000000004
142130,16,37813,-0.13451243937015533,0.264922171831131,-0.954841673374176,2.995656967163086,0.29000000000000004
142130,17,39700,-0.227823868393898,0.6912201046943665,-0.6857922673225403,-0.8839006423950195,0.26000000000000006
142130,18,40392,-0.2827858030796051,0.789330780506134,-0.5449671149253845,-0.3147764205932617,0.22000000000000003
142130,19,32487,0.16124151647090912,-0.9858573079109192,-0.045678164809942245,5.00900936126709,0.18000000000000005
142130,20,45510,-0.8745208382606506,-0.3530515432357788,-0.3325175940990448,15.099782943725586,0.17000000000000004
142130,21,14156,0.945552408695221,-0.2429221272468567,-0.21660904586315155,-10.712516784667969,0.12000000000000002
142130,22,20783,0.919913113117218,-0.30528131127357483,0.24609582126140594,-10.9026460647583,0.12000000000000002
142130,23,8173,0.9442906975746155,0.010026351548731327,0.32895973324775696,-12.314613342285156,0.11000000000000001
142130,24,18841,0.9531986713409424,-0.2773531973361969,-0.12036393582820892,-10.511768341064453,0.10000000000000002
142130,25,37093,-0.03619179129600525,0.6194687485694885,-0.784186601638794,-2.752993106842041,0.06000000000000001
142130,26,46234,-0.47132787108421326,-0.014816319569945335,-0.8818336129188538,9.670631408691406,0.04000000000000001
142130,27,21,-0.31118130683898926,0.8965648412704468,-0.3151787519454956,-0.9239286184310913,0.020000000000000004
322599,1,37465,-0.1390741765499115,0.21050789952278137,-0.9676491022109985,-1.9890093803405762,4.610000000000001
322599,2,37175,-0.5254307985305786,0.2503867447376251,-0.8131598830223083,-2.8205459117889404,4.420000000000001
322599,3,40464,0.044961947947740555,0.5538598299026489,-0.8313950300216675,-4.713716983795166,2.8700000000000006
322599,4,40224,-0.5085889101028442,0.18868519365787506,-0.8400804996490479,-1.1839962005615234,2.6300000000000003
322599,5,39427,-0.29428693652153015,0.34830397367477417,-0.8899884819984436,-3.4904117584228516,2.2800000000000002
322599,6,24239,-0.4022994041442871,-0.9096068739891052,0.10378121584653854,4.6094160079956055,2.1600000000000006
322599,7,28082,-0.8452779650688171,-0.5134252905845642,-0.1479853391647339,2.5986592769622803,2.0900000000000003
322599,8,38540,-0.07502289116382599,0.3200758695602417,-0.9444167613983154,-1.8810502290725708,1.8600000000000003
322599,9,37322,-0.357323557138443,-0.17423181235790253,-0.9175854921340942,0.9393600821495056,1.6300000000000003
322599,10,38134,-0.11972483992576599,0.245659738779068,-0.9619341492652893,-2.406007766723633,1.5000000000000002
322599,11,16721,0.9586848020553589,-0.25734665989875793,0.12122773379087448,3.016663074493408,1.3900000000000003
322599,12,3215,-0.2833884656429291,0.949805736541748,-0.13251428306102753,-6.671241760253906,1.3200000000000003
322599,13,31821,-0.562186062335968,-0.7488688826560974,-0.3509162962436676,4.931466102600098,1.2900000000000003
322599,14,9172,0.979044497013092,-0.05757879838347435,-0.195337176322937,1.2145953178405762,1.1900000000000002
322599,15,36729,-0.32630422711372375,-0.7746307849884033,-0.5417311787605286,4.132890224456787,1.0000000000000002
322599,16,38090,0.6153777241706848,0.6614751219749451,-0.42867350578308105,-4.598083019256592,0.9900000000000002
322599,17,20495,0.8426651954650879,-0.4265359938144684,0.3286067545413971,1.1019831895828247,0.8600000000000002
322599,18,35068,-0.3730350434780121,-0.8251356482505798,-0.42425936460494995,3.149827241897583,0.8500000000000002
322599,19,10567,0.9856760501861572,-0.16698144376277924,0.02366301231086254,0.490689218044281,0.7500000000000001
322599,20,44846,-0.7912182211875916,-0.5456046462059021,-0.2762051224708557,3.628804922103882,0.6800000000000002
322599,21,19931,0.9579159617424011,0.26338839530944824,-0.11412068456411362,-3.2964043617248535,0.6100000000000001
322599,22,14752,0.9065985083580017,-0.2713477313518524,-0.3231864869594574,0.09208090603351593,0.4600000000000001
322599,23,38800,-0.12756748497486115,0.7159421443939209,-0.686406135559082,-3.8824617862701416,0.4300000000000001
322599,24,23469,0.9727204442024231,-0.22613181173801422,0.05176258459687233,1.376272201538086,0.30000000000000004
322599,25,6968,-0.33170169591903687,0.9252112507820129,-0.18427720665931702,-5.630632400512695,0.21000000000000005
322599,26,42309,-0.8544934391975403,-0.4703069031238556,-0.22057290375232697,3.7749156951904297,0.14
322599,27,20145,0.967873215675354,0.24727891385555267,-0.04554782062768936,-3.054236650466919,0.11000000000000001
322599,28,7304,0.9465617537498474,-0.2788999080657959,0.16197429597377777,1.0345162153244019,0.08000000000000002
322599,29,35372,-0.7022943496704102,-0.6952476501464844,-0.15301422774791718,3.3316524028778076,0.030000000000000006
133041,1,38004,0.08788817375898361,0.44912609457969666,-0.8891351819038391,3.303725242614746,8.510000000000002
133041,2,38325,0.2204708755016327,0.5804798603057861,-0.7838594913482666,-0.10566222667694092,8.240000000000002
133041,3,39593,0.5334368348121643,-0.4549103081226349,-0.7130930423736572,-2.9046378135681152,4.160000000000001
133041,4,8911,0.8271657824516296,-0.5515516996383667,-0.10764525085687637,-7.814213752746582,2.1100000000000003
133041,5,12469,0.9967820644378662,0.07416906207799911,0.030405908823013306,-11.73218822479248,1.9900000000000004
133041,6,25254,-0.6392567753791809,-0.7019432187080383,-0.3140484690666199,13.174741744995117,1.0800000000000003
133041,7,802,-0.3400224447250366,0.8713688850402832,0.3536962568759918,-0.6121575832366943,1.0100000000000002
133041,8,40838,-0.4423984885215759,0.2712819278240204,-0.8548038601875305,11.177511215209961,0.9000000000000001
133041,9,5714,-0.24737946689128876,0.8990497589111328,-0.3612656891345978,4.300722122192383,0.8000000000000002
133041,10,36656,-0.6878730654716492,-0.1652253419160843,-0.7067751884460449,12.974782943725586,0.6000000000000001
133041,11,42550,-0.9436898827552795,-0.19899094104766846,-0.2642953097820282,12.769552230834961,0.4700000000000001
133041,12,43500,-0.6384211182594299,-0.3979451060295105,-0.6588309407234192,14.713186264038086,0.4700000000000001
133041,13,38006,0.2053430676460266,0.19362005591392517,-0.9593464136123657,2.683488368988037,0.4300000000000001
133041,14,16146,0.9434149861335754,-0.18837858736515045,-0.27291324734687805,-9.305438995361328,0.38000000000000006
133041,15,44747,-0.7643186450004578,-0.5917691588401794,-0.25617632269859314,10.522045135498047,0.3500000000000001
133041,16,43208,-0.765548825263977,-0.6344251036643982,-0.10695662349462509,13.539788246154785,0.33000000000000007
133041,17,15146,0.9424563050270081,-0.23446103930473328,-0.2383362501859665,-11.445674896240234,0.31000000000000005
133041,18,33653,-0.18626289069652557,-0.8667475581169128,-0.462660551071167,6.8359904289245605,0.23000000000000004
133041,19,25824,-0.6451691389083862,-0.7048830986022949,0.29478222131729126,9.589456558227539,0.17000000000000004
133041,20,29170,-0.3161044716835022,-0.9391297101974487,0.13458582758903503,4.200562953948975,0.12000000000000002
133041,21,32024,-0.250095397233963,-0.965955913066864,0.0661928802728653,5.370293617248535,0.10000000000000002
133041,22,1563,-0.5309177041053772,0.8186686635017395,-0.21887899935245514,6.355446815490723,0.08000000000000002
133041,23,9020,0.9483999013900757,0.0947902649641037,0.30257636308670044,-13.767064094543457,0.07
133041,24,432,-0.5303130149841309,0.8461335301399231,0.0531621128320694,4.2006306648254395,0.06000000000000001
133041,25,20933,0.9288884401321411,-0.06161675602197647,0.36519813537597656,-15.627070426940918,0.06000000000000001
133041,26,38736,0.1902810037136078,0.5283046364784241,-0.8274583220481873,1.4103730916976929,0.05000000000000001
133041,27,42334,-0.6482973098754883,-0.7226074934005737,-0.2398938089609146,8.909070014953613,0.05000000000000001
133041,28,17759,0.8137240409851074,-0.48389720916748047,0.32201969623565674,-13.487196922302246,0.04000000000000001
133041,29,23826,-0.4015510380268097,-0.9067086577415466,0.12898139655590057,7.685108661651611,0.020000000000000004
133041,30,24713,-0.6320310235023499,-0.7191117405891418,0.28881677985191345,6.901705741882324,0.010000000000000002
335447,1,39873,0.1750839501619339,0.7429322004318237,-0.646062970161438,6.219775199890137,6.940000000000001
335447,2,40060,0.2394055426120758,0.23269407451152802,-0.9426231980323792,5.669556617736816,5.060000000000001
335447,3,19408,0.9617077112197876,-0.26085618138313293,0.08409713208675385,-2.6620328426361084,2.5600000000000005
335447,4,2367,0.17273861169815063,0.9478340148925781,0.2679031193256378,5.432441711425781,2.4800000000000004
335447,5,38700,0.7724648714065552,0.32387059926986694,-0.5462653636932373,5.38740348815918,2.3600000000000003
335447,6,26563,-0.12143030017614365,-0.9884334802627563,-0.0908512994647026,-6.1771745681762695,2.2700000000000005
335447,7,26341,-0.8738071322441101,-0.4030306935310364,-0.2720797657966614,-1.2260947227478027,1.9700000000000004
335447,8,18818,0.9974152445793152,-0.025642240419983864,0.0671219602227211,-0.8076187372207642,1.7600000000000002
335447,9,46638,-0.6639155149459839,-0.39338743686676025,-0.6359736323356628,-0.8307732343673706,1.4400000000000004
335447,10,22978,0.9214224815368652,-0.33576735854148865,0.19555282592773438,-2.2802586555480957,1.3400000000000003
335447,11,37773,-0.36983242630958557,-0.5368421673774719,-0.758303701877594,0.8618583679199219,1.1900000000000002
335447,12,5596,0.00021592748817056417,0.9036494493484497,-0.42827290296554565,6.035324573516846,1.0600000000000003
335447,13,14868,0.9239798188209534,-0.04472366347908974,-0.3798171579837799,2.882249355316162,0.9300000000000002
335447,14,40153,-0.43633589148521423,-0.015562601387500763,-0.8996492624282837,1.5402390956878662,0.9200000000000002
335447,15,7149,-0.20564208924770355,0.9004729986190796,0.3832227885723114,4.547142505645752,0.6100000000000001
335447,16,25307,-0.9670656323432922,-0.15667162835597992,-0.20059417188167572,-1.1426111459732056,0.5500000000000002
335447,17,1356,-0.4983222484588623,0.8668770790100098,0.014109519310295582,4.144926071166992,0.5400000000000001
335447,18,37155,-0.1191081702709198,0.7922998070716858,-0.5983930826187134,5.714597225189209,0.5300000000000001
335447,19,27274,-0.2081112265586853,-0.9024186134338379,0.37726691365242004,-7.304134368896484,0.37000000000000005
335447,20,27211,-0.607843279838562,-0.7868614792823792,-0.10665639489889145,-4.1709771156311035,0.22000000000000003
335447,21,16768,0.9891179800033569,-0.1203279122710228,0.0846567377448082,-2.0073070526123047,0.11000000000000001
335447,22,5654,-0.08620971441268921,0.989656925201416,-0.11466040462255478,6.4308929443359375,0.08000000000000002
335447,23,10171,0.9148654341697693,-0.06846816837787628,0.3979111611843109,-1.5356435775756836,0.06000000000000001
335447,24,46510,-0.6197282075881958,-0.6077091097831726,-0.49661508202552795,-3.2631821632385254,0.030000000000000006
335447,25,319,-0.3301324248313904,0.9429740905761719,-0.04257330298423767,3.629929304122925,0.020000000000000004
335447,26,37375,-0.15029123425483704,0.6386401057243347,-0.7546862959861755,7.7843403816223145,0.010000000000000002
356505,1,22773,0.9959394931793213,0.0865488350391388,-0.02477431669831276,2.6166388988494873,6.280000000000001
356505,2,38999,0.4336305558681488,0.6183571815490723,-0.6554379463195801,-0.1784147024154663,5.880000000000001
356505,3,19388,0.9594634175300598,-0.16355909407138824,-0.22951778769493103,-0.6893841028213501,4.280000000000001
356505,4,2861,-0.14439663290977478,0.9678241014480591,-0.2060731202363968,3.7618939876556396,3.4500000000000006
356505,5,37725,-0.2464156597852707,0.4609508514404297,-0.8525277972221375,-1.5753045082092285,3.1800000000000006
356505,6,30934,-0.3214435577392578,-0.7192654609680176,0.6158987283706665,-0.559198260307312,2.9700000000000006
356505,7,38275,0.11259645968675613,0.4190138280391693,-0.9009714126586914,-0.852778971195221,2.4600000000000004
356505,8,27030,-0.6204158067703247,-0.7786200642585754,-0.09399484097957611,-4.493443012237549,2.3900000000000006
356505,9,44450,-0.6738020777702332,-0.4190487563610077,-0.6085958480834961,-5.615242958068848,1.4500000000000002
356505,10,25009,-0.7849156856536865,-0.5433452129364014,-0.2977975308895111,-4.970392227172852,1.2900000000000003
356505,11,45115,-0.7695122957229614,-0.3527645766735077,-0.5323607921600342,-4.275141716003418,1.1700000000000002
356505,12,46783,-0.5158018469810486,-0.6599383354187012,-0.5462873578071594,-5.831636428833008,0.8400000000000002
356505,13,14488,0.7507137060165405,-0.45862454175949097,-0.47549185156822205,-1.3559471368789673,0.6000000000000001
356505,14,31339,0.036277420818805695,-0.9626694917678833,-0.2682376503944397,-5.1852030754089355,0.5900000000000001
356505,15,19738,0.9921791553497314,-0.1220819428563118,0.026009811088442802,2.2059059143066406,0.4300000000000001
356505,16,28850,-0.9215743541717529,-0.3850332498550415,-0.04949818179011345,-2.236088275909424,0.4200000000000001
356505,17,40975,-0.11758516728878021,0.2684561610221863,-0.9560883641242981,-4.997090816497803,0.4200000000000001
356505,18,38294,-0.22631053626537323,0.598817765712738,-0.768245279788971,-1.7115576267242432,0.3400000000000001
356505,19,42446,-0.6731727123260498,-0.5743034482002258,-0.46584761142730713,-4.209443092346191,0.29000000000000004
356505,20,46981,-0.6918487548828125,-0.697598397731781,-0.18628428876399994,-5.9350996017456055,0.24000000000000005
356505,21,45676,-0.8821757435798645,-0.34390929341316223,-0.3217023015022278,-3.0645558834075928,0.22000000000000003
356505,22,26503,-0.49519258737564087,-0.8675608038902283,-0.046071603894233704,-3.543074607849121,0.20000000000000004
356505,23,6807,-0.6067259311676025,0.7942463159561157,0.032502587884664536,3.1581084728240967,0.19000000000000003
356505,24,19329,0.9763795137405396,0.07218220829963684,-0.20364868640899658,1.8459250926971436,0.14
356505,25,38422,-0.23431576788425446,-0.08011867105960846,-0.9688535332679749,-3.038179874420166,0.14
356505,26,21104,0.9829825162887573,0.014537845738232136,0.18312299251556396,1.9007796049118042,0.11000000000000001
356505,27,19620,0.899732232093811,-0.3515070378780365,0.2586982250213623,0.6106433868408203,0.020000000000000004
356505,28,24822,-0.12293241918087006,-0.9783932566642761,0.16623571515083313,-2.248593330383301,0.020000000000000004
112776,1,39438,0.19613119959831238,0.8085002303123474,-0.5548512935638428,-7.329899787902832,9.710000000000003
112776,2,40459,0.4641779363155365,0.3916172683238983,-0.7944650650024414,-7.266359806060791,5.050000000000001
112776,3,39947,-0.01506318524479866,0.4510284960269928,-0.8923824429512024,-0.29027295112609863,2.8300000000000005
112776,4,40392,-0.2827858030796051,0.789330780506134,-0.5449671149253845,-0.3147764205932617,2.2900000000000005
112776,5,37066,-0.27138400077819824,0.4280444085597992,-0.8620491623878479,1.774187445640564,2.1500000000000004
112776,6,11630,0.9767074584960938,0.11089769750833511,-0.18369607627391815,-15.377305030822754,2.0300000000000002
112776,7,6185,-0.7173755168914795,0.4570907652378082,-0.5257760286331177,10.044638633728027,1.8500000000000003
112776,8,40164,0.31339648365974426,0.0481569766998291,-0.9484004974365234,-4.277862071990967,1.5900000000000003
112776,9,11143,0.9763287305831909,-0.11454783380031586,0.18346941471099854,-14.986395835876465,0.9300000000000002
112776,10,44203,-0.6417134404182434,-0.7656564712524414,-0.04442939534783363,13.934853553771973,0.8900000000000001
112776,11,37093,-0.03619179129600525,0.6194687485694885,-0.784186601638794,-2.752993106842041,0.8000000000000002
112776,12,14156,0.945552408695221,-0.2429221272468567,-0.21660904586315155,-10.712516784667969,0.7800000000000001
112776,13,20783,0.919913113117218,-0.30528131127357483,0.24609582126140594,-10.9026460647583,0.6000000000000001
112776,14,22604,0.9886197447776794,-0.13960756361484528,-0.056042321026325226,-15.220489501953125,0.56
112776,15,31433,-0.6010372638702393,-0.7625673413276672,0.23925983905792236,12.062758445739746,0.3600000000000001
112776,16,21,-0.31118130683898926,0.8965648412704468,-0.3151787519454956,-0.9239286184310913,0.29000000000000004
112776,17,16006,0.8120803833007812,-0.4829927980899811,0.3274803161621094,-7.7577314376831055,0.18000000000000005
112776,18,29779,-0.6220810413360596,-0.7802897691726685,-0.06452197581529617,12.898444175720215,0.17000000000000004
112776,19,32487,0.16124151647090912,-0.9858573079109192,-0.045678164809942245,5.00900936126709,0.17000000000000004
112776,20,15468,0.979296088218689,0.1898556798696518,0.07024257630109787,-16.589637756347656,0.12000000000000002
112776,21,45725,-0.9593347907066345,-0.17336001992225647,-0.22276243567466736,14.748844146728516,0.09000000000000002
112776,22,23326,0.9876337647438049,-0.15648579597473145,-0.009576985612511635,-13.638267517089844,0.06000000000000001
112776,23,45510,-0.8745208382606506,-0.3530515432357788,-0.3325175940990448,15.099782943725586,0.030000000000000006
112776,24,31754,-0.7254332900047302,-0.6561763286590576,-0.20779597759246826,13.74553108215332,0.010000000000000002
112776,25,38136,-0.05465913563966751,0.5924955606460571,-0.8037172555923462,-1.1713355779647827,0.010000000000000002
370786,1,39036,0.16881102323532104,0.3458646535873413,-0.9229736924171448,2.4249074459075928,3.6100000000000008
370786,2,38422,-0.23431576788425446,-0.08011867105960846,-0.9688535332679749,-3.038179874420166,3.440000000000001
370786,3,22773,0.9959394931793213,0.0865488350391388,-0.02477431669831276,2.6166388988494873,2.7400000000000007
370786,4,26172,-0.6851847767829895,-0.7171817421913147,-0.12716986238956451,-6.217106819152832,2.6800000000000006
370786,5,3887,-0.6087077260017395,0.6738645434379578,0.4187857210636139,3.469085216522217,2.5100000000000007
370786,6,19284,0.9812203645706177,0.17362794280052185,0.08402357250452042,3.8253064155578613,2.1700000000000004
370786,7,10286,0.9160820245742798,-0.28569725155830383,-0.28137311339378357,1.9011802673339844,2.0900000000000003
370786,8,31557,-0.5315264463424683,-0.822003960609436,-0.20442377030849457,-7.560083389282227,2.0400000000000005
370786,9,6750,-0.32478633522987366,0.9241130948066711,-0.2013176828622818,4.269868850708008,1.8600000000000003
370786,10,2153,-0.17154374718666077,0.9606062769889832,-0.2186511605978012,5.863519191741943,1.7000000000000004
370786,11,40094,-0.04916330799460411,0.8251908421516418,-0.5627104043960571,3.1353607177734375,1.5700000000000003
370786,12,46202,-0.8461247086524963,-0.41111889481544495,-0.33919644355773926,-4.119566917419434,1.3000000000000003
370786,13,20427,0.848639190196991,-0.4738856852054596,0.2350400984287262,0.8967626094818115,0.8700000000000002
370786,14,2861,-0.14439663290977478,0.9678241014480591,-0.2060731202363968,3.7618939876556396,0.7100000000000002
370786,15,20664,0.8944820761680603,0.2036207914352417,0.39804574847221375,4.872706890106201,0.6700000000000002
370786,16,41707,-0.7726585268974304,-0.39668574929237366,-0.49562007188796997,-5.748373031616211,0.56
370786,17,820,-0.6788503527641296,0.7223946452140808,0.13156048953533173,1.9786479473114014,0.5100000000000001
370786,18,9726,0.990787923336029,0.06109551712870598,0.12085781246423721,2.650900363922119,0.4000000000000001
370786,19,19329,0.9763795137405396,0.07218220829963684,-0.20364868640899658,1.8459250926971436,0.4000000000000001
370786,20,13491,0.7401798367500305,-0.6322904825210571,-0.22878491878509521,-1.0808982849121094,0.33000000000000007
370786,21,1468,-0.5153670310974121,0.8342534899711609,0.19600512087345123,4.564418792724609,0.22000000000000003
370786,22,18068,0.9968185424804688,0.06528200954198837,-0.04572758078575134,3.997286081314087,0.15000000000000002
370786,23,41839,-0.9447678327560425,-0.29896727204322815,-0.13428445160388947,-6.088990211486816,0.14
370786,24,1680,0.08421779423952103,0.9937878847122192,0.07275324314832687,6.586231708526611,0.13000000000000003
370786,25,41424,-0.6439798474311829,-0.605516254901886,-0.4675895869731903,-5.589057922363281,0.06000000000000001
370786,26,27238,-0.6013016104698181,-0.5889679193496704,0.5399566292762756,-3.3678653240203857,0.04000000000000001
370786,27,8117,0.9085788130760193,-0.3902484178543091,-0.1489652842283249,-0.07992304861545563,0.030000000000000006
370786,28,40747,0.06364423036575317,0.6710307002067566,-0.7386929392814636,1.9580986499786377,0.010000000000000002
51472,1,38136,-0.05465913563966751,0.5924955606460571,-0.8037172555923462,-1.1713355779647827,6.3900000000000015
51472,2,37093,-0.03619179129600525,0.6194687485694885,-0.784186601638794,-2.752993106842041,5.030000000000001
51472,3,39215,0.39177173376083374,0.729589581489563,-0.5605478882789612,-12.203351974487305,4.800000000000001
51472,4,25125,-0.41569986939430237,-0.8853362798690796,0.20826247334480286,13.753398895263672,3.5900000000000007
51472,5,38490,0.5550118684768677,0.28684699535369873,-0.7808204889297485,-11.543391227722168,2.9800000000000004
51472,6,31310,-0.5952500700950623,-0.7572823762893677,-0.26870205998420715,16.177248001098633,2.8400000000000007
51472,7,39628,0.587864875793457,0.4261399209499359,-0.6876188516616821,-12.227197647094727,2.6600000000000006
51472,8,25800,-0.618366003036499,-0.7733229994773865,-0.1399819552898407,18.50643539428711,1.5500000000000003
51472,9,13414,0.9095501899719238,-0.16855135560035706,0.37988007068634033,-17.12162208557129,1.5300000000000002
51472,10,40164,0.31339648365974426,0.0481569766998291,-0.9484004974365234,-4.277862071990967,1.4600000000000002
51472,11,20167,0.9608343839645386,-0.11283142864704132,-0.2531132400035858,-16.45728874206543,1.4300000000000004
51472,12,33939,-0.6055459380149841,-0.7016744613647461,0.3754558563232422,16.677980422973633,1.2500000000000002
51472,13,17501,0.9584083557128906,0.0460553839802742,-0.2816600501537323,-18.069862365722656,1.2300000000000002
51472,14,293,-0.43039101362228394,0.8667661547660828,0.2519523501396179,3.9322714805603027,1.1000000000000003
51472,15,14865,0.9385690689086914,-0.24842704832553864,0.23952463269233704,-15.33734130859375,1.0500000000000003
51472,16,20975,0.8493795990943909,-0.304097980260849,-0.43136849999427795,-15.707404136657715,0.8100000000000002
51472,17,8857,0.9693248867988586,0.039240602403879166,0.24263034760951996,-20.381452560424805,0.7800000000000001
51472,18,2281,-0.1969296634197235,0.9469627141952515,0.2539297938346863,-5.30267333984375,0.3500000000000001
51472,19,11294,0.9538103938102722,0.1601230949163437,0.2541777491569519,-20.449188232421875,0.30000000000000004
51472,20,37944,0.22806259989738464,0.32135024666786194,-0.919087290763855,-3.933013439178467,0.24000000000000005
51472,21,11852,0.9552074074745178,-0.20892173051834106,-0.20959603786468506,-17.49189567565918,0.22000000000000003
51472,22,6437,-0.04850011691451073,0.9329972267150879,-0.35660046339035034,-5.1646342277526855,0.18000000000000005
51472,23,40392,-0.2827858030796051,0.789330780506134,-0.5449671149253845,-0.3147764205932617,0.18000000000000005
51472,24,1017,-0.1027718335390091,0.9942951798439026,0.028548430651426315,-3.9282679557800293,0.11000000000000001
51472,25,11929,0.9402856230735779,0.20170007646083832,-0.2741897404193878,-18.999011993408203,0.11000000000000001
51472,26,4307,-0.6799725890159607,0.6975462436676025,-0.22597898542881012,9.65762996673584,0.08000000000000002
51472,27,21674,0.9608018398284912,-0.2688842713832855,0.06753547489643097,-17.425331115722656,0.06000000000000001
51472,28,36998,-0.37155839800834656,-0.9236434698104858,-0.09395238012075424,14.365943908691406,0.06000000000000001
51472,29,12813,0.9766207337379456,0.05715502053499222,-0.2072322964668274,-21.08036994934082,0.010000000000000002
51472,30,20551,0.6845628023147583,-0.3869631290435791,-0.6177647709846497,-8.587335586547852,0.010000000000000002
199682,1,38800,-0.12756748497486115,0.7159421443939209,-0.686406135559082,-3.8824617862701416,8.700000000000001
199682,2,39968,0.5660015940666199,0.48800650238990784,-0.6644484996795654,-8.148909568786621,5.090000000000001
199682,3,293,-0.43039101362228394,0.8667661547660828,0.2519523501396179,3.9322714805603027,4.730000000000001
199682,4,39193,0.05412905290722847,0.4398408830165863,-0.8964430093765259,-4.634550094604492,3.4700000000000006
199682,5,46476,-0.9048951864242554,-0.33565279841423035,-0.2617286145687103,7.472257137298584,2.6500000000000004
199682,6,34667,-0.6702088117599487,-0.7342352867126465,-0.10825270414352417,7.978978157043457,2.1300000000000003
199682,7,214,-0.2403157502412796,0.9533017873764038,0.18293190002441406,0.8727277517318726,2.1100000000000003
199682,8,33474,-0.6419585347175598,-0.5640398263931274,0.5193729996681213,9.117280006408691,2.0600000000000005
199682,9,24005,-0.8002034425735474,-0.581150472164154,-0.14811678230762482,9.007549285888672,1.9200000000000004
199682,10,44124,-0.6270244717597961,-0.42540156841278076,-0.6525900959968567,4.36927604675293,1.5800000000000003
199682,11,22601,0.9425141215324402,-0.051502324640750885,0.3301735818386078,-7.158298015594482,0.9400000000000002
199682,12,42196,-0.9122542142868042,-0.40962305665016174,-0.0011156481923535466,9.24442195892334,0.7900000000000001
199682,13,5977,-0.008935105986893177,0.7107251882553101,0.7034130096435547,1.010610580444336,0.6500000000000001
199682,14,10293,0.9600667357444763,0.025865405797958374,0.2785729467868805,-6.7028985023498535,0.4800000000000001
199682,15,18689,0.9401180148124695,-0.09002198278903961,0.3287462890148163,-4.731060028076172,0.37000000000000005
199682,16,28846,-0.5501960515975952,-0.8145010471343994,0.18404455482959747,5.722227573394775,0.30000000000000004
199682,17,18982,0.9797381162643433,0.009188655763864517,0.20007194578647614,-7.31219482421875,0.22000000000000003
199682,18,41064,-0.826520562171936,-0.3585236668586731,-0.43396371603012085,5.081748962402344,0.13000000000000003
199682,19,14451,0.9041422605514526,-0.27209457755088806,0.32938024401664734,-4.543461322784424,0.12000000000000002
199682,20,28370,-0.546170711517334,-0.8374878168106079,-0.017653940245509148,7.909063339233398,0.11000000000000001
199682,21,36005,-0.03391769900918007,-0.9620130658149719,-0.2708883583545685,3.1131389141082764,0.09000000000000002
199682,22,40685,-0.3745131194591522,0.6493364572525024,-0.661892831325531,0.07608509063720703,0.05000000000000001
199682,23,45734,-0.9592170715332031,-0.13509249687194824,-0.2482994943857193,8.306079864501953,0.05000000000000001
199682,24,25224,-0.46130797266960144,-0.8747989535331726,-0.1480599194765091,5.017434120178223,0.04000000000000001
199682,25,33440,-0.4653431475162506,-0.8838473558425903,-0.04764094576239586,6.377350807189941,0.04000000000000001
199682,26,12607,0.9008641839027405,-0.3561840057373047,-0.24814645946025848,-9.770071983337402,0.030000000000000006
199682,27,44619,-0.7990471720695496,-0.4737215042114258,-0.3702858090400696,5.466169834136963,0.030000000000000006
199682,28,40459,0.4641779363155365,0.3916172683238983,-0.7944650650024414,-7.266359806060791,0.010000000000000002
531628,1,39427,-0.29428693652153015,0.34830397367477417,-0.8899884819984436,-3.4904117584228516,6.4700000000000015
531628,2,38749,-0.011827786453068256,0.43572694063186646,-0.9000011682510376,-0.3160746693611145,5.030000000000001
531628,3,39649,-0.15429162979125977,0.6293158531188965,-0.761679470539093,-4.329409599304199,4.090000000000001
531628,4,12368,0.9212721586227417,-0.3485508859157562,0.1725395917892456,18.463871002197266,3.420000000000001
531628,5,27604,-0.1318349391222,-0.9876692295074463,-0.084433913230896,4.841647148132324,3.2400000000000007
531628,6,38800,-0.12756748497486115,0.7159421443939209,-0.686406135559082,-3.8824617862701416,2.9000000000000004
531628,7,10568,0.9679809212684631,-0.19627916812896729,0.1564846783876419,17.277999877929688,2.2000000000000006
531628,8,39256,-0.4904228746891022,0.6444242596626282,-0.5866879820823669,-11.367147445678711,1.8000000000000003
531628,9,5430,-0.20298829674720764,0.9531441330909729,0.22430330514907837,-12.614901542663574,1.5000000000000002
531628,10,42088,-0.8639530539512634,-0.3215245008468628,-0.38756561279296875,-9.061254501342773,1.3600000000000003
531628,11,11848,0.8981767892837524,-0.2671442925930023,-0.3491596281528473,19.00112533569336,1.1800000000000002
531628,12,10163,0.9886969923973083,0.031058117747306824,0.14667531847953796,15.016809463500977,1.0800000000000003
531628,13,41314,-0.692624568939209,-0.5726826190948486,-0.43852680921554565,-7.17097282409668,1.0500000000000003
531628,14,39948,0.09302720427513123,0.037341661751270294,-0.9949631094932556,4.16033411026001,0.9400000000000002
531628,15,41144,-0.6110254526138306,-0.7666029334068298,-0.19740279018878937,-3.7408626079559326,0.7800000000000001
531628,16,22933,0.9711617827415466,-0.16819709539413452,-0.16898086667060852,19.353267669677734,0.7700000000000001
531628,17,9241,0.9972710013389587,-0.05178828537464142,0.052616387605667114,16.974037170410156,0.6400000000000001
531628,18,23459,0.9303463697433472,-0.20017863810062408,0.3072199821472168,16.45209312438965,0.6300000000000001
531628,19,38879,0.26446035504341125,0.04776840656995773,-0.963212788105011,6.88170051574707,0.4100000000000001
531628,20,10168,0.9805088639259338,0.011188608594238758,0.19615605473518372,17.023563385009766,0.30000000000000004
531628,21,2792,-0.5042780041694641,0.7876944541931152,0.35389426350593567,-14.200611114501953,0.23000000000000004
531628,22,17889,0.9817720651626587,0.1502043902873993,-0.1164572611451149,15.093008995056152,0.22000000000000003
531628,23,39104,-0.05926964059472084,0.6581472158432007,-0.7505527138710022,-1.8875912427902222,0.22000000000000003
531628,24,9889,0.8906652331352234,-0.40610355138778687,-0.2044391632080078,16.257089614868164,0.08000000000000002
531628,25,45441,-0.7088742852210999,-0.625469982624054,-0.32601314783096313,-4.190934658050537,0.06000000000000001
531628,26,6960,-0.7662242650985718,0.618861734867096,-0.172946497797966,-15.920939445495605,0.04000000000000001
531628,27,25596,-0.6305726170539856,-0.7525379657745361,-0.18990735709667206,-4.818751811981201,0.030000000000000006
531628,28,36844,-0.43120139837265015,-0.900175154209137,0.06123732402920723,-1.4889888763427734,0.020000000000000004
210809,1,31101,-0.7888895869255066,-0.601751983165741,0.12469066679477692,10.11403751373291,4.110000000000001
210809,2,35,-0.32495325803756714,0.9059983491897583,-0.2712423503398895,-3.4726345539093018,3.730000000000001
210809,3,1818,-0.5137775540351868,0.857792854309082,0.014970187097787857,-0.5999928116798401,2.8900000000000006
210809,4,33653,-0.18626289069652557,-0.8667475581169128,-0.462660551071167,6.8359904289245605,2.3700000000000006
210809,5,40282,-0.13773728907108307,0.2547806203365326,-0.9571391344070435,-0.2602296471595764,2.0200000000000005
210809,6,39273,0.1941727250814438,0.45042604207992554,-0.8714432120323181,-1.8660163879394531,1.9400000000000004
210809,7,39947,-0.01506318524479866,0.4510284960269928,-0.8923824429512024,-0.29027295112609863,1.9400000000000004
210809,8,2917,-0.8466262817382812,0.4764404892921448,-0.2371252030134201,5.307332992553711,1.8200000000000003
210809,9,24005,-0.8002034425735474,-0.581150472164154,-0.14811678230762482,9.007549285888672,1.6400000000000003
210809,10,29073,-0.541503369808197,-0.7549664974212646,-0.3698643743991852,8.587252616882324,1.6000000000000003
210809,11,37066,-0.27138400077819824,0.4280444085597992,-0.8620491623878479,1.774187445640564,1.2700000000000002
210809,12,24402,-0.5773090124130249,-0.7187969088554382,0.38735681772232056,8.115891456604004,1.2500000000000002
210809,13,28955,-0.5669096112251282,-0.8106645941734314,0.14641156792640686,9.726036071777344,1.1700000000000002
210809,14,44158,-0.5932825803756714,-0.669639527797699,-0.44676464796066284,8.978771209716797,1.0300000000000002
210809,15,27981,-0.837737500667572,-0.37816792726516724,0.39393508434295654,7.41010046005249,1.0200000000000002
210809,16,18982,0.9797381162643433,0.009188655763864517,0.20007194578647614,-7.31219482421875,0.7800000000000001
210809,17,47228,-0.5898813605308533,-0.7696738243103027,-0.2442173957824707,10.442739486694336,0.7300000000000001
210809,18,42334,-0.6482973098754883,-0.7226074934005737,-0.2398938089609146,8.909070014953613,0.6500000000000001
210809,19,23412,0.9089279770851135,-0.1741156280040741,0.3788584768772125,-5.746284484863281,0.5700000000000001
210809,20,16443,0.9390485882759094,-0.13200421631336212,0.3174312114715576,-7.620234489440918,0.4600000000000001
210809,21,5022,-0.0835675299167633,0.9963214993476868,0.018973415717482567,-4.976080417633057,0.4000000000000001
210809,22,7403,0.9669132232666016,-0.2551044523715973,0.0007131073507480323,-7.379916667938232,0.3600000000000001
210809,23,39968,0.5660015940666199,0.48800650238990784,-0.6644484996795654,-8.148909568786621,0.3500000000000001
210809,24,44749,-0.8029218316078186,-0.43202948570251465,-0.41069090366363525,9.88041877746582,0.3500000000000001
210809,25,704,-0.5261932015419006,0.7595219612121582,-0.3824227452278137,0.15068209171295166,0.30000000000000004
210809,26,12849,0.9043418765068054,-0.2685346305370331,-0.3317452669143677,-5.300576686859131,0.30000000000000004
210809,27,9,-0.49616920948028564,0.8524543046951294,-0.16473530232906342,-1.0061699151992798,0.24000000000000005
210809,28,21667,0.8728422522544861,-0.4879983067512512,0.00202353997156024,-5.3073930740356445,0.23000000000000004
210809,29,24226,-0.7161165475845337,-0.6949605941772461,-0.0648607388138771,9.533714294433594,0.20000000000000004
210809,30,45071,-0.7593935132026672,-0.4134393334388733,-0.5023837089538574,9.16077995300293,0.16000000000000003
210809,31,3481,-0.367311954498291,0.9298338890075684,-0.022154906764626503,-2.505841016769409,0.05000000000000001
210809,32,4542,-0.5446079969406128,0.7933903336524963,-0.2719079256057739,-0.2534700632095337,0.04000000000000001
210809,33,38275,0.11259645968675613,0.4190138280391693,-0.9009714126586914,-0.852778971195221,0.04000000000000001
210809,34,17993,0.9819320440292358,-0.1627102941274643,0.09661716222763062,-8.560249328613281,0.030000000000000006
210809,35,15922,0.8625351786613464,-0.33253899216651917,0.3813802897930145,-6.678877353668213,0.020000000000000004
210809,36,29333,-0.31789106130599976,-0.9467684626579285,0.05074251443147659,8.288605690002441,0.020000000000000004
569732,1,37852,0.1724565029144287,0.5966744422912598,-0.783733606338501,8.6763334274292,10.000000000000002
569732,2,39608,0.5173888802528381,0.6120282411575317,-0.5981054306030273,13.865910530090332,4.580000000000001
569732,3,38300,0.35191938281059265,0.5662621259689331,-0.7453187108039856,11.240801811218262,3.790000000000001
569732,4,38624,0.5704399943351746,0.3734973669052124,-0.7315038442611694,16.291406631469727,3.2400000000000007
569732,5,24317,-0.47648516297340393,-0.8482193350791931,0.23127011954784393,-11.39904499053955,2.7000000000000006
569732,6,19597,0.9472121596336365,0.31145337224006653,-0.07606519013643265,20.145944595336914,2.1400000000000006
569732,7,39452,0.2549994885921478,0.5858490467071533,-0.7692568898200989,9.381603240966797,1.9300000000000004
569732,8,21392,0.9837077856063843,-0.1664641797542572,0.06788686662912369,18.723180770874023,1.2300000000000002
569732,9,3641,-0.35886794328689575,0.9239423871040344,-0.13245460391044617,-6.085556507110596,1.1700000000000002
569732,10,19983,0.9950506091117859,-0.07737887650728226,-0.06234418973326683,19.63532066345215,1.1100000000000003
569732,11,23347,0.9904649257659912,-0.11874869465827942,0.0698428824543953,20.452301025390625,0.7000000000000002
569732,12,39462,-0.6648861169815063,0.6624485850334167,-0.34509167075157166,-8.98870849609375,0.6600000000000001
569732,13,21780,0.9050956964492798,0.0517280176281929,0.42204973101615906,17.9875545501709,0.6000000000000001
569732,14,8274,0.8238163590431213,-0.227345809340477,-0.5192692279815674,17.211591720581055,0.56
569732,15,27526,-0.8350846171379089,-0.5115859508514404,-0.20227092504501343,-16.58226203918457,0.5200000000000001
569732,16,21180,0.917691707611084,0.1918458491563797,0.34790387749671936,15.5916109085083,0.38000000000000006
569732,17,37700,0.15899330377578735,0.15623629093170166,-0.9748391509056091,9.241222381591797,0.2700000000000001
569732,18,46702,-0.6533142328262329,-0.4587956666946411,-0.6022350192070007,-12.181779861450195,0.2700000000000001
569732,19,11060,0.9933686852455139,0.0968857929110527,0.06190124899148941,21.5249080657959,0.26000000000000006
569732,20,42488,-0.9741097092628479,-0.12747599184513092,-0.18670880794525146,-18.174301147460938,0.21000000000000005
569732,21,20337,0.9930055141448975,0.05605845898389816,-0.10391072928905487,19.614330291748047,0.17000000000000004
569732,22,1451,-0.5345816612243652,0.8173235654830933,-0.2149527370929718,-7.541284084320068,0.09000000000000002
569732,23,43465,-0.8583316206932068,-0.1543782353401184,-0.4893200993537903,-13.687994956970215,0.07
569732,24,27982,-0.6106176376342773,-0.5541982054710388,0.5656946897506714,-15.210451126098633,0.04000000000000001
569732,25,34761,-0.5384544134140015,-0.8398686051368713,-0.06846556067466736,-12.46989917755127,0.04000000000000001
295039,1,37714,0.6461831331253052,0.38822972774505615,-0.6570578813552856,-2.347014904022217,6.940000000000001
295039,2,37648,0.5738745331764221,0.04659058898687363,-0.817616879940033,-5.178305149078369,6.480000000000001
295039,3,38961,0.28054818511009216,0.6347153186798096,-0.7200202941894531,-2.206622362136841,5.010000000000001
295039,4,38134,-0.11972483992576599,0.245659738779068,-0.9619341492652893,-2.406007766723633,3.130000000000001
295039,5,38584,0.5255961418151855,0.1076865866780281,-0.8438911437988281,-4.389453411102295,2.5200000000000005
295039,6,293,-0.43039101362228394,0.8667661547660828,0.2519523501396179,3.9322714805603027,1.9800000000000004
295039,7,2861,-0.14439663290977478,0.9678241014480591,-0.2060731202363968,3.7618939876556396,1.9100000000000004
295039,8,37725,-0.2464156597852707,0.4609508514404297,-0.8525277972221375,-1.5753045082092285,1.7700000000000002
295039,9,44773,-0.5079109072685242,-0.7727019190788269,-0.38073381781578064,-2.755519390106201,1.6700000000000004
295039,10,13182,0.9809033274650574,-0.16054441034793854,0.10979146510362625,-2.522636890411377,1.3300000000000003
295039,11,39641,-0.6555826663970947,0.6149563789367676,-0.4382236897945404,0.05229294300079346,1.1800000000000002
295039,12,40975,-0.11758516728878021,0.2684561610221863,-0.9560883641242981,-4.997090816497803,0.7200000000000002
295039,13,15404,0.9623170495033264,-0.15265467762947083,-0.22503872215747833,-2.5707345008850098,0.6000000000000001
295039,14,40212,-0.39591872692108154,0.2112240493297577,-0.8936625719070435,-2.8932790756225586,0.5800000000000001
295039,15,2714,-0.4542810320854187,0.7989810109138489,0.394027978181839,6.095432758331299,0.5500000000000002
295039,16,21100,0.9995357990264893,0.010355179198086262,-0.028652209788560867,-2.6149492263793945,0.5300000000000001
295039,17,7513,0.878880500793457,-0.3847215473651886,-0.2820609509944916,-3.1051084995269775,0.4600000000000001
295039,18,13719,0.9796497821807861,-0.19364620745182037,-0.0527961365878582,-2.435788154602051,0.4200000000000001
295039,19,21929,0.9535034894943237,0.008793122135102749,0.3012535870075226,0.7792878150939941,0.3500000000000001
295039,20,38047,-0.09910912066698074,0.6473348140716553,-0.7557347416877747,-0.33743369579315186,0.3500000000000001
295039,21,8816,0.7730742692947388,-0.5056231021881104,0.3830162584781647,-1.2512948513031006,0.26000000000000006
295039,22,46982,-0.6603299379348755,-0.7190147638320923,-0.21675364673137665,-2.758878231048584,0.26000000000000006
295039,23,34343,-0.6259726881980896,-0.3820652663707733,-0.6798413991928101,-5.302653789520264,0.24000000000000005
295039,24,9111,0.985525906085968,-0.1679558902978897,0.02301211468875408,-4.106907844543457,0.21000000000000005
295039,25,1567,-0.3971548080444336,0.9003086686134338,0.17807970941066742,3.6989378929138184,0.20000000000000004
295039,26,22239,0.8809430003166199,-0.450253963470459,-0.1456393450498581,-2.0401668548583984,0.19000000000000003
295039,27,44162,-0.6188562512397766,-0.42283278703689575,-0.6619889736175537,-1.9684572219848633,0.19000000000000003
295039,28,26253,-0.0040498171001672745,-0.985916018486023,-0.1671920269727707,-5.895900249481201,0.15000000000000002
295039,29,26503,-0.49519258737564087,-0.8675608038902283,-0.046071603894233704,-3.543074607849121,0.13000000000000003
295039,30,5274,-0.07008524984121323,0.9973244071006775,0.020787611603736877,2.4212114810943604,0.12000000000000002
295039,31,28850,-0.9215743541717529,-0.3850332498550415,-0.04949818179011345,-2.236088275909424,0.07
295039,32,15363,0.9343838691711426,0.3073886036872864,-0.18010853230953217,-3.4368066787719727,0.06000000000000001
295039,33,30277,-0.21708591282367706,-0.9686370491981506,0.12089650332927704,-3.057957649230957,0.06000000000000001
295039,34,24773,0.13804969191551208,-0.9497709274291992,-0.2808513343334198,-5.030885219573975,0.05000000000000001
295039,35,37877,-0.021530838683247566,0.8868090510368347,-0.46163415908813477,0.32962676882743835,0.05000000000000001
295039,36,43470,-0.7702630758285522,-0.3885660171508789,-0.5056790113449097,-4.558079719543457,0.04000000000000001
295039,37,6807,-0.6067259311676025,0.7942463159561157,0.032502587884664536,3.1581084728240967,0.030000000000000006
295039,38,9513,0.8673801422119141,-0.2571508586406708,-0.4260576367378235,-5.713618755340576,0.020000000000000004
295039,39,17258,0.9624255299568176,-0.2663928270339966,0.052649613469839096,-0.6167283654212952,0.020000000000000004
295039,40,29416,-0.6612113118171692,-0.6784141659736633,-0.3202402889728546,-0.21682411432266235,0.010000000000000002
263196,1,32839,-0.6189197897911072,-0.6920484304428101,-0.37149330973625183,4.366337776184082,5.320000000000001
263196,2,37279,0.01246197521686554,0.7375673651695251,-0.6751585602760315,5.033202648162842,4.240000000000001
263196,3,5121,-0.30080220103263855,0.7891274690628052,-0.5355332493782043,4.474914073944092,3.3500000000000005
263196,4,30865,-0.456329882144928,-0.8861256837844849,-0.08089687675237656,1.1940908432006836,2.5000000000000004
263196,5,9342,0.9946205615997314,-0.07302938401699066,0.07346205413341522,-3.828939914703369,2.4300000000000006
263196,6,1356,-0.4983222484588623,0.8668770790100098,0.014109519310295582,4.144926071166992,2.2700000000000005
263196,7,305,-0.48894068598747253,0.8457875847816467,-0.213495671749115,3.981931209564209,1.7100000000000004
263196,8,2861,-0.14439663290977478,0.9678241014480591,-0.2060731202363968,3.7618939876556396,1.6900000000000004
263196,9,9932,0.9362332224845886,-0.32021814584732056,0.14466401934623718,-6.060663223266602,1.6100000000000003
263196,10,43787,-0.8821952939033508,-0.2058984935283661,-0.4234822988510132,4.543924331665039,0.8400000000000002
263196,11,18689,0.9401180148124695,-0.09002198278903961,0.3287462890148163,-4.731060028076172,0.7300000000000001
263196,12,35668,-0.7431368231773376,-0.6670968532562256,0.05224360525608063,1.5708847045898438,0.45000000000000007
263196,13,25094,-0.13087032735347748,-0.9736431241035461,0.1867939829826355,-1.8519207239151,0.37000000000000005
263196,14,19970,0.9003974199295044,0.1788744032382965,-0.3965960741043091,-2.400806427001953,0.20000000000000004
263196,15,19820,0.7925788164138794,-0.5969167947769165,-0.12453562766313553,-1.2346402406692505,0.18000000000000005
263196,16,46963,-0.735590934753418,-0.592208743095398,-0.32892969250679016,3.1277015209198,0.17000000000000004
263196,17,40094,-0.04916330799460411,0.8251908421516418,-0.5627104043960571,3.1353607177734375,0.15000000000000002
263196,18,11341,0.9807716608047485,0.011062364093959332,0.19484513998031616,-3.908198595046997,0.12000000000000002
263196,19,7655,0.9861682057380676,0.1076580211520195,0.1260240077972412,-4.706670761108398,0.05000000000000001
360387,1,38999,0.4336305558681488,0.6183571815490723,-0.6554379463195801,-0.1784147024154663,5.050000000000001
360387,2,22773,0.9959394931793213,0.0865488350391388,-0.02477431669831276,2.6166388988494873,3.790000000000001
360387,3,28850,-0.9215743541717529,-0.3850332498550415,-0.04949818179011345,-2.236088275909424,3.4900000000000007
360387,4,16721,0.9586848020553589,-0.25734665989875793,0.12122773379087448,3.016663074493408,3.2500000000000004
360387,5,40975,-0.11758516728878021,0.2684561610221863,-0.9560883641242981,-4.997090816497803,2.7300000000000004
360387,6,46783,-0.5158018469810486,-0.6599383354187012,-0.5462873578071594,-5.831636428833008,2.5700000000000003
360387,7,19738,0.9921791553497314,-0.1220819428563118,0.026009811088442802,2.2059059143066406,2.4100000000000006
360387,8,14488,0.7507137060165405,-0.45862454175949097,-0.47549185156822205,-1.3559471368789673,2.0000000000000004
360387,9,38961,0.28054818511009216,0.6347153186798096,-0.7200202941894531,-2.206622362136841,1.4800000000000002
360387,10,19388,0.9594634175300598,-0.16355909407138824,-0.22951778769493103,-0.6893841028213501,1.3700000000000003
360387,11,26503,-0.49519258737564087,-0.8675608038902283,-0.046071603894233704,-3.543074607849121,1.3000000000000003
360387,12,3191,-0.38415151834487915,0.874272346496582,-0.2967751920223236,-1.3458094596862793,1.1800000000000002
360387,13,27030,-0.6204158067703247,-0.7786200642585754,-0.09399484097957611,-4.493443012237549,1.0600000000000003
360387,14,30934,-0.3214435577392578,-0.7192654609680176,0.6158987283706665,-0.559198260307312,0.8400000000000002
360387,15,41053,-0.7737160921096802,-0.4587076008319855,-0.4369790852069855,-5.506593704223633,0.7300000000000001
360387,16,7220,0.8747053742408752,-0.4845690131187439,-0.009134244173765182,1.038994550704956,0.7100000000000002
360387,17,42061,-0.2689085602760315,-0.6995257139205933,-0.6620815396308899,-5.616784572601318,0.6800000000000002
360387,18,38294,-0.22631053626537323,0.598817765712738,-0.768245279788971,-1.7115576267242432,0.30000000000000004
360387,19,45676,-0.8821757435798645,-0.34390929341316223,-0.3217023015022278,-3.0645558834075928,0.14
360387,20,38430,0.1337609738111496,0.8499899506568909,-0.5095342397689819,-0.7946318984031677,0.09000000000000002
360387,21,17401,0.9599930047988892,-0.27303001284599304,-0.06219363957643509,1.5961713790893555,0.030000000000000006
360387,22,25009,-0.7849156856536865,-0.5433452129364014,-0.2977975308895111,-4.970392227172852,0.020000000000000004
360387,23,14259,0.9819092750549316,-0.11837673932313919,-0.14778734743595123,2.5000104904174805,0.010000000000000002
360387,24,17216,0.9541863203048706,-0.08752946555614471,-0.2861242890357971,1.1536316871643066,0.010000000000000002
424599,1,38340,-0.17182035744190216,0.7047844529151917,-0.688299834728241,5.174217224121094,6.830000000000001
424599,2,39696,-0.07063128799200058,0.34466812014579773,-0.9360636472702026,3.067375659942627,6.510000000000002
424599,3,3636,-0.24854354560375214,0.9346566796302795,-0.2542499601840973,4.673654556274414,3.400000000000001
424599,4,27027,-0.32483789324760437,-0.9096565842628479,0.2588537037372589,-7.972418308258057,3.2600000000000007
424599,5,37260,0.40887507796287537,0.3856453597545624,-0.8271026611328125,7.977787017822266,2.6200000000000006
424599,6,9960,0.9768595695495605,-0.19993412494659424,0.07597175985574722,6.935235977172852,2.3700000000000006
424599,7,16131,0.9825019240379333,-0.13159315288066864,-0.13180741667747498,5.443408012390137,1.8400000000000003
424599,8,540,-0.616751492023468,0.7755584120750427,0.1346355527639389,0.8024138808250427,1.5000000000000002
424599,9,29125,-0.8381048440933228,-0.41888222098350525,0.34945371747016907,-10.488306999206543,1.4100000000000004
424599,10,42038,-0.6501759886741638,-0.31562286615371704,-0.6911247372627258,-6.2464494705200195,1.3000000000000003
424599,11,38658,0.10766666382551193,0.8017040491104126,-0.5879443287849426,7.304940223693848,0.7300000000000001
424599,12,33572,-0.5280044674873352,-0.8170962333679199,-0.23144115507602692,-8.990225791931152,0.6800000000000002
424599,13,46693,-0.921146035194397,-0.07832301408052444,-0.3812551200389862,-6.662149906158447,0.6100000000000001
424599,14,40060,0.2394055426120758,0.23269407451152802,-0.9426231980323792,5.669556617736816,0.6000000000000001
424599,15,22507,0.975500762462616,-0.1771293580532074,-0.1304737776517868,7.28866720199585,0.24000000000000005
424599,16,30203,-0.5203227996826172,-0.6501696705818176,-0.5536637902259827,-9.1864652633667,0.22000000000000003
424599,17,30001,-0.42971736192703247,-0.8021847009658813,-0.414539098739624,-7.0044684410095215,0.15000000000000002
424599,18,34724,-0.3270246386528015,-0.9249637126922607,-0.19364161789417267,-7.128991603851318,0.13000000000000003
424599,19,12857,0.8822372555732727,-0.4187571108341217,0.21517403423786163,2.6571004390716553,0.12000000000000002
424599,20,21129,0.9851181507110596,-0.10606605559587479,-0.1352488100528717,7.949678421020508,0.10000000000000002
424599,21,36369,-0.49241578578948975,-0.8699666857719421,0.0261654332280159,-8.736586570739746,0.030000000000000006
424599,22,2959,-0.2467333972454071,0.9259244203567505,-0.2859835922718048,3.9946227073669434,0.020000000000000004
454214,1,38015,0.4493981897830963,0.6492196321487427,-0.6136409044265747,0.17548948526382446,9.720000000000002
454214,2,3725,0.03263469040393829,0.7770432829856873,-0.6286005973815918,-4.187277793884277,4.690000000000001
454214,3,40795,0.30236828327178955,0.2998158633708954,-0.9048115015029907,1.5389090776443481,4.370000000000001
454214,4,22243,0.9917606711387634,0.04273011162877083,-0.1207679808139801,10.974745750427246,2.9300000000000006
454214,5,40016,-0.22712551057338715,0.3503515124320984,-0.9086626768112183,-5.965646743774414,2.9100000000000006
454214,6,18227,0.8914069533348083,-0.07537170499563217,0.44689232110977173,10.176996231079102,2.8400000000000007
454214,7,39207,-0.2660578489303589,0.6054182052612305,-0.7501213550567627,-7.137266635894775,2.5500000000000007
454214,8,20450,0.9736756086349487,-0.22789441049098969,-0.004463816527277231,10.4596586227417,1.1100000000000003
454214,9,6704,-0.5129587650299072,0.7717001438140869,-0.3759683668613434,-9.244153022766113,0.8400000000000002
454214,10,12579,0.9603434205055237,-0.1255628913640976,-0.2489466369152069,9.874404907226562,0.8200000000000002
454214,11,38275,0.11259645968675613,0.4190138280391693,-0.9009714126586914,-0.852778971195221,0.7200000000000002
454214,12,41325,-0.8620128035545349,-0.4335712194442749,-0.2625831961631775,-5.679731369018555,0.7200000000000002
454214,13,28590,0.029263895004987717,-0.7324603796005249,0.6801804304122925,4.636049270629883,0.6300000000000001
454214,14,30862,0.23618724942207336,-0.9711166024208069,0.033884041011333466,8.459426879882812,0.5900000000000001
454214,15,31733,-0.9164634943008423,-0.3999796509742737,0.010530945844948292,-6.063042163848877,0.5400000000000001
454214,16,16727,0.8330333828926086,-0.5042052268981934,0.22766759991645813,12.356515884399414,0.4900000000000001
454214,17,12238,0.9370344877243042,0.04012257233262062,0.3469243347644806,8.945850372314453,0.4600000000000001
454214,18,25257,-0.4297497868537903,-0.8996312022209167,-0.07732243835926056,-0.9447580575942993,0.44000000000000006
454214,19,26167,-0.47471997141838074,-0.6288964748382568,-0.6157354712486267,-0.6043927073478699,0.4300000000000001
454214,20,8346,0.9309174418449402,0.187977135181427,0.31314095854759216,8.031546592712402,0.4100000000000001
454214,21,9235,0.9847291707992554,-0.17405474185943604,0.0036644237115979195,9.205028533935547,0.37000000000000005
454214,22,38540,-0.07502289116382599,0.3200758695602417,-0.9444167613983154,-1.8810502290725708,0.3500000000000001
454214,23,8576,0.7796692848205566,-0.41874900460243225,0.46558040380477905,11.746856689453125,0.28
454214,24,23224,0.940111517906189,-0.2253631353378296,0.25573763251304626,11.158096313476562,0.28
454214,25,47144,-0.6793671250343323,-0.5736971497535706,-0.4575279653072357,-3.530412197113037,0.26000000000000006
454214,26,26978,-0.2802359163761139,-0.9368898868560791,0.20905768871307373,3.269460439682007,0.24000000000000005
454214,27,34940,-0.1322370022535324,-0.969506561756134,0.20632608234882355,3.644704580307007,0.19000000000000003
454214,28,41839,-0.9447678327560425,-0.29896727204322815,-0.13428445160388947,-6.088990211486816,0.17000000000000004
454214,29,46976,-0.8264436721801758,-0.4944368004798889,-0.2693011462688446,-6.4680962562561035,0.17000000000000004
454214,30,9519,0.9817562103271484,-0.14618968963623047,-0.12158658355474472,12.045522689819336,0.15000000000000002
454214,31,20730,0.8640891313552856,-0.49337807297706604,-0.09963966906070709,13.209927558898926,0.15000000000000002
454214,32,11481,0.9868327379226685,0.16037032008171082,-0.02103707566857338,10.253742218017578,0.13000000000000003
454214,33,39649,-0.15429162979125977,0.6293158531188965,-0.761679470539093,-4.329409599304199,0.05000000000000001
454214,34,15233,0.8645133972167969,-0.42276665568351746,0.27181774377822876,10.862634658813477,0.030000000000000006
454214,35,14572,0.9961786270141602,-0.07099776715040207,0.05086728557944298,11.2969970703125,0.020000000000000004
454214,36,24756,-0.25670042634010315,-0.9614322185516357,0.09875709563493729,1.921034812927246,0.020000000000000004
454214,37,38105,-0.4056583344936371,0.6266327500343323,-0.665411651134491,-6.461906433105469,0.010000000000000002
537419,1,37373,0.03881318122148514,0.36650359630584717,-0.9296067357063293,3.544081211090088,5.550000000000001
537419,2,39427,-0.29428693652153015,0.34830397367477417,-0.8899884819984436,-3.4904117584228516,4.360000000000001
537419,3,38800,-0.12756748497486115,0.7159421443939209,-0.686406135559082,-3.8824617862701416,3.5400000000000005
537419,4,12368,0.9212721586227417,-0.3485508859157562,0.1725395917892456,18.463871002197266,3.1200000000000006
537419,5,30520,-0.6734874844551086,-0.7265385985374451,-0.13622137904167175,-7.133932113647461,2.3800000000000003
537419,6,39104,-0.05926964059472084,0.6581472158432007,-0.7505527138710022,-1.8875912427902222,1.7200000000000004
537419,7,38105,-0.4056583344936371,0.6266327500343323,-0.665411651134491,-6.461906433105469,1.5700000000000003
537419,8,37744,0.4897952973842621,0.42207053303718567,-0.7628610730171204,10.3837251663208,1.4800000000000002
537419,9,22933,0.9711617827415466,-0.16819709539413452,-0.16898086667060852,19.353267669677734,1.1300000000000001
537419,10,36670,-0.9058810472488403,-0.38701826333999634,-0.1720358431339264,-12.717818260192871,1.0900000000000003
537419,11,10168,0.9805088639259338,0.011188608594238758,0.19615605473518372,17.023563385009766,0.7500000000000001
537419,12,10741,0.8404428362846375,-0.45746931433677673,0.29047828912734985,16.646942138671875,0.6300000000000001
537419,13,6025,-0.0490456260740757,0.994454026222229,-0.09303585439920425,-3.6210832595825195,0.6000000000000001
537419,14,18173,0.9105539917945862,-0.3886641263961792,0.14082488417625427,17.092214584350586,0.56
537419,15,32543,-0.659368097782135,-0.7081134915351868,-0.2526044249534607,-8.225793838500977,0.5400000000000001
537419,16,12656,0.8569372892379761,-0.45986539125442505,0.23277093470096588,15.831743240356445,0.38000000000000006
537419,17,42490,-0.8265234231948853,-0.4416442811489105,-0.34901201725006104,-12.230409622192383,0.3500000000000001
537419,18,39948,0.09302720427513123,0.037341661751270294,-0.9949631094932556,4.16033411026001,0.24000000000000005
537419,19,41314,-0.692624568939209,-0.5726826190948486,-0.43852680921554565,-7.17097282409668,0.24000000000000005
537419,20,10568,0.9679809212684631,-0.19627916812896729,0.1564846783876419,17.277999877929688,0.23000000000000004
537419,21,24450,-0.39834824204444885,-0.9119542837142944,0.09827517718076706,-2.3105106353759766,0.22000000000000003
537419,22,31792,0.2093127816915512,-0.9735387563705444,-0.09170832484960556,7.43623685836792,0.16000000000000003
537419,23,9889,0.8906652331352234,-0.40610355138778687,-0.2044391632080078,16.257089614868164,0.13000000000000003
537419,24,34347,-0.5678337812423706,-0.8206380009651184,0.06417199224233627,-7.764333248138428,0.08000000000000002
537419,25,42738,-0.8698964715003967,-0.3908270597457886,-0.3008893132209778,-14.533278465270996,0.07
537419,26,22651,0.9501891136169434,-0.2859097123146057,-0.12408193945884705,17.008068084716797,0.06000000000000001
537419,27,7892,0.9934613704681396,-0.08800910413265228,0.07272474467754364,18.881450653076172,0.05000000000000001
537419,28,33867,-0.8113875389099121,-0.4806136190891266,0.33265718817710876,-11.660909652709961,0.05000000000000001
537419,29,36629,0.04106773063540459,-0.9597027897834778,0.27799996733665466,2.5451347827911377,0.05000000000000001
195627,1,37375,-0.15029123425483704,0.6386401057243347,-0.7546862959861755,7.7843403816223145,3.9500000000000006
195627,2,37773,-0.36983242630958557,-0.5368421673774719,-0.758303701877594,0.8618583679199219,3.170000000000001
195627,3,44687,-0.754267692565918,-0.22947533428668976,-0.6151595711708069,6.643470287322998,3.0400000000000005
195627,4,31878,-0.6282075643539429,-0.6406787037849426,0.4414590001106262,0.7933868169784546,2.9800000000000004
195627,5,37207,0.4143618643283844,0.1859111785888672,-0.8909215927124023,-0.2214866280555725,2.7300000000000004
195627,6,22002,0.974921464920044,-0.21273401379585266,0.0653635635972023,-11.25068187713623,2.4400000000000004
195627,7,25769,-0.7424759864807129,-0.6665628552436829,-0.0665087029337883,3.6900997161865234,2.0800000000000005
195627,8,35683,-0.5274708271026611,-0.8163342475891113,-0.23531466722488403,-0.34947293996810913,2.0800000000000005
195627,9,40432,0.3968987762928009,0.36398813128471375,-0.842605471611023,0.5216174721717834,1.9600000000000004
195627,10,37279,0.01246197521686554,0.7375673651695251,-0.6751585602760315,5.033202648162842,1.8900000000000003
195627,11,16502,0.9224779605865479,-0.37523913383483887,-0.09071919322013855,-12.263089179992676,1.0400000000000003
195627,12,46476,-0.9048951864242554,-0.33565279841423035,-0.2617286145687103,7.472257137298584,1.0300000000000002
195627,13,17873,0.9476457238197327,-0.2849385440349579,-0.14414440095424652,-10.414142608642578,0.9200000000000002
195627,14,12265,0.9916638731956482,-0.08220893144607544,-0.09921921044588089,-8.592473030090332,0.7900000000000001
195627,15,40509,0.45751136541366577,0.30229148268699646,-0.8362435102462769,-1.7133108377456665,0.6700000000000002
195627,16,38006,0.2053430676460266,0.19362005591392517,-0.9593464136123657,2.683488368988037,0.4800000000000001
195627,17,4395,-0.004925069864839315,0.8963820338249207,-0.4432550072669983,6.820261001586914,0.3400000000000001
195627,18,31684,-0.382685124874115,-0.9215619564056396,0.06538811326026917,-1.1414284706115723,0.31000000000000005
195627,19,27350,-0.3711130917072296,-0.906079888343811,0.20321016013622284,-3.4100570678710938,0.29000000000000004
195627,20,47234,-0.6218617558479309,-0.5675981044769287,-0.5395556688308716,4.63629674911499,0.29000000000000004
195627,21,24314,-0.7266544699668884,-0.6645081043243408,-0.17436254024505615,2.187567949295044,0.17000000000000004
195627,22,29652,-0.2530040740966797,-0.8118352293968201,-0.5262247920036316,-2.381425619125366,0.14
195627,23,34624,-0.40209394693374634,-0.7064712643623352,-0.5824249386787415,2.890432834625244,0.11000000000000001
195627,24,41803,-0.8378678560256958,-0.4117198586463928,-0.3584190607070923,4.845242500305176,0.08000000000000002
195627,25,26047,-0.5951074361801147,-0.7112293839454651,-0.3741656243801117,1.1559609174728394,0.05000000000000001
195627,26,1188,-0.20528189837932587,0.8605746030807495,0.466123104095459,7.3462138175964355,0.020000000000000004
195627,27,29774,-0.26269930601119995,-0.9598470330238342,-0.0984007939696312,-2.5833795070648193,0.020000000000000004
195627,28,16129,0.9101839065551758,-0.182461217045784,-0.37185096740722656,-7.789910316467285,0.010000000000000002
195627,29,37714,0.6461831331253052,0.38822972774505615,-0.6570578813552856,-2.347014904022217,0.010000000000000002
607833,1,38092,0.06576913595199585,0.41908982396125793,-0.9055595993995667,4.840630054473877,6.1800000000000015
607833,2,39608,0.5173888802528381,0.6120282411575317,-0.5981054306030273,13.865910530090332,5.590000000000001
607833,3,38105,-0.4056583344936371,0.6266327500343323,-0.665411651134491,-6.461906433105469,4.290000000000001
607833,4,38854,0.3278461992740631,0.7168424129486084,-0.6153485178947449,8.503621101379395,3.0400000000000005
607833,5,37700,0.15899330377578735,0.15623629093170166,-0.9748391509056091,9.241222381591797,2.4600000000000004
607833,6,26814,-0.4737493395805359,-0.8685375452041626,-0.1456160843372345,-8.409211158752441,2.3000000000000003
607833,7,32625,-0.09311621636152267,-0.92081618309021,0.3787175118923187,-1.1266463994979858,1.9500000000000004
607833,8,38300,0.35191938281059265,0.5662621259689331,-0.7453187108039856,11.240801811218262,1.8400000000000003
607833,9,34237,-0.43982332944869995,-0.8784577250480652,0.18672840297222137,-9.572371482849121,1.4400000000000004
607833,10,12622,0.8547006249427795,0.09506190568208694,-0.510343074798584,21.32929039001465,1.3500000000000003
607833,11,12962,0.9926599264144897,-0.10416440665721893,0.06144971773028374,24.2438907623291,1.0300000000000002
607833,12,36629,0.04106773063540459,-0.9597027897834778,0.27799996733665466,2.5451347827911377,0.9700000000000002
607833,13,46133,-0.9159538149833679,-0.3620480000972748,-0.17306029796600342,-19.33737564086914,0.9200000000000002
607833,14,19597,0.9472121596336365,0.31145337224006653,-0.07606519013643265,20.145944595336914,0.5500000000000002
607833,15,45387,-0.8435410857200623,-0.22732843458652496,-0.48658016324043274,-14.570029258728027,0.30000000000000004
607833,16,28123,-0.8293846845626831,-0.5586551427841187,0.005043107084929943,-16.349611282348633,0.25000000000000006
607833,17,10966,0.9462353587150574,-0.1891070157289505,-0.26244455575942993,23.42431640625,0.19000000000000003
607833,18,41326,-0.8030688762664795,-0.2971683740615845,-0.5164991021156311,-15.53473949432373,0.19000000000000003
607833,19,6025,-0.0490456260740757,0.994454026222229,-0.09303585439920425,-3.6210832595825195,0.15000000000000002
607833,20,28192,-0.2947787940502167,-0.9349668622016907,0.19733835756778717,-4.77903938293457,0.15000000000000002
607833,21,18750,0.9178609251976013,-0.38022086024284363,0.1138572171330452,22.285037994384766,0.14
607833,22,25864,-0.31147992610931396,-0.9182195067405701,-0.24464912712574005,-3.8841850757598877,0.12000000000000002
607833,23,2763,-0.5402953624725342,0.8344578146934509,-0.10844873636960983,-12.515145301818848,0.07
607833,24,21405,0.8573206067085266,-0.11431382596492767,-0.5019299983978271,23.1101131439209,0.06000000000000001
607833,25,28971,-0.5486463308334351,-0.7060072422027588,0.44781798124313354,-13.651314735412598,0.05000000000000001
607833,26,40781,0.6078283786773682,0.45360124111175537,-0.6517595648765564,14.98967170715332,0.020000000000000004
607833,27,1539,-0.04235662519931793,0.9877204298973083,-0.15038058161735535,-0.5715991258621216,0.010000000000000002
607833,28,4595,-0.8540014624595642,0.5080412030220032,-0.11214115470647812,-19.30303955078125,0.010000000000000002
455761,1,37260,0.40887507796287537,0.3856453597545624,-0.8271026611328125,7.977787017822266,5.570000000000001
455761,2,39696,-0.07063128799200058,0.34466812014579773,-0.9360636472702026,3.067375659942627,5.200000000000001
455761,3,37373,0.03881318122148514,0.36650359630584717,-0.9296067357063293,3.544081211090088,4.950000000000001
455761,4,40397,0.033337656408548355,0.2608182728290558,-0.9648120999336243,2.763707399368286,4.580000000000001
455761,5,9960,0.9768595695495605,-0.19993412494659424,0.07597175985574722,6.935235977172852,1.7300000000000004
455761,6,2153,-0.17154374718666077,0.9606062769889832,-0.2186511605978012,5.863519191741943,1.1400000000000001
455761,7,36019,-0.6552155613899231,-0.7435960173606873,0.1332574039697647,-12.185635566711426,1.0400000000000003
455761,8,5902,-0.4151678681373596,0.8188373446464539,0.39641016721725464,0.31453850865364075,0.8700000000000002
455761,9,33572,-0.5280044674873352,-0.8170962333679199,-0.23144115507602692,-8.990225791931152,0.7300000000000001
455761,10,44115,-0.6928544044494629,-0.3195420801639557,-0.646409809589386,-9.788308143615723,0.6800000000000002
455761,11,38340,-0.17182035744190216,0.7047844529151917,-0.688299834728241,5.174217224121094,0.6700000000000002
455761,12,40104,-0.11044330894947052,0.7410185933113098,-0.6623395681381226,5.866326808929443,0.6600000000000001
455761,13,21129,0.9851181507110596,-0.10606605559587479,-0.1352488100528717,7.949678421020508,0.5500000000000002
455761,14,25963,-0.3497988283634186,-0.9299991130828857,-0.11288221180438995,-10.060628890991211,0.5300000000000001
455761,15,38438,0.2375400811433792,0.0282732080668211,-0.9709661602973938,2.610175848007202,0.5100000000000001
455761,16,39083,-0.34196737408638,0.6938790082931519,-0.6337115168571472,0.9290995597839355,0.5000000000000001
455761,17,36479,-0.44719627499580383,-0.8670174479484558,-0.21976400911808014,-9.768306732177734,0.4800000000000001
455761,18,8450,0.9720245599746704,0.019430143758654594,0.23407414555549622,9.3517427444458,0.32000000000000006
455761,19,3209,-0.2526387870311737,0.9390226006507874,0.2332598865032196,2.1543803215026855,0.30000000000000004
455761,20,8497,0.9114487767219543,-0.35540467500686646,0.2072405070066452,7.575708866119385,0.2700000000000001
455761,21,7438,0.7772535085678101,-0.586610734462738,0.22751891613006592,4.471960067749023,0.26000000000000006
455761,22,589,-0.2029472440481186,0.97669517993927,0.06984954327344894,5.321471691131592,0.17000000000000004
455761,23,21927,0.950560450553894,-0.09163131564855576,0.29671287536621094,7.903559684753418,0.12000000000000002
455761,24,20012,0.96288001537323,-0.2695147395133972,-0.01496319379657507,9.561529159545898,0.05000000000000001
455761,25,18668,0.9132142663002014,-0.35506799817085266,-0.19991609454154968,8.55868148803711,0.030000000000000006
455761,26,42165,-0.5750184059143066,-0.6447811126708984,-0.5035982131958008,-11.80126953125,0.030000000000000006
455761,27,11444,0.6321010589599609,-0.62205570936203,-0.46205514669418335,4.161263465881348,0.020000000000000004
455761,28,14810,0.9954718351364136,0.05722010135650635,0.07590553909540176,9.990875244140625,0.010000000000000002
455761,29,30203,-0.5203227996826172,-0.6501696705818176,-0.5536637902259827,-9.1864652633667,0.010000000000000002
29945,1,38614,-0.13890017569065094,0.5022006630897522,-0.8535228371620178,-1.8778525590896606,6.040000000000001
29945,2,37066,-0.27138400077819824,0.4280444085597992,-0.8620491623878479,1.774187445640564,5.350000000000001
29945,3,40589,-0.10983119904994965,0.3087049424648285,-0.9447954297065735,-2.3675520420074463,3.9100000000000006
29945,4,38143,0.30070725083351135,0.4619271159172058,-0.834385097026825,-11.41672420501709,2.8300000000000005
29945,5,3734,-0.36305221915245056,0.930774986743927,-0.04302380234003067,7.002519607543945,2.2900000000000005
29945,6,17537,0.713651180267334,-0.36283668875694275,-0.5992091298103333,-16.431976318359375,2.1400000000000006
29945,7,21747,0.9055308699607849,-0.3426058888435364,0.25026997923851013,-17.956430435180664,2.0600000000000005
29945,8,6325,-0.1957208663225174,0.9221956729888916,-0.33353930711746216,2.8897171020507812,2.0200000000000005
29945,9,37645,-0.36708542704582214,0.3072356879711151,-0.8779832124710083,4.053440093994141,1.7200000000000004
29945,10,2793,-0.2919415235519409,0.8980141878128052,-0.32915136218070984,2.8314590454101562,1.6200000000000003
29945,11,12182,0.9490270018577576,-0.2851220965385437,0.1343621462583542,-20.39048957824707,1.0700000000000003
29945,12,33591,-0.38181567192077637,-0.923473060131073,-0.03760656714439392,9.226502418518066,1.0500000000000003
29945,13,18833,0.9870539903640747,0.015260065905749798,0.15966074168682098,-19.634641647338867,0.9700000000000002
29945,14,24689,-0.5182155966758728,-0.5874192714691162,-0.6216037273406982,7.641090393066406,0.8900000000000001
29945,15,41541,-0.7540313005447388,-0.4712325930595398,-0.4575769603252411,13.872040748596191,0.7100000000000002
29945,16,32925,-0.6266846060752869,-0.7755677103996277,-0.07590261101722717,12.052435874938965,0.6800000000000002
29945,17,9578,0.955632746219635,-0.19523143768310547,-0.2205692082643509,-20.282529830932617,0.4900000000000001
29945,18,33346,-0.7261582016944885,-0.577570915222168,0.372969388961792,17.74571990966797,0.4300000000000001
29945,19,4438,-0.6101891398429871,0.7394006252288818,-0.2845275402069092,12.211325645446777,0.38000000000000006
29945,20,38547,-0.021184824407100677,0.602372407913208,-0.7979339957237244,-4.468008041381836,0.30000000000000004
29945,21,18685,0.9954476952552795,-0.06208867207169533,0.072310671210289,-19.495441436767578,0.2700000000000001
29945,22,12858,0.9802640676498413,0.11969733238220215,-0.15733692049980164,-20.541515350341797,0.20000000000000004
29945,23,43671,-0.6732053756713867,-0.5981603860855103,-0.4347398281097412,11.096380233764648,0.18000000000000005
29945,24,37093,-0.03619179129600525,0.6194687485694885,-0.784186601638794,-2.752993106842041,0.08000000000000002
29945,25,38538,0.04647470638155937,0.7130053639411926,-0.6996166110038757,-5.692204475402832,0.05000000000000001
29945,26,715,-0.4539965093135834,0.8869964480400085,0.08440636843442917,9.49925422668457,0.04000000000000001
29945,27,34974,-0.5849279761314392,-0.7715491652488708,0.25014224648475647,13.828584671020508,0.04000000000000001
29945,28,27013,-0.23944568634033203,-0.9706482887268066,0.022530874237418175,7.477743148803711,0.030000000000000006
29945,29,47102,-0.7914479374885559,-0.43195557594299316,-0.4324633479118347,14.125524520874023,0.030000000000000006
78988,1,38968,0.34949612617492676,0.5419726967811584,-0.7642761468887329,-2.802516222000122,5.690000000000001
78988,2,37775,0.12319371104240417,0.0788036584854126,-0.9892488718032837,1.7002711296081543,3.5100000000000007
78988,3,39968,0.5660015940666199,0.48800650238990784,-0.6644484996795654,-8.148909568786621,2.7700000000000005
78988,4,293,-0.43039101362228394,0.8667661547660828,0.2519523501396179,3.9322714805603027,2.2000000000000006
78988,5,37289,0.10764801502227783,0.03610878437757492,-0.9935331344604492,2.939838171005249,2.1400000000000006
78988,6,21763,0.7880480289459229,-0.5946922302246094,-0.15912729501724243,-11.481385231018066,2.0300000000000002
78988,7,20757,0.9968278408050537,0.0795871689915657,-0.00030436317319981754,-17.796232223510742,2.0000000000000004
78988,8,30993,-0.27446073293685913,-0.9410809278488159,0.19758042693138123,5.022690773010254,1.7700000000000002
78988,9,320,-0.23544707894325256,0.904062032699585,-0.3567023277282715,5.875619411468506,1.6200000000000003
78988,10,23826,-0.4015510380268097,-0.9067086577415466,0.12898139655590057,7.685108661651611,1.4800000000000002
78988,11,19495,0.8864885568618774,-0.4462728500366211,-0.12238717079162598,-14.862041473388672,1.3700000000000003
78988,12,40371,0.31454089283943176,0.7837101817131042,-0.5355952978134155,-3.9600560665130615,1.1100000000000003
78988,13,9414,0.9497905969619751,-0.3127906322479248,0.007736870553344488,-16.15829849243164,1.1000000000000003
78988,14,36704,-0.3041718602180481,-0.9525694251060486,0.00953497551381588,6.116394996643066,1.0600000000000003
78988,15,11701,0.8757482767105103,0.20042765140533447,-0.43919670581817627,-12.844999313354492,0.8800000000000001
78988,16,17759,0.8137240409851074,-0.48389720916748047,0.32201969623565674,-13.487196922302246,0.8800000000000001
78988,17,35034,-0.6821407675743103,-0.7310549020767212,-0.015579828992486,13.150787353515625,0.7700000000000001
78988,18,10005,0.9154985547065735,-0.2628381550312042,0.30459555983543396,-15.802862167358398,0.7100000000000002
78988,19,5904,-0.7199028134346008,0.6714116930961609,-0.17591556906700134,12.281303405761719,0.33000000000000007
78988,20,27205,-0.6195378303527832,-0.741295576095581,-0.2581738531589508,11.368163108825684,0.2700000000000001
78988,21,7776,0.9130325317382812,-0.3618519902229309,-0.1882411539554596,-12.915316581726074,0.21000000000000005
78988,22,16792,0.9190097451210022,-0.394206166267395,0.004748788196593523,-15.252835273742676,0.10000000000000002
78988,23,11861,0.9039239287376404,-0.0824633464217186,0.4196681082248688,-19.64031982421875,0.05000000000000001
78988,24,25824,-0.6451691389083862,-0.7048830986022949,0.29478222131729126,9.589456558227539,0.05000000000000001
78988,25,12642,0.9225170016288757,-0.10137570649385452,-0.3724048137664795,-14.006305694580078,0.04000000000000001
78988,26,12264,0.985507071018219,-0.13462580740451813,-0.10320688784122467,-16.17500877380371,0.030000000000000006
78988,27,2861,-0.14439663290977478,0.9678241014480591,-0.2060731202363968,3.7618939876556396,0.020000000000000004
78988,28,33482,-0.6567026376724243,-0.7262639999389648,0.20318026840686798,12.018454551696777,0.020000000000000004
58084,1,39623,0.13137869536876678,0.2618807554244995,-0.9561161398887634,0.5807722806930542,3.170000000000001
58084,2,11294,0.9538103938102722,0.1601230949163437,0.2541777491569519,-20.449188232421875,2.9600000000000004
58084,3,38002,0.3542243540287018,0.5404684543609619,-0.7631638050079346,-7.136396884918213,2.9400000000000004
58084,4,9494,0.9726207852363586,0.05770847201347351,-0.22511883080005646,-19.637603759765625,2.8600000000000008
58084,5,37289,0.10764801502227783,0.03610878437757492,-0.9935331344604492,2.939838171005249,2.1200000000000006
58084,6,39273,0.1941727250814438,0.45042604207992554,-0.8714432120323181,-1.8660163879394531,2.0800000000000005
58084,7,38323,0.011960793286561966,0.4541497528553009,-0.8908450603485107,1.622586727142334,1.8600000000000003
58084,8,28500,-0.17313632369041443,-0.9245381355285645,-0.3394894003868103,9.4169921875,1.8300000000000003
58084,9,39628,0.587864875793457,0.4261399209499359,-0.6876188516616821,-12.227197647094727,1.8200000000000003
58084,10,22566,0.9622746706008911,-0.02856787107884884,-0.2705758512020111,-18.215892791748047,1.6500000000000004
58084,11,11852,0.9552074074745178,-0.20892173051834106,-0.20959603786468506,-17.49189567565918,1.5600000000000003
58084,12,20551,0.6845628023147583,-0.3869631290435791,-0.6177647709846497,-8.587335586547852,1.5500000000000003
58084,13,11929,0.9402856230735779,0.20170007646083832,-0.2741897404193878,-18.999011993408203,1.2200000000000002
58084,14,31502,-0.5459685921669006,-0.8243024349212646,-0.14981265366077423,16.8171443939209,1.2000000000000002
58084,15,1195,-0.3726254999637604,0.8410152792930603,-0.39222899079322815,4.769714832305908,1.1700000000000002
58084,16,20167,0.9608343839645386,-0.11283142864704132,-0.2531132400035858,-16.45728874206543,1.0500000000000003
58084,17,30595,-0.6467500925064087,-0.7189754247665405,-0.2545361816883087,19.45936393737793,1.0300000000000002
58084,18,21674,0.9608018398284912,-0.2688842713832855,0.06753547489643097,-17.425331115722656,0.6800000000000002
58084,19,2783,-0.35022541880607605,0.9226093292236328,-0.16166071593761444,1.3520591259002686,0.5400000000000001
58084,20,45878,-0.9491541981697083,-0.21104839444160461,-0.23359118402004242,22.311315536499023,0.4600000000000001
58084,21,18582,0.9756069183349609,-0.2148214727640152,-0.04519817233085632,-18.722013473510742,0.28
58084,22,8857,0.9693248867988586,0.039240602403879166,0.24263034760951996,-20.381452560424805,0.24000000000000005
58084,23,347,-0.42087647318840027,0.8978614807128906,0.12925837934017181,3.0309360027313232,0.15000000000000002
58084,24,39438,0.19613119959831238,0.8085002303123474,-0.5548512935638428,-7.329899787902832,0.15000000000000002
58084,25,4307,-0.6799725890159607,0.6975462436676025,-0.22597898542881012,9.65762996673584,0.13000000000000003
58084,26,32005,-0.6693031787872314,-0.7429652214050293,-0.005998335313051939,18.886577606201172,0.13000000000000003
58084,27,29194,-0.781877338886261,-0.6191285848617554,-0.07312768697738647,19.788734436035156,0.10000000000000002
58084,28,20944,0.9565424919128418,-0.21517595648765564,-0.19678860902786255,-18.105558395385742,0.07
58084,29,26032,-0.7625746726989746,-0.4375731348991394,0.4764552712440491,15.249935150146484,0.020000000000000004
58084,30,37416,-0.4048003554344177,0.35760778188705444,-0.8415778875350952,9.281694412231445,0.020000000000000004
58084,31,293,-0.43039101362228394,0.8667661547660828,0.2519523501396179,3.9322714805603027,0.010000000000000002
58084,32,21763,0.7880480289459229,-0.5946922302246094,-0.15912729501724243,-11.481385231018066,0.010000000000000002
408013,1,39036,0.16881102323532104,0.3458646535873413,-0.9229736924171448,2.4249074459075928,5.950000000000001
408013,2,37350,0.19336910545825958,0.6863222718238831,-0.7011206746101379,5.670892715454102,5.340000000000001
408013,3,38406,0.1875036358833313,0.5232676863670349,-0.8312841653823853,4.034905910491943,5.300000000000001
408013,4,39083,-0.34196737408638,0.6938790082931519,-0.6337115168571472,0.9290995597839355,3.3100000000000005
408013,5,38006,0.2053430676460266,0.19362005591392517,-0.9593464136123657,2.683488368988037,3.1600000000000006
408013,6,25104,-0.3974813222885132,-0.8907294273376465,-0.22047613561153412,-8.445054054260254,1.5600000000000003
408013,7,16721,0.9586848020553589,-0.25734665989875793,0.12122773379087448,3.016663074493408,1.3900000000000003
408013,8,12472,0.9294431209564209,-0.24863126873970032,0.2726133465766907,3.419126033782959,1.2300000000000002
408013,9,39274,0.2972518801689148,0.280519962310791,-0.9126608967781067,4.064669132232666,1.1800000000000002
408013,10,7884,0.9815835356712341,0.014074798673391342,-0.19051411747932434,7.5297441482543945,1.12
408013,11,27027,-0.32483789324760437,-0.9096565842628479,0.2588537037372589,-7.972418308258057,1.0800000000000003
408013,12,46856,-0.8752560019493103,-0.2246129959821701,-0.4283409118652344,-7.161190032958984,1.0300000000000002
408013,13,16131,0.9825019240379333,-0.13159315288066864,-0.13180741667747498,5.443408012390137,0.9700000000000002
408013,14,6932,-0.5122478604316711,0.7812350392341614,0.3567546606063843,0.6483908891677856,0.7900000000000001
408013,15,29855,-0.3122934401035309,-0.9499622583389282,0.006669596768915653,-8.836280822753906,0.7200000000000002
408013,16,33094,-0.7843635082244873,-0.6027671098709106,0.14644332230091095,-8.097799301147461,0.45000000000000007
408013,17,589,-0.2029472440481186,0.97669517993927,0.06984954327344894,5.321471691131592,0.44000000000000006
408013,18,38700,0.7724648714065552,0.32387059926986694,-0.5462653636932373,5.38740348815918,0.37000000000000005
408013,19,41839,-0.9447678327560425,-0.29896727204322815,-0.13428445160388947,-6.088990211486816,0.37000000000000005
408013,20,34724,-0.3270246386528015,-0.9249637126922607,-0.19364161789417267,-7.128991603851318,0.21000000000000005
408013,21,41594,-0.7161714434623718,-0.3938900828361511,-0.5761502385139465,-6.356204032897949,0.21000000000000005
408013,22,25963,-0.3497988283634186,-0.9299991130828857,-0.11288221180438995,-10.060628890991211,0.13000000000000003
408013,23,25167,-0.9989239573478699,-0.012090248055756092,-0.044774770736694336,-5.766582012176514,0.12000000000000002
408013,24,2153,-0.17154374718666077,0.9606062769889832,-0.2186511605978012,5.863519191741943,0.10000000000000002
408013,25,38422,-0.23431576788425446,-0.08011867105960846,-0.9688535332679749,-3.038179874420166,0.09000000000000002
408013,26,23684,-0.9260122179985046,-0.2381184697151184,0.29291796684265137,-8.610471725463867,0.010000000000000002
408013,27,31557,-0.5315264463424683,-0.822003960609436,-0.20442377030849457,-7.560083389282227,0.010000000000000002
408013,28,45674,-0.8999833464622498,-0.3476136028766632,-0.2630489468574524,-6.06213903427124,0.010000000000000002
290477,1,40464,0.044961947947740555,0.5538598299026489,-0.8313950300216675,-4.713716983795166,5.040000000000001
290477,2,38800,-0.12756748497486115,0.7159421443939209,-0.686406135559082,-3.8824617862701416,4.700000000000001
290477,3,40212,-0.39591872692108154,0.2112240493297577,-0.8936625719070435,-2.8932790756225586,4.240000000000001
290477,4,30713,-0.8662996292114258,-0.35394224524497986,0.35249093174934387,5.87454891204834,2.4500000000000006
290477,5,31821,-0.562186062335968,-0.7488688826560974,-0.3509162962436676,4.931466102600098,1.8600000000000003
290477,6,38362,0.3325132429599762,0.2136082798242569,-0.9185893535614014,-4.571320533752441,1.8300000000000003
290477,7,1940,-0.20336522161960602,0.8784212470054626,0.4324565529823303,-1.7964555025100708,1.7900000000000003
290477,8,40224,-0.5085889101028442,0.18868519365787506,-0.8400804996490479,-1.1839962005615234,1.7700000000000002
290477,9,8254,0.979169487953186,-0.190264493227005,0.07089780271053314,-1.2304654121398926,1.6600000000000004
290477,10,40476,-0.009044053964316845,0.07528650760650635,-0.9971209168434143,-3.5596957206726074,1.5700000000000003
290477,11,28846,-0.5501960515975952,-0.8145010471343994,0.18404455482959747,5.722227573394775,1.5400000000000003
290477,12,37648,0.5738745331764221,0.04659058898687363,-0.817616879940033,-5.178305149078369,1.3300000000000003
290477,13,38134,-0.11972483992576599,0.245659738779068,-0.9619341492652893,-2.406007766723633,1.3100000000000003
290477,14,37175,-0.5254307985305786,0.2503867447376251,-0.8131598830223083,-2.8205459117889404,0.9700000000000002
290477,15,38895,-0.1068420261144638,0.7011972069740295,-0.7049164772033691,-5.611258506774902,0.6800000000000002
290477,16,511,-0.008564849384129047,0.9994086027145386,-0.033303529024124146,-3.8111748695373535,0.6300000000000001
290477,17,35283,-0.7090774774551392,-0.7041199803352356,0.037738703191280365,3.052464485168457,0.6100000000000001
290477,18,46355,-0.9293542504310608,-0.31482407450675964,-0.19283808767795563,2.8599820137023926,0.5700000000000001
290477,19,528,-0.06060611084103584,0.9968361854553223,0.05142498388886452,-4.083985328674316,0.5500000000000002
290477,20,20495,0.8426651954650879,-0.4265359938144684,0.3286067545413971,1.1019831895828247,0.45000000000000007
290477,21,16242,0.9236745834350586,-0.2663416862487793,0.27547669410705566,-2.025425910949707,0.4300000000000001
290477,22,17754,0.9658299088478088,-0.05102328956127167,0.2541046738624573,-0.10737411677837372,0.3500000000000001
290477,23,39427,-0.29428693652153015,0.34830397367477417,-0.8899884819984436,-3.4904117584228516,0.3400000000000001
290477,24,20913,0.5357192754745483,-0.48301035165786743,-0.6926079988479614,-1.138918161392212,0.21000000000000005
290477,25,26734,-0.8910551071166992,-0.4528934359550476,-0.030139025300741196,4.904260158538818,0.19000000000000003
290477,26,15789,0.9329041242599487,-0.3555876612663269,0.056984808295965195,-0.3765726387500763,0.16000000000000003
290477,27,23309,0.862048864364624,-0.13728205859661102,-0.4878784418106079,-3.9435737133026123,0.15000000000000002
290477,28,44882,-0.7987701892852783,-0.17983976006507874,-0.5741287469863892,-0.0043495893478393555,0.11000000000000001
290477,29,25752,-0.24674201011657715,-0.9085879325866699,-0.33702582120895386,1.1664574146270752,0.10000000000000002
290477,30,2568,-0.5127641558647156,0.8543270230293274,0.08484232425689697,-0.02504858374595642,0.05000000000000001
290477,31,42309,-0.8544934391975403,-0.4703069031238556,-0.22057290375232697,3.7749156951904297,0.05000000000000001
290477,32,35068,-0.3730350434780121,-0.8251356482505798,-0.42425936460494995,3.149827241897583,0.030000000000000006
290477,33,2312,-0.5465413928031921,0.837428867816925,-0.0023169529158622026,-2.5746617317199707,0.020000000000000004
290477,34,39193,0.05412905290722847,0.4398408830165863,-0.8964430093765259,-4.634550094604492,0.020000000000000004
290477,35,1349,-0.41327372193336487,0.9026647806167603,-0.12000486999750137,-2.809849977493286,0.010000000000000002
290477,36,36729,-0.32630422711372375,-0.7746307849884033,-0.5417311787605286,4.132890224456787,0.010000000000000002
424489,1,40247,-0.6970901489257812,0.09212235361337662,-0.7110406756401062,-7.534245014190674,4.640000000000001
424489,2,40975,-0.11758516728878021,0.2684561610221863,-0.9560883641242981,-4.997090816497803,4.620000000000001
424489,3,30610,-0.49254924058914185,-0.801902174949646,-0.33815404772758484,-7.61248779296875,2.6100000000000003
424489,4,2564,-0.6741883754730225,0.7365443706512451,-0.054519884288311005,-4.625861644744873,2.2800000000000002
424489,5,24715,-0.5283916592597961,-0.8455978631973267,-0.07593753933906555,-6.825953483581543,2.1500000000000004
424489,6,36924,-0.6411134004592896,-0.701187252998352,0.31194552779197693,-4.944740295410156,0.9400000000000002
424489,7,31759,-0.509271502494812,-0.6655271053314209,-0.5456337928771973,-6.50873327255249,0.8900000000000001
424489,8,3330,-0.3094525635242462,0.9509148597717285,-6.792731437599286e-05,-0.6347212791442871,0.7900000000000001
424489,9,7861,0.9720680117607117,0.19672805070877075,0.12799140810966492,7.015047550201416,0.6500000000000001
424489,10,24990,-0.7380691766738892,-0.6176831722259521,-0.27151691913604736,-7.583531379699707,0.6300000000000001
424489,11,38700,0.7724648714065552,0.32387059926986694,-0.5462653636932373,5.38740348815918,0.6100000000000001
424489,12,31318,-0.8979119658470154,-0.4396839141845703,0.020787961781024933,-6.751847743988037,0.45000000000000007
424489,13,9963,0.9712026715278625,-0.2316604107618332,0.05566729977726936,8.371588706970215,0.30000000000000004
424489,14,38275,0.11259645968675613,0.4190138280391693,-0.9009714126586914,-0.852778971195221,0.30000000000000004
424489,15,5189,-0.47085335850715637,0.8810825943946838,0.044615671038627625,0.19645912945270538,0.26000000000000006
424489,16,44529,-0.8156906366348267,-0.2788674235343933,-0.5068350434303284,-9.851527214050293,0.25000000000000006
424489,17,41312,-0.753487229347229,-0.3250436782836914,-0.5714924335479736,-8.590123176574707,0.24000000000000005
424489,18,41577,-0.646117627620697,-0.38598713278770447,-0.6584420204162598,-7.581940650939941,0.23000000000000004
424489,19,1949,-0.7841465473175049,0.5434694886207581,-0.2995915412902832,-5.294830322265625,0.19000000000000003
424489,20,38430,0.1337609738111496,0.8499899506568909,-0.5095342397689819,-0.7946318984031677,0.06000000000000001
424489,21,5321,-0.30223724246025085,0.9531432390213013,-0.013062940910458565,0.2685917019844055,0.020000000000000004
411696,1,40247,-0.6970901489257812,0.09212235361337662,-0.7110406756401062,-7.534245014190674,4.980000000000001
411696,2,5189,-0.47085335850715637,0.8810825943946838,0.044615671038627625,0.19645912945270538,3.2800000000000007
411696,3,22796,0.9160782694816589,-0.16131336987018585,0.3671221137046814,6.544191837310791,3.0900000000000007
411696,4,41839,-0.9447678327560425,-0.29896727204322815,-0.13428445160388947,-6.088990211486816,3.0000000000000004
411696,5,7861,0.9720680117607117,0.19672805070877075,0.12799140810966492,7.015047550201416,2.9300000000000006
411696,6,36924,-0.6411134004592896,-0.701187252998352,0.31194552779197693,-4.944740295410156,1.8600000000000003
411696,7,40975,-0.11758516728878021,0.2684561610221863,-0.9560883641242981,-4.997090816497803,1.5400000000000003
411696,8,44666,-0.6044077277183533,-0.7815719246864319,-0.15439121425151825,-5.5904951095581055,1.4700000000000002
411696,9,8860,0.9911719560623169,0.043744008988142014,0.1251583993434906,6.939792156219482,1.3600000000000003
411696,10,38275,0.11259645968675613,0.4190138280391693,-0.9009714126586914,-0.852778971195221,1.2400000000000002
411696,11,3330,-0.3094525635242462,0.9509148597717285,-6.792731437599286e-05,-0.6347212791442871,1.1300000000000001
411696,12,41577,-0.646117627620697,-0.38598713278770447,-0.6584420204162598,-7.581940650939941,1.12
411696,13,24715,-0.5283916592597961,-0.8455978631973267,-0.07593753933906555,-6.825953483581543,0.9300000000000002
411696,14,43461,-0.7928488254547119,-0.5941425561904907,-0.13559266924858093,-7.5703043937683105,0.7600000000000001
411696,15,578,-0.547533392906189,0.818928062915802,0.17194169759750366,0.08304369449615479,0.4900000000000001
411696,16,31759,-0.509271502494812,-0.6655271053314209,-0.5456337928771973,-6.50873327255249,0.4200000000000001
411696,17,5321,-0.30223724246025085,0.9531432390213013,-0.013062940910458565,0.2685917019844055,0.29000000000000004
411696,18,10277,0.8741547465324402,-0.43710994720458984,0.21163253486156464,5.669075965881348,0.22000000000000003
411696,19,31318,-0.8979119658470154,-0.4396839141845703,0.020787961781024933,-6.751847743988037,0.10000000000000002
411696,20,27735,-0.285656601190567,-0.8164170384407043,-0.5018600821495056,-4.49423360824585,0.09000000000000002
411696,21,30610,-0.49254924058914185,-0.801902174949646,-0.33815404772758484,-7.61248779296875,0.07
411696,22,5776,-0.48137277364730835,0.8758710026741028,-0.03361837938427925,-1.0575534105300903,0.05000000000000001
271863,1,293,-0.43039101362228394,0.8667661547660828,0.2519523501396179,3.9322714805603027,3.2800000000000007
271863,2,40212,-0.39591872692108154,0.2112240493297577,-0.8936625719070435,-2.8932790756225586,3.2500000000000004
271863,3,30713,-0.8662996292114258,-0.35394224524497986,0.35249093174934387,5.87454891204834,3.0600000000000005
271863,4,37648,0.5738745331764221,0.04659058898687363,-0.817616879940033,-5.178305149078369,2.2100000000000004
271863,5,39641,-0.6555826663970947,0.6149563789367676,-0.4382236897945404,0.05229294300079346,2.0800000000000005
271863,6,20084,0.9617742896080017,-0.24624906480312347,-0.1197982057929039,-3.9434287548065186,1.4700000000000002
271863,7,9513,0.8673801422119141,-0.2571508586406708,-0.4260576367378235,-5.713618755340576,1.2600000000000002
271863,8,35801,-0.7250910997390747,-0.676922619342804,0.1265650987625122,4.160974979400635,1.2300000000000002
271863,9,9111,0.985525906085968,-0.1679558902978897,0.02301211468875408,-4.106907844543457,0.9000000000000001
271863,10,31315,-0.8453993201255798,-0.48939627408981323,-0.2139889895915985,1.0426290035247803,0.5900000000000001
271863,11,43678,-0.7377514839172363,-0.5916262269020081,-0.3251171410083771,2.3814895153045654,0.4800000000000001
271863,12,44882,-0.7987701892852783,-0.17983976006507874,-0.5741287469863892,-0.0043495893478393555,0.4800000000000001
271863,13,6567,0.061874788254499435,0.9490109086036682,-0.30911123752593994,-2.754924774169922,0.4300000000000001
271863,14,12849,0.9043418765068054,-0.2685346305370331,-0.3317452669143677,-5.300576686859131,0.4000000000000001
271863,15,22442,0.9854861497879028,-0.06350627541542053,-0.15742921829223633,-3.9486265182495117,0.28
271863,16,25752,-0.24674201011657715,-0.9085879325866699,-0.33702582120895386,1.1664574146270752,0.20000000000000004
271863,17,41110,-0.6254305839538574,-0.568404495716095,-0.5345585942268372,-0.9100387096405029,0.19000000000000003
271863,18,13733,0.9482731223106384,-0.29516109824180603,-0.1168675348162651,-5.3452887535095215,0.10000000000000002
271863,19,28480,-0.4059552550315857,-0.910241961479187,0.08160824328660965,1.2687870264053345,0.08000000000000002
271863,20,13877,0.9693642258644104,-0.1136004775762558,-0.21777944266796112,-5.742315292358398,0.04000000000000001
271863,21,25769,-0.7424759864807129,-0.6665628552436829,-0.0665087029337883,3.6900997161865234,0.030000000000000006
271863,22,1567,-0.3971548080444336,0.9003086686134338,0.17807970941066742,3.6989378929138184,0.020000000000000004
557058,1,39274,0.2972518801689148,0.280519962310791,-0.9126608967781067,4.064669132232666,4.950000000000001
557058,2,11848,0.8981767892837524,-0.2671442925930023,-0.3491596281528473,19.00112533569336,3.7200000000000006
557058,3,39207,-0.2660578489303589,0.6054182052612305,-0.7501213550567627,-7.137266635894775,3.2300000000000004
557058,4,27604,-0.1318349391222,-0.9876692295074463,-0.084433913230896,4.841647148132324,2.2600000000000002
557058,5,16222,0.9855887293815613,-0.10708115994930267,-0.13095226883888245,19.154239654541016,1.9000000000000004
557058,6,12368,0.9212721586227417,-0.3485508859157562,0.1725395917892456,18.463871002197266,1.5200000000000002
557058,7,38540,-0.07502289116382599,0.3200758695602417,-0.9444167613983154,-1.8810502290725708,0.9100000000000001
557058,8,23459,0.9303463697433472,-0.20017863810062408,0.3072199821472168,16.45209312438965,0.7500000000000001
557058,9,39256,-0.4904228746891022,0.6444242596626282,-0.5866879820823669,-11.367147445678711,0.5000000000000001
557058,10,11125,0.8608187437057495,-0.5089007616043091,-0.003328122431412339,17.964250564575195,0.3500000000000001
557058,11,41314,-0.692624568939209,-0.5726826190948486,-0.43852680921554565,-7.17097282409668,0.31000000000000005
557058,12,14592,0.9819533824920654,-0.06517437845468521,0.17753836512565613,18.79043197631836,0.28
557058,13,14000,0.9771672487258911,0.0892479196190834,0.1928185373544693,18.26513671875,0.26000000000000006
557058,14,43123,-0.9448531866073608,-0.2925634980201721,-0.14717020094394684,-16.106815338134766,0.21000000000000005
557058,15,41191,-0.7492696642875671,-0.4151563346385956,-0.5159846544265747,-11.950526237487793,0.18000000000000005
557058,16,4094,-0.5946553349494934,0.7677350044250488,0.23867984116077423,-16.59587860107422,0.13000000000000003
557058,17,32398,-0.7811974883079529,-0.6228588819503784,0.04215872660279274,-9.82495403289795,0.08000000000000002
557058,18,42738,-0.8698964715003967,-0.3908270597457886,-0.3008893132209778,-14.533278465270996,0.07
557058,19,37512,-0.18638871610164642,0.7914754152297974,-0.582087516784668,-7.440286636352539,0.06000000000000001
557058,20,42699,-0.7237541675567627,-0.36604437232017517,-0.5849713087081909,-11.44970703125,0.04000000000000001
557058,21,6460,-0.551393985748291,0.7048046588897705,0.4463351368904114,-13.365006446838379,0.010000000000000002
594472,1,37701,0.006288016214966774,0.7017844319343567,-0.7123616337776184,3.190706729888916,5.080000000000001
594472,2,38105,-0.4056583344936371,0.6266327500343323,-0.665411651134491,-6.461906433105469,4.400000000000001
594472,3,40781,0.6078283786773682,0.45360124111175537,-0.6517595648765564,14.98967170715332,3.5400000000000005
594472,4,39608,0.5173888802528381,0.6120282411575317,-0.5981054306030273,13.865910530090332,3.3200000000000007
594472,5,19597,0.9472121596336365,0.31145337224006653,-0.07606519013643265,20.145944595336914,3.1000000000000005
594472,6,37729,-0.22375723719596863,0.4738195538520813,-0.8517204523086548,-0.3630056381225586,1.9900000000000004
594472,7,38854,0.3278461992740631,0.7168424129486084,-0.6153485178947449,8.503621101379395,1.5200000000000002
594472,8,38092,0.06576913595199585,0.41908982396125793,-0.9055595993995667,4.840630054473877,1.4900000000000002
594472,9,1539,-0.04235662519931793,0.9877204298973083,-0.15038058161735535,-0.5715991258621216,1.2400000000000002
594472,10,37700,0.15899330377578735,0.15623629093170166,-0.9748391509056091,9.241222381591797,1.0300000000000002
594472,11,45387,-0.8435410857200623,-0.22732843458652496,-0.48658016324043274,-14.570029258728027,0.7900000000000001
594472,12,28192,-0.2947787940502167,-0.9349668622016907,0.19733835756778717,-4.77903938293457,0.6900000000000002
594472,13,24317,-0.47648516297340393,-0.8482193350791931,0.23127011954784393,-11.39904499053955,0.4800000000000001
594472,14,23347,0.9904649257659912,-0.11874869465827942,0.0698428824543953,20.452301025390625,0.38000000000000006
594472,15,12622,0.8547006249427795,0.09506190568208694,-0.510343074798584,21.32929039001465,0.3400000000000001
594472,16,38300,0.35191938281059265,0.5662621259689331,-0.7453187108039856,11.240801811218262,0.28
594472,17,46133,-0.9159538149833679,-0.3620480000972748,-0.17306029796600342,-19.33737564086914,0.26000000000000006
594472,18,3641,-0.35886794328689575,0.9239423871040344,-0.13245460391044617,-6.085556507110596,0.19000000000000003
594472,19,26814,-0.4737493395805359,-0.8685375452041626,-0.1456160843372345,-8.409211158752441,0.16000000000000003
594472,20,12291,0.8648830652236938,-0.26792067289352417,-0.42449480295181274,21.00933837890625,0.09000000000000002
594472,21,21780,0.9050956964492798,0.0517280176281929,0.42204973101615906,17.9875545501709,0.09000000000000002
594472,22,42693,-0.6964117884635925,-0.5344797968864441,-0.4788965880870819,-10.087056159973145,0.09000000000000002
594472,23,29089,-0.5517408847808838,-0.8340057134628296,0.004056248813867569,-10.995963096618652,0.06000000000000001
594472,24,12368,0.9212721586227417,-0.3485508859157562,0.1725395917892456,18.463871002197266,0.020000000000000004
594472,25,11455,0.9929817914962769,-0.04650745540857315,0.10873941332101822,19.71910285949707,0.010000000000000002
594472,26,28123,-0.8293846845626831,-0.5586551427841187,0.005043107084929943,-16.349611282348633,0.010000000000000002
594472,27,42738,-0.8698964715003967,-0.3908270597457886,-0.3008893132209778,-14.533278465270996,0.010000000000000002
114310,1,37773,-0.36983242630958557,-0.5368421673774719,-0.758303701877594,0.8618583679199219,3.4100000000000006
114310,2,7738,0.8150221705436707,-0.27150920033454895,0.5118804574012756,-12.769525527954102,2.6300000000000003
114310,3,35842,-0.4167154133319855,-0.8956878185272217,-0.15521466732025146,2.6082894802093506,2.24
114310,4,38764,0.5373557806015015,0.327097624540329,-0.777338981628418,-10.657472610473633,2.0600000000000005
114310,5,24005,-0.8002034425735474,-0.581150472164154,-0.14811678230762482,9.007549285888672,1.8800000000000003
114310,6,28519,-0.42625340819358826,-0.9005670547485352,0.08536376059055328,4.151182651519775,1.6800000000000004
114310,7,37066,-0.27138400077819824,0.4280444085597992,-0.8620491623878479,1.774187445640564,1.2900000000000003
114310,8,39968,0.5660015940666199,0.48800650238990784,-0.6644484996795654,-8.148909568786621,1.1300000000000001
114310,9,3311,-0.4240034818649292,0.8782564401626587,0.2211032211780548,11.021720886230469,1.1100000000000003
114310,10,2861,-0.14439663290977478,0.9678241014480591,-0.2060731202363968,3.7618939876556396,1.0600000000000003
114310,11,38906,-0.09618392586708069,0.7663617730140686,-0.6351679563522339,3.3677685260772705,0.6700000000000002
114310,12,1870,-0.24888765811920166,0.9224609732627869,0.295162171125412,7.0534138679504395,0.5900000000000001
114310,13,26638,-0.5596970319747925,-0.8178102970123291,0.1338863968849182,7.448085308074951,0.4700000000000001
114310,14,2476,-0.32415688037872314,0.9444790482521057,-0.05368104577064514,8.758258819580078,0.18000000000000005
114310,15,1389,0.03857522830367088,0.9288485050201416,-0.3684459626674652,0.7804667353630066,0.17000000000000004
114310,16,7174,0.8756155371665955,-0.417658269405365,-0.24260880053043365,-14.902410507202148,0.14
114310,17,40371,0.31454089283943176,0.7837101817131042,-0.5355952978134155,-3.9600560665130615,0.06000000000000001
114310,18,481,-0.15669989585876465,0.8820262551307678,-0.44438138604164124,3.924276351928711,0.05000000000000001
114310,19,44351,-0.6379369497299194,-0.3374927341938019,-0.6921958327293396,5.949077129364014,0.04000000000000001
114310,20,8871,0.9101579189300537,-0.39362654089927673,-0.12911486625671387,-15.29913330078125,0.020000000000000004
114310,21,19224,0.9990672469139099,0.03906916454434395,-0.01839236356317997,-15.04041862487793,0.020000000000000004
114310,22,42370,-0.7822014093399048,-0.581842303276062,-0.22275640070438385,8.42668628692627,0.020000000000000004
458276,1,40975,-0.11758516728878021,0.2684561610221863,-0.9560883641242981,-4.997090816497803,5.310000000000001
458276,2,2564,-0.6741883754730225,0.7365443706512451,-0.054519884288311005,-4.625861644744873,2.9500000000000006
458276,3,38275,0.11259645968675613,0.4190138280391693,-0.9009714126586914,-0.852778971195221,2.2000000000000006
458276,4,17433,0.9909761548042297,-0.013986822217702866,0.1333063393831253,10.219367980957031,2.0900000000000003
458276,5,30804,-0.7191280722618103,-0.6925707459449768,0.05657367408275604,-9.228470802307129,1.8600000000000003
458276,6,41191,-0.7492696642875671,-0.4151563346385956,-0.5159846544265747,-11.950526237487793,1.8400000000000003
458276,7,8847,0.9874682426452637,0.012284656055271626,-0.15733888745307922,9.862659454345703,1.6500000000000004
458276,8,8682,0.9580016732215881,-0.2030251920223236,-0.20251813530921936,8.768672943115234,1.5200000000000002
458276,9,9963,0.9712026715278625,-0.2316604107618332,0.05566729977726936,8.371588706970215,1.0600000000000003
458276,10,8142,0.7849535346031189,-0.5883365869522095,0.1941855251789093,6.707651615142822,0.9300000000000002
458276,11,11444,0.6321010589599609,-0.62205570936203,-0.46205514669418335,4.161263465881348,0.8900000000000001
458276,12,6867,-0.16125592589378357,0.9380430579185486,0.30671122670173645,1.9650273323059082,0.7500000000000001
458276,13,44529,-0.8156906366348267,-0.2788674235343933,-0.5068350434303284,-9.851527214050293,0.6400000000000001
458276,14,4470,-0.3965805470943451,0.7373403310775757,-0.546857476234436,-5.604091644287109,0.6300000000000001
458276,15,33905,-0.250149667263031,-0.9465612173080444,0.2035854160785675,-2.1017346382141113,0.6200000000000001
458276,16,40851,-0.24725313484668732,0.1798940896987915,-0.9521050453186035,-5.248562335968018,0.5800000000000001
458276,17,10905,0.9777382016181946,0.17603757977485657,-0.11418752372264862,9.175292015075684,0.4300000000000001
458276,18,24356,-0.47835013270378113,-0.8395604491233826,-0.2575255036354065,-7.984790802001953,0.3400000000000001
458276,19,36809,-0.4574611485004425,-0.8433473706245422,0.2819477915763855,-6.46779727935791,0.31000000000000005
458276,20,30610,-0.49254924058914185,-0.801902174949646,-0.33815404772758484,-7.61248779296875,0.14
458276,21,44115,-0.6928544044494629,-0.3195420801639557,-0.646409809589386,-9.788308143615723,0.11000000000000001
458276,22,19323,0.9930570125579834,-0.09663405269384384,0.06707920879125595,8.705498695373535,0.07
458276,23,44472,-0.683740496635437,-0.38636231422424316,-0.619050145149231,-9.489776611328125,0.06000000000000001
458276,24,44504,-0.799456775188446,-0.40574532747268677,-0.44298940896987915,-11.710824012756348,0.06000000000000001
458276,25,10162,0.9979986548423767,0.044739700853824615,-0.04468845576047897,8.441767692565918,0.05000000000000001
458276,26,38700,0.7724648714065552,0.32387059926986694,-0.5462653636932373,5.38740348815918,0.05000000000000001
458276,27,39649,-0.15429162979125977,0.6293158531188965,-0.761679470539093,-4.329409599304199,0.05000000000000001
458276,28,14128,0.9782400131225586,-0.13437291979789734,-0.15808340907096863,10.206765174865723,0.010000000000000002
458276,29,32921,-0.36643359065055847,-0.9209359884262085,-0.1326775848865509,-8.031997680664062,0.010000000000000002
336626,1,40464,0.044961947947740555,0.5538598299026489,-0.8313950300216675,-4.713716983795166,7.540000000000002
336626,2,16721,0.9586848020553589,-0.25734665989875793,0.12122773379087448,3.016663074493408,3.3400000000000007
336626,3,39427,-0.29428693652153015,0.34830397367477417,-0.8899884819984436,-3.4904117584228516,2.8700000000000006
336626,4,42728,-0.9588931202888489,-0.23965652287006378,-0.15194980800151825,-0.33681654930114746,2.0500000000000003
336626,5,4519,-0.46239927411079407,0.8652175068855286,0.19387003779411316,-1.6622593402862549,1.6600000000000004
336626,6,24239,-0.4022994041442871,-0.9096068739891052,0.10378121584653854,4.6094160079956055,1.4000000000000004
336626,7,15106,0.7479081153869629,-0.6547793745994568,0.10907495766878128,2.1905345916748047,1.0200000000000002
336626,8,42323,-0.6096695065498352,-0.5924803018569946,-0.5265645384788513,0.15204617381095886,0.9800000000000002
336626,9,37175,-0.5254307985305786,0.2503867447376251,-0.8131598830223083,-2.8205459117889404,0.9100000000000001
336626,10,43193,-0.5477274060249329,-0.7773244976997375,-0.30945324897766113,0.6594803333282471,0.7900000000000001
336626,11,36796,-0.05423540621995926,-0.9919081926345825,-0.11478982120752335,1.5678670406341553,0.7100000000000002
336626,12,41339,-0.7904526591300964,-0.4351663291454315,-0.4310624599456787,0.6829782128334045,0.6800000000000002
336626,13,45422,-0.7911259531974792,-0.23146723210811615,-0.5661648511886597,-2.5219388008117676,0.39000000000000007
336626,14,511,-0.008564849384129047,0.9994086027145386,-0.033303529024124146,-3.8111748695373535,0.2700000000000001
336626,15,40975,-0.11758516728878021,0.2684561610221863,-0.9560883641242981,-4.997090816497803,0.11000000000000001
336626,16,1940,-0.20336522161960602,0.8784212470054626,0.4324565529823303,-1.7964555025100708,0.10000000000000002
336626,17,5910,-0.27273985743522644,0.9608196020126343,-0.049382567405700684,-3.3233296871185303,0.09000000000000002
336626,18,19738,0.9921791553497314,-0.1220819428563118,0.026009811088442802,2.2059059143066406,0.07
336626,19,26934,-0.5562942028045654,-0.7367845177650452,0.38429850339889526,2.472996950149536,0.07
336626,20,9464,0.9778223633766174,-0.20619244873523712,0.03671713173389435,1.129002571105957,0.04000000000000001
336626,21,10567,0.9856760501861572,-0.16698144376277924,0.02366301231086254,0.490689218044281,0.04000000000000001
336626,22,27727,-0.24109886586666107,-0.9704468250274658,0.010211428627371788,2.7216742038726807,0.04000000000000001
148928,1,38006,0.2053430676460266,0.19362005591392517,-0.9593464136123657,2.683488368988037,3.0400000000000005
148928,2,37279,0.01246197521686554,0.7375673651695251,-0.6751585602760315,5.033202648162842,2.2900000000000005
148928,3,24005,-0.8002034425735474,-0.581150472164154,-0.14811678230762482,9.007549285888672,2.1600000000000006
148928,4,2861,-0.14439663290977478,0.9678241014480591,-0.2060731202363968,3.7618939876556396,2.0800000000000005
148928,5,42334,-0.6482973098754883,-0.7226074934005737,-0.2398938089609146,8.909070014953613,2.0000000000000004
148928,6,22691,0.9892675280570984,0.13378728926181793,-0.05874262750148773,-11.508737564086914,1.7100000000000004
148928,7,38004,0.08788817375898361,0.44912609457969666,-0.8891351819038391,3.303725242614746,1.2600000000000002
148928,8,43734,-0.938053548336029,-0.3464435935020447,-0.0056898281909525394,12.511001586914062,1.0400000000000003
148928,9,35286,-0.5356787443161011,-0.608937680721283,-0.5850155353546143,8.284897804260254,0.9900000000000002
148928,10,7738,0.8150221705436707,-0.27150920033454895,0.5118804574012756,-12.769525527954102,0.9200000000000002
148928,11,8108,0.763868510723114,-0.6366775035858154,-0.10557772219181061,-11.903875350952148,0.7800000000000001
148928,12,7776,0.9130325317382812,-0.3618519902229309,-0.1882411539554596,-12.915316581726074,0.3500000000000001
148928,13,36328,-0.8804487586021423,-0.3404989242553711,0.32995522022247314,9.748641967773438,0.20000000000000004
148928,14,43700,-0.9245291948318481,-0.0595678985118866,-0.3764272630214691,14.14859676361084,0.17000000000000004
148928,15,16205,0.9184125065803528,0.09575192630290985,0.3838619887828827,-13.555139541625977,0.08000000000000002
148928,16,18644,0.9592245817184448,-0.2563576102256775,-0.11903365701436996,-13.68458366394043,0.07
148928,17,24475,-0.4396030306816101,-0.8659188747406006,0.23860782384872437,1.7830325365066528,0.06000000000000001
148928,18,37947,-0.4101601541042328,0.509010910987854,-0.7567539215087891,8.589377403259277,0.010000000000000002
520899,1,38909,-0.31949901580810547,0.07921693474054337,-0.944269597530365,-8.37463092803955,5.620000000000001
520899,2,37922,-0.5260300040245056,0.5605870485305786,-0.6395581364631653,-8.034317970275879,4.750000000000001
520899,3,24000,-0.6135865449905396,-0.6424797177314758,-0.4590548276901245,-14.36960220336914,2.2200000000000006
520899,4,40318,0.36789482831954956,0.5078712701797485,-0.778922438621521,4.558015823364258,1.8700000000000003
520899,5,38275,0.11259645968675613,0.4190138280391693,-0.9009714126586914,-0.852778971195221,1.6000000000000003
520899,6,21301,0.9860150218009949,-0.16656066477298737,-0.00565467681735754,14.156255722045898,1.1600000000000001
520899,7,12378,0.9884555339813232,-0.15001541376113892,0.021237701177597046,14.65925121307373,1.1300000000000001
520899,8,40795,0.30236828327178955,0.2998158633708954,-0.9048115015029907,1.5389090776443481,0.9700000000000002
520899,9,17664,0.9804509878158569,-0.08307276666164398,0.17836683988571167,16.784147262573242,0.8100000000000002
520899,10,2766,-0.3531305491924286,0.9330618381500244,0.06851564347743988,-3.264124631881714,0.6700000000000002
520899,11,10727,0.9709580540657043,-0.22567999362945557,-0.07942892611026764,12.787649154663086,0.5900000000000001
520899,12,11302,0.9318196773529053,-0.21487034857273102,0.292477011680603,14.391617774963379,0.5500000000000002
520899,13,1991,-0.4457143545150757,0.7705929279327393,-0.4555493891239166,-5.795875549316406,0.39000000000000007
520899,14,37351,0.148546501994133,0.08620115369558334,-0.9851412773132324,-0.39532577991485596,0.3400000000000001
520899,15,45018,-0.9614867568016052,-0.23193469643592834,-0.14747706055641174,-16.671030044555664,0.29000000000000004
520899,16,37971,0.27071020007133484,0.591836154460907,-0.7592403888702393,3.9562249183654785,0.26000000000000006
520899,17,7698,0.9475120902061462,-0.31548506021499634,-0.051865510642528534,14.914628028869629,0.25000000000000006
520899,18,39274,0.2972518801689148,0.280519962310791,-0.9126608967781067,4.064669132232666,0.22000000000000003
520899,19,3015,-0.5740921497344971,0.8113802671432495,-0.10991014540195465,-6.131819725036621,0.17000000000000004
520899,20,237,-0.5658898949623108,0.8241344690322876,0.023895716294646263,-5.229405879974365,0.11000000000000001
520899,21,40859,-0.39692825078964233,0.9147356152534485,0.07554273307323456,-1.674405574798584,0.09000000000000002
520899,22,39049,0.05056001618504524,0.4903784990310669,-0.8700417280197144,0.9345574378967285,0.06000000000000001
520899,23,3690,-0.46710139513015747,0.8823392391204834,0.057390790432691574,-2.9789769649505615,0.05000000000000001
520899,24,32921,-0.36643359065055847,-0.9209359884262085,-0.1326775848865509,-8.031997680664062,0.030000000000000006
520899,25,40975,-0.11758516728878021,0.2684561610221863,-0.9560883641242981,-4.997090816497803,0.030000000000000006
520899,26,17198,0.9475362300872803,-0.3069556653499603,0.08918140083551407,14.418001174926758,0.020000000000000004
520899,27,28784,-0.6345254182815552,-0.7493302226066589,-0.18942464888095856,-11.302068710327148,0.020000000000000004
520899,28,40131,-0.3278563916683197,-0.06933099031448364,-0.9421801567077637,-7.825867176055908,0.020000000000000004
373056,1,38540,-0.07502289116382599,0.3200758695602417,-0.9444167613983154,-1.8810502290725708,6.380000000000002
373056,2,37465,-0.1390741765499115,0.21050789952278137,-0.9676491022109985,-1.9890093803405762,6.020000000000001
373056,3,39427,-0.29428693652153015,0.34830397367477417,-0.8899884819984436,-3.4904117584228516,4.730000000000001
373056,4,37175,-0.5254307985305786,0.2503867447376251,-0.8131598830223083,-2.8205459117889404,4.320000000000001
373056,5,13238,0.9691795706748962,-0.24093323945999146,-0.0514020100235939,5.969481468200684,2.24
373056,6,8234,0.9808568954467773,0.14151199162006378,0.13376906514167786,1.9173176288604736,1.9500000000000004
373056,7,35710,-0.3874339461326599,-0.823471188545227,0.4144757091999054,3.959481954574585,1.5600000000000003
373056,8,30336,-0.7364296913146973,-0.6643199920654297,0.12786820530891418,3.304039239883423,1.0900000000000003
373056,9,28122,-0.7934392094612122,-0.6086481809616089,0.001291920430958271,3.198068618774414,0.9700000000000002
373056,10,40257,0.5449357628822327,0.6194216012954712,-0.5651211738586426,-3.486175060272217,0.6000000000000001
373056,11,30807,-0.15045200288295746,-0.8215996623039246,-0.5498528480529785,4.0485053062438965,0.38000000000000006
373056,12,17160,0.9666635394096375,-0.08044841885566711,0.24308361113071442,4.1235504150390625,0.32000000000000006
373056,13,24277,-0.6218110918998718,-0.6558442711830139,-0.42804116010665894,1.7319587469100952,0.30000000000000004
373056,14,40420,-0.4594653844833374,0.23283347487449646,-0.8571348190307617,-2.5951638221740723,0.2700000000000001
373056,15,42844,-0.7334350943565369,-0.38953661918640137,-0.5570764541625977,1.9773094654083252,0.24000000000000005
373056,16,12750,0.9941368103027344,0.10668358206748962,0.017623864114284515,4.390508651733398,0.21000000000000005
373056,17,37322,-0.357323557138443,-0.17423181235790253,-0.9175854921340942,0.9393600821495056,0.20000000000000004
373056,18,3215,-0.2833884656429291,0.949805736541748,-0.13251428306102753,-6.671241760253906,0.16000000000000003
373056,19,8029,0.9764778017997742,-0.1286434382200241,0.1730373352766037,2.970067024230957,0.16000000000000003
373056,20,30047,-0.7135981321334839,-0.6841080188751221,-0.15091022849082947,3.700594902038574,0.15000000000000002
373056,21,20403,0.9161434173583984,-0.4007931649684906,0.006790035869926214,7.029079437255859,0.11000000000000001
373056,22,16558,0.982683002948761,0.017962638288736343,0.18442201614379883,4.170603275299072,0.020000000000000004
373056,23,17498,0.960122287273407,-0.0566248744726181,-0.27378609776496887,4.294778347015381,0.010000000000000002
373056,24,23252,0.9893813729286194,-0.02504538558423519,-0.14316843450069427,4.323451042175293,0.010000000000000002
373056,25,27330,-0.3417430818080902,-0.8823108077049255,-0.3236345946788788,2.8651132583618164,0.010000000000000002
457064,1,39066,0.37704578042030334,0.26407894492149353,-0.8877492547035217,7.643748760223389,7.300000000000002
457064,2,39696,-0.07063128799200058,0.34466812014579773,-0.9360636472702026,3.067375659942627,5.660000000000001
457064,3,37260,0.40887507796287537,0.3856453597545624,-0.8271026611328125,7.977787017822266,4.630000000000001
457064,4,38340,-0.17182035744190216,0.7047844529151917,-0.688299834728241,5.174217224121094,3.9500000000000006
457064,5,36019,-0.6552155613899231,-0.7435960173606873,0.1332574039697647,-12.185635566711426,1.9000000000000004
457064,6,33572,-0.5280044674873352,-0.8170962333679199,-0.23144115507602692,-8.990225791931152,0.8600000000000002
457064,7,9960,0.9768595695495605,-0.19993412494659424,0.07597175985574722,6.935235977172852,0.8400000000000002
457064,8,44115,-0.6928544044494629,-0.3195420801639557,-0.646409809589386,-9.788308143615723,0.4300000000000001
457064,9,3209,-0.2526387870311737,0.9390226006507874,0.2332598865032196,2.1543803215026855,0.25000000000000006
457064,10,8497,0.9114487767219543,-0.35540467500686646,0.2072405070066452,7.575708866119385,0.22000000000000003
457064,11,7438,0.7772535085678101,-0.586610734462738,0.22751891613006592,4.471960067749023,0.21000000000000005
457064,12,10554,0.8548519015312195,-0.34733667969703674,0.38546788692474365,5.837582111358643,0.020000000000000004
457064,13,21588,0.9149771928787231,-0.26919567584991455,0.30058354139328003,6.949818134307861,0.020000000000000004
457064,14,32784,-0.34970274567604065,-0.9031409025192261,0.249087393283844,-10.363330841064453,0.010000000000000002
36491,1,38614,-0.13890017569065094,0.5022006630897522,-0.8535228371620178,-1.8778525590896606,7.510000000000002
36491,2,37645,-0.36708542704582214,0.3072356879711151,-0.8779832124710083,4.053440093994141,5.100000000000001
36491,3,38547,-0.021184824407100677,0.602372407913208,-0.7979339957237244,-4.468008041381836,2.7100000000000004
36491,4,2793,-0.2919415235519409,0.8980141878128052,-0.32915136218070984,2.8314590454101562,2.3800000000000003
36491,5,37066,-0.27138400077819824,0.4280444085597992,-0.8620491623878479,1.774187445640564,1.5800000000000003
36491,6,39215,0.39177173376083374,0.729589581489563,-0.5605478882789612,-12.203351974487305,1.5700000000000003
36491,7,18685,0.9954476952552795,-0.06208867207169533,0.072310671210289,-19.495441436767578,1.5600000000000003
36491,8,24750,-0.02100934274494648,-0.9997790455818176,0.0006982925697229803,4.14580774307251,1.3000000000000003
36491,9,7738,0.8150221705436707,-0.27150920033454895,0.5118804574012756,-12.769525527954102,1.2800000000000002
36491,10,4701,-0.36703017354011536,0.9301493167877197,-0.010538661852478981,4.134739875793457,1.1500000000000001
36491,11,33346,-0.7261582016944885,-0.577570915222168,0.372969388961792,17.74571990966797,1.0200000000000002
36491,12,4473,-0.38871967792510986,0.8500487804412842,0.3554069697856903,5.084663391113281,0.9900000000000002
36491,13,33591,-0.38181567192077637,-0.923473060131073,-0.03760656714439392,9.226502418518066,0.9300000000000002
36491,14,20975,0.8493795990943909,-0.304097980260849,-0.43136849999427795,-15.707404136657715,0.7700000000000001
36491,15,18833,0.9870539903640747,0.015260065905749798,0.15966074168682098,-19.634641647338867,0.5700000000000001
36491,16,17537,0.713651180267334,-0.36283668875694275,-0.5992091298103333,-16.431976318359375,0.45000000000000007
36491,17,10654,0.938902735710144,-0.33031514286994934,-0.09671369194984436,-18.81875991821289,0.39000000000000007
36491,18,28993,-0.6984848976135254,-0.6997901797294617,0.14970818161964417,16.603662490844727,0.3600000000000001
36491,19,38143,0.30070725083351135,0.4619271159172058,-0.834385097026825,-11.41672420501709,0.21000000000000005
36491,20,15815,0.9726092219352722,-0.20002590119838715,-0.11841019243001938,-20.993227005004883,0.20000000000000004
36491,21,39193,0.05412905290722847,0.4398408830165863,-0.8964430093765259,-4.634550094604492,0.13000000000000003
36491,22,34273,-0.31333646178245544,-0.9495807886123657,-0.010797998867928982,8.339938163757324,0.12000000000000002
36491,23,6185,-0.7173755168914795,0.4570907652378082,-0.5257760286331177,10.044638633728027,0.11000000000000001
36491,24,32356,0.11988436430692673,-0.9495447278022766,0.2898145914077759,1.8365291357040405,0.10000000000000002
36491,25,42544,-0.8039250373840332,-0.437252014875412,-0.40313172340393066,17.32117462158203,0.09000000000000002
36491,26,34974,-0.5849279761314392,-0.7715491652488708,0.25014224648475647,13.828584671020508,0.04000000000000001
36491,27,785,-0.27200961112976074,0.7715086936950684,-0.5751392245292664,0.21851587295532227,0.020000000000000004
36491,28,17365,0.9619631171226501,-0.009068040177226067,-0.27302882075309753,-22.093713760375977,0.020000000000000004
36491,29,40589,-0.10983119904994965,0.3087049424648285,-0.9447954297065735,-2.3675520420074463,0.010000000000000002
7049,1,39193,0.05412905290722847,0.4398408830165863,-0.8964430093765259,-4.634550094604492,4.48
7049,2,38143,0.30070725083351135,0.4619271159172058,-0.834385097026825,-11.41672420501709,2.7600000000000007
7049,3,38508,-0.005141679663211107,0.10118929296731949,-0.9948539137840271,-2.254110097885132,2.4000000000000004
7049,4,34046,-0.23075297474861145,-0.9633023738861084,-0.13711881637573242,10.991063117980957,2.2900000000000005
7049,5,43120,-0.8107231855392456,-0.5270947217941284,-0.25475290417671204,20.55869483947754,1.9100000000000004
7049,6,34633,-0.1433112621307373,-0.9382486343383789,-0.31488311290740967,6.765779972076416,1.5400000000000003
7049,7,44141,-0.9625073075294495,-0.05054246634244919,-0.2665053904056549,22.05248260498047,1.3800000000000003
7049,8,37066,-0.27138400077819824,0.4280444085597992,-0.8620491623878479,1.774187445640564,1.3700000000000003
7049,9,32155,-0.8886203765869141,-0.4556419551372528,-0.05238576605916023,24.016191482543945,1.3600000000000003
7049,10,15815,0.9726092219352722,-0.20002590119838715,-0.11841019243001938,-20.993227005004883,1.3300000000000003
7049,11,32356,0.11988436430692673,-0.9495447278022766,0.2898145914077759,1.8365291357040405,1.2100000000000002
7049,12,37804,0.3938947916030884,0.688409149646759,-0.6090481877326965,-14.464529991149902,0.9900000000000002
7049,13,19554,0.991967499256134,-0.02485480345785618,0.12402696162462234,-21.2803897857666,0.9800000000000002
7049,14,14870,0.907873272895813,-0.4003003239631653,0.1246022880077362,-18.58054542541504,0.8400000000000002
7049,15,4473,-0.38871967792510986,0.8500487804412842,0.3554069697856903,5.084663391113281,0.7100000000000002
7049,16,8961,0.9811698794364929,0.18546698987483978,-0.053922683000564575,-22.414697647094727,0.6300000000000001
7049,17,46077,-0.6904557943344116,-0.44025906920433044,-0.5739710330963135,16.80411148071289,0.5000000000000001
7049,18,1599,-0.6773120760917664,0.7308905124664307,0.08394890278577805,13.244319915771484,0.37000000000000005
7049,19,2083,-0.8004584312438965,0.5753211975097656,-0.16814228892326355,16.199827194213867,0.21000000000000005
7049,20,35723,-0.9084534645080566,-0.4106200039386749,-0.07812485843896866,23.200353622436523,0.17000000000000004
7049,21,35040,-0.22106695175170898,-0.9705821871757507,0.0953921377658844,9.436195373535156,0.15000000000000002
7049,22,20524,0.8913434743881226,-0.40080758929252625,0.21180203557014465,-17.221860885620117,0.11000000000000001
7049,23,27379,-0.3317587971687317,-0.7457188367843628,-0.5777884721755981,11.29561996459961,0.05000000000000001
7049,24,17365,0.9619631171226501,-0.009068040177226067,-0.27302882075309753,-22.093713760375977,0.04000000000000001
7049,25,25062,-0.46040353178977966,-0.7364104986190796,0.49570977687835693,14.744154930114746,0.020000000000000004
373159,1,40464,0.044961947947740555,0.5538598299026489,-0.8313950300216675,-4.713716983795166,4.660000000000001
373159,2,3962,-0.1848466396331787,0.9587222933769226,-0.21606317162513733,-5.164801597595215,2.5300000000000007
373159,3,40975,-0.11758516728878021,0.2684561610221863,-0.9560883641242981,-4.997090816497803,2.5000000000000004
373159,4,33254,-0.707033097743988,-0.6144267320632935,0.3501199781894684,-0.5281788110733032,2.0000000000000004
373159,5,5910,-0.27273985743522644,0.9608196020126343,-0.049382567405700684,-3.3233296871185303,1.9300000000000004
373159,6,33980,-0.9467511177062988,-0.3091556429862976,0.08991754055023193,-1.3778318166732788,1.8300000000000003
373159,7,30902,-0.4606996476650238,-0.8873989582061768,0.01670069806277752,1.4555048942565918,1.6800000000000004
373159,8,16721,0.9586848020553589,-0.25734665989875793,0.12122773379087448,3.016663074493408,1.5000000000000002
373159,9,29576,-0.05350544676184654,-0.9615446329116821,-0.2693865895271301,2.538341522216797,1.3500000000000003
373159,10,43193,-0.5477274060249329,-0.7773244976997375,-0.30945324897766113,0.6594803333282471,1.2500000000000002
373159,11,10537,0.9820839166641235,-0.1524314135313034,0.11079657822847366,3.106722593307495,1.0000000000000002
373159,12,42552,-0.7584071159362793,-0.6343696117401123,-0.14964570105075836,-1.363743543624878,0.8800000000000001
373159,13,782,-0.3922315239906311,0.9198315739631653,-0.008020163513720036,-5.652916431427002,0.8000000000000002
373159,14,27035,-0.7106779217720032,-0.5499800443649292,0.4387013614177704,0.061645567417144775,0.7200000000000002
373159,15,9539,0.9739513397216797,0.05107623338699341,-0.22092999517917633,3.5591108798980713,0.7000000000000002
373159,16,30640,-0.5187603235244751,-0.8059343099594116,0.2852325439453125,0.9136942028999329,0.5400000000000001
373159,17,34520,-0.6302949786186218,-0.7745730876922607,0.05258171260356903,0.06042928993701935,0.3600000000000001
373159,18,31539,-0.42498356103897095,-0.9018664360046387,0.07762661576271057,0.77040696144104,0.23000000000000004
373159,19,26752,-0.681595504283905,-0.7156312465667725,0.15264172852039337,-0.2692510485649109,0.15000000000000002
373159,20,28933,-0.6391295194625854,-0.7654448747634888,-0.07488411664962769,-0.6406068801879883,0.15000000000000002
373159,21,36796,-0.05423540621995926,-0.9919081926345825,-0.11478982120752335,1.5678670406341553,0.11000000000000001
373159,22,36430,-0.5316260457038879,-0.7543651461601257,0.38510647416114807,1.832140326499939,0.10000000000000002
373159,23,4519,-0.46239927411079407,0.8652175068855286,0.19387003779411316,-1.6622593402862549,0.020000000000000004
373159,24,16836,0.9924377202987671,0.11641004681587219,0.03893716633319855,2.080031633377075,0.020000000000000004
373159,25,27727,-0.24109886586666107,-0.9704468250274658,0.010211428627371788,2.7216742038726807,0.020000000000000004
131822,1,2861,-0.14439663290977478,0.9678241014480591,-0.2060731202363968,3.7618939876556396,5.650000000000001
131822,2,7776,0.9130325317382812,-0.3618519902229309,-0.1882411539554596,-12.915316581726074,4.140000000000001
131822,3,42334,-0.6482973098754883,-0.7226074934005737,-0.2398938089609146,8.909070014953613,3.3500000000000005
131822,4,37279,0.01246197521686554,0.7375673651695251,-0.6751585602760315,5.033202648162842,2.1100000000000003
131822,5,43734,-0.938053548336029,-0.3464435935020447,-0.0056898281909525394,12.511001586914062,1.9600000000000004
131822,6,37375,-0.15029123425483704,0.6386401057243347,-0.7546862959861755,7.7843403816223145,1.4900000000000002
131822,7,36328,-0.8804487586021423,-0.3404989242553711,0.32995522022247314,9.748641967773438,1.4100000000000004
131822,8,36125,-0.5972895622253418,-0.6655524969100952,-0.44753217697143555,9.925743103027344,1.0200000000000002
131822,9,38004,0.08788817375898361,0.44912609457969666,-0.8891351819038391,3.303725242614746,0.8600000000000002
131822,10,39593,0.5334368348121643,-0.4549103081226349,-0.7130930423736572,-2.9046378135681152,0.6000000000000001
131822,11,38006,0.2053430676460266,0.19362005591392517,-0.9593464136123657,2.683488368988037,0.5100000000000001
131822,12,4008,-0.524186372756958,0.840730607509613,-0.1356491595506668,9.556351661682129,0.28
131822,13,17430,0.8945567011833191,-0.381844699382782,0.2322993129491806,-15.399808883666992,0.25000000000000006
131822,14,40432,0.3968987762928009,0.36398813128471375,-0.842605471611023,0.5216174721717834,0.17000000000000004
131822,15,43700,-0.9245291948318481,-0.0595678985118866,-0.3764272630214691,14.14859676361084,0.12000000000000002
131822,16,40870,-0.4704955816268921,0.6593213677406311,-0.5864548087120056,9.839119911193848,0.10000000000000002
131822,17,47238,-0.8777132630348206,-0.47705623507499695,-0.04513060301542282,13.740086555480957,0.06000000000000001
131822,18,5742,-0.2535887062549591,0.7417420148849487,-0.6208958029747009,7.2037672996521,0.04000000000000001
131822,19,8108,0.763868510723114,-0.6366775035858154,-0.10557772219181061,-11.903875350952148,0.020000000000000004
131822,20,18288,0.8268221616744995,-0.4001401960849762,-0.3952884376049042,-9.853599548339844,0.010000000000000002
131822,21,40838,-0.4423984885215759,0.2712819278240204,-0.8548038601875305,11.177511215209961,0.010000000000000002
300972,1,19408,0.9617077112197876,-0.26085618138313293,0.08409713208675385,-2.6620328426361084,4.420000000000001
300972,2,37279,0.01246197521686554,0.7375673651695251,-0.6751585602760315,5.033202648162842,2.9200000000000004
300972,3,5121,-0.30080220103263855,0.7891274690628052,-0.5355332493782043,4.474914073944092,2.4300000000000006
300972,4,11341,0.9807716608047485,0.011062364093959332,0.19484513998031616,-3.908198595046997,1.7900000000000003
300972,5,18120,0.9967436194419861,0.02372230589389801,0.0770672932267189,-2.894113540649414,1.7800000000000002
300972,6,18689,0.9401180148124695,-0.09002198278903961,0.3287462890148163,-4.731060028076172,1.6800000000000004
300972,7,2871,-0.5572399497032166,0.7957683205604553,-0.23714226484298706,4.315671443939209,1.5400000000000003
300972,8,2861,-0.14439663290977478,0.9678241014480591,-0.2060731202363968,3.7618939876556396,1.3900000000000003
300972,9,30865,-0.456329882144928,-0.8861256837844849,-0.08089687675237656,1.1940908432006836,1.3800000000000003
300972,10,40094,-0.04916330799460411,0.8251908421516418,-0.5627104043960571,3.1353607177734375,0.9600000000000002
300972,11,46963,-0.735590934753418,-0.592208743095398,-0.32892969250679016,3.1277015209198,0.7400000000000001
300972,12,19820,0.7925788164138794,-0.5969167947769165,-0.12453562766313553,-1.2346402406692505,0.4800000000000001
300972,13,9342,0.9946205615997314,-0.07302938401699066,0.07346205413341522,-3.828939914703369,0.4300000000000001
300972,14,31191,-0.6743007898330688,-0.6251804828643799,0.39302393794059753,-0.0286770761013031,0.23000000000000004
300972,15,43787,-0.8821952939033508,-0.2058984935283661,-0.4234822988510132,4.543924331665039,0.21000000000000005
300972,16,34674,-0.3309290409088135,-0.8717219829559326,-0.3613679111003876,-0.26966947317123413,0.11000000000000001
300972,17,28398,-0.6232789158821106,-0.6491444110870361,-0.4360446631908417,1.6229183673858643,0.10000000000000002
300972,18,29048,-0.7190644145011902,-0.5672027468681335,-0.40153130888938904,4.01925802230835,0.07
300972,19,18039,0.7528257369995117,-0.5262342095375061,-0.395387202501297,0.5763965249061584,0.020000000000000004
298072,1,39873,0.1750839501619339,0.7429322004318237,-0.646062970161438,6.219775199890137,4.510000000000001
298072,2,38006,0.2053430676460266,0.19362005591392517,-0.9593464136123657,2.683488368988037,3.5400000000000005
298072,3,5654,-0.08620971441268921,0.989656925201416,-0.11466040462255478,6.4308929443359375,2.4200000000000004
298072,4,18689,0.9401180148124695,-0.09002198278903961,0.3287462890148163,-4.731060028076172,1.7700000000000002
298072,5,2367,0.17273861169815063,0.9478340148925781,0.2679031193256378,5.432441711425781,1.3400000000000003
298072,6,16768,0.9891179800033569,-0.1203279122710228,0.0846567377448082,-2.0073070526123047,1.3200000000000003
298072,7,44303,-0.6550846695899963,-0.5916992425918579,-0.46984684467315674,-0.2688431739807129,1.2600000000000002
298072,8,37773,-0.36983242630958557,-0.5368421673774719,-0.758303701877594,0.8618583679199219,1.2000000000000002
298072,9,21967,0.9947390556335449,0.04525911435484886,0.09190137684345245,-2.1100425720214844,1.1700000000000002
298072,10,19408,0.9617077112197876,-0.26085618138313293,0.08409713208675385,-2.6620328426361084,0.8700000000000002
298072,11,8596,0.8850024342536926,-0.37584081292152405,0.27479878067970276,-4.897940635681152,0.8400000000000002
298072,12,35093,-0.5142092704772949,-0.7414918541908264,0.43102043867111206,-4.316799640655518,0.38000000000000006
298072,13,40628,-0.1184583306312561,0.986873209476471,-0.10976733267307281,7.336189270019531,0.30000000000000004
298072,14,21326,0.9062409400939941,-0.41575345396995544,-0.07665777206420898,-4.752981185913086,0.23000000000000004
298072,15,656,-0.44054946303367615,0.8951570391654968,0.06789696961641312,6.133081912994385,0.21000000000000005
298072,16,37155,-0.1191081702709198,0.7922998070716858,-0.5983930826187134,5.714597225189209,0.20000000000000004
298072,17,26341,-0.8738071322441101,-0.4030306935310364,-0.2720797657966614,-1.2260947227478027,0.16000000000000003
298072,18,5530,-0.643566906452179,0.7509280443191528,0.14808346331119537,6.161011695861816,0.14
298072,19,35674,-0.5389858484268188,-0.8191518187522888,0.19617483019828796,-4.339922904968262,0.09000000000000002
298072,20,46827,-0.8949695229530334,-0.34377139806747437,-0.2843426465988159,0.30513668060302734,0.07
298072,21,22671,0.928713321685791,-0.2983475923538208,-0.22018244862556458,-2.9989590644836426,0.06000000000000001
298072,22,42202,-0.6749354600906372,-0.628073513507843,-0.3872799575328827,-1.4420148134231567,0.04000000000000001
215402,1,37375,-0.15029123425483704,0.6386401057243347,-0.7546862959861755,7.7843403816223145,4.000000000000001
215402,2,38635,0.8025465607643127,-0.057075921446084976,-0.5938529372215271,-2.832991600036621,3.190000000000001
215402,3,5820,-0.3705906867980957,0.8144199252128601,-0.44652289152145386,8.303179740905762,2.4600000000000004
215402,4,24252,-0.3638633191585541,-0.918317973613739,0.15587058663368225,-2.5956308841705322,2.2100000000000004
215402,5,31878,-0.6282075643539429,-0.6406787037849426,0.4414590001106262,0.7933868169784546,1.7300000000000004
215402,6,45262,-0.7483974099159241,-0.5339085459709167,-0.3935008645057678,5.744885444641113,1.4800000000000002
215402,7,11374,0.9272170662879944,0.1734635978937149,0.33193206787109375,-8.18529987335205,1.0300000000000002
215402,8,38006,0.2053430676460266,0.19362005591392517,-0.9593464136123657,2.683488368988037,0.9600000000000002
215402,9,37279,0.01246197521686554,0.7375673651695251,-0.6751585602760315,5.033202648162842,0.9200000000000002
215402,10,44381,-0.9202936291694641,-0.2822686731815338,-0.27089497447013855,7.4628825187683105,0.8900000000000001
215402,11,32839,-0.6189197897911072,-0.6920484304428101,-0.37149330973625183,4.366337776184082,0.8700000000000002
215402,12,46585,-0.9676080346107483,-0.13659650087356567,-0.21231123805046082,7.592370986938477,0.8700000000000002
215402,13,15285,0.8765066862106323,-0.4378030598163605,0.20016111433506012,-9.761202812194824,0.7000000000000002
215402,14,34624,-0.40209394693374634,-0.7064712643623352,-0.5824249386787415,2.890432834625244,0.3600000000000001
215402,15,47137,-0.5295534729957581,-0.31905126571655273,-0.7859894633293152,5.551296234130859,0.19000000000000003
215402,16,12265,0.9916638731956482,-0.08220893144607544,-0.09921921044588089,-8.592473030090332,0.09000000000000002
215402,17,19285,0.9575698971748352,-0.2859456539154053,-0.035985395312309265,-7.679011344909668,0.09000000000000002
215402,18,3493,-0.6541149616241455,0.7562858462333679,0.012859459035098553,9.220433235168457,0.07
215402,19,15502,0.9464476704597473,0.19658397138118744,0.25610852241516113,-8.576574325561523,0.05000000000000001
215402,20,7656,0.9977787733078003,-0.04689454287290573,-0.047311827540397644,-8.3247652053833,0.04000000000000001
215402,21,18072,0.913711667060852,-0.40620046854019165,0.01149781420826912,-10.133588790893555,0.04000000000000001
215402,22,4854,-0.4707619547843933,0.8525673747062683,-0.22696267068386078,8.734582901000977,0.020000000000000004
215402,23,41803,-0.8378678560256958,-0.4117198586463928,-0.3584190607070923,4.845242500305176,0.010000000000000002
383076,1,40975,-0.11758516728878021,0.2684561610221863,-0.9560883641242981,-4.997090816497803,4.110000000000001
383076,2,38430,0.1337609738111496,0.8499899506568909,-0.5095342397689819,-0.7946318984031677,3.7800000000000007
383076,3,14259,0.9819092750549316,-0.11837673932313919,-0.14778734743595123,2.5000104904174805,1.8900000000000003
383076,4,38800,-0.12756748497486115,0.7159421443939209,-0.686406135559082,-3.8824617862701416,1.7700000000000002
383076,5,16721,0.9586848020553589,-0.25734665989875793,0.12122773379087448,3.016663074493408,1.1600000000000001
383076,6,4215,-0.3353610038757324,0.9399110078811646,-0.06403324007987976,-1.9013800621032715,1.1100000000000003
383076,7,38961,0.28054818511009216,0.6347153186798096,-0.7200202941894531,-2.206622362136841,1.0500000000000003
383076,8,39649,-0.15429162979125977,0.6293158531188965,-0.761679470539093,-4.329409599304199,1.0400000000000003
383076,9,33127,-0.6192910075187683,-0.7556376457214355,-0.21328459680080414,-2.768796443939209,0.8700000000000002
383076,10,41839,-0.9447678327560425,-0.29896727204322815,-0.13428445160388947,-6.088990211486816,0.8500000000000002
383076,11,22796,0.9160782694816589,-0.16131336987018585,0.3671221137046814,6.544191837310791,0.7700000000000001
383076,12,27670,-0.07342062145471573,-0.939074695110321,-0.33577990531921387,-1.5481375455856323,0.7700000000000001
383076,13,11266,0.9925912022590637,0.1195901557803154,-0.021467633545398712,4.067101955413818,0.5700000000000001
383076,14,5776,-0.48137277364730835,0.8758710026741028,-0.03361837938427925,-1.0575534105300903,0.5400000000000001
383076,15,3191,-0.38415151834487915,0.874272346496582,-0.2967751920223236,-1.3458094596862793,0.45000000000000007
383076,16,41053,-0.7737160921096802,-0.4587076008319855,-0.4369790852069855,-5.506593704223633,0.26000000000000006
383076,17,40582,-0.3647104799747467,0.7884465456008911,-0.49531635642051697,-3.4343676567077637,0.09000000000000002
383076,18,2564,-0.6741883754730225,0.7365443706512451,-0.054519884288311005,-4.625861644744873,0.07
383076,19,17216,0.9541863203048706,-0.08752946555614471,-0.2861242890357971,1.1536316871643066,0.07
383076,20,27035,-0.7106779217720032,-0.5499800443649292,0.4387013614177704,0.061645567417144775,0.020000000000000004
383076,21,27023,-0.29606810212135315,-0.7887411713600159,0.5387309789657593,1.5534852743148804,0.010000000000000002
611212,1,39104,-0.05926964059472084,0.6581472158432007,-0.7505527138710022,-1.8875912427902222,3.8700000000000006
611212,2,39207,-0.2660578489303589,0.6054182052612305,-0.7501213550567627,-7.137266635894775,3.650000000000001
611212,3,7677,0.6930931210517883,-0.7045121788978577,0.15259267389774323,19.83700942993164,2.2500000000000004
611212,4,45387,-0.8435410857200623,-0.22732843458652496,-0.48658016324043274,-14.570029258728027,2.0900000000000003
611212,5,13561,0.9684209823608398,-0.041771043092012405,-0.24579668045043945,21.949190139770508,1.9600000000000004
611212,6,12622,0.8547006249427795,0.09506190568208694,-0.510343074798584,21.32929039001465,1.2900000000000003
611212,7,47667,-0.7126153707504272,-0.5804662704467773,-0.394002765417099,-11.230356216430664,1.2400000000000002
611212,8,2211,-0.570522129535675,0.7845350503921509,-0.2429181933403015,-16.964263916015625,0.8000000000000002
611212,9,44412,-0.8222751617431641,-0.4015640318393707,-0.40324920415878296,-15.492549896240234,0.45000000000000007
611212,10,16961,0.9924989938735962,0.06499197334051132,0.10354580730199814,21.997194290161133,0.20000000000000004
611212,11,47431,-0.6711252331733704,-0.3164803981781006,-0.6703962087631226,-11.663641929626465,0.18000000000000005
611212,12,32543,-0.659368097782135,-0.7081134915351868,-0.2526044249534607,-8.225793838500977,0.04000000000000001
611212,13,43299,-0.7436187863349915,-0.6585281491279602,-0.11563635617494583,-11.120779991149902,0.030000000000000006
59655,1,39616,-0.44596627354621887,0.09566649049520493,-0.8899224996566772,8.33804702758789,5.500000000000001
59655,2,39968,0.5660015940666199,0.48800650238990784,-0.6644484996795654,-8.148909568786621,3.9300000000000006
59655,3,13404,0.9816733002662659,0.10056789964437485,-0.16187547147274017,-19.660173416137695,2.8500000000000005
59655,4,38224,0.24184370040893555,0.3393297791481018,-0.9090472459793091,-3.008329391479492,2.6700000000000004
59655,5,11997,0.9990676045417786,-0.0008185860351659358,0.04316507652401924,-20.84507179260254,2.6000000000000005
59655,6,42334,-0.6482973098754883,-0.7226074934005737,-0.2398938089609146,8.909070014953613,2.4400000000000004
59655,7,27232,-0.9427975416183472,-0.23989692330360413,0.23147845268249512,17.23545265197754,1.7700000000000002
59655,8,12662,0.9640718102455139,-0.13967294991016388,0.22595804929733276,-20.260404586791992,1.5900000000000003
59655,9,12180,0.46673551201820374,-0.8455657958984375,0.25918418169021606,-14.726853370666504,1.3700000000000003
59655,10,8820,0.794736921787262,-0.6067262291908264,0.016628919169306755,-20.205120086669922,1.1500000000000001
59655,11,4144,-0.18752360343933105,0.9819685220718384,0.023931635543704033,11.784914016723633,1.0300000000000002
59655,12,4000,0.044498011469841,0.9940198063850403,-0.09972227364778519,4.842852592468262,0.5700000000000001
59655,13,288,-0.1585157811641693,0.9766818284988403,0.1447943150997162,8.683952331542969,0.4000000000000001
59655,14,7152,-0.6256623864173889,0.711872398853302,-0.31903645396232605,15.365028381347656,0.28
59655,15,27084,-0.7403644919395447,-0.5872979760169983,0.327019065618515,11.868444442749023,0.2700000000000001
59655,16,20177,0.9660279154777527,-0.1475944221019745,-0.21214598417282104,-18.775056838989258,0.16000000000000003
59655,17,7202,0.9872808456420898,0.1392938494682312,-0.07664056122303009,-18.3387508392334,0.04000000000000001
358951,1,7670,0.9796841740608215,0.185322105884552,-0.07664599269628525,0.5205938816070557,4.410000000000001
358951,2,13073,0.995212972164154,0.06384789198637009,-0.07399081438779831,2.0937271118164062,2.3900000000000006
358951,3,20686,0.9666920304298401,-0.06399982422590256,-0.24781149625778198,3.2835850715637207,2.1200000000000006
358951,4,39274,0.2972518801689148,0.280519962310791,-0.9126608967781067,4.064669132232666,1.9300000000000004
358951,5,37895,0.01873147301375866,0.5181680917739868,-0.8550736308097839,1.5999280214309692,1.12
358951,6,10636,0.9041934013366699,-0.4270594120025635,0.0073862019926309586,2.928302764892578,1.0400000000000003
358951,7,22661,0.8634762763977051,-0.3345961272716522,-0.3774309456348419,5.136884689331055,1.0400000000000003
358951,8,40767,-0.3808688819408417,0.8124971985816956,-0.44134703278541565,-0.800910472869873,1.0100000000000002
358951,9,23182,0.8709404468536377,-0.07036341726779938,0.4863247275352478,-1.2686198949813843,0.8300000000000002
358951,10,43537,-0.7587746381759644,-0.44821372628211975,-0.47261562943458557,3.9438838958740234,0.8200000000000002
358951,11,37956,-0.5899155139923096,0.7805982232093811,-0.20655784010887146,-3.8231263160705566,0.8100000000000002
358951,12,47437,-0.8788958191871643,-0.43621718883514404,-0.1930200308561325,1.4134111404418945,0.7600000000000001
358951,13,37349,0.29625803232192993,0.7801558971405029,-0.5509881377220154,0.7696259021759033,0.7000000000000002
358951,14,37373,0.03881318122148514,0.36650359630584717,-0.9296067357063293,3.544081211090088,0.5900000000000001
358951,15,10275,0.9058608412742615,-0.41825801134109497,-0.0669056698679924,4.381878852844238,0.5800000000000001
358951,16,39757,-0.24880342185497284,0.2927461862564087,-0.9232532382011414,1.404260277748108,0.5100000000000001
358951,17,40024,-0.3677612841129303,0.6937432885169983,-0.619251012802124,-2.222072124481201,0.4900000000000001
358951,18,18744,0.9167846441268921,-0.38093245029449463,0.11998491734266281,2.887939929962158,0.4200000000000001
358951,19,35084,-0.3243669271469116,-0.936475932598114,-0.1334124505519867,5.224554061889648,0.16000000000000003
358951,20,38325,0.2204708755016327,0.5804798603057861,-0.7838594913482666,-0.10566222667694092,0.12000000000000002
358951,21,15541,0.9969896078109741,0.07446099817752838,-0.021616389974951744,0.8379853963851929,0.06000000000000001
358951,22,38006,0.2053430676460266,0.19362005591392517,-0.9593464136123657,2.683488368988037,0.05000000000000001
338031,1,19388,0.9594634175300598,-0.16355909407138824,-0.22951778769493103,-0.6893841028213501,3.5600000000000005
338031,2,37714,0.6461831331253052,0.38822972774505615,-0.6570578813552856,-2.347014904022217,2.9600000000000004
338031,3,38961,0.28054818511009216,0.6347153186798096,-0.7200202941894531,-2.206622362136841,2.3800000000000003
338031,4,293,-0.43039101362228394,0.8667661547660828,0.2519523501396179,3.9322714805603027,2.1700000000000004
338031,5,46982,-0.6603299379348755,-0.7190147638320923,-0.21675364673137665,-2.758878231048584,2.0400000000000005
338031,6,45676,-0.8821757435798645,-0.34390929341316223,-0.3217023015022278,-3.0645558834075928,1.3600000000000003
338031,7,28850,-0.9215743541717529,-0.3850332498550415,-0.04949818179011345,-2.236088275909424,1.1100000000000003
338031,8,21929,0.9535034894943237,0.008793122135102749,0.3012535870075226,0.7792878150939941,1.0800000000000003
338031,9,39641,-0.6555826663970947,0.6149563789367676,-0.4382236897945404,0.05229294300079346,0.8100000000000002
338031,10,37725,-0.2464156597852707,0.4609508514404297,-0.8525277972221375,-1.5753045082092285,0.7900000000000001
338031,11,38999,0.4336305558681488,0.6183571815490723,-0.6554379463195801,-0.1784147024154663,0.5300000000000001
338031,12,22586,0.9904175400733948,-0.06647432595491409,-0.12105467170476913,-1.0964950323104858,0.31000000000000005
338031,13,26503,-0.49519258737564087,-0.8675608038902283,-0.046071603894233704,-3.543074607849121,0.31000000000000005
338031,14,19563,0.9251816272735596,0.3319990038871765,-0.1838901787996292,-0.4374959170818329,0.24000000000000005
338031,15,26218,-0.6031995415687561,-0.7966486811637878,-0.0387447290122509,-1.7265920639038086,0.23000000000000004
338031,16,38294,-0.22631053626537323,0.598817765712738,-0.768245279788971,-1.7115576267242432,0.14
338031,17,17258,0.9624255299568176,-0.2663928270339966,0.052649613469839096,-0.6167283654212952,0.10000000000000002
338031,18,18478,0.943691074848175,0.0029077036306262016,0.33081522583961487,1.3723721504211426,0.10000000000000002
338031,19,42061,-0.2689085602760315,-0.6995257139205933,-0.6620815396308899,-5.616784572601318,0.10000000000000002
338031,20,22239,0.8809430003166199,-0.450253963470459,-0.1456393450498581,-2.0401668548583984,0.09000000000000002
338031,21,40975,-0.11758516728878021,0.2684561610221863,-0.9560883641242981,-4.997090816497803,0.07
338031,22,1414,-0.6174052953720093,0.7821747064590454,-0.08374607563018799,2.148624897003174,0.030000000000000006
338031,23,3009,-0.20019899308681488,0.9547813534736633,-0.2198019027709961,0.26069122552871704,0.030000000000000006
338031,24,24822,-0.12293241918087006,-0.9783932566642761,0.16623571515083313,-2.248593330383301,0.020000000000000004
338031,25,38134,-0.11972483992576599,0.245659738779068,-0.9619341492652893,-2.406007766723633,0.020000000000000004
105010,1,38134,-0.11972483992576599,0.245659738779068,-0.9619341492652893,-2.406007766723633,4.3100000000000005
105010,2,38764,0.5373557806015015,0.327097624540329,-0.777338981628418,-10.657472610473633,3.0600000000000005
105010,3,41503,-0.6378571391105652,-0.5919085144996643,-0.49272972345352173,7.683492183685303,2.3000000000000003
105010,4,2861,-0.14439663290977478,0.9678241014480591,-0.2060731202363968,3.7618939876556396,2.2000000000000006
105010,5,39962,0.20885860919952393,0.25108325481414795,-0.945164144039154,-7.5312933921813965,1.9100000000000004
105010,6,37066,-0.27138400077819824,0.4280444085597992,-0.8620491623878479,1.774187445640564,1.8200000000000003
105010,7,39193,0.05412905290722847,0.4398408830165863,-0.8964430093765259,-4.634550094604492,1.5900000000000003
105010,8,46157,-0.8758348822593689,-0.46566060185432434,-0.12678097188472748,12.659774780273438,1.3300000000000003
105010,9,14018,0.9851747751235962,-0.11752002686262131,-0.12497875094413757,-15.553849220275879,1.3000000000000003
105010,10,11383,0.8594802021980286,-0.4726341962814331,0.1947067826986313,-12.749042510986328,0.8700000000000002
105010,11,42334,-0.6482973098754883,-0.7226074934005737,-0.2398938089609146,8.909070014953613,0.8500000000000002
105010,12,30029,-0.6032117605209351,-0.7914457321166992,0.09873821586370468,7.735544204711914,0.7800000000000001
105010,13,26681,-0.2972528636455536,-0.9519008994102478,-0.07433297485113144,3.7244772911071777,0.7400000000000001
105010,14,26638,-0.5596970319747925,-0.8178102970123291,0.1338863968849182,7.448085308074951,0.6900000000000002
105010,15,8871,0.9101579189300537,-0.39362654089927673,-0.12911486625671387,-15.29913330078125,0.56
105010,16,8255,0.9802927374839783,-0.05978216975927353,0.18828755617141724,-13.0642671585083,0.4900000000000001
105010,17,1870,-0.24888765811920166,0.9224609732627869,0.295162171125412,7.0534138679504395,0.4200000000000001
105010,18,715,-0.4539965093135834,0.8869964480400085,0.08440636843442917,9.49925422668457,0.19000000000000003
105010,19,6325,-0.1957208663225174,0.9221956729888916,-0.33353930711746216,2.8897171020507812,0.19000000000000003
105010,20,14978,0.9901165962219238,-0.0544649176299572,-0.12923888862133026,-14.68378734588623,0.18000000000000005
105010,21,21594,0.8878722786903381,-0.4066685438156128,-0.2151825726032257,-13.544483184814453,0.16000000000000003
105010,22,24509,-0.11804337054491043,-0.9520927667617798,-0.2821084260940552,-1.809103012084961,0.11000000000000001
105010,23,20559,0.9939901232719421,0.05296908691525459,0.0958016961812973,-15.61887264251709,0.04000000000000001
105010,24,37070,0.4573867619037628,0.3051491677761078,-0.8352732062339783,-10.219368934631348,0.010000000000000002
518371,1,37373,0.03881318122148514,0.36650359630584717,-0.9296067357063293,3.544081211090088,9.620000000000001
518371,2,40312,0.3208484351634979,0.6721141338348389,-0.6673222184181213,4.789607048034668,3.710000000000001
518371,3,38105,-0.4056583344936371,0.6266327500343323,-0.665411651134491,-6.461906433105469,3.190000000000001
518371,4,7266,0.9965450167655945,-0.07222912460565567,0.04099997505545616,15.181099891662598,2.2500000000000004
518371,5,21434,0.9294787049293518,-0.03001396171748638,0.36765265464782715,12.818399429321289,1.2200000000000002
518371,6,36670,-0.9058810472488403,-0.38701826333999634,-0.1720358431339264,-12.717818260192871,1.0400000000000003
518371,7,21093,0.9894405603408813,-0.04446734860539436,-0.1379493772983551,17.039215087890625,0.6700000000000002
518371,8,11107,0.9955747127532959,-0.06652648746967316,0.06637153029441833,13.235236167907715,0.6400000000000001
518371,9,40747,0.06364423036575317,0.6710307002067566,-0.7386929392814636,1.9580986499786377,0.5900000000000001
518371,10,30520,-0.6734874844551086,-0.7265385985374451,-0.13622137904167175,-7.133932113647461,0.4200000000000001
518371,11,27015,-0.5190495848655701,-0.786965012550354,-0.3335769772529602,-3.5492911338806152,0.33000000000000007
518371,12,26617,-0.40431147813796997,-0.8953258991241455,-0.18687894940376282,-0.198500394821167,0.29000000000000004
518371,13,33603,-0.04670649394392967,-0.9988235235214233,0.013042661361396313,3.1986007690429688,0.18000000000000005
518371,14,4484,-0.29340362548828125,0.9502993226051331,0.1041417270898819,-8.909317970275879,0.15000000000000002
518371,15,22651,0.9501891136169434,-0.2859097123146057,-0.12408193945884705,17.008068084716797,0.13000000000000003
518371,16,45086,-0.9074176549911499,-0.2915192246437073,-0.3026711046695709,-9.707069396972656,0.08000000000000002
518371,17,20118,0.9481657147407532,-0.22976185381412506,0.21952511370182037,14.451563835144043,0.06000000000000001
518371,18,47591,-0.8420951962471008,-0.4037413001060486,-0.3575872778892517,-8.334613800048828,0.030000000000000006
518371,19,47062,-0.887592613697052,-0.1631760448217392,-0.43075859546661377,-12.546512603759766,0.020000000000000004
391578,1,10671,0.8697730898857117,-0.4040167033672333,0.28331121802330017,5.215919494628906,5.670000000000001
391578,2,38800,-0.12756748497486115,0.7159421443939209,-0.686406135559082,-3.8824617862701416,3.1600000000000006
391578,3,17160,0.9666635394096375,-0.08044841885566711,0.24308361113071442,4.1235504150390625,2.9200000000000004
391578,4,13238,0.9691795706748962,-0.24093323945999146,-0.0514020100235939,5.969481468200684,2.2000000000000006
391578,5,38692,0.0017987971659749746,0.1775083839893341,-0.9841176271438599,3.1477043628692627,2.2000000000000006
391578,6,10606,0.9946418404579163,0.101143479347229,-0.02139284461736679,3.9750568866729736,1.7400000000000004
391578,7,30099,-0.7628338932991028,-0.6319301724433899,-0.13692595064640045,3.108112335205078,1.4700000000000002
391578,8,38015,0.4493981897830963,0.6492196321487427,-0.6136409044265747,0.17548948526382446,1.1900000000000002
391578,9,39757,-0.24880342185497284,0.2927461862564087,-0.9232532382011414,1.404260277748108,1.1800000000000002
391578,10,38749,-0.011827786453068256,0.43572694063186646,-0.9000011682510376,-0.3160746693611145,1.1600000000000001
391578,11,40224,-0.5085889101028442,0.18868519365787506,-0.8400804996490479,-1.1839962005615234,1.0000000000000002
391578,12,11001,0.9939868450164795,-0.1085461750626564,0.01441916637122631,4.258458614349365,0.5300000000000001
391578,13,39796,0.23737061023712158,0.23405198752880096,-0.9428015947341919,2.520249366760254,0.5300000000000001
391578,14,38940,-0.4396671652793884,0.4659554064273834,-0.7678400278091431,-1.545396089553833,0.5100000000000001
391578,15,6087,-0.020404454320669174,0.9683709144592285,0.24867942929267883,-9.421942710876465,0.4000000000000001
391578,16,14174,0.9656952619552612,-0.21085278689861298,-0.15157102048397064,5.958324432373047,0.24000000000000005
391578,17,11488,0.8716289401054382,-0.4095327854156494,-0.2693434953689575,8.315221786499023,0.23000000000000004
391578,18,43227,-0.7786703109741211,-0.25600627064704895,-0.5728292465209961,0.6810240745544434,0.23000000000000004
391578,19,113,-0.47689440846443176,0.8669996857643127,-0.1445104479789734,-8.086999893188477,0.12000000000000002
391578,20,39274,0.2972518801689148,0.280519962310791,-0.9126608967781067,4.064669132232666,0.12000000000000002
391578,21,38264,0.03232073038816452,0.4445834457874298,-0.8951541185379028,1.3315809965133667,0.07
391578,22,35972,-0.18817220628261566,-0.9024505019187927,-0.38752326369285583,8.485433578491211,0.05000000000000001
391578,23,3614,-0.14052385091781616,0.8985589146614075,0.4157462418079376,-8.67212200164795,0.04000000000000001
391578,24,39886,-0.11768582463264465,0.8999176621437073,-0.41987887024879456,-5.350425720214844,0.030000000000000006
391578,25,46225,-0.8765572905540466,-0.28548040986061096,-0.3874896764755249,-0.43185651302337646,0.030000000000000006
391578,26,37133,0.290139377117157,0.36581820249557495,-0.884305477142334,1.6521817445755005,0.010000000000000002
323949,1,38800,-0.12756748497486115,0.7159421443939209,-0.686406135559082,-3.8824617862701416,5.340000000000001
323949,2,38940,-0.4396671652793884,0.4659554064273834,-0.7678400278091431,-1.545396089553833,3.150000000000001
323949,3,38275,0.11259645968675613,0.4190138280391693,-0.9009714126586914,-0.852778971195221,2.8200000000000007
323949,4,40282,-0.13773728907108307,0.2547806203365326,-0.9571391344070435,-0.2602296471595764,2.0000000000000004
323949,5,37740,0.014627275988459587,0.4556399881839752,-0.8900439739227295,-1.9078713655471802,1.7300000000000004
323949,6,37685,-0.23729351162910461,0.16653597354888916,-0.9570567011833191,-0.6218308210372925,1.5400000000000003
323949,7,9172,0.979044497013092,-0.05757879838347435,-0.195337176322937,1.2145953178405762,1.4800000000000002
323949,8,20311,0.9270616769790649,-0.030736230313777924,0.3736467659473419,-0.590953528881073,0.9900000000000002
323949,9,16721,0.9586848020553589,-0.25734665989875793,0.12122773379087448,3.016663074493408,0.8900000000000001
323949,10,3215,-0.2833884656429291,0.949805736541748,-0.13251428306102753,-6.671241760253906,0.7300000000000001
323949,11,14752,0.9065985083580017,-0.2713477313518524,-0.3231864869594574,0.09208090603351593,0.6500000000000001
323949,12,35372,-0.7022943496704102,-0.6952476501464844,-0.15301422774791718,3.3316524028778076,0.5500000000000002
323949,13,7304,0.9465617537498474,-0.2788999080657959,0.16197429597377777,1.0345162153244019,0.5300000000000001
323949,14,41613,-0.9081368446350098,-0.2934795022010803,-0.2985921800136566,3.650160789489746,0.45000000000000007
323949,15,31821,-0.562186062335968,-0.7488688826560974,-0.3509162962436676,4.931466102600098,0.3500000000000001
323949,16,40224,-0.5085889101028442,0.18868519365787506,-0.8400804996490479,-1.1839962005615234,0.25000000000000006
323949,17,10275,0.9058608412742615,-0.41825801134109497,-0.0669056698679924,4.381878852844238,0.11000000000000001
323949,18,43537,-0.7587746381759644,-0.44821372628211975,-0.47261562943458557,3.9438838958740234,0.06000000000000001
323949,19,17834,0.9596372842788696,0.1797073930501938,0.2163366675376892,-2.30959415435791,0.05000000000000001
323949,20,18536,0.8080641627311707,-0.29900532960891724,-0.5075708031654358,1.510280728340149,0.05000000000000001
182971,1,43276,-0.9570993781089783,-0.2628936767578125,-0.12185125797986984,11.825546264648438,4.460000000000001
182971,2,8173,0.9442906975746155,0.010026351548731327,0.32895973324775696,-12.314613342285156,4.300000000000001
182971,3,17244,0.9163667559623718,-0.26677224040031433,0.2985038757324219,-10.092161178588867,2.6700000000000004
182971,4,13532,0.9790048599243164,-0.10767489671707153,-0.173076793551445,-8.856423377990723,2.4000000000000004
182971,5,28790,0.013471066951751709,-0.9745323657989502,-0.22384187579154968,6.746500492095947,1.8000000000000003
182971,6,37958,0.053315386176109314,0.5106253623962402,-0.8581486940383911,-0.10457253456115723,1.3300000000000003
182971,7,4447,-0.2626497149467468,0.9499725699424744,-0.16901838779449463,-0.28028613328933716,1.1900000000000002
182971,8,38325,0.2204708755016327,0.5804798603057861,-0.7838594913482666,-0.10566222667694092,0.8200000000000002
182971,9,5597,-0.42204880714416504,0.8892250657081604,-0.17650364339351654,-0.08208680152893066,0.6700000000000002
182971,10,39748,-0.3598843216896057,0.7754930853843689,-0.5187424421310425,3.496452569961548,0.5000000000000001
182971,11,4823,-0.22076942026615143,0.9697499871253967,-0.10414332151412964,-1.4449435472488403,0.4900000000000001
182971,12,30321,-0.3128246068954468,-0.9330941438674927,-0.17741496860980988,9.941422462463379,0.4700000000000001
182971,13,20099,0.9285972118377686,0.337237685918808,-0.15484832227230072,-11.570650100708008,0.4100000000000001
182971,14,20416,0.8954868912696838,-0.4435107707977295,0.037435706704854965,-8.14382266998291,0.33000000000000007
182971,15,14912,0.949338436126709,-0.3000454306602478,-0.09343089163303375,-8.282470703125,0.31000000000000005
182971,16,24243,-0.5841205716133118,-0.7983077764511108,0.14665573835372925,10.58041763305664,0.23000000000000004
182971,17,43631,-0.7225249409675598,0.002722816076129675,-0.6913394927978516,10.24557113647461,0.05000000000000001
182971,18,47017,-0.7849934101104736,-0.5918614268302917,-0.18299007415771484,11.93075942993164,0.04000000000000001
182971,19,32679,-0.7995989322662354,-0.5941269993782043,-0.08749071508646011,12.654757499694824,0.020000000000000004
182971,20,6112,-0.11284331232309341,0.9935562014579773,0.010605253279209137,-2.832768678665161,0.010000000000000002
115447,1,35576,-0.25943246483802795,-0.9488010406494141,0.18019826710224152,9.078396797180176,4.050000000000001
115447,2,39193,0.05412905290722847,0.4398408830165863,-0.8964430093765259,-4.634550094604492,3.3400000000000007
115447,3,38134,-0.11972483992576599,0.245659738779068,-0.9619341492652893,-2.406007766723633,3.1200000000000006
115447,4,26536,-0.5327881574630737,-0.6284497976303101,0.5667341947555542,12.422666549682617,2.0400000000000005
115447,5,32925,-0.6266846060752869,-0.7755677103996277,-0.07590261101722717,12.052435874938965,1.8500000000000003
115447,6,293,-0.43039101362228394,0.8667661547660828,0.2519523501396179,3.9322714805603027,1.6700000000000004
115447,7,40685,-0.3745131194591522,0.6493364572525024,-0.661892831325531,0.07608509063720703,1.6000000000000003
115447,8,38614,-0.13890017569065094,0.5022006630897522,-0.8535228371620178,-1.8778525590896606,1.4900000000000002
115447,9,39438,0.19613119959831238,0.8085002303123474,-0.5548512935638428,-7.329899787902832,1.3300000000000003
115447,10,8255,0.9802927374839783,-0.05978216975927353,0.18828755617141724,-13.0642671585083,0.9500000000000002
115447,11,16752,0.948055624961853,0.1585429459810257,-0.27578020095825195,-13.736462593078613,0.6800000000000002
115447,12,38656,-0.15087425708770752,0.2851051688194275,-0.9465473890304565,-1.8546067476272583,0.6000000000000001
115447,13,31760,-0.8097013235092163,-0.5448607206344604,-0.21796922385692596,12.809499740600586,0.4600000000000001
115447,14,4096,-0.21781136095523834,0.9726970791816711,-0.08011645823717117,-1.210859775543213,0.17000000000000004
115447,15,15446,0.9582388401031494,0.1554659754037857,-0.24001812934875488,-17.18651580810547,0.12000000000000002
115447,16,38800,-0.12756748497486115,0.7159421443939209,-0.686406135559082,-3.8824617862701416,0.08000000000000002
115447,17,47233,-0.902005136013031,-0.21062947809696198,-0.37685802578926086,14.628787994384766,0.030000000000000006
115447,18,3573,-0.6142604351043701,0.748892605304718,-0.2486845999956131,6.1330108642578125,0.010000000000000002
536418,1,39649,-0.15429162979125977,0.6293158531188965,-0.761679470539093,-4.329409599304199,6.060000000000001
536418,2,40318,0.36789482831954956,0.5078712701797485,-0.778922438621521,4.558015823364258,4.960000000000001
536418,3,40975,-0.11758516728878021,0.2684561610221863,-0.9560883641242981,-4.997090816497803,2.5100000000000007
536418,4,17198,0.9475362300872803,-0.3069556653499603,0.08918140083551407,14.418001174926758,2.4200000000000004
536418,5,38909,-0.31949901580810547,0.07921693474054337,-0.944269597530365,-8.37463092803955,2.3600000000000003
536418,6,42435,-0.635113000869751,-0.6817940473556519,-0.3630266487598419,-15.624002456665039,1.4500000000000002
536418,7,39343,-0.34078943729400635,0.4615623354911804,-0.8190377354621887,-7.471925735473633,1.3300000000000003
536418,8,38275,0.11259645968675613,0.4190138280391693,-0.9009714126586914,-0.852778971195221,1.2300000000000002
536418,9,45018,-0.9614867568016052,-0.23193469643592834,-0.14747706055641174,-16.671030044555664,1.1300000000000001
536418,10,40795,0.30236828327178955,0.2998158633708954,-0.9048115015029907,1.5389090776443481,0.8800000000000001
536418,11,12378,0.9884555339813232,-0.15001541376113892,0.021237701177597046,14.65925121307373,0.37000000000000005
536418,12,2766,-0.3531305491924286,0.9330618381500244,0.06851564347743988,-3.264124631881714,0.32000000000000006
536418,13,30235,-0.46337181329727173,-0.8272276520729065,0.31777510046958923,-8.864603042602539,0.30000000000000004
536418,14,39611,0.23134176433086395,0.44767361879348755,-0.8637530207633972,0.5576189756393433,0.23000000000000004
536418,15,21301,0.9860150218009949,-0.16656066477298737,-0.00565467681735754,14.156255722045898,0.21000000000000005
536418,16,237,-0.5658898949623108,0.8241344690322876,0.023895716294646263,-5.229405879974365,0.19000000000000003
536418,17,11302,0.9318196773529053,-0.21487034857273102,0.292477011680603,14.391617774963379,0.14
536418,18,40859,-0.39692825078964233,0.9147356152534485,0.07554273307323456,-1.674405574798584,0.13000000000000003
536418,19,9739,0.9807549118995667,-0.19483143091201782,0.01266746036708355,15.906288146972656,0.10000000000000002
536418,20,31062,0.051297858357429504,-0.9942674040794373,-0.09381285309791565,-1.62848699092865,0.10000000000000002
536418,21,3690,-0.46710139513015747,0.8823392391204834,0.057390790432691574,-2.9789769649505615,0.030000000000000006
536418,22,36464,-0.5537485480308533,-0.7876580357551575,-0.2701062858104706,-13.123549461364746,0.010000000000000002
439438,1,169,-0.5787487030029297,0.8017359375953674,0.1492295265197754,-3.1093909740448,4.23
439438,2,4635,-0.28933069109916687,0.6552400588989258,-0.6978167295455933,3.1814088821411133,2.9600000000000004
439438,3,27027,-0.32483789324760437,-0.9096565842628479,0.2588537037372589,-7.972418308258057,1.7000000000000004
439438,4,39066,0.37704578042030334,0.26407894492149353,-0.8877492547035217,7.643748760223389,1.7000000000000004
439438,5,19732,0.9752094149589539,-0.18659821152687073,0.11894428730010986,6.386593818664551,1.6900000000000004
439438,6,38658,0.10766666382551193,0.8017040491104126,-0.5879443287849426,7.304940223693848,1.6100000000000003
439438,7,22507,0.975500762462616,-0.1771293580532074,-0.1304737776517868,7.28866720199585,1.3800000000000003
439438,8,37260,0.40887507796287537,0.3856453597545624,-0.8271026611328125,7.977787017822266,0.9300000000000002
439438,9,7535,0.9442827701568604,-0.23601551353931427,0.22940513491630554,4.973780155181885,0.8600000000000002
439438,10,40959,-0.08341562747955322,0.5728491544723511,-0.8154052495956421,6.00103759765625,0.8500000000000002
439438,11,40153,-0.43633589148521423,-0.015562601387500763,-0.8996492624282837,1.5402390956878662,0.8500000000000002
439438,12,38340,-0.17182035744190216,0.7047844529151917,-0.688299834728241,5.174217224121094,0.6200000000000001
439438,13,5335,-0.4779774248600006,0.8770120739936829,-0.048860907554626465,-0.2640572190284729,0.6100000000000001
439438,14,27543,-0.5116048455238342,-0.8401631116867065,-0.1799624264240265,-7.38027811050415,0.4000000000000001
439438,15,40469,0.2801760137081146,0.4963163435459137,-0.821688175201416,8.562378883361816,0.25000000000000006
439438,16,23311,0.9987178444862366,0.019933080300688744,0.04653342813253403,9.503655433654785,0.24000000000000005
439438,17,40078,0.21537302434444427,-0.01440997701138258,-0.9764255285263062,6.889482021331787,0.20000000000000004
439438,18,39873,0.1750839501619339,0.7429322004318237,-0.646062970161438,6.219775199890137,0.16000000000000003
439438,19,23876,-0.44827035069465637,-0.8160991072654724,0.36474093794822693,-8.433477401733398,0.08000000000000002
439438,20,19398,0.9462019205093384,-0.3107406198978424,-0.09023424237966537,8.462677001953125,0.07
439438,21,37087,0.10724275559186935,-0.1592918485403061,-0.9813893437385559,6.08415412902832,0.06000000000000001
439438,22,1300,-0.1688997447490692,0.9631593823432922,0.20927694439888,1.5356751680374146,0.030000000000000006
439438,23,33094,-0.7843635082244873,-0.6027671098709106,0.14644332230091095,-8.097799301147461,0.030000000000000006
439438,24,34561,-0.4939802289009094,-0.8694317936897278,0.008481516502797604,-6.867975234985352,0.010000000000000002
131804,1,38004,0.08788817375898361,0.44912609457969666,-0.8891351819038391,3.303725242614746,4.140000000000001
131804,2,29170,-0.3161044716835022,-0.9391297101974487,0.13458582758903503,4.200562953948975,2.3100000000000005
131804,3,7776,0.9130325317382812,-0.3618519902229309,-0.1882411539554596,-12.915316581726074,1.7600000000000002
131804,4,293,-0.43039101362228394,0.8667661547660828,0.2519523501396179,3.9322714805603027,1.2600000000000002
131804,5,17759,0.8137240409851074,-0.48389720916748047,0.32201969623565674,-13.487196922302246,1.2500000000000002
131804,6,2861,-0.14439663290977478,0.9678241014480591,-0.2060731202363968,3.7618939876556396,1.2400000000000002
131804,7,18288,0.8268221616744995,-0.4001401960849762,-0.3952884376049042,-9.853599548339844,1.2300000000000002
131804,8,42334,-0.6482973098754883,-0.7226074934005737,-0.2398938089609146,8.909070014953613,1.0600000000000003
131804,9,24713,-0.6320310235023499,-0.7191117405891418,0.28881677985191345,6.901705741882324,0.8700000000000002
131804,10,24701,-0.44860532879829407,-0.8937286734580994,-0.0015207503456622362,5.285708427429199,0.8100000000000002
131804,11,38325,0.2204708755016327,0.5804798603057861,-0.7838594913482666,-0.10566222667694092,0.7700000000000001
131804,12,5714,-0.24737946689128876,0.8990497589111328,-0.3612656891345978,4.300722122192383,0.7400000000000001
131804,13,37947,-0.4101601541042328,0.509010910987854,-0.7567539215087891,8.589377403259277,0.6200000000000001
131804,14,7738,0.8150221705436707,-0.27150920033454895,0.5118804574012756,-12.769525527954102,0.4800000000000001
131804,15,7665,0.8692024946212769,-0.005965344607830048,0.49442028999328613,-15.350533485412598,0.38000000000000006
131804,16,27205,-0.6195378303527832,-0.741295576095581,-0.2581738531589508,11.368163108825684,0.3400000000000001
131804,17,5742,-0.2535887062549591,0.7417420148849487,-0.6208958029747009,7.2037672996521,0.17000000000000004
131804,18,47238,-0.8777132630348206,-0.47705623507499695,-0.04513060301542282,13.740086555480957,0.12000000000000002
131804,19,39593,0.5334368348121643,-0.4549103081226349,-0.7130930423736572,-2.9046378135681152,0.05000000000000001
131804,20,43700,-0.9245291948318481,-0.0595678985118866,-0.3764272630214691,14.14859676361084,0.05000000000000001
131804,21,40870,-0.4704955816268921,0.6593213677406311,-0.5864548087120056,9.839119911193848,0.04000000000000001
472172,1,40016,-0.22712551057338715,0.3503515124320984,-0.9086626768112183,-5.965646743774414,6.490000000000001
472172,2,38015,0.4493981897830963,0.6492196321487427,-0.6136409044265747,0.17548948526382446,5.520000000000001
472172,3,21336,0.9070977568626404,-0.11215146631002426,0.4057040214538574,12.869779586791992,2.6700000000000004
472172,4,25257,-0.4297497868537903,-0.8996312022209167,-0.07732243835926056,-0.9447580575942993,2.4900000000000007
472172,5,40975,-0.11758516728878021,0.2684561610221863,-0.9560883641242981,-4.997090816497803,1.4800000000000002
472172,6,40464,0.044961947947740555,0.5538598299026489,-0.8313950300216675,-4.713716983795166,0.9300000000000002
472172,7,22243,0.9917606711387634,0.04273011162877083,-0.1207679808139801,10.974745750427246,0.7800000000000001
472172,8,39808,0.32825127243995667,0.4818768799304962,-0.8124319911003113,-0.23562920093536377,0.6200000000000001
472172,9,16727,0.8330333828926086,-0.5042052268981934,0.22766759991645813,12.356515884399414,0.4200000000000001
472172,10,20166,0.9888160824775696,-0.13161323964595795,0.07014752179384232,11.264178276062012,0.4200000000000001
472172,11,39256,-0.4904228746891022,0.6444242596626282,-0.5866879820823669,-11.367147445678711,0.4200000000000001
472172,12,9700,0.9879986047744751,-0.10921116918325424,-0.10923242568969727,12.70441722869873,0.4000000000000001
472172,13,15233,0.8645133972167969,-0.42276665568351746,0.27181774377822876,10.862634658813477,0.26000000000000006
472172,14,37120,-0.34000253677368164,0.12691886723041534,-0.9318207502365112,-7.4374518394470215,0.24000000000000005
472172,15,3725,0.03263469040393829,0.7770432829856873,-0.6286005973815918,-4.187277793884277,0.23000000000000004
472172,16,11481,0.9868327379226685,0.16037032008171082,-0.02103707566857338,10.253742218017578,0.16000000000000003
472172,17,29497,-0.3517782390117645,-0.9264473915100098,0.13396748900413513,1.0199875831604004,0.16000000000000003
472172,18,19102,0.9778051376342773,-0.2071836292743683,-0.031177254393696785,11.840860366821289,0.13000000000000003
472172,19,22877,0.8819767236709595,0.4130897521972656,-0.22687871754169464,8.8070650100708,0.06000000000000001
472172,20,1103,-0.6125555634498596,0.6508015990257263,-0.4485900104045868,-11.295165061950684,0.05000000000000001
472172,21,6474,-0.7357125878334045,0.6619443893432617,-0.14337584376335144,-11.636146545410156,0.030000000000000006
472172,22,27924,-0.9359714984893799,-0.34731778502464294,0.05768667906522751,-10.169726371765137,0.030000000000000006
472172,23,4376,-0.7197616696357727,0.6744986176490784,0.1643008291721344,-12.234453201293945,0.010000000000000002
472172,24,5358,-0.4735246002674103,0.8638221025466919,0.17200519144535065,-8.595338821411133,0.010000000000000002
181732,1,38800,-0.12756748497486115,0.7159421443939209,-0.686406135559082,-3.8824617862701416,3.810000000000001
181732,2,24005,-0.8002034425735474,-0.581150472164154,-0.14811678230762482,9.007549285888672,2.9000000000000004
181732,3,40685,-0.3745131194591522,0.6493364572525024,-0.661892831325531,0.07608509063720703,1.8100000000000003
181732,4,293,-0.43039101362228394,0.8667661547660828,0.2519523501396179,3.9322714805603027,1.5400000000000003
181732,5,42334,-0.6482973098754883,-0.7226074934005737,-0.2398938089609146,8.909070014953613,1.4700000000000002
181732,6,39193,0.05412905290722847,0.4398408830165863,-0.8964430093765259,-4.634550094604492,1.2600000000000002
181732,7,12607,0.9008641839027405,-0.3561840057373047,-0.24814645946025848,-9.770071983337402,1.1500000000000001
181732,8,779,-0.30109530687332153,0.8653486371040344,-0.40064117312431335,-0.9507066011428833,1.0800000000000003
181732,9,38134,-0.11972483992576599,0.245659738779068,-0.9619341492652893,-2.406007766723633,1.0800000000000003
181732,10,45880,-0.8786199688911438,-0.4376220405101776,-0.19108615815639496,10.102166175842285,1.0800000000000003
181732,11,214,-0.2403157502412796,0.9533017873764038,0.18293190002441406,0.8727277517318726,0.9100000000000001
181732,12,13489,0.9927448630332947,0.12023473531007767,-0.0010949930874630809,-11.976409912109375,0.8700000000000002
181732,13,36005,-0.03391769900918007,-0.9620130658149719,-0.2708883583545685,3.1131389141082764,0.7500000000000001
181732,14,8513,0.9900166988372803,0.08774151653051376,0.11031027138233185,-10.175650596618652,0.6200000000000001
181732,15,39438,0.19613119959831238,0.8085002303123474,-0.5548512935638428,-7.329899787902832,0.4000000000000001
181732,16,14912,0.949338436126709,-0.3000454306602478,-0.09343089163303375,-8.282470703125,0.32000000000000006
181732,17,5638,-0.42069390416145325,0.8243517875671387,0.37876221537590027,4.334991931915283,0.2700000000000001
181732,18,12867,0.9541251063346863,0.12765295803546906,-0.27083197236061096,-10.949640274047852,0.2700000000000001
181732,19,45740,-0.7086060047149658,-0.6305566430091858,-0.3166637122631073,8.498056411743164,0.24000000000000005
181732,20,4096,-0.21781136095523834,0.9726970791816711,-0.08011645823717117,-1.210859775543213,0.030000000000000006
181732,21,28370,-0.546170711517334,-0.8374878168106079,-0.017653940245509148,7.909063339233398,0.020000000000000004
479449,1,22243,0.9917606711387634,0.04273011162877083,-0.1207679808139801,10.974745750427246,4.430000000000001
479449,2,23224,0.940111517906189,-0.2253631353378296,0.25573763251304626,11.158096313476562,4.220000000000001
479449,3,38540,-0.07502289116382599,0.3200758695602417,-0.9444167613983154,-1.8810502290725708,2.9900000000000007
479449,4,28063,-0.18662895262241364,-0.9659203886985779,0.17935270071029663,5.930543899536133,1.9400000000000004
479449,5,39427,-0.29428693652153015,0.34830397367477417,-0.8899884819984436,-3.4904117584228516,1.8600000000000003
479449,6,38015,0.4493981897830963,0.6492196321487427,-0.6136409044265747,0.17548948526382446,1.5000000000000002
479449,7,39315,0.3719925284385681,0.5696143507957458,-0.7329127192497253,1.6780784130096436,1.2800000000000002
479449,8,20730,0.8640891313552856,-0.49337807297706604,-0.09963966906070709,13.209927558898926,1.1800000000000002
479449,9,4858,-0.552794337272644,0.8329569101333618,0.02451990731060505,-14.607967376708984,1.1700000000000002
479449,10,18227,0.8914069533348083,-0.07537170499563217,0.44689232110977173,10.176996231079102,0.9200000000000002
479449,11,36880,-0.5709601044654846,-0.7939496636390686,0.2089221328496933,0.2921251654624939,0.8600000000000002
479449,12,42849,-0.6824225783348083,-0.5039616823196411,-0.5294545292854309,-1.3129491806030273,0.5800000000000001
479449,13,27600,-0.5524823069572449,-0.8315163254737854,0.0578266903758049,2.1972973346710205,0.4800000000000001
479449,14,39207,-0.2660578489303589,0.6054182052612305,-0.7501213550567627,-7.137266635894775,0.45000000000000007
479449,15,39649,-0.15429162979125977,0.6293158531188965,-0.761679470539093,-4.329409599304199,0.45000000000000007
479449,16,39274,0.2972518801689148,0.280519962310791,-0.9126608967781067,4.064669132232666,0.4000000000000001
479449,17,38275,0.11259645968675613,0.4190138280391693,-0.9009714126586914,-0.852778971195221,0.38000000000000006
479449,18,5430,-0.20298829674720764,0.9531441330909729,0.22430330514907837,-12.614901542663574,0.22000000000000003
479449,19,34940,-0.1322370022535324,-0.969506561756134,0.20632608234882355,3.644704580307007,0.10000000000000002
479449,20,14185,0.9928625822067261,-0.07023847848176956,0.09638705104589462,12.298110961914062,0.07
479449,21,21170,0.8767220377922058,-0.4131759703159332,-0.24626019597053528,14.609020233154297,0.05000000000000001
439296,1,40016,-0.22712551057338715,0.3503515124320984,-0.9086626768112183,-5.965646743774414,4.000000000000001
439296,2,41839,-0.9447678327560425,-0.29896727204322815,-0.13428445160388947,-6.088990211486816,2.6400000000000006
439296,3,6704,-0.5129587650299072,0.7717001438140869,-0.3759683668613434,-9.244153022766113,2.5700000000000003
439296,4,9235,0.9847291707992554,-0.17405474185943604,0.0036644237115979195,9.205028533935547,2.3800000000000003
439296,5,40247,-0.6970901489257812,0.09212235361337662,-0.7110406756401062,-7.534245014190674,2.2200000000000006
439296,6,38015,0.4493981897830963,0.6492196321487427,-0.6136409044265747,0.17548948526382446,2.1200000000000006
439296,7,28590,0.029263895004987717,-0.7324603796005249,0.6801804304122925,4.636049270629883,1.7600000000000002
439296,8,24756,-0.25670042634010315,-0.9614322185516357,0.09875709563493729,1.921034812927246,1.7200000000000004
439296,9,32396,-0.6501665711402893,-0.7450288534164429,0.14904853701591492,-1.4609638452529907,1.2600000000000002
439296,10,12238,0.9370344877243042,0.04012257233262062,0.3469243347644806,8.945850372314453,1.1400000000000001
439296,11,20450,0.9736756086349487,-0.22789441049098969,-0.004463816527277231,10.4596586227417,1.0800000000000003
439296,12,19323,0.9930570125579834,-0.09663405269384384,0.06707920879125595,8.705498695373535,1.0200000000000002
439296,13,19052,0.937630832195282,-0.29578572511672974,-0.1826450526714325,9.124955177307129,0.8900000000000001
439296,14,22577,0.9547027349472046,0.23803041875362396,-0.17856137454509735,6.016608238220215,0.8900000000000001
439296,15,3544,-0.6231513619422913,0.7619105577468872,0.1765635758638382,-6.727710723876953,0.6900000000000002
439296,16,10162,0.9979986548423767,0.044739700853824615,-0.04468845576047897,8.441767692565918,0.6800000000000002
439296,17,41325,-0.8620128035545349,-0.4335712194442749,-0.2625831961631775,-5.679731369018555,0.6700000000000002
439296,18,40975,-0.11758516728878021,0.2684561610221863,-0.9560883641242981,-4.997090816497803,0.6500000000000001
439296,19,26978,-0.2802359163761139,-0.9368898868560791,0.20905768871307373,3.269460439682007,0.4700000000000001
439296,20,28764,-0.5935239791870117,-0.7989577651023865,-0.09693164378404617,-0.8679676055908203,0.3400000000000001
439296,21,30863,-0.715064287185669,-0.5681097507476807,0.40735048055648804,-2.416470527648926,0.28
439296,22,21370,0.9319116473197937,-0.2692584693431854,-0.2429826706647873,8.283002853393555,0.2700000000000001
439296,23,3236,-0.33790916204452515,0.9323080778121948,-0.1289147138595581,-8.840593338012695,0.19000000000000003
439296,24,39406,-0.07098226994276047,0.11186696588993073,-0.9911847710609436,-1.9333536624908447,0.19000000000000003
439296,25,40464,0.044961947947740555,0.5538598299026489,-0.8313950300216675,-4.713716983795166,0.19000000000000003
439296,26,26167,-0.47471997141838074,-0.6288964748382568,-0.6157354712486267,-0.6043927073478699,0.16000000000000003
439296,27,9088,0.8696059584617615,-0.09904640913009644,0.4837099313735962,10.000784873962402,0.07
439296,28,3725,0.03263469040393829,0.7770432829856873,-0.6286005973815918,-4.187277793884277,0.06000000000000001
439296,29,28104,-0.4893062114715576,-0.7332085967063904,-0.47221246361732483,-2.5516128540039062,0.06000000000000001
439296,30,6317,-0.1346910297870636,0.7846710085868835,0.605103075504303,-4.549201488494873,0.05000000000000001
439296,31,33049,-0.36229753494262695,-0.931644082069397,-0.02792549505829811,2.505059242248535,0.05000000000000001
439296,32,4186,-0.276652991771698,0.7224478125572205,0.6336658000946045,-2.4430248737335205,0.030000000000000006
439296,33,6021,-0.621517539024353,0.7801510691642761,-0.07127616554498672,-7.76411771774292,0.020000000000000004
439296,34,46911,-0.6233556270599365,-0.694566011428833,0.35917383432388306,-0.9630364179611206,0.020000000000000004
438169,1,39036,0.16881102323532104,0.3458646535873413,-0.9229736924171448,2.4249074459075928,5.710000000000001
438169,2,39083,-0.34196737408638,0.6938790082931519,-0.6337115168571472,0.9290995597839355,3.2900000000000005
438169,3,39274,0.2972518801689148,0.280519962310791,-0.9126608967781067,4.064669132232666,2.5100000000000007
438169,4,37350,0.19336910545825958,0.6863222718238831,-0.7011206746101379,5.670892715454102,1.6400000000000003
438169,5,8450,0.9720245599746704,0.019430143758654594,0.23407414555549622,9.3517427444458,1.5300000000000002
438169,6,44115,-0.6928544044494629,-0.3195420801639557,-0.646409809589386,-9.788308143615723,1.4000000000000004
438169,7,27027,-0.32483789324760437,-0.9096565842628479,0.2588537037372589,-7.972418308258057,1.0200000000000002
438169,8,3259,-0.5117108821868896,0.7478410005569458,0.4229489266872406,-0.7905209064483643,0.5400000000000001
438169,9,44428,-0.8850669860839844,-0.17563842236995697,-0.4310540556907654,-10.804628372192383,0.44000000000000006
438169,10,38406,0.1875036358833313,0.5232676863670349,-0.8312841653823853,4.034905910491943,0.2700000000000001
438169,11,18257,0.7850894927978516,-0.3428952097892761,0.5158074498176575,5.101995468139648,0.26000000000000006
438169,12,36479,-0.44719627499580383,-0.8670174479484558,-0.21976400911808014,-9.768306732177734,0.26000000000000006
438169,13,34724,-0.3270246386528015,-0.9249637126922607,-0.19364161789417267,-7.128991603851318,0.14
438169,14,38387,-0.48386967182159424,0.6125997304916382,-0.6249733567237854,-1.7010279893875122,0.13000000000000003
438169,15,6932,-0.5122478604316711,0.7812350392341614,0.3567546606063843,0.6483908891677856,0.11000000000000001
438169,16,25963,-0.3497988283634186,-0.9299991130828857,-0.11288221180438995,-10.060628890991211,0.11000000000000001
438169,17,7884,0.9815835356712341,0.014074798673391342,-0.19051411747932434,7.5297441482543945,0.09000000000000002
438169,18,5983,0.12366465479135513,0.9884282946586609,-0.08784406632184982,6.872097015380859,0.05000000000000001
438169,19,2861,-0.14439663290977478,0.9678241014480591,-0.2060731202363968,3.7618939876556396,0.030000000000000006
438169,20,16608,0.8671700954437256,-0.4300384521484375,-0.2511630952358246,5.820011138916016,0.030000000000000006
438169,21,589,-0.2029472440481186,0.97669517993927,0.06984954327344894,5.321471691131592,0.020000000000000004
490648,1,40795,0.30236828327178955,0.2998158633708954,-0.9048115015029907,1.5389090776443481,5.730000000000001
490648,2,39207,-0.2660578489303589,0.6054182052612305,-0.7501213550567627,-7.137266635894775,5.190000000000001
490648,3,15036,0.8566567301750183,-0.38906756043434143,-0.33877086639404297,14.100848197937012,3.6200000000000006
490648,4,21336,0.9070977568626404,-0.11215146631002426,0.4057040214538574,12.869779586791992,1.2800000000000002
490648,5,40016,-0.22712551057338715,0.3503515124320984,-0.9086626768112183,-5.965646743774414,1.0800000000000003
490648,6,39315,0.3719925284385681,0.5696143507957458,-0.7329127192497253,1.6780784130096436,1.0700000000000003
490648,7,22877,0.8819767236709595,0.4130897521972656,-0.22687871754169464,8.8070650100708,1.0100000000000002
490648,8,38275,0.11259645968675613,0.4190138280391693,-0.9009714126586914,-0.852778971195221,1.0000000000000002
490648,9,28063,-0.18662895262241364,-0.9659203886985779,0.17935270071029663,5.930543899536133,0.8200000000000002
490648,10,22028,0.9697473049163818,-0.24410171806812286,0.002126129576936364,13.42955493927002,0.7200000000000002
490648,11,22243,0.9917606711387634,0.04273011162877083,-0.1207679808139801,10.974745750427246,0.4800000000000001
490648,12,38015,0.4493981897830963,0.6492196321487427,-0.6136409044265747,0.17548948526382446,0.39000000000000007
490648,13,30544,-0.5720350742340088,-0.7579898834228516,0.31341224908828735,-3.8625712394714355,0.38000000000000006
490648,14,7521,0.9981178641319275,0.061278849840164185,-0.0023624568711966276,13.755763053894043,0.30000000000000004
490648,15,8429,0.9710950255393982,-0.09943130612373352,0.21699748933315277,13.176135063171387,0.28
490648,16,39256,-0.4904228746891022,0.6444242596626282,-0.5866879820823669,-11.367147445678711,0.22000000000000003
490648,17,29157,-0.4061596989631653,-0.893292248249054,-0.19251808524131775,0.9653140306472778,0.18000000000000005
490648,18,25257,-0.4297497868537903,-0.8996312022209167,-0.07732243835926056,-0.9447580575942993,0.16000000000000003
490648,19,18227,0.8914069533348083,-0.07537170499563217,0.44689232110977173,10.176996231079102,0.15000000000000002
490648,20,27604,-0.1318349391222,-0.9876692295074463,-0.084433913230896,4.841647148132324,0.12000000000000002
490648,21,30840,-0.6118960976600647,-0.7696634531021118,0.18221235275268555,-1.8914475440979004,0.09000000000000002
490648,22,5044,-0.12911342084407806,0.991563081741333,0.0115050058811903,-7.836200714111328,0.08000000000000002
490648,23,39316,-0.13520050048828125,0.630652904510498,-0.7641974687576294,-6.764248371124268,0.07
490648,24,46976,-0.8264436721801758,-0.4944368004798889,-0.2693011462688446,-6.4680962562561035,0.04000000000000001
490648,25,27924,-0.9359714984893799,-0.34731778502464294,0.05768667906522751,-10.169726371765137,0.010000000000000002
559447,1,41191,-0.7492696642875671,-0.4151563346385956,-0.5159846544265747,-11.950526237487793,4.540000000000001
559447,2,38909,-0.31949901580810547,0.07921693474054337,-0.944269597530365,-8.37463092803955,3.1800000000000006
559447,3,16222,0.9855887293815613,-0.10708115994930267,-0.13095226883888245,19.154239654541016,2.5500000000000007
559447,4,25421,-0.8480553030967712,-0.4121050536632538,-0.3331240117549896,-13.73832893371582,1.8500000000000003
559447,5,43123,-0.9448531866073608,-0.2925634980201721,-0.14717020094394684,-16.106815338134766,1.4000000000000004
559447,6,28731,-0.49891430139541626,-0.7974353432655334,-0.3393838107585907,-6.295083522796631,1.3200000000000003
559447,7,38978,-0.35096532106399536,0.2287459373474121,-0.9080190658569336,-9.733575820922852,1.2200000000000002
559447,8,40795,0.30236828327178955,0.2998158633708954,-0.9048115015029907,1.5389090776443481,0.9500000000000002
559447,9,27695,-0.3106534481048584,-0.8034549355506897,0.507892370223999,-0.31790727376937866,0.5800000000000001
559447,10,23588,-0.7593894004821777,-0.6504887342453003,0.013861922547221184,-10.032426834106445,0.5700000000000001
559447,11,18431,0.8245864510536194,-0.5648080706596375,-0.032389283180236816,18.03438949584961,0.4200000000000001
559447,12,35746,-0.16229625046253204,-0.9770783185958862,0.13776011765003204,1.8671072721481323,0.4200000000000001
559447,13,2681,-0.43909040093421936,0.732555091381073,0.5201563835144043,-12.135621070861816,0.4100000000000001
559447,14,3877,-0.5149597525596619,0.85697340965271,0.020324289798736572,-12.277174949645996,0.30000000000000004
559447,15,16253,0.9993456602096558,-0.029827585443854332,0.020460031926631927,18.2852840423584,0.24000000000000005
559447,16,47433,-0.7131558060646057,0.07640266418457031,-0.6968295574188232,-15.107556343078613,0.18000000000000005
559447,17,22756,0.9822831749916077,0.04409562796354294,-0.18214093148708344,17.804473876953125,0.14
559447,18,30580,-0.2839581072330475,-0.9497814774513245,-0.13146443665027618,0.6459702253341675,0.08000000000000002
559447,19,26173,-0.5670599937438965,-0.7704447507858276,-0.29130369424819946,-8.000964164733887,0.04000000000000001
559447,20,39315,0.3719925284385681,0.5696143507957458,-0.7329127192497253,1.6780784130096436,0.04000000000000001
559447,21,20595,0.9554169178009033,-0.17107589542865753,-0.24064825475215912,17.82732582092285,0.030000000000000006
559447,22,27396,-0.07360976189374924,-0.8157227039337158,0.5737404227256775,4.750057220458984,0.020000000000000004
569428,1,39256,-0.4904228746891022,0.6444242596626282,-0.5866879820823669,-11.367147445678711,6.580000000000001
569428,2,12368,0.9212721586227417,-0.3485508859157562,0.1725395917892456,18.463871002197266,3.730000000000001
569428,3,39104,-0.05926964059472084,0.6581472158432007,-0.7505527138710022,-1.8875912427902222,2.4700000000000006
569428,4,39427,-0.29428693652153015,0.34830397367477417,-0.8899884819984436,-3.4904117584228516,2.2300000000000004
569428,5,17808,0.9588913321495056,-0.27878502011299133,0.052974600344896317,20.314973831176758,1.5700000000000003
569428,6,38800,-0.12756748497486115,0.7159421443939209,-0.686406135559082,-3.8824617862701416,1.3900000000000003
569428,7,39649,-0.15429162979125977,0.6293158531188965,-0.761679470539093,-4.329409599304199,1.2200000000000002
569428,8,10168,0.9805088639259338,0.011188608594238758,0.19615605473518372,17.023563385009766,1.0300000000000002
569428,9,24450,-0.39834824204444885,-0.9119542837142944,0.09827517718076706,-2.3105106353759766,0.6600000000000001
569428,10,32543,-0.659368097782135,-0.7081134915351868,-0.2526044249534607,-8.225793838500977,0.5700000000000001
569428,11,7892,0.9934613704681396,-0.08800910413265228,0.07272474467754364,18.881450653076172,0.5300000000000001
569428,12,27604,-0.1318349391222,-0.9876692295074463,-0.084433913230896,4.841647148132324,0.39000000000000007
569428,13,10559,0.9577583074569702,-0.1703716665506363,-0.2316732108592987,21.305452346801758,0.3500000000000001
569428,14,22933,0.9711617827415466,-0.16819709539413452,-0.16898086667060852,19.353267669677734,0.23000000000000004
569428,15,39948,0.09302720427513123,0.037341661751270294,-0.9949631094932556,4.16033411026001,0.16000000000000003
569428,16,43251,-0.6993041038513184,-0.5206594467163086,-0.48978307843208313,-6.75692081451416,0.06000000000000001
569428,17,44948,-0.7703173756599426,-0.3700929284095764,-0.5192710161209106,-9.088793754577637,0.06000000000000001
569428,18,11848,0.8981767892837524,-0.2671442925930023,-0.3491596281528473,19.00112533569336,0.030000000000000006
569428,19,37744,0.4897952973842621,0.42207053303718567,-0.7628610730171204,10.3837251663208,0.020000000000000004
569428,20,45857,-0.9223837852478027,-0.2886790335178375,-0.25665661692619324,-14.421741485595703,0.010000000000000002
569428,21,47148,-0.53993821144104,-0.5279527902603149,-0.6555399298667908,-1.695483922958374,0.010000000000000002
619314,1,38854,0.3278461992740631,0.7168424129486084,-0.6153485178947449,8.503621101379395,3.7600000000000007
619314,2,39274,0.2972518801689148,0.280519962310791,-0.9126608967781067,4.064669132232666,3.4900000000000007
619314,3,30497,-0.7002238631248474,-0.6703667044639587,-0.2455504834651947,-19.058687210083008,1.9000000000000004
619314,4,40089,0.4825071096420288,0.26806628704071045,-0.8338629007339478,9.637066841125488,1.7100000000000004
619314,5,38918,-0.36324068903923035,0.6339799761772156,-0.6827338933944702,-9.448226928710938,1.7000000000000004
619314,6,21901,0.9573954939842224,-0.28327396512031555,-0.05612259358167648,21.91405487060547,1.3400000000000003
619314,7,38438,0.2375400811433792,0.0282732080668211,-0.9709661602973938,2.610175848007202,1.0900000000000003
619314,8,3093,-0.5126190185546875,0.8561332821846008,-0.06525001674890518,-8.45532512664795,0.9800000000000002
619314,9,3160,-0.4837917685508728,0.7491815686225891,0.45240744948387146,-5.708756446838379,0.8700000000000002
619314,10,29047,-0.6088245511054993,-0.782728374004364,0.12910836935043335,-16.638933181762695,0.8500000000000002
619314,11,38869,0.00537992874160409,0.7626522779464722,-0.6467863321304321,-0.11031339317560196,0.8300000000000002
619314,12,23475,0.9081484079360962,-0.2387397140264511,0.3439038395881653,20.803239822387695,0.5800000000000001
619314,13,44258,-0.5672158598899841,-0.44803157448768616,-0.6910382509231567,-18.187255859375,0.5000000000000001
619314,14,18289,0.9839072823524475,0.1786753237247467,-0.0012718396028503776,24.490161895751953,0.4800000000000001
619314,15,10221,0.8816322088241577,-0.4615913927555084,-0.09827522933483124,17.92093849182129,0.4100000000000001
619314,16,17855,0.9125468730926514,-0.20802339911460876,-0.3521142899990082,18.522817611694336,0.4100000000000001
619314,17,15185,0.9981704354286194,0.03833621367812157,-0.046755753457546234,21.992605209350586,0.39000000000000007
619314,18,4100,-0.42296579480171204,0.8979766368865967,0.121399886906147,-5.310096263885498,0.33000000000000007
619314,19,39677,0.045334894210100174,0.574148416519165,-0.8174951672554016,0.9017328023910522,0.30000000000000004
619314,20,10240,0.8986233472824097,-0.35421207547187805,-0.25886261463165283,18.036407470703125,0.10000000000000002
619314,21,14194,0.9711283445358276,-0.23159478604793549,-0.05721563473343849,22.27882957458496,0.07
169483,1,4447,-0.2626497149467468,0.9499725699424744,-0.16901838779449463,-0.28028613328933716,3.130000000000001
169483,2,38325,0.2204708755016327,0.5804798603057861,-0.7838594913482666,-0.10566222667694092,2.7100000000000004
169483,3,16612,0.9423553347587585,0.02485561929643154,0.333689421415329,-13.361181259155273,2.2300000000000004
169483,4,6112,-0.11284331232309341,0.9935562014579773,0.010605253279209137,-2.832768678665161,2.0900000000000003
169483,5,8173,0.9442906975746155,0.010026351548731327,0.32895973324775696,-12.314613342285156,1.5200000000000002
169483,6,9020,0.9483999013900757,0.0947902649641037,0.30257636308670044,-13.767064094543457,1.3600000000000003
169483,7,39194,-0.14015649259090424,0.6811470985412598,-0.7186061143875122,2.9040040969848633,1.3400000000000003
169483,8,42550,-0.9436898827552795,-0.19899094104766846,-0.2642953097820282,12.769552230834961,1.2100000000000002
169483,9,8911,0.8271657824516296,-0.5515516996383667,-0.10764525085687637,-7.814213752746582,1.1300000000000001
169483,10,39748,-0.3598843216896057,0.7754930853843689,-0.5187424421310425,3.496452569961548,0.9100000000000001
169483,11,22854,0.7604855298995972,-0.5192372798919678,-0.389941543340683,-4.437553405761719,0.8500000000000002
169483,12,12469,0.9967820644378662,0.07416906207799911,0.030405908823013306,-11.73218822479248,0.7600000000000001
169483,13,16146,0.9434149861335754,-0.18837858736515045,-0.27291324734687805,-9.305438995361328,0.6900000000000002
169483,14,33653,-0.18626289069652557,-0.8667475581169128,-0.462660551071167,6.8359904289245605,0.5500000000000002
169483,15,25254,-0.6392567753791809,-0.7019432187080383,-0.3140484690666199,13.174741744995117,0.10000000000000002
169483,16,36656,-0.6878730654716492,-0.1652253419160843,-0.7067751884460449,12.974782943725586,0.030000000000000006
169483,17,43994,-0.9126827716827393,0.1251354068517685,-0.3890388607978821,11.978979110717773,0.020000000000000004
11038,1,12872,0.9898027777671814,0.06944897025823593,-0.12436745315790176,-23.79239845275879,3.1100000000000008
11038,2,37375,-0.15029123425483704,0.6386401057243347,-0.7546862959861755,7.7843403816223145,2.9700000000000006
11038,3,40529,-0.050023432821035385,0.4334957003593445,-0.8997661471366882,3.2926361560821533,2.5400000000000005
11038,4,38224,0.24184370040893555,0.3393297791481018,-0.9090472459793091,-3.008329391479492,2.1400000000000006
11038,5,27421,-0.6762838363647461,-0.7220765948295593,-0.1457585245370865,10.881380081176758,1.6600000000000004
11038,6,13660,0.9841798543930054,-0.1760561317205429,0.019856009632349014,-23.90540885925293,1.4600000000000002
11038,7,25827,0.1382368803024292,-0.8764745593070984,0.4611755907535553,-8.582686424255371,1.4500000000000002
11038,8,38809,0.039047062397003174,0.6951459050178528,-0.717807412147522,4.261793613433838,0.6800000000000002
11038,9,4144,-0.18752360343933105,0.9819685220718384,0.023931635543704033,11.784914016723633,0.5700000000000001
11038,10,26081,-0.8600758910179138,-0.4174218475818634,-0.2933061718940735,18.158859252929688,0.38000000000000006
11038,11,5544,-0.33683326840400696,0.8231807351112366,-0.4570741653442383,13.708048820495605,0.3400000000000001
11038,12,38764,0.5373557806015015,0.327097624540329,-0.777338981628418,-10.657472610473633,0.24000000000000005
11038,13,28786,-0.3459645211696625,-0.721691370010376,0.5995582938194275,4.6546311378479,0.22000000000000003
11038,14,19443,0.9259012937545776,-0.3057236671447754,-0.22190053761005402,-23.429704666137695,0.17000000000000004
11038,15,39516,-0.24042533338069916,0.09509105235338211,-0.965998649597168,7.188600063323975,0.05000000000000001
11038,16,34420,-0.602730393409729,-0.6616776585578918,0.44598063826560974,9.85586166381836,0.020000000000000004
11038,17,5947,-0.4562854468822479,0.8898264765739441,-0.003524296684190631,17.439258575439453,0.010000000000000002
11038,18,24334,-0.370154470205307,-0.9282156229019165,0.03743558004498482,3.7920684814453125,0.010000000000000002
460975,1,38715,0.03228110447525978,0.4901750087738037,-0.8710260391235352,1.5589513778686523,5.130000000000001
460975,2,25963,-0.3497988283634186,-0.9299991130828857,-0.11288221180438995,-10.060628890991211,3.2000000000000006
460975,3,44115,-0.6928544044494629,-0.3195420801639557,-0.646409809589386,-9.788308143615723,2.9200000000000004
460975,4,39274,0.2972518801689148,0.280519962310791,-0.9126608967781067,4.064669132232666,2.3100000000000005
460975,5,39036,0.16881102323532104,0.3458646535873413,-0.9229736924171448,2.4249074459075928,1.2800000000000002
460975,6,37350,0.19336910545825958,0.6863222718238831,-0.7011206746101379,5.670892715454102,1.0400000000000003
460975,7,15791,0.9870434999465942,0.1448097676038742,0.06910306960344315,12.463406562805176,0.8100000000000002
460975,8,13453,0.9918116927146912,0.126112163066864,-0.020132293924689293,11.472861289978027,0.6700000000000002
460975,9,12119,0.9756692051887512,-0.19719204306602478,0.09583816677331924,11.160856246948242,0.4700000000000001
460975,10,44428,-0.8850669860839844,-0.17563842236995697,-0.4310540556907654,-10.804628372192383,0.4100000000000001
460975,11,9890,0.9753362536430359,-0.21272391080856323,-0.05888714641332626,10.61803913116455,0.4000000000000001
460975,12,36479,-0.44719627499580383,-0.8670174479484558,-0.21976400911808014,-9.768306732177734,0.30000000000000004
460975,13,5983,0.12366465479135513,0.9884282946586609,-0.08784406632184982,6.872097015380859,0.2700000000000001
460975,14,2564,-0.6741883754730225,0.7365443706512451,-0.054519884288311005,-4.625861644744873,0.23000000000000004
460975,15,37030,0.461966872215271,0.13617779314517975,-0.876380205154419,3.0259852409362793,0.20000000000000004
460975,16,39580,0.01584339700639248,0.5959397554397583,-0.8028728365898132,1.8605849742889404,0.10000000000000002
460975,17,589,-0.2029472440481186,0.97669517993927,0.06984954327344894,5.321471691131592,0.05000000000000001
460975,18,11444,0.6321010589599609,-0.62205570936203,-0.46205514669418335,4.161263465881348,0.04000000000000001
460975,19,798,-0.1719500869512558,0.9809703826904297,-0.09016776829957962,3.0588905811309814,0.020000000000000004
460975,20,16608,0.8671700954437256,-0.4300384521484375,-0.2511630952358246,5.820011138916016,0.010000000000000002
255788,1,27350,-0.3711130917072296,-0.906079888343811,0.20321016013622284,-3.4100570678710938,3.0200000000000005
255788,2,4949,-0.21933738887310028,0.9264764189720154,0.3058308959007263,5.689197540283203,2.2100000000000004
255788,3,5530,-0.643566906452179,0.7509280443191528,0.14808346331119537,6.161011695861816,2.1700000000000004
255788,4,39873,0.1750839501619339,0.7429322004318237,-0.646062970161438,6.219775199890137,2.1500000000000004
255788,5,37375,-0.15029123425483704,0.6386401057243347,-0.7546862959861755,7.7843403816223145,1.9100000000000004
255788,6,37773,-0.36983242630958557,-0.5368421673774719,-0.758303701877594,0.8618583679199219,1.2200000000000002
255788,7,23219,0.9217677116394043,-0.08689875900745392,-0.37787944078445435,-4.055237293243408,1.0400000000000003
255788,8,38635,0.8025465607643127,-0.057075921446084976,-0.5938529372215271,-2.832991600036621,0.8000000000000002
255788,9,38006,0.2053430676460266,0.19362005591392517,-0.9593464136123657,2.683488368988037,0.6200000000000001
255788,10,4854,-0.4707619547843933,0.8525673747062683,-0.22696267068386078,8.734582901000977,0.4700000000000001
255788,11,33476,-0.7245170474052429,-0.5905628204345703,-0.3554019629955292,0.6959778070449829,0.4700000000000001
255788,12,11122,0.9710776209831238,0.16688424348831177,0.17075690627098083,-6.010428428649902,0.19000000000000003
255788,13,41465,-0.960271954536438,0.016074277460575104,-0.2786025106906891,5.149857044219971,0.13000000000000003
255788,14,47352,-0.7893376350402832,-0.5756285786628723,-0.21353639662265778,0.7303431630134583,0.13000000000000003
255788,15,14777,0.9939203262329102,0.011495977640151978,-0.10949977487325668,-6.02271842956543,0.06000000000000001
255788,16,25147,-0.7095298171043396,-0.6674901247024536,-0.2258857637643814,1.6894896030426025,0.06000000000000001
255788,17,2546,-0.31001004576683044,0.9365574717521667,-0.16356608271598816,7.3159284591674805,0.010000000000000002
535108,1,39649,-0.15429162979125977,0.6293158531188965,-0.761679470539093,-4.329409599304199,2.7700000000000005
535108,2,27604,-0.1318349391222,-0.9876692295074463,-0.084433913230896,4.841647148132324,2.3300000000000005
535108,3,23459,0.9303463697433472,-0.20017863810062408,0.3072199821472168,16.45209312438965,1.8100000000000003
535108,4,38540,-0.07502289116382599,0.3200758695602417,-0.9444167613983154,-1.8810502290725708,1.6200000000000003
535108,5,38956,-0.2573342025279999,0.37842878699302673,-0.8891404271125793,-4.874604225158691,1.4400000000000004
535108,6,6960,-0.7662242650985718,0.618861734867096,-0.172946497797966,-15.920939445495605,1.3100000000000003
535108,7,6460,-0.551393985748291,0.7048046588897705,0.4463351368904114,-13.365006446838379,1.1800000000000002
535108,8,41314,-0.692624568939209,-0.5726826190948486,-0.43852680921554565,-7.17097282409668,0.9600000000000002
535108,9,25596,-0.6305726170539856,-0.7525379657745361,-0.18990735709667206,-4.818751811981201,0.8700000000000002
535108,10,9889,0.8906652331352234,-0.40610355138778687,-0.2044391632080078,16.257089614868164,0.8300000000000002
535108,11,39948,0.09302720427513123,0.037341661751270294,-0.9949631094932556,4.16033411026001,0.8000000000000002
535108,12,39256,-0.4904228746891022,0.6444242596626282,-0.5866879820823669,-11.367147445678711,0.6300000000000001
535108,13,41144,-0.6110254526138306,-0.7666029334068298,-0.19740279018878937,-3.7408626079559326,0.6100000000000001
535108,14,39207,-0.2660578489303589,0.6054182052612305,-0.7501213550567627,-7.137266635894775,0.5700000000000001
535108,15,39274,0.2972518801689148,0.280519962310791,-0.9126608967781067,4.064669132232666,0.4000000000000001
535108,16,38749,-0.011827786453068256,0.43572694063186646,-0.9000011682510376,-0.3160746693611145,0.28
535108,17,10568,0.9679809212684631,-0.19627916812896729,0.1564846783876419,17.277999877929688,0.19000000000000003
535108,18,33867,-0.8113875389099121,-0.4806136190891266,0.33265718817710876,-11.660909652709961,0.10000000000000002
535108,19,16639,0.9267957210540771,0.363632470369339,-0.09392102807760239,12.849366188049316,0.010000000000000002
486959,1,13814,0.9601670503616333,-0.16670364141464233,-0.2242523580789566,10.183685302734375,2.7300000000000004
486959,2,38909,-0.31949901580810547,0.07921693474054337,-0.944269597530365,-8.37463092803955,2.2100000000000004
486959,3,9944,0.9709661602973938,-0.08550770580768585,-0.2234124094247818,11.24690055847168,1.9600000000000004
486959,4,1785,0.02694496512413025,0.9996227025985718,-0.00533674331381917,-2.4016244411468506,1.8200000000000003
486959,5,15791,0.9870434999465942,0.1448097676038742,0.06910306960344315,12.463406562805176,1.5900000000000003
486959,6,35788,-0.5660073161125183,-0.7725763320922852,-0.28768303990364075,-7.609179973602295,0.7300000000000001
486959,7,40393,0.43984106183052063,0.16580377519130707,-0.8826375007629395,0.8073554039001465,0.6700000000000002
486959,8,2341,-0.3111463487148285,0.9474329352378845,-0.07455718517303467,-4.457772254943848,0.56
486959,9,787,-0.1281386762857437,0.9565789699554443,-0.2617960572242737,-3.6802279949188232,0.45000000000000007
486959,10,40464,0.044961947947740555,0.5538598299026489,-0.8313950300216675,-4.713716983795166,0.3600000000000001
486959,11,20694,0.9898289442062378,-0.08636348694562912,0.11304886639118195,12.416251182556152,0.30000000000000004
486959,12,1103,-0.6125555634498596,0.6508015990257263,-0.4485900104045868,-11.295165061950684,0.29000000000000004
486959,13,34421,-0.7022092938423157,-0.6998212337493896,-0.130966916680336,-7.705611228942871,0.2700000000000001
486959,14,37120,-0.34000253677368164,0.12691886723041534,-0.9318207502365112,-7.4374518394470215,0.2700000000000001
486959,15,28731,-0.49891430139541626,-0.7974353432655334,-0.3393838107585907,-6.295083522796631,0.22000000000000003
486959,16,28439,-0.09829932451248169,-0.9776063561439514,-0.18607263267040253,-0.027197718620300293,0.10000000000000002
486959,17,35230,-0.43257543444633484,-0.6959483027458191,0.5731792449951172,-0.44474077224731445,0.07
486959,18,17476,0.9812694787979126,-0.16141657531261444,-0.10514216870069504,11.313302040100098,0.010000000000000002
376857,1,39274,0.2972518801689148,0.280519962310791,-0.9126608967781067,4.064669132232666,4.380000000000001
376857,2,40024,-0.3677612841129303,0.6937432885169983,-0.619251012802124,-2.222072124481201,3.920000000000001
376857,3,16721,0.9586848020553589,-0.25734665989875793,0.12122773379087448,3.016663074493408,2.6200000000000006
376857,4,37895,0.01873147301375866,0.5181680917739868,-0.8550736308097839,1.5999280214309692,2.5300000000000007
376857,5,39757,-0.24880342185497284,0.2927461862564087,-0.9232532382011414,1.404260277748108,1.12
376857,6,37956,-0.5899155139923096,0.7805982232093811,-0.20655784010887146,-3.8231263160705566,0.9300000000000002
376857,7,36620,-0.6470473408699036,-0.6993348598480225,0.30374404788017273,0.6880587339401245,0.6600000000000001
376857,8,13073,0.995212972164154,0.06384789198637009,-0.07399081438779831,2.0937271118164062,0.6000000000000001
376857,9,7186,0.9747561812400818,0.1766810268163681,0.13650712370872498,1.0636816024780273,0.4700000000000001
376857,10,35669,-0.6882521510124207,-0.7175393104553223,-0.10698747634887695,0.8035230040550232,0.4100000000000001
376857,11,46628,-0.913734495639801,-0.40414464473724365,0.041908878833055496,-2.2469749450683594,0.4100000000000001
376857,12,26838,-0.46524152159690857,-0.8125768899917603,0.35109707713127136,-0.33773207664489746,0.26000000000000006
376857,13,43537,-0.7587746381759644,-0.44821372628211975,-0.47261562943458557,3.9438838958740234,0.19000000000000003
376857,14,8420,0.8669897317886353,0.02851821668446064,0.49750933051109314,0.3577401041984558,0.13000000000000003
376857,15,36463,-0.02410721778869629,-0.9891117811203003,-0.1451781690120697,4.18209981918335,0.11000000000000001
376857,16,37349,0.29625803232192993,0.7801558971405029,-0.5509881377220154,0.7696259021759033,0.11000000000000001
376857,17,30585,-0.706186056137085,-0.7048896551132202,-0.06657210737466812,1.1761362552642822,0.10000000000000002
578171,1,40131,-0.3278563916683197,-0.06933099031448364,-0.9421801567077637,-7.825867176055908,3.4900000000000007
578171,2,39462,-0.6648861169815063,0.6624485850334167,-0.34509167075157166,-8.98870849609375,2.9500000000000006
578171,3,23657,-0.41553995013237,-0.8225058913230896,-0.3883434236049652,-12.993042945861816,2.3100000000000005
578171,4,7342,0.9357176423072815,-0.06906870007514954,-0.34592190384864807,19.04796028137207,1.8200000000000003
578171,5,32884,-0.5257701277732849,-0.717241644859314,0.45730748772621155,-15.01982307434082,1.6000000000000003
578171,6,27982,-0.6106176376342773,-0.5541982054710388,0.5656946897506714,-15.210451126098633,1.5400000000000003
578171,7,43826,-0.7244094014167786,-0.3907950520515442,-0.5678998827934265,-16.150814056396484,1.3200000000000003
578171,8,3030,0.01576140709221363,0.9854128360748291,-0.16944950819015503,6.646866798400879,1.1800000000000002
578171,9,40089,0.4825071096420288,0.26806628704071045,-0.8338629007339478,9.637066841125488,0.6900000000000002
578171,10,33758,-0.17773927748203278,-0.9635105133056641,-0.20014062523841858,-8.842287063598633,0.6100000000000001
578171,11,15411,0.9722778797149658,-0.2283247709274292,-0.05043287202715874,18.51953887939453,0.4800000000000001
578171,12,4633,-0.17934994399547577,0.9708110690116882,0.15924669802188873,1.499470591545105,0.4200000000000001
578171,13,46308,-0.7651833891868591,-0.44805651903152466,-0.46231991052627563,-17.62941551208496,0.4200000000000001
578171,14,37991,-0.028047705069184303,0.5284666419029236,-0.8484905958175659,2.057325601577759,0.3500000000000001
578171,15,38300,0.35191938281059265,0.5662621259689331,-0.7453187108039856,11.240801811218262,0.33000000000000007
578171,16,11060,0.9933686852455139,0.0968857929110527,0.06190124899148941,21.5249080657959,0.30000000000000004
578171,17,32702,-0.867691159248352,-0.4851495325565338,-0.10836047679185867,-18.70761489868164,0.28
578171,18,20102,0.9846399426460266,-0.07601160556077957,0.1571827530860901,19.414695739746094,0.16000000000000003
578171,19,12678,0.9968217015266418,-0.06289828568696976,-0.0488906055688858,20.543210983276367,0.11000000000000001
578171,20,41647,-0.7202789187431335,-0.5732754468917847,-0.3905809819698334,-16.49773406982422,0.09000000000000002
578171,21,23776,-0.19638295471668243,-0.9718719124794006,0.12999527156352997,-8.826745986938477,0.08000000000000002
578171,22,40859,-0.39692825078964233,0.9147356152534485,0.07554273307323456,-1.674405574798584,0.07
578171,23,39141,0.2733496129512787,0.16814522445201874,-0.9471046328544617,6.736208438873291,0.020000000000000004
578171,24,1558,-0.7001686692237854,0.585722029209137,-0.4082811772823334,-11.273846626281738,0.010000000000000002
396711,1,43193,-0.5477274060249329,-0.7773244976997375,-0.30945324897766113,0.6594803333282471,4.2700000000000005
396711,2,40464,0.044961947947740555,0.5538598299026489,-0.8313950300216675,-4.713716983795166,3.9900000000000007
396711,3,33254,-0.707033097743988,-0.6144267320632935,0.3501199781894684,-0.5281788110733032,3.6200000000000006
396711,4,782,-0.3922315239906311,0.9198315739631653,-0.008020163513720036,-5.652916431427002,1.9600000000000004
396711,5,26752,-0.681595504283905,-0.7156312465667725,0.15264172852039337,-0.2692510485649109,1.2800000000000002
396711,6,33122,-0.8017602562904358,-0.5693379044532776,-0.1817547082901001,-2.0924386978149414,0.7900000000000001
396711,7,33049,-0.36229753494262695,-0.931644082069397,-0.02792549505829811,2.505059242248535,0.5700000000000001
396711,8,30902,-0.4606996476650238,-0.8873989582061768,0.01670069806277752,1.4555048942565918,0.4900000000000001
396711,9,39406,-0.07098226994276047,0.11186696588993073,-0.9911847710609436,-1.9333536624908447,0.19000000000000003
396711,10,26978,-0.2802359163761139,-0.9368898868560791,0.20905768871307373,3.269460439682007,0.14
396711,11,42552,-0.7584071159362793,-0.6343696117401123,-0.14964570105075836,-1.363743543624878,0.11000000000000001
396711,12,3544,-0.6231513619422913,0.7619105577468872,0.1765635758638382,-6.727710723876953,0.09000000000000002
396711,13,2079,-0.3491614758968353,0.8281452059745789,-0.43847665190696716,-7.307910442352295,0.05000000000000001
396711,14,8426,0.9274077415466309,-0.3696030378341675,0.05751953274011612,8.523344039916992,0.04000000000000001
396711,15,40975,-0.11758516728878021,0.2684561610221863,-0.9560883641242981,-4.997090816497803,0.030000000000000006
303939,1,39873,0.1750839501619339,0.7429322004318237,-0.646062970161438,6.219775199890137,3.9100000000000006
303939,2,18689,0.9401180148124695,-0.09002198278903961,0.3287462890148163,-4.731060028076172,1.9900000000000004
303939,3,1356,-0.4983222484588623,0.8668770790100098,0.014109519310295582,4.144926071166992,1.4800000000000002
303939,4,35240,-0.2362300604581833,-0.9479333758354187,-0.21358296275138855,-1.9207534790039062,1.3400000000000003
303939,5,35093,-0.5142092704772949,-0.7414918541908264,0.43102043867111206,-4.316799640655518,1.2400000000000002
303939,6,37773,-0.36983242630958557,-0.5368421673774719,-0.758303701877594,0.8618583679199219,1.0300000000000002
303939,7,8596,0.8850024342536926,-0.37584081292152405,0.27479878067970276,-4.897940635681152,0.7600000000000001
303939,8,19408,0.9617077112197876,-0.26085618138313293,0.08409713208675385,-2.6620328426361084,0.7500000000000001
303939,9,37155,-0.1191081702709198,0.7922998070716858,-0.5983930826187134,5.714597225189209,0.6600000000000001
303939,10,27685,-0.3619404435157776,-0.8826824426651001,0.29978469014167786,-3.85046648979187,0.6000000000000001
303939,11,21326,0.9062409400939941,-0.41575345396995544,-0.07665777206420898,-4.752981185913086,0.37000000000000005
303939,12,47080,-0.8992722630500793,-0.2628399729728699,-0.34960633516311646,3.0669479370117188,0.29000000000000004
303939,13,40060,0.2394055426120758,0.23269407451152802,-0.9426231980323792,5.669556617736816,0.23000000000000004
303939,14,28468,-0.6737883687019348,-0.7185392379760742,-0.17236749827861786,0.04259985685348511,0.17000000000000004
303939,15,36987,-0.6391856670379639,-0.7686727046966553,-0.024166196584701538,-1.1280757188796997,0.13000000000000003
303939,16,656,-0.44054946303367615,0.8951570391654968,0.06789696961641312,6.133081912994385,0.030000000000000006
445663,1,5189,-0.47085335850715637,0.8810825943946838,0.044615671038627625,0.19645912945270538,1.9100000000000004
445663,2,44115,-0.6928544044494629,-0.3195420801639557,-0.646409809589386,-9.788308143615723,1.6600000000000004
445663,3,17534,0.9602557420730591,-0.27906930446624756,-0.00540138129144907,7.044482231140137,1.6300000000000003
445663,4,38275,0.11259645968675613,0.4190138280391693,-0.9009714126586914,-0.852778971195221,1.6200000000000003
445663,5,44472,-0.683740496635437,-0.38636231422424316,-0.619050145149231,-9.489776611328125,1.3900000000000003
445663,6,10277,0.8741547465324402,-0.43710994720458984,0.21163253486156464,5.669075965881348,1.2000000000000002
445663,7,9963,0.9712026715278625,-0.2316604107618332,0.05566729977726936,8.371588706970215,1.1600000000000001
445663,8,40747,0.06364423036575317,0.6710307002067566,-0.7386929392814636,1.9580986499786377,1.0600000000000003
445663,9,30610,-0.49254924058914185,-0.801902174949646,-0.33815404772758484,-7.61248779296875,1.0100000000000002
445663,10,38700,0.7724648714065552,0.32387059926986694,-0.5462653636932373,5.38740348815918,0.7600000000000001
445663,11,16608,0.8671700954437256,-0.4300384521484375,-0.2511630952358246,5.820011138916016,0.7100000000000002
445663,12,10905,0.9777382016181946,0.17603757977485657,-0.11418752372264862,9.175292015075684,0.6100000000000001
445663,13,20711,0.9792970418930054,-0.20225517451763153,0.008378276601433754,7.247641086578369,0.29000000000000004
445663,14,40247,-0.6970901489257812,0.09212235361337662,-0.7110406756401062,-7.534245014190674,0.25000000000000006
445663,15,1179,-0.2570284903049469,0.9602656960487366,-0.10874820500612259,1.6739457845687866,0.07
445663,16,8450,0.9720245599746704,0.019430143758654594,0.23407414555549622,9.3517427444458,0.010000000000000002
406498,1,38015,0.4493981897830963,0.6492196321487427,-0.6136409044265747,0.17548948526382446,4.2700000000000005
406498,2,40224,-0.5085889101028442,0.18868519365787506,-0.8400804996490479,-1.1839962005615234,2.9000000000000004
406498,3,39274,0.2972518801689148,0.280519962310791,-0.9126608967781067,4.064669132232666,2.7900000000000005
406498,4,40631,0.2749715745449066,0.5769567489624023,-0.7690978646278381,1.1253401041030884,2.5000000000000004
406498,5,17160,0.9666635394096375,-0.08044841885566711,0.24308361113071442,4.1235504150390625,2.2300000000000004
406498,6,11488,0.8716289401054382,-0.4095327854156494,-0.2693434953689575,8.315221786499023,1.1400000000000001
406498,7,35669,-0.6882521510124207,-0.7175393104553223,-0.10698747634887695,0.8035230040550232,0.9700000000000002
406498,8,32682,-0.7891159057617188,-0.507053017616272,0.3466891050338745,-2.6478419303894043,0.9400000000000002
406498,9,17713,0.9307892322540283,-0.2719309329986572,0.2443051040172577,6.470431804656982,0.9200000000000002
406498,10,18432,0.9680439233779907,-0.22774405777454376,-0.10499344021081924,8.227438926696777,0.8200000000000002
406498,11,36562,-0.6978151202201843,-0.6989023089408875,0.15681082010269165,-0.2889028787612915,0.8100000000000002
406498,12,40780,-0.332123339176178,0.21037517488002777,-0.9194761514663696,1.0795493125915527,0.7400000000000001
406498,13,38692,0.0017987971659749746,0.1775083839893341,-0.9841176271438599,3.1477043628692627,0.7300000000000001
406498,14,3614,-0.14052385091781616,0.8985589146614075,0.4157462418079376,-8.67212200164795,0.4700000000000001
406498,15,24798,-0.40262943506240845,-0.9136452674865723,0.05605224519968033,4.139491081237793,0.45000000000000007
406498,16,21596,0.9892793893814087,-0.13342463970184326,0.059365078806877136,7.141685485839844,0.3400000000000001
406498,17,35972,-0.18817220628261566,-0.9024505019187927,-0.38752326369285583,8.485433578491211,0.24000000000000005
406498,18,39796,0.23737061023712158,0.23405198752880096,-0.9428015947341919,2.520249366760254,0.20000000000000004
406498,19,38264,0.03232073038816452,0.4445834457874298,-0.8951541185379028,1.3315809965133667,0.19000000000000003
406498,20,39315,0.3719925284385681,0.5696143507957458,-0.7329127192497253,1.6780784130096436,0.19000000000000003
406498,21,38800,-0.12756748497486115,0.7159421443939209,-0.686406135559082,-3.8824617862701416,0.18000000000000005
406498,22,10671,0.8697730898857117,-0.4040167033672333,0.28331121802330017,5.215919494628906,0.09000000000000002
406498,23,38157,-0.27494290471076965,0.5644407272338867,-0.7783399224281311,-1.3523015975952148,0.08000000000000002
406498,24,13238,0.9691795706748962,-0.24093323945999146,-0.0514020100235939,5.969481468200684,0.05000000000000001
406498,25,5580,-0.7592477202415466,0.6174936890602112,-0.2055344581604004,-8.139894485473633,0.04000000000000001
406498,26,6211,-0.5254019498825073,0.8162591457366943,-0.24015367031097412,-8.981443405151367,0.010000000000000002
406498,27,38940,-0.4396671652793884,0.4659554064273834,-0.7678400278091431,-1.545396089553833,0.010000000000000002
406498,28,39886,-0.11768582463264465,0.8999176621437073,-0.41987887024879456,-5.350425720214844,0.010000000000000002
463276,1,39649,-0.15429162979125977,0.6293158531188965,-0.761679470539093,-4.329409599304199,3.3300000000000005
463276,2,23224,0.940111517906189,-0.2253631353378296,0.25573763251304626,11.158096313476562,3.2400000000000007
463276,3,38540,-0.07502289116382599,0.3200758695602417,-0.9444167613983154,-1.8810502290725708,3.2400000000000007
463276,4,39427,-0.29428693652153015,0.34830397367477417,-0.8899884819984436,-3.4904117584228516,2.1300000000000003
463276,5,31733,-0.9164634943008423,-0.3999796509742737,0.010530945844948292,-6.063042163848877,1.7600000000000002
463276,6,42849,-0.6824225783348083,-0.5039616823196411,-0.5294545292854309,-1.3129491806030273,1.0800000000000003
463276,7,38015,0.4493981897830963,0.6492196321487427,-0.6136409044265747,0.17548948526382446,1.0400000000000003
463276,8,8346,0.9309174418449402,0.187977135181427,0.31314095854759216,8.031546592712402,1.0300000000000002
463276,9,38275,0.11259645968675613,0.4190138280391693,-0.9009714126586914,-0.852778971195221,0.9200000000000002
463276,10,20730,0.8640891313552856,-0.49337807297706604,-0.09963966906070709,13.209927558898926,0.8400000000000002
463276,11,19146,0.8725871443748474,-0.48582762479782104,0.050628140568733215,11.626229286193848,0.7300000000000001
463276,12,39315,0.3719925284385681,0.5696143507957458,-0.7329127192497253,1.6780784130096436,0.25000000000000006
463276,13,41839,-0.9447678327560425,-0.29896727204322815,-0.13428445160388947,-6.088990211486816,0.15000000000000002
463276,14,47144,-0.6793671250343323,-0.5736971497535706,-0.4575279653072357,-3.530412197113037,0.09000000000000002
463276,15,10220,0.9851998686790466,-0.029629213735461235,-0.16882918775081635,10.346598625183105,0.06000000000000001
463276,16,34940,-0.1322370022535324,-0.969506561756134,0.20632608234882355,3.644704580307007,0.05000000000000001
463276,17,29584,-0.43202289938926697,-0.8836730122566223,-0.18021705746650696,3.7613444328308105,0.020000000000000004
428310,1,39696,-0.07063128799200058,0.34466812014579773,-0.9360636472702026,3.067375659942627,6.950000000000001
428310,2,37373,0.03881318122148514,0.36650359630584717,-0.9296067357063293,3.544081211090088,3.0600000000000005
428310,3,40397,0.033337656408548355,0.2608182728290558,-0.9648120999336243,2.763707399368286,2.9300000000000006
428310,4,38438,0.2375400811433792,0.0282732080668211,-0.9709661602973938,2.610175848007202,2.1400000000000006
428310,5,9960,0.9768595695495605,-0.19993412494659424,0.07597175985574722,6.935235977172852,2.1100000000000003
428310,6,27027,-0.32483789324760437,-0.9096565842628479,0.2588537037372589,-7.972418308258057,1.2000000000000002
428310,7,42038,-0.6501759886741638,-0.31562286615371704,-0.6911247372627258,-6.2464494705200195,1.1800000000000002
428310,8,38340,-0.17182035744190216,0.7047844529151917,-0.688299834728241,5.174217224121094,0.8000000000000002
428310,9,2153,-0.17154374718666077,0.9606062769889832,-0.2186511605978012,5.863519191741943,0.7500000000000001
428310,10,16131,0.9825019240379333,-0.13159315288066864,-0.13180741667747498,5.443408012390137,0.7500000000000001
428310,11,46693,-0.921146035194397,-0.07832301408052444,-0.3812551200389862,-6.662149906158447,0.6900000000000002
428310,12,30203,-0.5203227996826172,-0.6501696705818176,-0.5536637902259827,-9.1864652633667,0.5400000000000001
428310,13,21129,0.9851181507110596,-0.10606605559587479,-0.1352488100528717,7.949678421020508,0.31000000000000005
428310,14,29863,-0.3351442813873291,-0.9361668825149536,-0.10615970194339752,-10.556618690490723,0.30000000000000004
428310,15,33572,-0.5280044674873352,-0.8170962333679199,-0.23144115507602692,-8.990225791931152,0.17000000000000004
428310,16,36385,-0.7764342427253723,-0.6234815716743469,-0.09176356345415115,-10.786587715148926,0.16000000000000003
428310,17,3636,-0.24854354560375214,0.9346566796302795,-0.2542499601840973,4.673654556274414,0.07
428310,18,540,-0.616751492023468,0.7755584120750427,0.1346355527639389,0.8024138808250427,0.06000000000000001
428310,19,40104,-0.11044330894947052,0.7410185933113098,-0.6623395681381226,5.866326808929443,0.05000000000000001
428310,20,30001,-0.42971736192703247,-0.8021847009658813,-0.414539098739624,-7.0044684410095215,0.030000000000000006
428310,21,14309,0.9188927412033081,-0.35918787121772766,0.1631568968296051,3.9737019538879395,0.010000000000000002
428310,22,39873,0.1750839501619339,0.7429322004318237,-0.646062970161438,6.219775199890137,0.010000000000000002
160151,1,38134,-0.11972483992576599,0.245659738779068,-0.9619341492652893,-2.406007766723633,3.810000000000001
160151,2,39968,0.5660015940666199,0.48800650238990784,-0.6644484996795654,-8.148909568786621,2.3900000000000006
160151,3,37773,-0.36983242630958557,-0.5368421673774719,-0.758303701877594,0.8618583679199219,1.3700000000000003
160151,4,2861,-0.14439663290977478,0.9678241014480591,-0.2060731202363968,3.7618939876556396,1.3500000000000003
160151,5,1963,0.18389569222927094,0.961376965045929,0.20478443801403046,0.18154197931289673,1.3100000000000003
160151,6,24005,-0.8002034425735474,-0.581150472164154,-0.14811678230762482,9.007549285888672,1.1500000000000001
160151,7,474,-0.5304126739501953,0.7100480794906616,-0.46313509345054626,5.250975608825684,1.0200000000000002
160151,8,20183,0.8876757621765137,-0.42683544754981995,-0.17275191843509674,-13.521722793579102,0.7400000000000001
160151,9,46406,-0.8417218923568726,-0.39121291041374207,-0.3720977008342743,8.332582473754883,0.7100000000000002
160151,10,44410,-0.6821132302284241,-0.5697940587997437,-0.4583190083503723,5.195939064025879,0.4700000000000001
160151,11,1389,0.03857522830367088,0.9288485050201416,-0.3684459626674652,0.7804667353630066,0.44000000000000006
160151,12,46237,-0.96401447057724,-0.15272372961044312,-0.21760419011116028,10.968661308288574,0.38000000000000006
160151,13,4059,-0.2507617175579071,0.930844783782959,-0.26579412817955017,2.9077224731445312,0.12000000000000002
160151,14,14345,0.882648766040802,-0.45935559272766113,0.0996173620223999,-10.389162063598633,0.10000000000000002
160151,15,37066,-0.27138400077819824,0.4280444085597992,-0.8620491623878479,1.774187445640564,0.04000000000000001
160151,16,39508,-0.19165286421775818,0.9083378911018372,-0.3717411458492279,2.9754371643066406,0.030000000000000006
285895,1,38800,-0.12756748497486115,0.7159421443939209,-0.686406135559082,-3.8824617862701416,4.410000000000001
285895,2,40282,-0.13773728907108307,0.2547806203365326,-0.9571391344070435,-0.2602296471595764,3.7400000000000007
285895,3,21359,0.6704850792884827,-0.6512459516525269,0.3554271459579468,1.311845302581787,1.6700000000000004
285895,4,40024,-0.3677612841129303,0.6937432885169983,-0.619251012802124,-2.222072124481201,1.5600000000000003
285895,5,41613,-0.9081368446350098,-0.2934795022010803,-0.2985921800136566,3.650160789489746,1.2200000000000002
285895,6,30713,-0.8662996292114258,-0.35394224524497986,0.35249093174934387,5.87454891204834,1.0700000000000003
285895,7,38540,-0.07502289116382599,0.3200758695602417,-0.9444167613983154,-1.8810502290725708,1.0700000000000003
285895,8,37685,-0.23729351162910461,0.16653597354888916,-0.9570567011833191,-0.6218308210372925,0.6200000000000001
285895,9,38940,-0.4396671652793884,0.4659554064273834,-0.7678400278091431,-1.545396089553833,0.5400000000000001
285895,10,23067,0.9677203297615051,-0.20464633405208588,-0.1470961570739746,-2.958334445953369,0.4800000000000001
285895,11,838,0.14011456072330475,0.9769512414932251,0.1610410511493683,-7.250495910644531,0.4200000000000001
285895,12,21073,0.9545882344245911,0.2528160810470581,-0.15762384235858917,-4.603414058685303,0.38000000000000006
285895,13,14752,0.9065985083580017,-0.2713477313518524,-0.3231864869594574,0.09208090603351593,0.37000000000000005
285895,14,35,-0.32495325803756714,0.9059983491897583,-0.2712423503398895,-3.4726345539093018,0.31000000000000005
285895,15,35646,-0.3235241770744324,-0.8465345501899719,-0.42274266481399536,5.284065246582031,0.29000000000000004
285895,16,5767,-0.5854572057723999,0.8099378943443298,0.03522038459777832,-2.243278741836548,0.16000000000000003
285895,17,40238,0.6928187608718872,0.40636926889419556,-0.5957064628601074,-5.158870220184326,0.16000000000000003
285895,18,8154,0.9828671813011169,0.18228642642498016,0.02727200649678707,-3.8752875328063965,0.12000000000000002
285895,19,8254,0.979169487953186,-0.190264493227005,0.07089780271053314,-1.2304654121398926,0.11000000000000001
285895,20,1349,-0.41327372193336487,0.9026647806167603,-0.12000486999750137,-2.809849977493286,0.07
285895,21,7782,0.9793329238891602,0.20176026225090027,-0.014135436154901981,-4.136072635650635,0.05000000000000001
285895,22,30574,-0.31080952286720276,-0.9409421682357788,-0.1342581808567047,7.6361823081970215,0.010000000000000002
513590,1,40859,-0.39692825078964233,0.9147356152534485,0.07554273307323456,-1.674405574798584,3.8400000000000007
513590,2,37922,-0.5260300040245056,0.5605870485305786,-0.6395581364631653,-8.034317970275879,2.3900000000000006
513590,3,21301,0.9860150218009949,-0.16656066477298737,-0.00565467681735754,14.156255722045898,1.3900000000000003
513590,4,40851,-0.24725313484668732,0.1798940896987915,-0.9521050453186035,-5.248562335968018,1.3000000000000003
513590,5,28784,-0.6345254182815552,-0.7493302226066589,-0.18942464888095856,-11.302068710327148,0.9000000000000001
513590,6,38275,0.11259645968675613,0.4190138280391693,-0.9009714126586914,-0.852778971195221,0.5400000000000001
513590,7,18954,0.7865368723869324,-0.5947975516319275,-0.16605903208255768,7.599140644073486,0.4700000000000001
513590,8,3015,-0.5740921497344971,0.8113802671432495,-0.10991014540195465,-6.131819725036621,0.4600000000000001
513590,9,40795,0.30236828327178955,0.2998158633708954,-0.9048115015029907,1.5389090776443481,0.44000000000000006
513590,10,37351,0.148546501994133,0.08620115369558334,-0.9851412773132324,-0.39532577991485596,0.37000000000000005
513590,11,10727,0.9709580540657043,-0.22567999362945557,-0.07942892611026764,12.787649154663086,0.32000000000000006
513590,12,32921,-0.36643359065055847,-0.9209359884262085,-0.1326775848865509,-8.031997680664062,0.31000000000000005
513590,13,6867,-0.16125592589378357,0.9380430579185486,0.30671122670173645,1.9650273323059082,0.28
513590,14,37971,0.27071020007133484,0.591836154460907,-0.7592403888702393,3.9562249183654785,0.2700000000000001
513590,15,40318,0.36789482831954956,0.5078712701797485,-0.778922438621521,4.558015823364258,0.22000000000000003
513590,16,38909,-0.31949901580810547,0.07921693474054337,-0.944269597530365,-8.37463092803955,0.04000000000000001
513590,17,1991,-0.4457143545150757,0.7705929279327393,-0.4555493891239166,-5.795875549316406,0.030000000000000006
513590,18,11444,0.6321010589599609,-0.62205570936203,-0.46205514669418335,4.161263465881348,0.030000000000000006
551585,1,37701,0.006288016214966774,0.7017844319343567,-0.7123616337776184,3.190706729888916,4.500000000000001
551585,2,29175,-0.721347451210022,-0.6220245361328125,0.30453795194625854,-13.900918960571289,2.8900000000000006
551585,3,15496,0.9783209562301636,0.18639734387397766,0.09024463593959808,15.830504417419434,2.4300000000000006
551585,4,38854,0.3278461992740631,0.7168424129486084,-0.6153485178947449,8.503621101379395,2.24
551585,5,20087,0.9672582745552063,-0.18552063405513763,-0.17318645119667053,17.154714584350586,1.9200000000000004
551585,6,38728,-0.19659730792045593,-0.039730317890644073,-0.9796790480613708,3.452881097793579,1.6800000000000004
551585,7,4190,-0.04600232467055321,0.9543673396110535,-0.2950708866119385,-0.29866325855255127,1.5400000000000003
551585,8,37700,0.15899330377578735,0.15623629093170166,-0.9748391509056091,9.241222381591797,1.1700000000000002
551585,9,36509,-0.23161813616752625,-0.9696835875511169,-0.07788943499326706,-1.9807153940200806,1.1400000000000001
551585,10,33154,-0.3724759817123413,-0.8364552855491638,0.4020003080368042,-8.36503791809082,1.12
551585,11,39778,-0.17392507195472717,0.5225462913513184,-0.834682822227478,1.8723549842834473,1.0700000000000003
551585,12,6620,-0.1842460334300995,0.9671141505241394,0.17533862590789795,-4.247641086578369,0.5000000000000001
551585,13,37031,-0.4530847668647766,0.6922814846038818,-0.5616587400436401,-5.088140487670898,0.12000000000000002
551585,14,19709,0.9007173180580139,-0.43436485528945923,-0.005958582740277052,15.152838706970215,0.09000000000000002
551585,15,26106,-0.3523999750614166,-0.8425840139389038,-0.4072669744491577,-3.046473979949951,0.08000000000000002
551585,16,16863,0.9781493544578552,0.20757579803466797,-0.011665771715342999,16.13383674621582,0.06000000000000001
551585,17,31449,-0.09435626119375229,-0.8068031072616577,-0.5832372307777405,1.8895699977874756,0.06000000000000001
95760,1,37093,-0.03619179129600525,0.6194687485694885,-0.784186601638794,-2.752993106842041,5.760000000000002
95760,2,37066,-0.27138400077819824,0.4280444085597992,-0.8620491623878479,1.774187445640564,4.620000000000001
95760,3,40392,-0.2827858030796051,0.789330780506134,-0.5449671149253845,-0.3147764205932617,4.390000000000001
95760,4,6185,-0.7173755168914795,0.4570907652378082,-0.5257760286331177,10.044638633728027,1.8700000000000003
95760,5,39628,0.587864875793457,0.4261399209499359,-0.6876188516616821,-12.227197647094727,1.1400000000000001
95760,6,14865,0.9385690689086914,-0.24842704832553864,0.23952463269233704,-15.33734130859375,1.0300000000000002
95760,7,20606,0.9792691469192505,-0.19966906309127808,0.03412097692489624,-16.070301055908203,0.6000000000000001
95760,8,29911,-0.2898125946521759,-0.9570556879043579,-0.007283537182956934,10.14636516571045,0.5700000000000001
95760,9,31310,-0.5952500700950623,-0.7572823762893677,-0.26870205998420715,16.177248001098633,0.4600000000000001
95760,10,42544,-0.8039250373840332,-0.437252014875412,-0.40313172340393066,17.32117462158203,0.3400000000000001
95760,11,45681,-0.6095213294029236,-0.5389264225959778,-0.5814138650894165,12.392755508422852,0.26000000000000006
95760,12,39438,0.19613119959831238,0.8085002303123474,-0.5548512935638428,-7.329899787902832,0.16000000000000003
95760,13,40164,0.31339648365974426,0.0481569766998291,-0.9484004974365234,-4.277862071990967,0.10000000000000002
95760,14,7738,0.8150221705436707,-0.27150920033454895,0.5118804574012756,-12.769525527954102,0.05000000000000001
95760,15,26536,-0.5327881574630737,-0.6284497976303101,0.5667341947555542,12.422666549682617,0.05000000000000001
95760,16,11630,0.9767074584960938,0.11089769750833511,-0.18369607627391815,-15.377305030822754,0.020000000000000004
95760,17,12939,0.8955703377723694,-0.42651066184043884,-0.1266586035490036,-13.949503898620605,0.020000000000000004
95760,18,39215,0.39177173376083374,0.729589581489563,-0.5605478882789612,-12.203351974487305,0.020000000000000004
370644,1,40094,-0.04916330799460411,0.8251908421516418,-0.5627104043960571,3.1353607177734375,2.7000000000000006
370644,2,13073,0.995212972164154,0.06384789198637009,-0.07399081438779831,2.0937271118164062,2.6300000000000003
370644,3,40060,0.2394055426120758,0.23269407451152802,-0.9426231980323792,5.669556617736816,2.4800000000000004
370644,4,40312,0.3208484351634979,0.6721141338348389,-0.6673222184181213,4.789607048034668,1.9700000000000004
370644,5,38700,0.7724648714065552,0.32387059926986694,-0.5462653636932373,5.38740348815918,1.5900000000000003
370644,6,37279,0.01246197521686554,0.7375673651695251,-0.6751585602760315,5.033202648162842,0.9600000000000002
370644,7,37773,-0.36983242630958557,-0.5368421673774719,-0.758303701877594,0.8618583679199219,0.9500000000000002
370644,8,14221,0.9469860196113586,-0.31050997972488403,-0.08246833086013794,2.0846269130706787,0.7100000000000002
370644,9,22683,0.9213706851005554,-0.03426140919327736,0.38717201352119446,0.25018900632858276,0.5900000000000001
370644,10,9726,0.990787923336029,0.06109551712870598,0.12085781246423721,2.650900363922119,0.25000000000000006
370644,11,6424,-0.6131245493888855,0.776645302772522,0.1445695459842682,0.16095006465911865,0.20000000000000004
370644,12,21792,0.8927043676376343,-0.3513205349445343,-0.2822282612323761,3.8233282566070557,0.20000000000000004
370644,13,25521,-0.09278102964162827,-0.9701398611068726,-0.22409896552562714,-1.345097541809082,0.13000000000000003
370644,14,25767,-0.35855600237846375,-0.7423585653305054,-0.5659870505332947,0.8347197771072388,0.05000000000000001
370644,15,46676,-0.7125142812728882,-0.3536264896392822,-0.6060294508934021,1.9361273050308228,0.05000000000000001
467264,1,39580,0.01584339700639248,0.5959397554397583,-0.8028728365898132,1.8605849742889404,5.260000000000001
467264,2,39592,-0.22351568937301636,0.7514988780021667,-0.620717465877533,-0.1717674434185028,3.5400000000000005
467264,3,37030,0.461966872215271,0.13617779314517975,-0.876380205154419,3.0259852409362793,1.9900000000000004
467264,4,25963,-0.3497988283634186,-0.9299991130828857,-0.11288221180438995,-10.060628890991211,1.4100000000000004
467264,5,44115,-0.6928544044494629,-0.3195420801639557,-0.646409809589386,-9.788308143615723,0.9800000000000002
467264,6,38702,-0.15130534768104553,0.37709954380989075,-0.9137300848960876,-2.3159379959106445,0.9700000000000002
467264,7,13453,0.9918116927146912,0.126112163066864,-0.020132293924689293,11.472861289978027,0.9100000000000001
467264,8,26883,-0.3524079918861389,-0.9335328936576843,-0.06576443463563919,-8.690153121948242,0.7800000000000001
467264,9,15791,0.9870434999465942,0.1448097676038742,0.06910306960344315,12.463406562805176,0.7200000000000002
467264,10,16608,0.8671700954437256,-0.4300384521484375,-0.2511630952358246,5.820011138916016,0.6600000000000001
467264,11,22672,0.9891268610954285,-0.008869429118931293,0.14679713547229767,10.529108047485352,0.6300000000000001
467264,12,44428,-0.8850669860839844,-0.17563842236995697,-0.4310540556907654,-10.804628372192383,0.5400000000000001
467264,13,9963,0.9712026715278625,-0.2316604107618332,0.05566729977726936,8.371588706970215,0.39000000000000007
467264,14,12119,0.9756692051887512,-0.19719204306602478,0.09583816677331924,11.160856246948242,0.39000000000000007
467264,15,5189,-0.47085335850715637,0.8810825943946838,0.044615671038627625,0.19645912945270538,0.3600000000000001
467264,16,2564,-0.6741883754730225,0.7365443706512451,-0.054519884288311005,-4.625861644744873,0.3400000000000001
467264,17,19498,0.8556830883026123,-0.010242116637527943,0.5173987746238708,11.750125885009766,0.23000000000000004
467264,18,39049,0.05056001618504524,0.4903784990310669,-0.8700417280197144,0.9345574378967285,0.18000000000000005
467264,19,40747,0.06364423036575317,0.6710307002067566,-0.7386929392814636,1.9580986499786377,0.11000000000000001
467264,20,38715,0.03228110447525978,0.4901750087738037,-0.8710260391235352,1.5589513778686523,0.09000000000000002
467264,21,8139,0.9304971694946289,-0.15981407463550568,-0.3295973837375641,9.884041786193848,0.010000000000000002
467264,22,18920,0.9564964175224304,-0.28590065240859985,-0.05809849500656128,9.370800018310547,0.010000000000000002
23078,1,37375,-0.15029123425483704,0.6386401057243347,-0.7546862959861755,7.7843403816223145,3.6000000000000005
23078,2,40371,0.31454089283943176,0.7837101817131042,-0.5355952978134155,-3.9600560665130615,3.2800000000000007
23078,3,36704,-0.3041718602180481,-0.9525694251060486,0.00953497551381588,6.116394996643066,1.4800000000000002
23078,4,23667,-0.7330760359764099,-0.6290366053581238,0.2586745619773865,13.370336532592773,1.4500000000000002
23078,5,39968,0.5660015940666199,0.48800650238990784,-0.6644484996795654,-8.148909568786621,0.8400000000000002
23078,6,42934,-0.8243040442466736,-0.19008462131023407,-0.5332829356193542,19.842275619506836,0.7200000000000002
23078,7,15455,0.9922866821289062,0.10530701279640198,-0.06540311127901077,-21.647789001464844,0.6800000000000002
23078,8,8058,0.9745891690254211,-0.1659020483493805,0.15050721168518066,-21.026124954223633,0.5900000000000001
23078,9,38325,0.2204708755016327,0.5804798603057861,-0.7838594913482666,-0.10566222667694092,0.56
23078,10,37289,0.10764801502227783,0.03610878437757492,-0.9935331344604492,2.939838171005249,0.4600000000000001
23078,11,37775,0.12319371104240417,0.0788036584854126,-0.9892488718032837,1.7002711296081543,0.44000000000000006
23078,12,38834,-0.012272434309124947,0.47582635283470154,-0.8794535994529724,5.296192169189453,0.39000000000000007
23078,13,43759,-0.8875269889831543,-0.3209742605686188,-0.33056217432022095,19.20331382751465,0.29000000000000004
23078,14,16995,0.9345636367797852,-0.2104533612728119,0.2868800163269043,-22.408132553100586,0.15000000000000002
23078,15,22974,0.7835720777511597,0.2248389571905136,-0.5791910290718079,-15.821512222290039,0.04000000000000001
23078,16,8915,0.9840533137321472,-0.17066285014152527,-0.05013277381658554,-19.867231369018555,0.030000000000000006
23078,17,1745,-0.17594870924949646,0.8902735710144043,-0.4200655221939087,6.029031753540039,0.020000000000000004
23078,18,6899,-0.3559185266494751,0.932099461555481,-0.06717585027217865,10.456328392028809,0.020000000000000004
86737,1,38134,-0.11972483992576599,0.245659738779068,-0.9619341492652893,-2.406007766723633,3.480000000000001
86737,2,38614,-0.13890017569065094,0.5022006630897522,-0.8535228371620178,-1.8778525590896606,2.9200000000000004
86737,3,39193,0.05412905290722847,0.4398408830165863,-0.8964430093765259,-4.634550094604492,2.6700000000000004
86737,4,44089,-0.8548195958137512,-0.310818076133728,-0.41554248332977295,13.622530937194824,1.8500000000000003
86737,5,7738,0.8150221705436707,-0.27150920033454895,0.5118804574012756,-12.769525527954102,1.7100000000000004
86737,6,29674,-0.4847829341888428,-0.8116530179977417,-0.3258908987045288,6.510006904602051,1.1700000000000002
86737,7,46446,-0.6696816086769104,-0.6623497605323792,-0.3358859419822693,11.43519401550293,0.9900000000000002
86737,8,15446,0.9582388401031494,0.1554659754037857,-0.24001812934875488,-17.18651580810547,0.9800000000000002
86737,9,7759,0.9769473671913147,-0.2124159187078476,-0.021292272955179214,-16.80088996887207,0.8300000000000002
86737,10,37093,-0.03619179129600525,0.6194687485694885,-0.784186601638794,-2.752993106842041,0.5800000000000001
86737,11,20606,0.9792691469192505,-0.19966906309127808,0.03412097692489624,-16.070301055908203,0.5500000000000002
86737,12,6325,-0.1957208663225174,0.9221956729888916,-0.33353930711746216,2.8897171020507812,0.4700000000000001
86737,13,17537,0.713651180267334,-0.36283668875694275,-0.5992091298103333,-16.431976318359375,0.4700000000000001
86737,14,43671,-0.6732053756713867,-0.5981603860855103,-0.4347398281097412,11.096380233764648,0.45000000000000007
86737,15,4946,-0.26881924271583557,0.7961413860321045,0.5421209335327148,7.022752285003662,0.3500000000000001
86737,16,715,-0.4539965093135834,0.8869964480400085,0.08440636843442917,9.49925422668457,0.31000000000000005
86737,17,20975,0.8493795990943909,-0.304097980260849,-0.43136849999427795,-15.707404136657715,0.22000000000000003
86737,18,44667,-0.6425851583480835,-0.4477464556694031,-0.6217776536941528,8.694762229919434,0.22000000000000003
86737,19,32925,-0.6266846060752869,-0.7755677103996277,-0.07590261101722717,12.052435874938965,0.12000000000000002
86737,20,29723,-0.3222612142562866,-0.9396902322769165,-0.11458604782819748,6.448429107666016,0.11000000000000001
86737,21,2793,-0.2919415235519409,0.8980141878128052,-0.32915136218070984,2.8314590454101562,0.06000000000000001
86737,22,41503,-0.6378571391105652,-0.5919085144996643,-0.49272972345352173,7.683492183685303,0.05000000000000001
86737,23,31358,-0.34069445729255676,-0.9256731271743774,0.16448867321014404,5.860327243804932,0.04000000000000001
86737,24,42334,-0.6482973098754883,-0.7226074934005737,-0.2398938089609146,8.909070014953613,0.020000000000000004
353997,1,28850,-0.9215743541717529,-0.3850332498550415,-0.04949818179011345,-2.236088275909424,3.1100000000000008
353997,2,19388,0.9594634175300598,-0.16355909407138824,-0.22951778769493103,-0.6893841028213501,3.0900000000000007
353997,3,38961,0.28054818511009216,0.6347153186798096,-0.7200202941894531,-2.206622362136841,2.5400000000000005
353997,4,14488,0.7507137060165405,-0.45862454175949097,-0.47549185156822205,-1.3559471368789673,2.1900000000000004
353997,5,19738,0.9921791553497314,-0.1220819428563118,0.026009811088442802,2.2059059143066406,1.6300000000000003
353997,6,26218,-0.6031995415687561,-0.7966486811637878,-0.0387447290122509,-1.7265920639038086,0.8800000000000001
353997,7,38999,0.4336305558681488,0.6183571815490723,-0.6554379463195801,-0.1784147024154663,0.8200000000000002
353997,8,45676,-0.8821757435798645,-0.34390929341316223,-0.3217023015022278,-3.0645558834075928,0.7500000000000001
353997,9,3191,-0.38415151834487915,0.874272346496582,-0.2967751920223236,-1.3458094596862793,0.7200000000000002
353997,10,3009,-0.20019899308681488,0.9547813534736633,-0.2198019027709961,0.26069122552871704,0.56
353997,11,38294,-0.22631053626537323,0.598817765712738,-0.768245279788971,-1.7115576267242432,0.32000000000000006
353997,12,46982,-0.6603299379348755,-0.7190147638320923,-0.21675364673137665,-2.758878231048584,0.11000000000000001
353997,13,42061,-0.2689085602760315,-0.6995257139205933,-0.6620815396308899,-5.616784572601318,0.09000000000000002
24393,1,37645,-0.36708542704582214,0.3072356879711151,-0.8779832124710083,4.053440093994141,4.090000000000001
24393,2,39193,0.05412905290722847,0.4398408830165863,-0.8964430093765259,-4.634550094604492,3.500000000000001
24393,3,6325,-0.1957208663225174,0.9221956729888916,-0.33353930711746216,2.8897171020507812,2.4900000000000007
24393,4,15808,0.8774210214614868,-0.44755980372428894,0.17269204556941986,-19.86789321899414,2.3800000000000003
24393,5,2861,-0.14439663290977478,0.9678241014480591,-0.2060731202363968,3.7618939876556396,1.0600000000000003
24393,6,41541,-0.7540313005447388,-0.4712325930595398,-0.4575769603252411,13.872040748596191,0.7000000000000002
24393,7,20116,0.9683811664581299,0.22340725362300873,0.11102739721536636,-22.015108108520508,0.3500000000000001
24393,8,33064,-0.8933975100517273,-0.31722599267959595,-0.3181329071521759,19.43970489501953,0.33000000000000007
24393,9,4438,-0.6101891398429871,0.7394006252288818,-0.2845275402069092,12.211325645446777,0.28
24393,10,41446,-0.6505110859870911,-0.758743405342102,-0.03381916135549545,13.053150177001953,0.24000000000000005
24393,11,42066,-0.8773877620697021,-0.44532594084739685,-0.17853732407093048,17.919876098632812,0.20000000000000004
24393,12,40589,-0.10983119904994965,0.3087049424648285,-0.9447954297065735,-2.3675520420074463,0.11000000000000001
24393,13,18681,0.9894226789474487,0.01883874461054802,-0.14383286237716675,-23.66063690185547,0.10000000000000002
24393,14,35743,-0.7690510749816895,-0.40082281827926636,-0.4978971481323242,14.7785062789917,0.06000000000000001
24393,15,32925,-0.6266846060752869,-0.7755677103996277,-0.07590261101722717,12.052435874938965,0.020000000000000004
24393,16,38143,0.30070725083351135,0.4619271159172058,-0.834385097026825,-11.41672420501709,0.020000000000000004
24393,17,36928,-0.4582936763763428,-0.8886458277702332,0.016597896814346313,8.346840858459473,0.010000000000000002
454467,1,38438,0.2375400811433792,0.0282732080668211,-0.9709661602973938,2.610175848007202,4.3100000000000005
454467,2,40397,0.033337656408548355,0.2608182728290558,-0.9648120999336243,2.763707399368286,3.980000000000001
454467,3,37373,0.03881318122148514,0.36650359630584717,-0.9296067357063293,3.544081211090088,2.3400000000000003
454467,4,39083,-0.34196737408638,0.6938790082931519,-0.6337115168571472,0.9290995597839355,1.7200000000000004
454467,5,25963,-0.3497988283634186,-0.9299991130828857,-0.11288221180438995,-10.060628890991211,1.3900000000000003
454467,6,8450,0.9720245599746704,0.019430143758654594,0.23407414555549622,9.3517427444458,0.9700000000000002
454467,7,44115,-0.6928544044494629,-0.3195420801639557,-0.646409809589386,-9.788308143615723,0.8600000000000002
454467,8,589,-0.2029472440481186,0.97669517993927,0.06984954327344894,5.321471691131592,0.7200000000000002
454467,9,9960,0.9768595695495605,-0.19993412494659424,0.07597175985574722,6.935235977172852,0.7100000000000002
454467,10,5902,-0.4151678681373596,0.8188373446464539,0.39641016721725464,0.31453850865364075,0.6700000000000002
454467,11,2153,-0.17154374718666077,0.9606062769889832,-0.2186511605978012,5.863519191741943,0.6000000000000001
454467,12,39873,0.1750839501619339,0.7429322004318237,-0.646062970161438,6.219775199890137,0.4700000000000001
454467,13,36479,-0.44719627499580383,-0.8670174479484558,-0.21976400911808014,-9.768306732177734,0.4200000000000001
454467,14,27027,-0.32483789324760437,-0.9096565842628479,0.2588537037372589,-7.972418308258057,0.39000000000000007
454467,15,3259,-0.5117108821868896,0.7478410005569458,0.4229489266872406,-0.7905209064483643,0.21000000000000005
454467,16,7438,0.7772535085678101,-0.586610734462738,0.22751891613006592,4.471960067749023,0.20000000000000004
454467,17,37350,0.19336910545825958,0.6863222718238831,-0.7011206746101379,5.670892715454102,0.010000000000000002
467218,1,40851,-0.24725313484668732,0.1798940896987915,-0.9521050453186035,-5.248562335968018,2.3200000000000003
467218,2,2564,-0.6741883754730225,0.7365443706512451,-0.054519884288311005,-4.625861644744873,2.1200000000000006
467218,3,44115,-0.6928544044494629,-0.3195420801639557,-0.646409809589386,-9.788308143615723,1.8300000000000003
467218,4,16608,0.8671700954437256,-0.4300384521484375,-0.2511630952358246,5.820011138916016,1.7800000000000002
467218,5,38702,-0.15130534768104553,0.37709954380989075,-0.9137300848960876,-2.3159379959106445,1.7600000000000002
467218,6,40747,0.06364423036575317,0.6710307002067566,-0.7386929392814636,1.9580986499786377,1.4500000000000002
467218,7,22672,0.9891268610954285,-0.008869429118931293,0.14679713547229767,10.529108047485352,1.0000000000000002
467218,8,26883,-0.3524079918861389,-0.9335328936576843,-0.06576443463563919,-8.690153121948242,0.9600000000000002
467218,9,18920,0.9564964175224304,-0.28590065240859985,-0.05809849500656128,9.370800018310547,0.5900000000000001
467218,10,1179,-0.2570284903049469,0.9602656960487366,-0.10874820500612259,1.6739457845687866,0.5100000000000001
467218,11,2147,-0.12530148029327393,0.9912537932395935,-0.04141876474022865,2.7164053916931152,0.38000000000000006
467218,12,41191,-0.7492696642875671,-0.4151563346385956,-0.5159846544265747,-11.950526237487793,0.21000000000000005
467218,13,38275,0.11259645968675613,0.4190138280391693,-0.9009714126586914,-0.852778971195221,0.19000000000000003
467218,14,37030,0.461966872215271,0.13617779314517975,-0.876380205154419,3.0259852409362793,0.16000000000000003
467218,15,39592,-0.22351568937301636,0.7514988780021667,-0.620717465877533,-0.1717674434185028,0.07
467218,16,30804,-0.7191280722618103,-0.6925707459449768,0.05657367408275604,-9.228470802307129,0.030000000000000006
467218,17,44428,-0.8850669860839844,-0.17563842236995697,-0.4310540556907654,-10.804628372192383,0.020000000000000004
173633,1,38006,0.2053430676460266,0.19362005591392517,-0.9593464136123657,2.683488368988037,2.3700000000000006
173633,2,24005,-0.8002034425735474,-0.581150472164154,-0.14811678230762482,9.007549285888672,1.6200000000000003
173633,3,40432,0.3968987762928009,0.36398813128471375,-0.842605471611023,0.5216174721717834,1.5500000000000003
173633,4,37279,0.01246197521686554,0.7375673651695251,-0.6751585602760315,5.033202648162842,1.2800000000000002
173633,5,2861,-0.14439663290977478,0.9678241014480591,-0.2060731202363968,3.7618939876556396,1.2700000000000002
173633,6,44545,-0.8801302313804626,-0.45195525884628296,-0.14528317749500275,8.983484268188477,1.1500000000000001
173633,7,38004,0.08788817375898361,0.44912609457969666,-0.8891351819038391,3.303725242614746,0.6100000000000001
173633,8,46169,-0.7497230768203735,-0.5859147906303406,-0.3076022267341614,7.750302791595459,0.5500000000000002
173633,9,22691,0.9892675280570984,0.13378728926181793,-0.05874262750148773,-11.508737564086914,0.5100000000000001
173633,10,39593,0.5334368348121643,-0.4549103081226349,-0.7130930423736572,-2.9046378135681152,0.5100000000000001
173633,11,28080,-0.8635404706001282,-0.4814234673976898,-0.15009750425815582,8.001585960388184,0.5000000000000001
173633,12,43069,-0.9977413415908813,-0.04638023301959038,-0.0485914908349514,10.839138984680176,0.5000000000000001
173633,13,15565,0.8810276389122009,-0.39245593547821045,-0.26413747668266296,-10.146129608154297,0.4300000000000001
173633,14,7738,0.8150221705436707,-0.27150920033454895,0.5118804574012756,-12.769525527954102,0.38000000000000006
173633,15,44674,-0.8311632871627808,-0.3984982371330261,-0.38777148723602295,9.878040313720703,0.3500000000000001
173633,16,24475,-0.4396030306816101,-0.8659188747406006,0.23860782384872437,1.7830325365066528,0.18000000000000005
173633,17,42904,-0.5851767063140869,-0.5071941018104553,-0.632710337638855,7.67482328414917,0.14
570895,1,40781,0.6078283786773682,0.45360124111175537,-0.6517595648765564,14.98967170715332,4.720000000000001
570895,2,42738,-0.8698964715003967,-0.3908270597457886,-0.3008893132209778,-14.533278465270996,2.3400000000000003
570895,3,37701,0.006288016214966774,0.7017844319343567,-0.7123616337776184,3.190706729888916,1.9900000000000004
570895,4,29089,-0.5517408847808838,-0.8340057134628296,0.004056248813867569,-10.995963096618652,1.6700000000000004
570895,5,8274,0.8238163590431213,-0.227345809340477,-0.5192692279815674,17.211591720581055,1.0700000000000003
570895,6,12855,0.8307356834411621,-0.5298702120780945,-0.1706336885690689,15.244507789611816,0.8500000000000002
570895,7,37729,-0.22375723719596863,0.4738195538520813,-0.8517204523086548,-0.3630056381225586,0.6700000000000002
570895,8,31449,-0.09435626119375229,-0.8068031072616577,-0.5832372307777405,1.8895699977874756,0.33000000000000007
570895,9,38572,0.14905741810798645,0.826108992099762,-0.5434388518333435,6.1953582763671875,0.22000000000000003
570895,10,44040,-0.6495607495307922,-0.14776939153671265,-0.7458116412162781,-8.046812057495117,0.17000000000000004
570895,11,39452,0.2549994885921478,0.5858490467071533,-0.7692568898200989,9.381603240966797,0.13000000000000003
570895,12,40821,0.43967100977897644,0.5820956230163574,-0.6839986443519592,12.11556339263916,0.020000000000000004
570895,13,38854,0.3278461992740631,0.7168424129486084,-0.6153485178947449,8.503621101379395,0.010000000000000002
84094,1,38968,0.34949612617492676,0.5419726967811584,-0.7642761468887329,-2.802516222000122,6.920000000000002
84094,2,38325,0.2204708755016327,0.5804798603057861,-0.7838594913482666,-0.10566222667694092,6.8900000000000015
84094,3,27205,-0.6195378303527832,-0.741295576095581,-0.2581738531589508,11.368163108825684,1.3200000000000003
84094,4,23826,-0.4015510380268097,-0.9067086577415466,0.12898139655590057,7.685108661651611,1.2400000000000002
84094,5,25824,-0.6451691389083862,-0.7048830986022949,0.29478222131729126,9.589456558227539,1.1300000000000001
84094,6,320,-0.23544707894325256,0.904062032699585,-0.3567023277282715,5.875619411468506,1.1100000000000003
84094,7,7776,0.9130325317382812,-0.3618519902229309,-0.1882411539554596,-12.915316581726074,0.9100000000000001
84094,8,20757,0.9968278408050537,0.0795871689915657,-0.00030436317319981754,-17.796232223510742,0.8200000000000002
84094,9,33482,-0.6567026376724243,-0.7262639999389648,0.20318026840686798,12.018454551696777,0.7800000000000001
84094,10,21763,0.7880480289459229,-0.5946922302246094,-0.15912729501724243,-11.481385231018066,0.5900000000000001
84094,11,9414,0.9497905969619751,-0.3127906322479248,0.007736870553344488,-16.15829849243164,0.4600000000000001
84094,12,293,-0.43039101362228394,0.8667661547660828,0.2519523501396179,3.9322714805603027,0.3600000000000001
84094,13,5904,-0.7199028134346008,0.6714116930961609,-0.17591556906700134,12.281303405761719,0.31000000000000005
84094,14,37289,0.10764801502227783,0.03610878437757492,-0.9935331344604492,2.939838171005249,0.25000000000000006
84094,15,16792,0.9190097451210022,-0.394206166267395,0.004748788196593523,-15.252835273742676,0.14
84094,16,30993,-0.27446073293685913,-0.9410809278488159,0.19758042693138123,5.022690773010254,0.14
84094,17,17759,0.8137240409851074,-0.48389720916748047,0.32201969623565674,-13.487196922302246,0.13000000000000003
84094,18,2861,-0.14439663290977478,0.9678241014480591,-0.2060731202363968,3.7618939876556396,0.11000000000000001
84094,19,19495,0.8864885568618774,-0.4462728500366211,-0.12238717079162598,-14.862041473388672,0.07
84094,20,12264,0.985507071018219,-0.13462580740451813,-0.10320688784122467,-16.17500877380371,0.030000000000000006
84094,21,36704,-0.3041718602180481,-0.9525694251060486,0.00953497551381588,6.116394996643066,0.030000000000000006
84094,22,38004,0.08788817375898361,0.44912609457969666,-0.8891351819038391,3.303725242614746,0.010000000000000002
586098,1,28560,-0.8682559728622437,-0.33033013343811035,-0.3701534867286682,-16.850351333618164,2.7400000000000007
586098,2,38978,-0.35096532106399536,0.2287459373474121,-0.9080190658569336,-9.733575820922852,2.2100000000000004
586098,3,38068,-0.017841534689068794,0.6507079005241394,-0.7591184973716736,-5.355246067047119,2.1700000000000004
586098,4,26289,-0.34842222929000854,-0.9367842078208923,-0.03220684453845024,-3.1159579753875732,1.5800000000000003
586098,5,2681,-0.43909040093421936,0.732555091381073,0.5201563835144043,-12.135621070861816,1.5300000000000002
586098,6,38909,-0.31949901580810547,0.07921693474054337,-0.944269597530365,-8.37463092803955,1.4800000000000002
586098,7,35831,-0.5202668905258179,-0.5549349188804626,-0.6491298675537109,-9.706245422363281,1.4200000000000004
586098,8,27695,-0.3106534481048584,-0.8034549355506897,0.507892370223999,-0.31790727376937866,1.0500000000000003
586098,9,16222,0.9855887293815613,-0.10708115994930267,-0.13095226883888245,19.154239654541016,0.9600000000000002
586098,10,27396,-0.07360976189374924,-0.8157227039337158,0.5737404227256775,4.750057220458984,0.6900000000000002
586098,11,27312,-0.9506375193595886,-0.2965552806854248,-0.09134170413017273,-17.259096145629883,0.5800000000000001
586098,12,8303,0.7664164304733276,-0.6155790686607361,-0.18348921835422516,18.945384979248047,0.56
586098,13,12501,0.9938524961471558,-0.01222869660705328,0.11003510653972626,19.76155662536621,0.56
586098,14,40795,0.30236828327178955,0.2998158633708954,-0.9048115015029907,1.5389090776443481,0.5200000000000001
586098,15,34346,-0.354755163192749,-0.8478606343269348,0.3940572440624237,-1.5233453512191772,0.3400000000000001
586098,16,28731,-0.49891430139541626,-0.7974353432655334,-0.3393838107585907,-6.295083522796631,0.26000000000000006
586098,17,13367,0.9371410608291626,-0.3110239803791046,0.15821100771427155,20.103609085083008,0.09000000000000002
586098,18,45980,-0.6491628885269165,-0.6960059404373169,-0.3068602979183197,-11.228139877319336,0.030000000000000006
586098,19,1506,-0.6674078702926636,0.6640446186065674,-0.3370629847049713,-18.49254608154297,0.010000000000000002
399051,1,13238,0.9691795706748962,-0.24093323945999146,-0.0514020100235939,5.969481468200684,3.0900000000000007
399051,2,38275,0.11259645968675613,0.4190138280391693,-0.9009714126586914,-0.852778971195221,2.6400000000000006
399051,3,38540,-0.07502289116382599,0.3200758695602417,-0.9444167613983154,-1.8810502290725708,2.6400000000000006
399051,4,16558,0.982683002948761,0.017962638288736343,0.18442201614379883,4.170603275299072,2.4600000000000004
399051,5,46225,-0.8765572905540466,-0.28548040986061096,-0.3874896764755249,-0.43185651302337646,1.7300000000000004
399051,6,5580,-0.7592477202415466,0.6174936890602112,-0.2055344581604004,-8.139894485473633,1.4400000000000004
399051,7,12750,0.9941368103027344,0.10668358206748962,0.017623864114284515,4.390508651733398,1.2100000000000002
399051,8,40437,-0.42013445496559143,0.677274227142334,-0.6039757132530212,-6.602851867675781,1.1900000000000002
399051,9,40420,-0.4594653844833374,0.23283347487449646,-0.8571348190307617,-2.5951638221740723,1.0200000000000002
399051,10,46801,-0.6930251121520996,-0.13433837890625,-0.7082862854003906,-0.9701615571975708,1.0000000000000002
399051,11,37175,-0.5254307985305786,0.2503867447376251,-0.8131598830223083,-2.8205459117889404,0.8100000000000002
399051,12,12331,0.93772292137146,-0.3451825976371765,-0.039047740399837494,8.228291511535645,0.6600000000000001
399051,13,37685,-0.23729351162910461,0.16653597354888916,-0.9570567011833191,-0.6218308210372925,0.56
399051,14,3614,-0.14052385091781616,0.8985589146614075,0.4157462418079376,-8.67212200164795,0.5400000000000001
399051,15,30047,-0.7135981321334839,-0.6841080188751221,-0.15091022849082947,3.700594902038574,0.44000000000000006
399051,16,24277,-0.6218110918998718,-0.6558442711830139,-0.42804116010665894,1.7319587469100952,0.4200000000000001
399051,17,22930,0.9902194738388062,-0.13396748900413513,0.03896216303110123,5.886370658874512,0.3500000000000001
399051,18,4439,-0.3714146316051483,0.8841053247451782,0.2835646867752075,-10.878134727478027,0.32000000000000006
399051,19,41190,-0.8160444498062134,-0.19453175365924835,-0.5442691445350647,-0.9070721864700317,0.32000000000000006
399051,20,17160,0.9666635394096375,-0.08044841885566711,0.24308361113071442,4.1235504150390625,0.22000000000000003
399051,21,18403,0.952808678150177,-0.300498366355896,-0.04308486729860306,7.822397232055664,0.21000000000000005
399051,22,45334,-0.8707293272018433,-0.44593003392219543,-0.2073086053133011,-0.24321886897087097,0.18000000000000005
399051,23,30807,-0.15045200288295746,-0.8215996623039246,-0.5498528480529785,4.0485053062438965,0.17000000000000004
399051,24,37826,-0.5576846599578857,0.3130533695220947,-0.7687557339668274,-3.145672559738159,0.17000000000000004
399051,25,6363,-0.7962184548377991,0.5820268988609314,-0.16516900062561035,-8.499764442443848,0.14
399051,26,38800,-0.12756748497486115,0.7159421443939209,-0.686406135559082,-3.8824617862701416,0.12000000000000002
399051,27,361,-0.44448965787887573,0.7553462386131287,-0.4815402030944824,-7.322934627532959,0.10000000000000002
329959,1,37155,-0.1191081702709198,0.7922998070716858,-0.5983930826187134,5.714597225189209,2.5200000000000005
329959,2,35240,-0.2362300604581833,-0.9479333758354187,-0.21358296275138855,-1.9207534790039062,2.0100000000000002
329959,3,40060,0.2394055426120758,0.23269407451152802,-0.9426231980323792,5.669556617736816,1.9300000000000004
329959,4,39873,0.1750839501619339,0.7429322004318237,-0.646062970161438,6.219775199890137,1.5800000000000003
329959,5,10171,0.9148654341697693,-0.06846816837787628,0.3979111611843109,-1.5356435775756836,1.3500000000000003
329959,6,1356,-0.4983222484588623,0.8668770790100098,0.014109519310295582,4.144926071166992,1.0200000000000002
329959,7,19408,0.9617077112197876,-0.26085618138313293,0.08409713208675385,-2.6620328426361084,0.9900000000000002
329959,8,35093,-0.5142092704772949,-0.7414918541908264,0.43102043867111206,-4.316799640655518,0.9300000000000002
329959,9,37773,-0.36983242630958557,-0.5368421673774719,-0.758303701877594,0.8618583679199219,0.9200000000000002
329959,10,27685,-0.3619404435157776,-0.8826824426651001,0.29978469014167786,-3.85046648979187,0.7900000000000001
329959,11,19820,0.7925788164138794,-0.5969167947769165,-0.12453562766313553,-1.2346402406692505,0.39000000000000007
329959,12,2861,-0.14439663290977478,0.9678241014480591,-0.2060731202363968,3.7618939876556396,0.3500000000000001
329959,13,37279,0.01246197521686554,0.7375673651695251,-0.6751585602760315,5.033202648162842,0.32000000000000006
329959,14,22978,0.9214224815368652,-0.33576735854148865,0.19555282592773438,-2.2802586555480957,0.030000000000000006
85323,1,6185,-0.7173755168914795,0.4570907652378082,-0.5257760286331177,10.044638633728027,2.9000000000000004
85323,2,37093,-0.03619179129600525,0.6194687485694885,-0.784186601638794,-2.752993106842041,2.3900000000000006
85323,3,14865,0.9385690689086914,-0.24842704832553864,0.23952463269233704,-15.33734130859375,2.0600000000000005
85323,4,31310,-0.5952500700950623,-0.7572823762893677,-0.26870205998420715,16.177248001098633,2.0100000000000002
85323,5,39438,0.19613119959831238,0.8085002303123474,-0.5548512935638428,-7.329899787902832,1.7200000000000004
85323,6,39628,0.587864875793457,0.4261399209499359,-0.6876188516616821,-12.227197647094727,1.6100000000000003
85323,7,38136,-0.05465913563966751,0.5924955606460571,-0.8037172555923462,-1.1713355779647827,1.3600000000000003
85323,8,17501,0.9584083557128906,0.0460553839802742,-0.2816600501537323,-18.069862365722656,1.2200000000000002
85323,9,42544,-0.8039250373840332,-0.437252014875412,-0.40313172340393066,17.32117462158203,0.6600000000000001
85323,10,40164,0.31339648365974426,0.0481569766998291,-0.9484004974365234,-4.277862071990967,0.56
85323,11,32037,-0.17412728071212769,-0.960519015789032,0.2169860154390335,8.300928115844727,0.5300000000000001
85323,12,29911,-0.2898125946521759,-0.9570556879043579,-0.007283537182956934,10.14636516571045,0.030000000000000006
85323,13,7738,0.8150221705436707,-0.27150920033454895,0.5118804574012756,-12.769525527954102,0.010000000000000002
18965,1,38325,0.2204708755016327,0.5804798603057861,-0.7838594913482666,-0.10566222667694092,4.900000000000001
18965,2,37375,-0.15029123425483704,0.6386401057243347,-0.7546862959861755,7.7843403816223145,3.4100000000000006
18965,3,38809,0.039047062397003174,0.6951459050178528,-0.717807412147522,4.261793613433838,3.0700000000000007
18965,4,13660,0.9841798543930054,-0.1760561317205429,0.019856009632349014,-23.90540885925293,1.9100000000000004
18965,5,38224,0.24184370040893555,0.3393297791481018,-0.9090472459793091,-3.008329391479492,1.3200000000000003
18965,6,11585,0.9740565419197083,0.14659664034843445,0.17240428924560547,-20.556055068969727,1.2100000000000002
18965,7,39516,-0.24042533338069916,0.09509105235338211,-0.965998649597168,7.188600063323975,1.12
18965,8,42334,-0.6482973098754883,-0.7226074934005737,-0.2398938089609146,8.909070014953613,1.12
18965,9,41358,-0.9313238263130188,-0.3187449872493744,-0.17617495357990265,18.92302703857422,0.8600000000000002
18965,10,10069,0.8778877258300781,-0.4079618453979492,0.2507593333721161,-22.9095516204834,0.7100000000000002
18965,11,5544,-0.33683326840400696,0.8231807351112366,-0.4570741653442383,13.708048820495605,0.7000000000000002
18965,12,39968,0.5660015940666199,0.48800650238990784,-0.6644484996795654,-8.148909568786621,0.6800000000000002
18965,13,45431,-0.8411682844161987,-0.4254712164402008,-0.3337815999984741,15.897775650024414,0.6000000000000001
18965,14,27421,-0.6762838363647461,-0.7220765948295593,-0.1457585245370865,10.881380081176758,0.5100000000000001
18965,15,5589,-0.7154825925827026,0.6981126070022583,0.02689673937857151,19.833724975585938,0.3500000000000001
18965,16,19443,0.9259012937545776,-0.3057236671447754,-0.22190053761005402,-23.429704666137695,0.31000000000000005
18965,17,26081,-0.8600758910179138,-0.4174218475818634,-0.2933061718940735,18.158859252929688,0.2700000000000001
18965,18,4144,-0.18752360343933105,0.9819685220718384,0.023931635543704033,11.784914016723633,0.18000000000000005
18965,19,34420,-0.602730393409729,-0.6616776585578918,0.44598063826560974,9.85586166381836,0.18000000000000005
18965,20,17207,0.9744543433189392,0.028402376919984818,0.22278256714344025,-21.66326904296875,0.09000000000000002
251296,1,38006,0.2053430676460266,0.19362005591392517,-0.9593464136123657,2.683488368988037,3.5300000000000007
251296,2,40432,0.3968987762928009,0.36398813128471375,-0.842605471611023,0.5216174721717834,3.2700000000000005
251296,3,38325,0.2204708755016327,0.5804798603057861,-0.7838594913482666,-0.10566222667694092,2.0200000000000005
251296,4,28056,-0.11206411570310593,-0.851996660232544,0.5114130973815918,1.7936668395996094,1.1300000000000001
251296,5,21450,0.98282390832901,-0.17306897044181824,0.06406445056200027,-5.717243671417236,0.8800000000000001
251296,6,8724,0.9766867756843567,-0.1997358202934265,0.07866744697093964,-6.092007160186768,0.8700000000000002
251296,7,46169,-0.7497230768203735,-0.5859147906303406,-0.3076022267341614,7.750302791595459,0.8100000000000002
251296,8,38736,0.1902810037136078,0.5283046364784241,-0.8274583220481873,1.4103730916976929,0.7700000000000001
251296,9,12748,0.9429032206535339,-0.25700584053993225,-0.211852565407753,-3.7354040145874023,0.7300000000000001
251296,10,18689,0.9401180148124695,-0.09002198278903961,0.3287462890148163,-4.731060028076172,0.6400000000000001
251296,11,4703,-0.5805591344833374,0.8130180239677429,-0.04418997839093208,0.3996667265892029,0.5100000000000001
251296,12,8271,0.9455640912055969,-0.2607235908508301,-0.1947607398033142,-5.133355617523193,0.4000000000000001
251296,13,40579,0.5334203243255615,0.5799462199211121,-0.6157313585281372,-2.414522171020508,0.3600000000000001
251296,14,33653,-0.18626289069652557,-0.8667475581169128,-0.462660551071167,6.8359904289245605,0.30000000000000004
251296,15,5217,-0.5384649038314819,0.842523992061615,0.014450350776314735,-1.1968625783920288,0.24000000000000005
251296,16,37389,-0.26559412479400635,0.6267834901809692,-0.7325313687324524,3.656486988067627,0.15000000000000002
251296,17,19553,0.7476186752319336,-0.6078444719314575,0.2675657868385315,-3.600135326385498,0.030000000000000006
213937,1,38134,-0.11972483992576599,0.245659738779068,-0.9619341492652893,-2.406007766723633,3.9100000000000006
213937,2,38047,-0.09910912066698074,0.6473348140716553,-0.7557347416877747,-0.33743369579315186,2.0700000000000003
213937,3,2861,-0.14439663290977478,0.9678241014480591,-0.2060731202363968,3.7618939876556396,1.6400000000000003
213937,4,17066,0.9913450479507446,0.1289168745279312,-0.024807235226035118,-9.017309188842773,1.5200000000000002
213937,5,39508,-0.19165286421775818,0.9083378911018372,-0.3717411458492279,2.9754371643066406,1.4000000000000004
213937,6,25769,-0.7424759864807129,-0.6665628552436829,-0.0665087029337883,3.6900997161865234,1.3300000000000003
213937,7,32563,-0.7703666090965271,-0.32548025250434875,-0.5482681393623352,3.2805843353271484,0.8400000000000002
213937,8,35801,-0.7250910997390747,-0.676922619342804,0.1265650987625122,4.160974979400635,0.7400000000000001
213937,9,26060,-0.7885316014289856,-0.6054721474647522,0.10780233144760132,5.970190525054932,0.6200000000000001
213937,10,7509,0.999299168586731,0.0102852713316679,-0.03599147871136665,-9.342863082885742,0.3500000000000001
213937,11,5641,0.1972053349018097,0.9778302907943726,0.0704132691025734,1.685725450515747,0.22000000000000003
213937,12,16010,0.8915827870368958,-0.4525589942932129,-0.01644524373114109,-9.886844635009766,0.19000000000000003
213937,13,37877,-0.021530838683247566,0.8868090510368347,-0.46163415908813477,0.32962676882743835,0.19000000000000003
213937,14,34705,-0.5836815237998962,-0.8092659711837769,0.06636608392000198,4.461535930633545,0.17000000000000004
213937,15,30381,-0.798203706741333,-0.08947242796421051,0.5957058668136597,8.241084098815918,0.07
213937,16,46919,-0.8325731754302979,-0.388818621635437,-0.39451485872268677,4.276170253753662,0.07
213937,17,3913,-0.5184631943702698,0.8501266241073608,0.09209012985229492,6.049045085906982,0.010000000000000002
213937,18,29435,-0.616249144077301,-0.7205036282539368,0.3179803788661957,3.974738597869873,0.010000000000000002
280214,1,40024,-0.3677612841129303,0.6937432885169983,-0.619251012802124,-2.222072124481201,3.630000000000001
280214,2,35,-0.32495325803756714,0.9059983491897583,-0.2712423503398895,-3.4726345539093018,1.8500000000000003
280214,3,38275,0.11259645968675613,0.4190138280391693,-0.9009714126586914,-0.852778971195221,1.8500000000000003
280214,4,35521,-0.36744990944862366,-0.7991176247596741,0.4758062958717346,5.458314418792725,1.5900000000000003
280214,5,22140,0.9334211945533752,0.0704459547996521,-0.35179856419563293,-3.865677833557129,1.3300000000000003
280214,6,30334,-0.3432483375072479,-0.9350046515464783,-0.08914528787136078,6.771605014801025,1.3000000000000003
280214,7,39273,0.1941727250814438,0.45042604207992554,-0.8714432120323181,-1.8660163879394531,1.2400000000000002
280214,8,7782,0.9793329238891602,0.20176026225090027,-0.014135436154901981,-4.136072635650635,1.2000000000000002
280214,9,23067,0.9677203297615051,-0.20464633405208588,-0.1470961570739746,-2.958334445953369,1.1500000000000001
280214,10,21359,0.6704850792884827,-0.6512459516525269,0.3554271459579468,1.311845302581787,1.1000000000000003
280214,11,27107,-0.7173293828964233,-0.640591025352478,-0.27401047945022583,7.848508358001709,0.9000000000000001
280214,12,6868,-0.6094081401824951,0.745253324508667,0.27059048414230347,-2.547288656234741,0.8600000000000002
280214,13,40282,-0.13773728907108307,0.2547806203365326,-0.9571391344070435,-0.2602296471595764,0.8200000000000002
280214,14,30713,-0.8662996292114258,-0.35394224524497986,0.35249093174934387,5.87454891204834,0.5900000000000001
280214,15,28403,-0.7570576071739197,-0.6513803601264954,0.05066990107297897,8.068098068237305,0.5100000000000001
280214,16,25504,-0.4919780492782593,-0.8640546798706055,0.1066165342926979,7.853057861328125,0.3400000000000001
280214,17,11501,0.9133732914924622,-0.3150337040424347,-0.25788170099258423,-1.8893541097640991,0.31000000000000005
280214,18,838,0.14011456072330475,0.9769512414932251,0.1610410511493683,-7.250495910644531,0.10000000000000002
280214,19,12690,0.8363922834396362,-0.5273938179016113,0.14934416115283966,-0.9486397504806519,0.08000000000000002
280214,20,18689,0.9401180148124695,-0.09002198278903961,0.3287462890148163,-4.731060028076172,0.05000000000000001
17398,1,39623,0.13137869536876678,0.2618807554244995,-0.9561161398887634,0.5807722806930542,3.2200000000000006
17398,2,37181,-0.1529897302389145,0.43962913751602173,-0.8850538730621338,6.260800361633301,2.4800000000000004
17398,3,40529,-0.050023432821035385,0.4334957003593445,-0.8997661471366882,3.2926361560821533,1.8600000000000003
17398,4,20975,0.8493795990943909,-0.304097980260849,-0.43136849999427795,-15.707404136657715,1.2500000000000002
17398,5,19169,0.9712035059928894,-0.2230827659368515,0.0836530551314354,-22.279438018798828,1.1100000000000003
17398,6,2697,-0.14399276673793793,0.9498172402381897,0.27769288420677185,-1.9859548807144165,1.0900000000000003
17398,7,18895,0.9486914277076721,-0.2735694348812103,0.1585695892572403,-21.019756317138672,0.8600000000000002
17398,8,35723,-0.9084534645080566,-0.4106200039386749,-0.07812485843896866,23.200353622436523,0.8500000000000002
17398,9,37807,0.4310208261013031,0.24948453903198242,-0.8671669363975525,-7.536632537841797,0.7100000000000002
17398,10,4631,-0.7773958444595337,0.5567883253097534,-0.2926473021507263,17.718883514404297,0.6700000000000002
17398,11,38323,0.011960793286561966,0.4541497528553009,-0.8908450603485107,1.622586727142334,0.4700000000000001
17398,12,39792,0.20580753684043884,0.4279279410839081,-0.8800687193870544,-2.8777589797973633,0.3400000000000001
17398,13,16324,0.9578222036361694,0.0296575129032135,0.2858269512653351,-23.922935485839844,0.26000000000000006
17398,14,29194,-0.781877338886261,-0.6191285848617554,-0.07312768697738647,19.788734436035156,0.26000000000000006
17398,15,15455,0.9922866821289062,0.10530701279640198,-0.06540311127901077,-21.647789001464844,0.25000000000000006
17398,16,19042,0.9902053475379944,-0.12130721658468246,-0.06912272423505783,-22.026182174682617,0.18000000000000005
17398,17,45667,-0.910108745098114,-0.3929832875728607,0.13140083849430084,19.915081024169922,0.18000000000000005
17398,18,36797,-0.6387131214141846,-0.739652693271637,-0.2120363414287567,18.68545913696289,0.17000000000000004
17398,19,1082,-0.5372174382209778,0.6134989261627197,-0.5788061022758484,12.046107292175293,0.15000000000000002
17398,20,12813,0.9766207337379456,0.05715502053499222,-0.2072322964668274,-21.08036994934082,0.06000000000000001
17398,21,36064,-0.5368079543113708,-0.6060916185379028,0.5869328379631042,12.772189140319824,0.06000000000000001
17398,22,28808,-0.4537011682987213,-0.8854974508285522,-0.1002470999956131,11.8726224899292,0.04000000000000001
17398,23,28463,-0.49758341908454895,-0.8641136288642883,0.0756201222538948,14.635114669799805,0.030000000000000006
17398,24,44445,-0.911500871181488,-0.3825051486492157,-0.1511819213628769,23.572134017944336,0.020000000000000004
297877,1,15912,0.9704181551933289,-0.14646299183368683,-0.19193030893802643,-1.5908671617507935,2.5900000000000003
297877,2,18689,0.9401180148124695,-0.09002198278903961,0.3287462890148163,-4.731060028076172,2.5500000000000007
297877,3,26838,-0.46524152159690857,-0.8125768899917603,0.35109707713127136,-0.33773207664489746,1.3900000000000003
297877,4,9342,0.9946205615997314,-0.07302938401699066,0.07346205413341522,-3.828939914703369,1.0200000000000002
297877,5,25108,-0.6983831524848938,-0.6919742822647095,-0.18284577131271362,4.28568172454834,0.8600000000000002
297877,6,27316,-0.6041044592857361,-0.79506516456604,0.05412209406495094,1.7958709001541138,0.8600000000000002
297877,7,11341,0.9807716608047485,0.011062364093959332,0.19484513998031616,-3.908198595046997,0.6600000000000001
297877,8,146,-0.24084657430648804,0.7978808879852295,0.5526111125946045,-3.330376625061035,0.6100000000000001
297877,9,18120,0.9967436194419861,0.02372230589389801,0.0770672932267189,-2.894113540649414,0.4000000000000001
297877,10,4703,-0.5805591344833374,0.8130180239677429,-0.04418997839093208,0.3996667265892029,0.3500000000000001
297877,11,24725,-0.39790794253349304,-0.7754582166671753,0.4902385175228119,-0.797801673412323,0.23000000000000004
297877,12,31191,-0.6743007898330688,-0.6251804828643799,0.39302393794059753,-0.0286770761013031,0.10000000000000002
297877,13,32839,-0.6189197897911072,-0.6920484304428101,-0.37149330973625183,4.366337776184082,0.10000000000000002
297877,14,40094,-0.04916330799460411,0.8251908421516418,-0.5627104043960571,3.1353607177734375,0.04000000000000001
297877,15,46963,-0.735590934753418,-0.592208743095398,-0.32892969250679016,3.1277015209198,0.04000000000000001
297877,16,46455,-0.7773995995521545,-0.5222050547599792,-0.3506447970867157,4.75020170211792,0.030000000000000006
8499,1,38325,0.2204708755016327,0.5804798603057861,-0.7838594913482666,-0.10566222667694092,3.3500000000000005
8499,2,38809,0.039047062397003174,0.6951459050178528,-0.717807412147522,4.261793613433838,2.5200000000000005
8499,3,12872,0.9898027777671814,0.06944897025823593,-0.12436745315790176,-23.79239845275879,1.7400000000000004
8499,4,4144,-0.18752360343933105,0.9819685220718384,0.023931635543704033,11.784914016723633,1.5500000000000003
8499,5,26081,-0.8600758910179138,-0.4174218475818634,-0.2933061718940735,18.158859252929688,1.5500000000000003
8499,6,38834,-0.012272434309124947,0.47582635283470154,-0.8794535994529724,5.296192169189453,1.5100000000000002
8499,7,5544,-0.33683326840400696,0.8231807351112366,-0.4570741653442383,13.708048820495605,1.4800000000000002
8499,8,13660,0.9841798543930054,-0.1760561317205429,0.019856009632349014,-23.90540885925293,1.0300000000000002
8499,9,34420,-0.602730393409729,-0.6616776585578918,0.44598063826560974,9.85586166381836,0.9200000000000002
8499,10,38224,0.24184370040893555,0.3393297791481018,-0.9090472459793091,-3.008329391479492,0.9100000000000001
8499,11,19443,0.9259012937545776,-0.3057236671447754,-0.22190053761005402,-23.429704666137695,0.8700000000000002
8499,12,27421,-0.6762838363647461,-0.7220765948295593,-0.1457585245370865,10.881380081176758,0.6600000000000001
8499,13,20916,0.8887012004852295,-0.353475958108902,0.2920016348361969,-24.793237686157227,0.6500000000000001
8499,14,9458,0.9441651701927185,0.2293633371591568,0.2365259826183319,-21.778120040893555,0.2700000000000001
199887,1,37375,-0.15029123425483704,0.6386401057243347,-0.7546862959861755,7.7843403816223145,3.1600000000000006
199887,2,26095,-0.1438814252614975,-0.9469180107116699,-0.2874794602394104,-0.36358022689819336,2.1200000000000006
199887,3,38006,0.2053430676460266,0.19362005591392517,-0.9593464136123657,2.683488368988037,2.0700000000000003
199887,4,32839,-0.6189197897911072,-0.6920484304428101,-0.37149330973625183,4.366337776184082,1.9000000000000004
199887,5,30713,-0.8662996292114258,-0.35394224524497986,0.35249093174934387,5.87454891204834,1.1100000000000003
199887,6,5820,-0.3705906867980957,0.8144199252128601,-0.44652289152145386,8.303179740905762,1.0500000000000003
199887,7,42391,-0.4919779300689697,-0.7274706363677979,-0.47827205061912537,4.357997894287109,0.9000000000000001
199887,8,15285,0.8765066862106323,-0.4378030598163605,0.20016111433506012,-9.761202812194824,0.8600000000000002
199887,9,28401,-0.740269660949707,-0.6722736358642578,0.007003729697316885,3.8835391998291016,0.5900000000000001
199887,10,37279,0.01246197521686554,0.7375673651695251,-0.6751585602760315,5.033202648162842,0.3600000000000001
199887,11,31878,-0.6282075643539429,-0.6406787037849426,0.4414590001106262,0.7933868169784546,0.24000000000000005
199887,12,24820,-0.41963279247283936,-0.7357658743858337,0.5315608382225037,-0.9999735355377197,0.10000000000000002
199887,13,28689,-0.6401717066764832,-0.68657386302948,0.3446686565876007,2.6313209533691406,0.030000000000000006
199887,14,23974,-0.2740948498249054,-0.9615762829780579,-0.015589992515742779,-1.7772401571273804,0.020000000000000004
199887,15,34624,-0.40209394693374634,-0.7064712643623352,-0.5824249386787415,2.890432834625244,0.010000000000000002
199887,16,45046,-0.6569429636001587,-0.5489524602890015,-0.5167950391769409,7.428579330444336,0.010000000000000002
112909,1,38134,-0.11972483992576599,0.245659738779068,-0.9619341492652893,-2.406007766723633,6.540000000000001
112909,2,38614,-0.13890017569065094,0.5022006630897522,-0.8535228371620178,-1.8778525590896606,3.0200000000000005
112909,3,39193,0.05412905290722847,0.4398408830165863,-0.8964430093765259,-4.634550094604492,2.6900000000000004
112909,4,39438,0.19613119959831238,0.8085002303123474,-0.5548512935638428,-7.329899787902832,1.2900000000000003
112909,5,15446,0.9582388401031494,0.1554659754037857,-0.24001812934875488,-17.18651580810547,1.0700000000000003
112909,6,3573,-0.6142604351043701,0.748892605304718,-0.2486845999956131,6.1330108642578125,0.7700000000000001
112909,7,20606,0.9792691469192505,-0.19966906309127808,0.03412097692489624,-16.070301055908203,0.45000000000000007
112909,8,32925,-0.6266846060752869,-0.7755677103996277,-0.07590261101722717,12.052435874938965,0.4000000000000001
112909,9,8255,0.9802927374839783,-0.05978216975927353,0.18828755617141724,-13.0642671585083,0.38000000000000006
112909,10,20559,0.9939901232719421,0.05296908691525459,0.0958016961812973,-15.61887264251709,0.3600000000000001
112909,11,29674,-0.4847829341888428,-0.8116530179977417,-0.3258908987045288,6.510006904602051,0.3400000000000001
112909,12,41503,-0.6378571391105652,-0.5919085144996643,-0.49272972345352173,7.683492183685303,0.31000000000000005
112909,13,31760,-0.8097013235092163,-0.5448607206344604,-0.21796922385692596,12.809499740600586,0.24000000000000005
112909,14,42334,-0.6482973098754883,-0.7226074934005737,-0.2398938089609146,8.909070014953613,0.22000000000000003
112909,15,7493,0.997282087802887,-0.07357099652290344,-0.003963543567806482,-16.559019088745117,0.17000000000000004
112909,16,11383,0.8594802021980286,-0.4726341962814331,0.1947067826986313,-12.749042510986328,0.16000000000000003
112909,17,37093,-0.03619179129600525,0.6194687485694885,-0.784186601638794,-2.752993106842041,0.13000000000000003
112909,18,4946,-0.26881924271583557,0.7961413860321045,0.5421209335327148,7.022752285003662,0.06000000000000001
112909,19,46446,-0.6696816086769104,-0.6623497605323792,-0.3358859419822693,11.43519401550293,0.030000000000000006
593412,1,38702,-0.15130534768104553,0.37709954380989075,-0.9137300848960876,-2.3159379959106445,3.5700000000000007
593412,2,39830,-0.24257682263851166,-0.5094869136810303,-0.8255783319473267,-9.442253112792969,3.3100000000000005
593412,3,40089,0.4825071096420288,0.26806628704071045,-0.8338629007339478,9.637066841125488,1.2600000000000002
593412,4,47686,-0.8824314475059509,-0.3350365459918976,-0.33025026321411133,-20.79302406311035,1.2200000000000002
593412,5,25349,-0.7774410247802734,-0.6270188689231873,0.049323540180921555,-18.818187713623047,0.9400000000000002
593412,6,12482,0.8966361880302429,-0.3337732255458832,0.29092785716056824,18.94978141784668,0.8800000000000001
593412,7,30497,-0.7002238631248474,-0.6703667044639587,-0.2455504834651947,-19.058687210083008,0.8800000000000001
593412,8,11060,0.9933686852455139,0.0968857929110527,0.06190124899148941,21.5249080657959,0.5900000000000001
593412,9,37350,0.19336910545825958,0.6863222718238831,-0.7011206746101379,5.670892715454102,0.38000000000000006
593412,10,17206,0.7871221303939819,-0.6119815707206726,-0.07692436128854752,14.363115310668945,0.31000000000000005
593412,11,5395,-0.3868013024330139,0.8710766434669495,-0.302671879529953,-5.151181221008301,0.22000000000000003
593412,12,40851,-0.24725313484668732,0.1798940896987915,-0.9521050453186035,-5.248562335968018,0.17000000000000004
593412,13,42204,-0.7193374037742615,-0.2918481230735779,-0.6303795576095581,-18.843429565429688,0.15000000000000002
593412,14,33758,-0.17773927748203278,-0.9635105133056641,-0.20014062523841858,-8.842287063598633,0.13000000000000003
593412,15,29047,-0.6088245511054993,-0.782728374004364,0.12910836935043335,-16.638933181762695,0.12000000000000002
593412,16,27528,-0.3436013460159302,-0.9387134313583374,0.027480846270918846,-12.002190589904785,0.09000000000000002
593412,17,12678,0.9968217015266418,-0.06289828568696976,-0.0488906055688858,20.543210983276367,0.020000000000000004
593412,18,20193,0.9364981055259705,-0.34705114364624023,0.050267282873392105,19.692075729370117,0.020000000000000004
209767,1,38796,-0.05783820524811745,0.42162904143333435,-0.9049219489097595,1.5222890377044678,4.590000000000001
209767,2,38325,0.2204708755016327,0.5804798603057861,-0.7838594913482666,-0.10566222667694092,3.730000000000001
209767,3,38801,0.2922040522098541,0.27151015400886536,-0.9170054793357849,-3.056575298309326,1.9900000000000004
209767,4,30134,-0.5445768237113953,-0.5862959027290344,0.5997442603111267,1.6578869819641113,1.6600000000000004
209767,5,10907,0.9384613037109375,-0.29956597089767456,-0.1719028353691101,-10.389300346374512,1.0900000000000003
209767,6,21051,0.9483398795127869,-0.0548657663166523,0.3124759793281555,-6.643543720245361,0.9700000000000002
209767,7,9982,0.9472288489341736,-0.090306356549263,0.3075748085975647,-6.910557270050049,0.9500000000000002
209767,8,24946,-0.6990365982055664,-0.6995329260826111,0.14832888543605804,2.5032689571380615,0.4900000000000001
209767,9,35112,-0.49257388710975647,-0.8672791123390198,-0.07209618389606476,-0.3606836199760437,0.44000000000000006
209767,10,31929,-0.2509637176990509,-0.9428407549858093,-0.21924546360969543,-5.065960884094238,0.4100000000000001
209767,11,9647,0.9341111183166504,-0.35076192021369934,-0.06635168939828873,-10.231431007385254,0.38000000000000006
209767,12,10344,0.9957146048545837,0.06196381524205208,-0.06865106523036957,-8.416814804077148,0.38000000000000006
209767,13,37648,0.5738745331764221,0.04659058898687363,-0.817616879940033,-5.178305149078369,0.3500000000000001
209767,14,4060,-0.09534453600645065,0.9830198287963867,0.1567845493555069,7.259040832519531,0.25000000000000006
209767,15,28951,-0.8170726895332336,-0.54051274061203,0.20059458911418915,4.435805797576904,0.13000000000000003
209767,16,38343,0.40286391973495483,0.778047502040863,-0.48201942443847656,0.4442272186279297,0.12000000000000002
209767,17,1123,-0.17054495215415955,0.9849979877471924,0.026332538574934006,5.979192733764648,0.05000000000000001
209767,18,29835,-0.4868532717227936,-0.758486270904541,0.4332118034362793,0.6526381969451904,0.05000000000000001
209767,19,31336,0.06448598951101303,-0.9718636870384216,-0.22654469311237335,-7.735404968261719,0.05000000000000001
209767,20,34645,-0.8237422704696655,-0.4274931848049164,-0.37242215871810913,4.244980812072754,0.030000000000000006
209767,21,14694,0.9862121939659119,0.023700153455138206,0.16377981007099152,-8.927326202392578,0.010000000000000002
209767,22,27488,-0.9613149166107178,-0.27143359184265137,-0.04687660187482834,7.142691135406494,0.010000000000000002
352683,1,37714,0.6461831331253052,0.38822972774505615,-0.6570578813552856,-2.347014904022217,2.7600000000000007
352683,2,38961,0.28054818511009216,0.6347153186798096,-0.7200202941894531,-2.206622362136841,1.7100000000000004
352683,3,26218,-0.6031995415687561,-0.7966486811637878,-0.0387447290122509,-1.7265920639038086,1.2800000000000002
352683,4,16836,0.9924377202987671,0.11641004681587219,0.03893716633319855,2.080031633377075,1.2100000000000002
352683,5,3191,-0.38415151834487915,0.874272346496582,-0.2967751920223236,-1.3458094596862793,1.2000000000000002
352683,6,19388,0.9594634175300598,-0.16355909407138824,-0.22951778769493103,-0.6893841028213501,0.8700000000000002
352683,7,19738,0.9921791553497314,-0.1220819428563118,0.026009811088442802,2.2059059143066406,0.8500000000000002
352683,8,40975,-0.11758516728878021,0.2684561610221863,-0.9560883641242981,-4.997090816497803,0.8300000000000002
352683,9,12287,0.7180718779563904,-0.46070414781570435,0.5216554999351501,3.041841506958008,0.8000000000000002
352683,10,34520,-0.6302949786186218,-0.7745730876922607,0.05258171260356903,0.06042928993701935,0.7300000000000001
352683,11,38800,-0.12756748497486115,0.7159421443939209,-0.686406135559082,-3.8824617862701416,0.5100000000000001
352683,12,4215,-0.3353610038757324,0.9399110078811646,-0.06403324007987976,-1.9013800621032715,0.21000000000000005
352683,13,14488,0.7507137060165405,-0.45862454175949097,-0.47549185156822205,-1.3559471368789673,0.07
352683,14,15106,0.7479081153869629,-0.6547793745994568,0.10907495766878128,2.1905345916748047,0.06000000000000001
352683,15,27121,-0.4088880121707916,-0.8402494192123413,-0.35607796907424927,-1.4560298919677734,0.06000000000000001
352683,16,40582,-0.3647104799747467,0.7884465456008911,-0.49531635642051697,-3.4343676567077637,0.06000000000000001
352683,17,45422,-0.7911259531974792,-0.23146723210811615,-0.5661648511886597,-2.5219388008117676,0.020000000000000004
195503,1,38736,0.1902810037136078,0.5283046364784241,-0.8274583220481873,1.4103730916976929,3.2800000000000007
195503,2,38004,0.08788817375898361,0.44912609457969666,-0.8891351819038391,3.303725242614746,2.6200000000000006
195503,3,38006,0.2053430676460266,0.19362005591392517,-0.9593464136123657,2.683488368988037,1.8400000000000003
195503,4,30713,-0.8662996292114258,-0.35394224524497986,0.35249093174934387,5.87454891204834,1.0100000000000002
195503,5,24005,-0.8002034425735474,-0.581150472164154,-0.14811678230762482,9.007549285888672,0.9900000000000002
195503,6,46169,-0.7497230768203735,-0.5859147906303406,-0.3076022267341614,7.750302791595459,0.8900000000000001
195503,7,27480,-0.5469534993171692,-0.8038110136985779,0.2339438647031784,4.941803455352783,0.7800000000000001
195503,8,5714,-0.24737946689128876,0.8990497589111328,-0.3612656891345978,4.300722122192383,0.5900000000000001
195503,9,293,-0.43039101362228394,0.8667661547660828,0.2519523501396179,3.9322714805603027,0.5700000000000001
195503,10,432,-0.5303130149841309,0.8461335301399231,0.0531621128320694,4.2006306648254395,0.30000000000000004
195503,11,39593,0.5334368348121643,-0.4549103081226349,-0.7130930423736572,-2.9046378135681152,0.23000000000000004
195503,12,15285,0.8765066862106323,-0.4378030598163605,0.20016111433506012,-9.761202812194824,0.18000000000000005
195503,13,28080,-0.8635404706001282,-0.4814234673976898,-0.15009750425815582,8.001585960388184,0.17000000000000004
195503,14,7072,-0.27863609790802,0.9536034464836121,0.11402824521064758,0.9947128295898438,0.16000000000000003
195503,15,15749,0.7570188641548157,-0.41895145177841187,0.5014001131057739,-10.414278030395508,0.15000000000000002
195503,16,950,-0.7323073148727417,0.6469331979751587,-0.2126108705997467,6.822510719299316,0.11000000000000001
195503,17,366,-0.3483875095844269,0.936668336391449,-0.035757340490818024,1.4952312707901,0.10000000000000002
195503,18,23421,0.8900859951972961,-0.332237184047699,0.3120343089103699,-8.38540267944336,0.07
195503,19,18655,0.9350278377532959,-0.20217584073543549,-0.2912865877151489,-8.073661804199219,0.05000000000000001
195503,20,45927,-0.7004237771034241,-0.454894483089447,-0.5499796271324158,9.250747680664062,0.04000000000000001
195503,21,40432,0.3968987762928009,0.36398813128471375,-0.842605471611023,0.5216174721717834,0.020000000000000004
283078,1,27107,-0.7173293828964233,-0.640591025352478,-0.27401047945022583,7.848508358001709,2.4700000000000006
283078,2,30334,-0.3432483375072479,-0.9350046515464783,-0.08914528787136078,6.771605014801025,2.4600000000000004
283078,3,39947,-0.01506318524479866,0.4510284960269928,-0.8923824429512024,-0.29027295112609863,1.2900000000000003
283078,4,18689,0.9401180148124695,-0.09002198278903961,0.3287462890148163,-4.731060028076172,1.2400000000000002
283078,5,7782,0.9793329238891602,0.20176026225090027,-0.014135436154901981,-4.136072635650635,1.1000000000000003
283078,6,35,-0.32495325803756714,0.9059983491897583,-0.2712423503398895,-3.4726345539093018,1.0400000000000003
283078,7,6868,-0.6094081401824951,0.745253324508667,0.27059048414230347,-2.547288656234741,0.7300000000000001
283078,8,2513,-0.09358621388673782,0.9767352342605591,-0.1929505318403244,-5.5442986488342285,0.7100000000000002
283078,9,15302,0.9803491830825806,-0.11364154517650604,-0.16124844551086426,-1.7469019889831543,0.6500000000000001
283078,10,2790,-0.24130912125110626,0.9427539110183716,-0.2301846742630005,-4.517983913421631,0.56
283078,11,40579,0.5334203243255615,0.5799462199211121,-0.6157313585281372,-2.414522171020508,0.4900000000000001
283078,12,33653,-0.18626289069652557,-0.8667475581169128,-0.462660551071167,6.8359904289245605,0.39000000000000007
283078,13,38006,0.2053430676460266,0.19362005591392517,-0.9593464136123657,2.683488368988037,0.30000000000000004
283078,14,18536,0.8080641627311707,-0.29900532960891724,-0.5075708031654358,1.510280728340149,0.23000000000000004
283078,15,23465,0.9075313806533813,-0.03999249264597893,0.4180757701396942,-4.619423866271973,0.20000000000000004
283078,16,20974,0.986896276473999,-0.15851160883903503,0.03016391210258007,-3.7288756370544434,0.18000000000000005
283078,17,22140,0.9334211945533752,0.0704459547996521,-0.35179856419563293,-3.865677833557129,0.05000000000000001
283078,18,23899,-0.2036806344985962,-0.9625518918037415,0.17890797555446625,5.633175849914551,0.020000000000000004
283078,19,12690,0.8363922834396362,-0.5273938179016113,0.14934416115283966,-0.9486397504806519,0.010000000000000002
193896,1,39968,0.5660015940666199,0.48800650238990784,-0.6644484996795654,-8.148909568786621,3.1600000000000006
193896,2,37066,-0.27138400077819824,0.4280444085597992,-0.8620491623878479,1.774187445640564,2.5900000000000003
193896,3,21667,0.8728422522544861,-0.4879983067512512,0.00202353997156024,-5.3073930740356445,2.0400000000000005
193896,4,2917,-0.8466262817382812,0.4764404892921448,-0.2371252030134201,5.307332992553711,0.8800000000000001
193896,5,1818,-0.5137775540351868,0.857792854309082,0.014970187097787857,-0.5999928116798401,0.6800000000000002
193896,6,14912,0.949338436126709,-0.3000454306602478,-0.09343089163303375,-8.282470703125,0.5800000000000001
193896,7,43224,-0.8120609521865845,-0.48158881068229675,-0.3295894265174866,11.948371887207031,0.5400000000000001
193896,8,13705,0.9970088601112366,-0.004878317471593618,0.07713336497545242,-10.748368263244629,0.3500000000000001
193896,9,17993,0.9819320440292358,-0.1627102941274643,0.09661716222763062,-8.560249328613281,0.29000000000000004
193896,10,33653,-0.18626289069652557,-0.8667475581169128,-0.462660551071167,6.8359904289245605,0.28
193896,11,44749,-0.8029218316078186,-0.43202948570251465,-0.41069090366363525,9.88041877746582,0.26000000000000006
193896,12,9230,0.9220886826515198,-0.3859190344810486,-0.02861672453582287,-6.772464275360107,0.22000000000000003
193896,13,5022,-0.0835675299167633,0.9963214993476868,0.018973415717482567,-4.976080417633057,0.19000000000000003
193896,14,37093,-0.03619179129600525,0.6194687485694885,-0.784186601638794,-2.752993106842041,0.16000000000000003
193896,15,41228,-0.8048073649406433,-0.4857701361179352,-0.34104615449905396,11.373414993286133,0.16000000000000003
193896,16,7403,0.9669132232666016,-0.2551044523715973,0.0007131073507480323,-7.379916667938232,0.11000000000000001
193896,17,47500,-0.8500290513038635,-0.377241313457489,-0.3676133453845978,11.662243843078613,0.10000000000000002
193896,18,32389,-0.5035728812217712,-0.8464816212654114,-0.17286771535873413,12.082907676696777,0.07
193896,19,13749,0.8545705676078796,-0.5187476277351379,-0.02470005303621292,-5.682026386260986,0.05000000000000001
193896,20,9,-0.49616920948028564,0.8524543046951294,-0.16473530232906342,-1.0061699151992798,0.010000000000000002
193896,21,22359,0.967563271522522,-0.24889251589775085,-0.043287500739097595,-8.788898468017578,0.010000000000000002
193896,22,46535,-0.9081461429595947,-0.2387753278017044,-0.34388506412506104,11.895761489868164,0.010000000000000002
144908,1,39438,0.19613119959831238,0.8085002303123474,-0.5548512935638428,-7.329899787902832,2.6500000000000004
144908,2,42334,-0.6482973098754883,-0.7226074934005737,-0.2398938089609146,8.909070014953613,2.6000000000000005
144908,3,38134,-0.11972483992576599,0.245659738779068,-0.9619341492652893,-2.406007766723633,1.8800000000000003
144908,4,2545,-0.4225773215293884,0.8950496912002563,0.14252859354019165,3.525352954864502,1.4400000000000004
144908,5,3573,-0.6142604351043701,0.748892605304718,-0.2486845999956131,6.1330108642578125,1.2500000000000002
144908,6,8255,0.9802927374839783,-0.05978216975927353,0.18828755617141724,-13.0642671585083,1.1000000000000003
144908,7,41503,-0.6378571391105652,-0.5919085144996643,-0.49272972345352173,7.683492183685303,0.9900000000000002
144908,8,38547,-0.021184824407100677,0.602372407913208,-0.7979339957237244,-4.468008041381836,0.8000000000000002
144908,9,14304,0.9995056986808777,-0.018916400149464607,-0.02511006034910679,-13.727306365966797,0.7000000000000002
144908,10,2242,-0.5659370422363281,0.8210203647613525,0.07510524988174438,5.685540199279785,0.6700000000000002
144908,11,40685,-0.3745131194591522,0.6493364572525024,-0.661892831325531,0.07608509063720703,0.6100000000000001
144908,12,13187,0.9620914459228516,-0.24260567128658295,-0.12458931654691696,-13.402457237243652,0.39000000000000007
144908,13,22247,0.9716042876243591,-0.09460752457380295,0.2168743759393692,-12.02873706817627,0.10000000000000002
144908,14,37974,-0.2845737338066101,0.1332753449678421,-0.9493447542190552,-1.413623332977295,0.05000000000000001
252809,1,16397,0.9915621280670166,-0.08019857853651047,0.10184649378061295,-4.916871070861816,1.9500000000000004
252809,2,293,-0.43039101362228394,0.8667661547660828,0.2519523501396179,3.9322714805603027,1.7500000000000004
252809,3,6567,0.061874788254499435,0.9490109086036682,-0.30911123752593994,-2.754924774169922,1.6600000000000004
252809,4,18689,0.9401180148124695,-0.09002198278903961,0.3287462890148163,-4.731060028076172,1.3100000000000003
252809,5,31099,-0.3682696223258972,-0.4390847384929657,0.8195011019706726,6.750180244445801,1.2700000000000002
252809,6,28041,-0.18854159116744995,-0.968095064163208,0.1650576889514923,2.1315231323242188,1.1500000000000001
252809,7,25769,-0.7424759864807129,-0.6665628552436829,-0.0665087029337883,3.6900997161865234,0.8100000000000002
252809,8,39193,0.05412905290722847,0.4398408830165863,-0.8964430093765259,-4.634550094604492,0.6300000000000001
252809,9,10261,0.9766795635223389,0.02511480823159218,-0.21322816610336304,-6.930191993713379,0.10000000000000002
252809,10,40212,-0.39591872692108154,0.2112240493297577,-0.8936625719070435,-2.8932790756225586,0.010000000000000002
252809,11,47583,-0.5545380711555481,-0.2993741035461426,-0.776442289352417,-0.5512058734893799,0.010000000000000002
39448,1,38834,-0.012272434309124947,0.47582635283470154,-0.8794535994529724,5.296192169189453,3.7600000000000007
39448,2,38968,0.34949612617492676,0.5419726967811584,-0.7642761468887329,-2.802516222000122,2.7400000000000007
39448,3,38801,0.2922040522098541,0.27151015400886536,-0.9170054793357849,-3.056575298309326,2.1400000000000006
39448,4,38938,0.6161277890205383,0.44492432475090027,-0.6499453186988831,-8.54776668548584,2.1300000000000003
39448,5,42334,-0.6482973098754883,-0.7226074934005737,-0.2398938089609146,8.909070014953613,1.2100000000000002
39448,6,39968,0.5660015940666199,0.48800650238990784,-0.6644484996795654,-8.148909568786621,0.7200000000000002
39448,7,11585,0.9740565419197083,0.14659664034843445,0.17240428924560547,-20.556055068969727,0.7100000000000002
39448,8,17207,0.9744543433189392,0.028402376919984818,0.22278256714344025,-21.66326904296875,0.4600000000000001
39448,9,39516,-0.24042533338069916,0.09509105235338211,-0.965998649597168,7.188600063323975,0.3500000000000001
39448,10,37375,-0.15029123425483704,0.6386401057243347,-0.7546862959861755,7.7843403816223145,0.25000000000000006
39448,11,10069,0.8778877258300781,-0.4079618453979492,0.2507593333721161,-22.9095516204834,0.16000000000000003
39448,12,12662,0.9640718102455139,-0.13967294991016388,0.22595804929733276,-20.260404586791992,0.13000000000000003
39448,13,41358,-0.9313238263130188,-0.3187449872493744,-0.17617495357990265,18.92302703857422,0.08000000000000002
39448,14,33187,-0.2669641375541687,-0.9580562710762024,0.10420338809490204,-1.5228651762008667,0.04000000000000001
46134,1,37944,0.22806259989738464,0.32135024666786194,-0.919087290763855,-3.933013439178467,5.6400000000000015
46134,2,39947,-0.01506318524479866,0.4510284960269928,-0.8923824429512024,-0.29027295112609863,3.3600000000000008
46134,3,38490,0.5550118684768677,0.28684699535369873,-0.7808204889297485,-11.543391227722168,2.7100000000000004
46134,4,12813,0.9766207337379456,0.05715502053499222,-0.2072322964668274,-21.08036994934082,0.8100000000000002
46134,5,39215,0.39177173376083374,0.729589581489563,-0.5605478882789612,-12.203351974487305,0.8100000000000002
46134,6,18211,0.9649865627288818,0.2441517412662506,0.09586876630783081,-22.068849563598633,0.7800000000000001
46134,7,8857,0.9693248867988586,0.039240602403879166,0.24263034760951996,-20.381452560424805,0.5100000000000001
46134,8,28500,-0.17313632369041443,-0.9245381355285645,-0.3394894003868103,9.4169921875,0.4900000000000001
46134,9,30270,-0.8755817413330078,-0.46393612027168274,-0.1346101313829422,22.348295211791992,0.4700000000000001
46134,10,40915,-0.6881831884384155,0.12420045584440231,-0.714827299118042,15.415639877319336,0.4100000000000001
46134,11,11852,0.9552074074745178,-0.20892173051834106,-0.20959603786468506,-17.49189567565918,0.3500000000000001
46134,12,293,-0.43039101362228394,0.8667661547660828,0.2519523501396179,3.9322714805603027,0.19000000000000003
46134,13,22566,0.9622746706008911,-0.02856787107884884,-0.2705758512020111,-18.215892791748047,0.19000000000000003
46134,14,20551,0.6845628023147583,-0.3869631290435791,-0.6177647709846497,-8.587335586547852,0.11000000000000001
46134,15,30595,-0.6467500925064087,-0.7189754247665405,-0.2545361816883087,19.45936393737793,0.10000000000000002
46134,16,6437,-0.04850011691451073,0.9329972267150879,-0.35660046339035034,-5.1646342277526855,0.09000000000000002
46134,17,9494,0.9726207852363586,0.05770847201347351,-0.22511883080005646,-19.637603759765625,0.09000000000000002
46134,18,347,-0.42087647318840027,0.8978614807128906,0.12925837934017181,3.0309360027313232,0.05000000000000001
46134,19,1195,-0.3726254999637604,0.8410152792930603,-0.39222899079322815,4.769714832305908,0.020000000000000004
46134,20,39438,0.19613119959831238,0.8085002303123474,-0.5548512935638428,-7.329899787902832,0.020000000000000004
46134,21,20975,0.8493795990943909,-0.304097980260849,-0.43136849999427795,-15.707404136657715,0.010000000000000002
46134,22,21674,0.9608018398284912,-0.2688842713832855,0.06753547489643097,-17.425331115722656,0.010000000000000002
46134,23,25125,-0.41569986939430237,-0.8853362798690796,0.20826247334480286,13.753398895263672,0.010000000000000002
535122,1,38800,-0.12756748497486115,0.7159421443939209,-0.686406135559082,-3.8824617862701416,2.9700000000000006
535122,2,39948,0.09302720427513123,0.037341661751270294,-0.9949631094932556,4.16033411026001,1.9300000000000004
535122,3,27604,-0.1318349391222,-0.9876692295074463,-0.084433913230896,4.841647148132324,1.4800000000000002
535122,4,10568,0.9679809212684631,-0.19627916812896729,0.1564846783876419,17.277999877929688,1.2900000000000003
535122,5,39427,-0.29428693652153015,0.34830397367477417,-0.8899884819984436,-3.4904117584228516,1.2700000000000002
535122,6,41144,-0.6110254526138306,-0.7666029334068298,-0.19740279018878937,-3.7408626079559326,0.7600000000000001
535122,7,38749,-0.011827786453068256,0.43572694063186646,-0.9000011682510376,-0.3160746693611145,0.7100000000000002
535122,8,39649,-0.15429162979125977,0.6293158531188965,-0.761679470539093,-4.329409599304199,0.6100000000000001
535122,9,41314,-0.692624568939209,-0.5726826190948486,-0.43852680921554565,-7.17097282409668,0.4300000000000001
535122,10,10163,0.9886969923973083,0.031058117747306824,0.14667531847953796,15.016809463500977,0.24000000000000005
535122,11,9889,0.8906652331352234,-0.40610355138778687,-0.2044391632080078,16.257089614868164,0.15000000000000002
535122,12,38879,0.26446035504341125,0.04776840656995773,-0.963212788105011,6.88170051574707,0.12000000000000002
535122,13,36844,-0.43120139837265015,-0.900175154209137,0.06123732402920723,-1.4889888763427734,0.08000000000000002
535122,14,25596,-0.6305726170539856,-0.7525379657745361,-0.18990735709667206,-4.818751811981201,0.030000000000000006
535122,15,33867,-0.8113875389099121,-0.4806136190891266,0.33265718817710876,-11.660909652709961,0.030000000000000006
483341,1,38909,-0.31949901580810547,0.07921693474054337,-0.944269597530365,-8.37463092803955,2.0800000000000005
483341,2,35788,-0.5660073161125183,-0.7725763320922852,-0.28768303990364075,-7.609179973602295,1.7200000000000004
483341,3,15791,0.9870434999465942,0.1448097676038742,0.06910306960344315,12.463406562805176,1.2900000000000003
483341,4,44504,-0.799456775188446,-0.40574532747268677,-0.44298940896987915,-11.710824012756348,1.1500000000000001
483341,5,40975,-0.11758516728878021,0.2684561610221863,-0.9560883641242981,-4.997090816497803,1.1300000000000001
483341,6,10770,0.934046745300293,-0.2832038700580597,0.21760571002960205,10.965560913085938,0.9200000000000002
483341,7,39649,-0.15429162979125977,0.6293158531188965,-0.761679470539093,-4.329409599304199,0.6300000000000001
483341,8,11444,0.6321010589599609,-0.62205570936203,-0.46205514669418335,4.161263465881348,0.6000000000000001
483341,9,17476,0.9812694787979126,-0.16141657531261444,-0.10514216870069504,11.313302040100098,0.5400000000000001
483341,10,33007,0.015367796644568443,-0.9979220628738403,-0.06257276237010956,-1.3779120445251465,0.5400000000000001
483341,11,2341,-0.3111463487148285,0.9474329352378845,-0.07455718517303467,-4.457772254943848,0.5300000000000001
483341,12,18037,0.9755157828330994,-0.18313968181610107,0.12177345901727676,11.930623054504395,0.5200000000000001
483341,13,4266,-0.29097574949264526,0.9214812517166138,-0.25730419158935547,-3.4591126441955566,0.22000000000000003
483341,14,38430,0.1337609738111496,0.8499899506568909,-0.5095342397689819,-0.7946318984031677,0.19000000000000003
483341,15,16939,0.9542266726493835,-0.23960158228874207,-0.17900434136390686,10.283210754394531,0.12000000000000002
483341,16,41191,-0.7492696642875671,-0.4151563346385956,-0.5159846544265747,-11.950526237487793,0.12000000000000002
483341,17,21291,0.9625816941261292,-0.26749977469444275,0.043363604694604874,11.989639282226562,0.05000000000000001
159978,1,39438,0.19613119959831238,0.8085002303123474,-0.5548512935638428,-7.329899787902832,2.9500000000000006
159978,2,40685,-0.3745131194591522,0.6493364572525024,-0.661892831325531,0.07608509063720703,2.4800000000000004
159978,3,40282,-0.13773728907108307,0.2547806203365326,-0.9571391344070435,-0.2602296471595764,1.6500000000000004
159978,4,39193,0.05412905290722847,0.4398408830165863,-0.8964430093765259,-4.634550094604492,1.3600000000000003
159978,5,2258,-0.1805637925863266,0.9235657453536987,-0.33826467394828796,-3.309614658355713,0.7200000000000002
159978,6,16752,0.948055624961853,0.1585429459810257,-0.27578020095825195,-13.736462593078613,0.6700000000000002
159978,7,30002,-0.7762964367866516,-0.6048089861869812,-0.17767928540706635,12.743868827819824,0.5800000000000001
159978,8,4096,-0.21781136095523834,0.9726970791816711,-0.08011645823717117,-1.210859775543213,0.45000000000000007
159978,9,15874,0.9245718717575073,-0.24908731877803802,-0.2883095443248749,-9.069624900817871,0.37000000000000005
159978,10,40164,0.31339648365974426,0.0481569766998291,-0.9484004974365234,-4.277862071990967,0.26000000000000006
159978,11,41125,-0.8724706172943115,-0.2052912563085556,-0.44345298409461975,11.115887641906738,0.10000000000000002
159978,12,12607,0.9008641839027405,-0.3561840057373047,-0.24814645946025848,-9.770071983337402,0.030000000000000006
159978,13,779,-0.30109530687332153,0.8653486371040344,-0.40064117312431335,-0.9507066011428833,0.020000000000000004
159978,14,38656,-0.15087425708770752,0.2851051688194275,-0.9465473890304565,-1.8546067476272583,0.020000000000000004
188399,1,39947,-0.01506318524479866,0.4510284960269928,-0.8923824429512024,-0.29027295112609863,3.0900000000000007
188399,2,37066,-0.27138400077819824,0.4280444085597992,-0.8620491623878479,1.774187445640564,2.8900000000000006
188399,3,14912,0.949338436126709,-0.3000454306602478,-0.09343089163303375,-8.282470703125,1.7000000000000004
188399,4,21667,0.8728422522544861,-0.4879983067512512,0.00202353997156024,-5.3073930740356445,1.3600000000000003
188399,5,13705,0.9970088601112366,-0.004878317471593618,0.07713336497545242,-10.748368263244629,1.3400000000000003
188399,6,39968,0.5660015940666199,0.48800650238990784,-0.6644484996795654,-8.148909568786621,0.7300000000000001
188399,7,32389,-0.5035728812217712,-0.8464816212654114,-0.17286771535873413,12.082907676696777,0.56
188399,8,43224,-0.8120609521865845,-0.48158881068229675,-0.3295894265174866,11.948371887207031,0.5200000000000001
188399,9,5022,-0.0835675299167633,0.9963214993476868,0.018973415717482567,-4.976080417633057,0.5100000000000001
188399,10,13749,0.8545705676078796,-0.5187476277351379,-0.02470005303621292,-5.682026386260986,0.4300000000000001
188399,11,45248,-0.7830840349197388,-0.4100947082042694,-0.4675486087799072,13.256945610046387,0.38000000000000006
188399,12,17289,0.9068705439567566,-0.4115193784236908,0.09076102077960968,-6.730718612670898,0.3400000000000001
188399,13,22,-0.2562139332294464,0.9661964178085327,0.02861672081053257,-4.961797714233398,0.31000000000000005
188399,14,2229,-0.0348198339343071,0.9988985061645508,-0.03145422413945198,-6.265137672424316,0.23000000000000004
188399,15,46964,-0.8081000447273254,-0.5852437615394592,-0.06681325286626816,13.508624076843262,0.21000000000000005
188399,16,22359,0.967563271522522,-0.24889251589775085,-0.043287500739097595,-8.788898468017578,0.19000000000000003
188399,17,2314,-0.510309636592865,0.7985378503799438,-0.31925132870674133,0.5320596694946289,0.10000000000000002
188399,18,47271,-0.6924793720245361,-0.5753722190856934,-0.43522313237190247,12.747621536254883,0.09000000000000002
188399,19,1818,-0.5137775540351868,0.857792854309082,0.014970187097787857,-0.5999928116798401,0.05000000000000001
188399,20,39700,-0.227823868393898,0.6912201046943665,-0.6857922673225403,-0.8839006423950195,0.030000000000000006
151808,1,38835,-0.03992603346705437,0.36855030059814453,-0.9287500381469727,2.9144039154052734,1.8300000000000003
151808,2,38325,0.2204708755016327,0.5804798603057861,-0.7838594913482666,-0.10566222667694092,1.8100000000000003
151808,3,7531,0.9819250702857971,-0.15083257853984833,-0.11433584988117218,-13.814844131469727,1.3500000000000003
151808,4,37773,-0.36983242630958557,-0.5368421673774719,-0.758303701877594,0.8618583679199219,1.2200000000000002
151808,5,19731,0.921847939491272,-0.31168609857559204,-0.2303217202425003,-13.040084838867188,1.1900000000000002
151808,6,7738,0.8150221705436707,-0.27150920033454895,0.5118804574012756,-12.769525527954102,0.9800000000000002
151808,7,6168,-0.5451991558074951,0.8328038454055786,0.09589378535747528,12.764961242675781,0.6800000000000002
151808,8,31684,-0.382685124874115,-0.9215619564056396,0.06538811326026917,-1.1414284706115723,0.6700000000000002
151808,9,46172,-0.853976845741272,0.18560180068016052,-0.4860817790031433,12.476797103881836,0.5000000000000001
151808,10,38801,0.2922040522098541,0.27151015400886536,-0.9170054793357849,-3.056575298309326,0.4300000000000001
151808,11,1049,0.0904374048113823,0.9831914901733398,-0.15860514342784882,4.192998886108398,0.17000000000000004
151808,12,6047,-0.23178228735923767,0.9537007808685303,-0.19165532290935516,7.62669563293457,0.020000000000000004
151808,13,22725,0.9465101957321167,-0.21830399334430695,-0.23761694133281708,-14.47597885131836,0.020000000000000004
55559,1,37289,0.10764801502227783,0.03610878437757492,-0.9935331344604492,2.939838171005249,3.3900000000000006
55559,2,37181,-0.1529897302389145,0.43962913751602173,-0.8850538730621338,6.260800361633301,2.9100000000000006
55559,3,8058,0.9745891690254211,-0.1659020483493805,0.15050721168518066,-21.026124954223633,1.7400000000000004
55559,4,30385,-0.4377932548522949,-0.8156233429908752,0.3782798647880554,7.952324390411377,1.4100000000000004
55559,5,1082,-0.5372174382209778,0.6134989261627197,-0.5788061022758484,12.046107292175293,1.2300000000000002
55559,6,31022,-0.58542799949646,-0.6260957717895508,0.515051543712616,10.545455932617188,1.12
55559,7,37775,0.12319371104240417,0.0788036584854126,-0.9892488718032837,1.7002711296081543,0.9500000000000002
55559,8,34833,-0.6995709538459778,-0.710525631904602,-0.07585377991199493,15.335613250732422,0.8100000000000002
55559,9,42934,-0.8243040442466736,-0.19008462131023407,-0.5332829356193542,19.842275619506836,0.56
55559,10,35543,-0.4431055188179016,-0.8836096525192261,-0.1512993723154068,11.365486145019531,0.5300000000000001
55559,11,10157,0.9751108288764954,-0.10204771161079407,-0.19683793187141418,-19.47715950012207,0.4100000000000001
55559,12,8915,0.9840533137321472,-0.17066285014152527,-0.05013277381658554,-19.867231369018555,0.4000000000000001
55559,13,32766,-0.5093015432357788,-0.8123428225517273,0.28409698605537415,11.748867988586426,0.3500000000000001
55559,14,20975,0.8493795990943909,-0.304097980260849,-0.43136849999427795,-15.707404136657715,0.29000000000000004
55559,15,11861,0.9039239287376404,-0.0824633464217186,0.4196681082248688,-19.64031982421875,0.22000000000000003
55559,16,34072,-0.5007360577583313,-0.7285420298576355,0.4674290716648102,9.248218536376953,0.14
55559,17,20944,0.9565424919128418,-0.21517595648765564,-0.19678860902786255,-18.105558395385742,0.04000000000000001
55559,18,8529,0.9232478737831116,-0.35700058937072754,0.14199990034103394,-17.89337730407715,0.010000000000000002
169650,1,1389,0.03857522830367088,0.9288485050201416,-0.3684459626674652,0.7804667353630066,2.6200000000000006
169650,2,39968,0.5660015940666199,0.48800650238990784,-0.6644484996795654,-8.148909568786621,2.5800000000000005
169650,3,39508,-0.19165286421775818,0.9083378911018372,-0.3717411458492279,2.9754371643066406,1.5100000000000002
169650,4,38134,-0.11972483992576599,0.245659738779068,-0.9619341492652893,-2.406007766723633,1.4600000000000002
169650,5,46476,-0.9048951864242554,-0.33565279841423035,-0.2617286145687103,7.472257137298584,1.3600000000000003
169650,6,4059,-0.2507617175579071,0.930844783782959,-0.26579412817955017,2.9077224731445312,0.5400000000000001
169650,7,474,-0.5304126739501953,0.7100480794906616,-0.46313509345054626,5.250975608825684,0.5200000000000001
169650,8,2861,-0.14439663290977478,0.9678241014480591,-0.2060731202363968,3.7618939876556396,0.4600000000000001
169650,9,12355,0.9830266833305359,0.161448135972023,-0.0871383473277092,-10.205706596374512,0.4200000000000001
169650,10,44410,-0.6821132302284241,-0.5697940587997437,-0.4583190083503723,5.195939064025879,0.38000000000000006
169650,11,12703,0.9287922978401184,-0.24422059953212738,0.2787492573261261,-9.383987426757812,0.18000000000000005
169650,12,37773,-0.36983242630958557,-0.5368421673774719,-0.758303701877594,0.8618583679199219,0.05000000000000001
169650,13,47639,-0.7789241671562195,-0.6270670294761658,-0.008005309849977493,7.6687703132629395,0.020000000000000004
574471,1,38854,0.3278461992740631,0.7168424129486084,-0.6153485178947449,8.503621101379395,3.2100000000000004
574471,2,38092,0.06576913595199585,0.41908982396125793,-0.9055595993995667,4.840630054473877,3.0300000000000007
574471,3,42738,-0.8698964715003967,-0.3908270597457886,-0.3008893132209778,-14.533278465270996,2.5600000000000005
574471,4,38105,-0.4056583344936371,0.6266327500343323,-0.665411651134491,-6.461906433105469,2.2500000000000004
574471,5,7559,0.8261319398880005,-0.5627378821372986,0.028846291825175285,17.12327766418457,1.3700000000000003
574471,6,29175,-0.721347451210022,-0.6220245361328125,0.30453795194625854,-13.900918960571289,0.7400000000000001
574471,7,31449,-0.09435626119375229,-0.8068031072616577,-0.5832372307777405,1.8895699977874756,0.17000000000000004
574471,8,4190,-0.04600232467055321,0.9543673396110535,-0.2950708866119385,-0.29866325855255127,0.16000000000000003
574471,9,36121,-0.48128771781921387,-0.8667100071907043,-0.1310569941997528,-6.660510063171387,0.14
574471,10,32625,-0.09311621636152267,-0.92081618309021,0.3787175118923187,-1.1266463994979858,0.04000000000000001
574471,11,12368,0.9212721586227417,-0.3485508859157562,0.1725395917892456,18.463871002197266,0.010000000000000002
221149,1,38325,0.2204708755016327,0.5804798603057861,-0.7838594913482666,-0.10566222667694092,4.790000000000001
221149,2,38275,0.11259645968675613,0.4190138280391693,-0.9009714126586914,-0.852778971195221,3.5300000000000007
221149,3,38801,0.2922040522098541,0.27151015400886536,-0.9170054793357849,-3.056575298309326,2.4700000000000006
221149,4,37648,0.5738745331764221,0.04659058898687363,-0.817616879940033,-5.178305149078369,0.9500000000000002
221149,5,35112,-0.49257388710975647,-0.8672791123390198,-0.07209618389606476,-0.3606836199760437,0.8500000000000002
221149,6,21051,0.9483398795127869,-0.0548657663166523,0.3124759793281555,-6.643543720245361,0.8400000000000002
221149,7,9647,0.9341111183166504,-0.35076192021369934,-0.06635168939828873,-10.231431007385254,0.4800000000000001
221149,8,9982,0.9472288489341736,-0.090306356549263,0.3075748085975647,-6.910557270050049,0.45000000000000007
221149,9,27488,-0.9613149166107178,-0.27143359184265137,-0.04687660187482834,7.142691135406494,0.4300000000000001
221149,10,12950,0.9639023542404175,-0.031773827970027924,-0.2643533945083618,-6.829624652862549,0.4200000000000001
221149,11,30800,-0.007265077438205481,-0.9995611310005188,0.028717858716845512,-4.235832691192627,0.3500000000000001
221149,12,1123,-0.17054495215415955,0.9849979877471924,0.026332538574934006,5.979192733764648,0.29000000000000004
221149,13,27242,-0.6664522290229797,-0.736311137676239,-0.11699282377958298,0.0676928162574768,0.14
221149,14,4060,-0.09534453600645065,0.9830198287963867,0.1567845493555069,7.259040832519531,0.11000000000000001
221149,15,24946,-0.6990365982055664,-0.6995329260826111,0.14832888543605804,2.5032689571380615,0.10000000000000002
221149,16,41342,-0.8994542360305786,-0.2153528332710266,-0.3802698850631714,3.2923765182495117,0.09000000000000002
221149,17,28951,-0.8170726895332336,-0.54051274061203,0.20059458911418915,4.435805797576904,0.030000000000000006
221149,18,29774,-0.26269930601119995,-0.9598470330238342,-0.0984007939696312,-2.5833795070648193,0.030000000000000006
221149,19,43049,-0.653519868850708,-0.5437400341033936,-0.5265535116195679,2.5527398586273193,0.020000000000000004
221149,20,30134,-0.5445768237113953,-0.5862959027290344,0.5997442603111267,1.6578869819641113,0.010000000000000002
184484,1,38325,0.2204708755016327,0.5804798603057861,-0.7838594913482666,-0.10566222667694092,2.1400000000000006
184484,2,12469,0.9967820644378662,0.07416906207799911,0.030405908823013306,-11.73218822479248,1.8500000000000003
184484,3,42334,-0.6482973098754883,-0.7226074934005737,-0.2398938089609146,8.909070014953613,1.6000000000000003
184484,4,18655,0.9350278377532959,-0.20217584073543549,-0.2912865877151489,-8.073661804199219,1.2400000000000002
184484,5,38736,0.1902810037136078,0.5283046364784241,-0.8274583220481873,1.4103730916976929,1.1000000000000003
184484,6,38006,0.2053430676460266,0.19362005591392517,-0.9593464136123657,2.683488368988037,1.0800000000000003
184484,7,8911,0.8271657824516296,-0.5515516996383667,-0.10764525085687637,-7.814213752746582,1.0700000000000003
184484,8,44747,-0.7643186450004578,-0.5917691588401794,-0.25617632269859314,10.522045135498047,1.0700000000000003
184484,9,43994,-0.9126827716827393,0.1251354068517685,-0.3890388607978821,11.978979110717773,0.7500000000000001
184484,10,20416,0.8954868912696838,-0.4435107707977295,0.037435706704854965,-8.14382266998291,0.7000000000000002
184484,11,33653,-0.18626289069652557,-0.8667475581169128,-0.462660551071167,6.8359904289245605,0.7000000000000002
184484,12,45335,-0.7779855728149414,0.0017582407454028726,-0.6282796859741211,10.882205963134766,0.6500000000000001
184484,13,432,-0.5303130149841309,0.8461335301399231,0.0531621128320694,4.2006306648254395,0.38000000000000006
184484,14,38004,0.08788817375898361,0.44912609457969666,-0.8891351819038391,3.303725242614746,0.23000000000000004
184484,15,15749,0.7570188641548157,-0.41895145177841187,0.5014001131057739,-10.414278030395508,0.21000000000000005
184484,16,26057,-0.39470651745796204,-0.8729857802391052,0.28653550148010254,4.366484642028809,0.13000000000000003
184484,17,16146,0.9434149861335754,-0.18837858736515045,-0.27291324734687805,-9.305438995361328,0.12000000000000002
184484,18,39593,0.5334368348121643,-0.4549103081226349,-0.7130930423736572,-2.9046378135681152,0.08000000000000002
184484,19,18716,0.9963404536247253,-0.06003493070602417,0.06083960458636284,-10.878692626953125,0.020000000000000004
184484,20,39521,-0.4104660451412201,0.28424447774887085,-0.8664425611495972,8.836319923400879,0.020000000000000004
184484,21,8173,0.9442906975746155,0.010026351548731327,0.32895973324775696,-12.314613342285156,0.010000000000000002
47580,1,39193,0.05412905290722847,0.4398408830165863,-0.8964430093765259,-4.634550094604492,3.0000000000000004
47580,2,39215,0.39177173376083374,0.729589581489563,-0.5605478882789612,-12.203351974487305,1.9900000000000004
47580,3,293,-0.43039101362228394,0.8667661547660828,0.2519523501396179,3.9322714805603027,1.6100000000000003
47580,4,37093,-0.03619179129600525,0.6194687485694885,-0.784186601638794,-2.752993106842041,1.2200000000000002
47580,5,19554,0.991967499256134,-0.02485480345785618,0.12402696162462234,-21.2803897857666,1.1000000000000003
47580,6,40031,0.4251484274864197,0.5516983866691589,-0.717549741268158,-12.558086395263672,0.9700000000000002
47580,7,35040,-0.22106695175170898,-0.9705821871757507,0.0953921377658844,9.436195373535156,0.5500000000000002
47580,8,20975,0.8493795990943909,-0.304097980260849,-0.43136849999427795,-15.707404136657715,0.5200000000000001
47580,9,8961,0.9811698794364929,0.18546698987483978,-0.053922683000564575,-22.414697647094727,0.5000000000000001
47580,10,13414,0.9095501899719238,-0.16855135560035706,0.37988007068634033,-17.12162208557129,0.30000000000000004
47580,11,25062,-0.46040353178977966,-0.7364104986190796,0.49570977687835693,14.744154930114746,0.30000000000000004
47580,12,24265,-0.6138380765914917,-0.779551088809967,-0.12451079487800598,15.930680274963379,0.14
47580,13,32509,-0.6749740839004517,-0.6342768669128418,0.37696531414985657,17.653274536132812,0.09000000000000002
47580,14,1017,-0.1027718335390091,0.9942951798439026,0.028548430651426315,-3.9282679557800293,0.030000000000000006
47580,15,34046,-0.23075297474861145,-0.9633023738861084,-0.13711881637573242,10.991063117980957,0.030000000000000006
47580,16,4473,-0.38871967792510986,0.8500487804412842,0.3554069697856903,5.084663391113281,0.020000000000000004
47580,17,25557,0.09084486961364746,-0.9474025368690491,-0.3068804144859314,2.709582805633545,0.010000000000000002
324085,1,40464,0.044961947947740555,0.5538598299026489,-0.8313950300216675,-4.713716983795166,4.380000000000001
324085,2,38800,-0.12756748497486115,0.7159421443939209,-0.686406135559082,-3.8824617862701416,3.6000000000000005
324085,3,15106,0.7479081153869629,-0.6547793745994568,0.10907495766878128,2.1905345916748047,1.3800000000000003
324085,4,19388,0.9594634175300598,-0.16355909407138824,-0.22951778769493103,-0.6893841028213501,1.0600000000000003
324085,5,17754,0.9658299088478088,-0.05102328956127167,0.2541046738624573,-0.10737411677837372,0.8400000000000002
324085,6,26934,-0.5562942028045654,-0.7367845177650452,0.38429850339889526,2.472996950149536,0.6900000000000002
324085,7,37175,-0.5254307985305786,0.2503867447376251,-0.8131598830223083,-2.8205459117889404,0.5300000000000001
324085,8,41339,-0.7904526591300964,-0.4351663291454315,-0.4310624599456787,0.6829782128334045,0.4700000000000001
324085,9,36796,-0.05423540621995926,-0.9919081926345825,-0.11478982120752335,1.5678670406341553,0.4300000000000001
324085,10,27441,-0.38323837518692017,-0.9192995429039001,-0.08953621238470078,1.3837063312530518,0.39000000000000007
324085,11,40975,-0.11758516728878021,0.2684561610221863,-0.9560883641242981,-4.997090816497803,0.3400000000000001
324085,12,30549,-0.8546951413154602,-0.4183976948261261,-0.30731019377708435,-1.0027318000793457,0.32000000000000006
324085,13,45422,-0.7911259531974792,-0.23146723210811615,-0.5661648511886597,-2.5219388008117676,0.2700000000000001
324085,14,42728,-0.9588931202888489,-0.23965652287006378,-0.15194980800151825,-0.33681654930114746,0.26000000000000006
324085,15,4519,-0.46239927411079407,0.8652175068855286,0.19387003779411316,-1.6622593402862549,0.21000000000000005
324085,16,5146,-0.3676010072231293,0.9249005317687988,0.0971006229519844,-1.4185162782669067,0.15000000000000002
324085,17,35283,-0.7090774774551392,-0.7041199803352356,0.037738703191280365,3.052464485168457,0.11000000000000001
324085,18,22159,0.9750670194625854,0.200845405459404,-0.09436862915754318,-1.5591261386871338,0.08000000000000002
324085,19,9464,0.9778223633766174,-0.20619244873523712,0.03671713173389435,1.129002571105957,0.06000000000000001
324085,20,12287,0.7180718779563904,-0.46070414781570435,0.5216554999351501,3.041841506958008,0.04000000000000001
324085,21,42323,-0.6096695065498352,-0.5924803018569946,-0.5265645384788513,0.15204617381095886,0.020000000000000004
460792,1,39066,0.37704578042030334,0.26407894492149353,-0.8877492547035217,7.643748760223389,3.7800000000000007
460792,2,38524,0.11548898369073868,0.08244597911834717,-0.9898812770843506,5.003664970397949,1.7800000000000002
460792,3,32625,-0.09311621636152267,-0.92081618309021,0.3787175118923187,-1.1266463994979858,1.5800000000000003
460792,4,38726,-0.07250738888978958,0.24175496399402618,-0.9676245450973511,3.6980109214782715,1.3800000000000003
460792,5,20509,0.9231960773468018,-0.18054896593093872,-0.3392801582813263,10.022831916809082,1.2200000000000002
460792,6,38940,-0.4396671652793884,0.4659554064273834,-0.7678400278091431,-1.545396089553833,1.1400000000000001
460792,7,4847,-0.7907237410545349,0.5984895825386047,0.12870994210243225,-9.28506088256836,0.8400000000000002
460792,8,4423,-0.14227165281772614,0.9091972708702087,-0.3913043737411499,-0.2596031427383423,0.6200000000000001
460792,9,25673,-0.037301160395145416,-0.9974446296691895,0.06093297526240349,0.613392174243927,0.6100000000000001
460792,10,38387,-0.48386967182159424,0.6125997304916382,-0.6249733567237854,-1.7010279893875122,0.33000000000000007
460792,11,28642,-0.20727622509002686,-0.9132704734802246,0.35067594051361084,-4.065074443817139,0.2700000000000001
460792,12,37373,0.03881318122148514,0.36650359630584717,-0.9296067357063293,3.544081211090088,0.26000000000000006
460792,13,36775,-0.28240853548049927,-0.9477951526641846,-0.14808695018291473,-1.715389609336853,0.21000000000000005
460792,14,38342,-0.5143661499023438,0.5315931439399719,-0.6729310154914856,-3.916858673095703,0.17000000000000004
460792,15,44235,-0.9491256475448608,-0.1852358728647232,-0.25465309619903564,-7.474746227264404,0.17000000000000004
460792,16,12278,0.9661135673522949,-0.16706642508506775,-0.19675706326961517,10.943941116333008,0.13000000000000003
460792,17,40312,0.3208484351634979,0.6721141338348389,-0.6673222184181213,4.789607048034668,0.13000000000000003
460792,18,37826,-0.5576846599578857,0.3130533695220947,-0.7687557339668274,-3.145672559738159,0.08000000000000002
460792,19,2407,-0.3318266272544861,0.7753645777702332,-0.537308931350708,-2.1255648136138916,0.030000000000000006
305127,1,40579,0.5334203243255615,0.5799462199211121,-0.6157313585281372,-2.414522171020508,2.9600000000000004
305127,2,30334,-0.3432483375072479,-0.9350046515464783,-0.08914528787136078,6.771605014801025,2.5700000000000003
305127,3,7782,0.9793329238891602,0.20176026225090027,-0.014135436154901981,-4.136072635650635,1.1700000000000002
305127,4,40024,-0.3677612841129303,0.6937432885169983,-0.619251012802124,-2.222072124481201,1.1600000000000001
305127,5,38275,0.11259645968675613,0.4190138280391693,-0.9009714126586914,-0.852778971195221,1.1400000000000001
305127,6,2790,-0.24130912125110626,0.9427539110183716,-0.2301846742630005,-4.517983913421631,0.7600000000000001
305127,7,18536,0.8080641627311707,-0.29900532960891724,-0.5075708031654358,1.510280728340149,0.5200000000000001
305127,8,21359,0.6704850792884827,-0.6512459516525269,0.3554271459579468,1.311845302581787,0.4600000000000001
305127,9,46138,-0.8916292786598206,-0.17277498543262482,-0.4185045659542084,2.839080810546875,0.18000000000000005
305127,10,39947,-0.01506318524479866,0.4510284960269928,-0.8923824429512024,-0.29027295112609863,0.11000000000000001
305127,11,39757,-0.24880342185497284,0.2927461862564087,-0.9232532382011414,1.404260277748108,0.05000000000000001
305127,12,41613,-0.9081368446350098,-0.2934795022010803,-0.2985921800136566,3.650160789489746,0.05000000000000001
589708,1,32625,-0.09311621636152267,-0.92081618309021,0.3787175118923187,-1.1266463994979858,2.4300000000000006
589708,2,38105,-0.4056583344936371,0.6266327500343323,-0.665411651134491,-6.461906433105469,2.3300000000000005
589708,3,40781,0.6078283786773682,0.45360124111175537,-0.6517595648765564,14.98967170715332,2.0400000000000005
589708,4,38092,0.06576913595199585,0.41908982396125793,-0.9055595993995667,4.840630054473877,1.1500000000000001
589708,5,45387,-0.8435410857200623,-0.22732843458652496,-0.48658016324043274,-14.570029258728027,0.8400000000000002
589708,6,38854,0.3278461992740631,0.7168424129486084,-0.6153485178947449,8.503621101379395,0.4700000000000001
589708,7,31792,0.2093127816915512,-0.9735387563705444,-0.09170832484960556,7.43623685836792,0.4200000000000001
589708,8,37373,0.03881318122148514,0.36650359630584717,-0.9296067357063293,3.544081211090088,0.4000000000000001
589708,9,29175,-0.721347451210022,-0.6220245361328125,0.30453795194625854,-13.900918960571289,0.2700000000000001
589708,10,19597,0.9472121596336365,0.31145337224006653,-0.07606519013643265,20.145944595336914,0.13000000000000003
589708,11,7559,0.8261319398880005,-0.5627378821372986,0.028846291825175285,17.12327766418457,0.07
589708,12,11455,0.9929817914962769,-0.04650745540857315,0.10873941332101822,19.71910285949707,0.020000000000000004
589708,13,12368,0.9212721586227417,-0.3485508859157562,0.1725395917892456,18.463871002197266,0.010000000000000002
589708,14,36121,-0.48128771781921387,-0.8667100071907043,-0.1310569941997528,-6.660510063171387,0.010000000000000002
60715,1,293,-0.43039101362228394,0.8667661547660828,0.2519523501396179,3.9322714805603027,3.2900000000000005
60715,2,37289,0.10764801502227783,0.03610878437757492,-0.9935331344604492,2.939838171005249,2.1600000000000006
60715,3,21763,0.7880480289459229,-0.5946922302246094,-0.15912729501724243,-11.481385231018066,2.0400000000000005
60715,4,39273,0.1941727250814438,0.45042604207992554,-0.8714432120323181,-1.8660163879394531,1.6000000000000003
60715,5,28500,-0.17313632369041443,-0.9245381355285645,-0.3394894003868103,9.4169921875,1.0800000000000003
60715,6,38323,0.011960793286561966,0.4541497528553009,-0.8908450603485107,1.622586727142334,0.7000000000000002
60715,7,39623,0.13137869536876678,0.2618807554244995,-0.9561161398887634,0.5807722806930542,0.33000000000000007
60715,8,18582,0.9756069183349609,-0.2148214727640152,-0.04519817233085632,-18.722013473510742,0.12000000000000002
60715,9,9414,0.9497905969619751,-0.3127906322479248,0.007736870553344488,-16.15829849243164,0.10000000000000002
60715,10,11852,0.9552074074745178,-0.20892173051834106,-0.20959603786468506,-17.49189567565918,0.09000000000000002
60715,11,32766,-0.5093015432357788,-0.8123428225517273,0.28409698605537415,11.748867988586426,0.06000000000000001
60715,12,33455,-0.1981571763753891,-0.8511285185813904,0.4861213266849518,5.5141215324401855,0.010000000000000002
60715,13,35057,-0.892728328704834,-0.4437772333621979,-0.07808926701545715,19.472684860229492,0.010000000000000002
230813,1,38047,-0.09910912066698074,0.6473348140716553,-0.7557347416877747,-0.33743369579315186,2.3700000000000006
230813,2,2861,-0.14439663290977478,0.9678241014480591,-0.2060731202363968,3.7618939876556396,2.3100000000000005
230813,3,38961,0.28054818511009216,0.6347153186798096,-0.7200202941894531,-2.206622362136841,1.7500000000000004
230813,4,35801,-0.7250910997390747,-0.676922619342804,0.1265650987625122,4.160974979400635,0.9700000000000002
230813,5,38134,-0.11972483992576599,0.245659738779068,-0.9619341492652893,-2.406007766723633,0.8800000000000001
230813,6,25769,-0.7424759864807129,-0.6665628552436829,-0.0665087029337883,3.6900997161865234,0.5700000000000001
230813,7,18689,0.9401180148124695,-0.09002198278903961,0.3287462890148163,-4.731060028076172,0.4800000000000001
230813,8,41342,-0.8994542360305786,-0.2153528332710266,-0.3802698850631714,3.2923765182495117,0.31000000000000005
230813,9,29120,-0.5381879806518555,-0.6399563550949097,0.5484610795974731,3.1197264194488525,0.2700000000000001
230813,10,30713,-0.8662996292114258,-0.35394224524497986,0.35249093174934387,5.87454891204834,0.16000000000000003
230813,11,39508,-0.19165286421775818,0.9083378911018372,-0.3717411458492279,2.9754371643066406,0.13000000000000003
230813,12,5641,0.1972053349018097,0.9778302907943726,0.0704132691025734,1.685725450515747,0.09000000000000002
230813,13,29435,-0.616249144077301,-0.7205036282539368,0.3179803788661957,3.974738597869873,0.09000000000000002
230813,14,32563,-0.7703666090965271,-0.32548025250434875,-0.5482681393623352,3.2805843353271484,0.07
230813,15,12950,0.9639023542404175,-0.031773827970027924,-0.2643533945083618,-6.829624652862549,0.04000000000000001
96008,1,38906,-0.09618392586708069,0.7663617730140686,-0.6351679563522339,3.3677685260772705,2.8200000000000007
96008,2,40371,0.31454089283943176,0.7837101817131042,-0.5355952978134155,-3.9600560665130615,2.1400000000000006
96008,3,7738,0.8150221705436707,-0.27150920033454895,0.5118804574012756,-12.769525527954102,2.0100000000000002
96008,4,3669,-0.4857255518436432,0.8610133528709412,0.15075358748435974,12.861673355102539,1.2400000000000002
96008,5,35842,-0.4167154133319855,-0.8956878185272217,-0.15521466732025146,2.6082894802093506,0.8000000000000002
96008,6,37773,-0.36983242630958557,-0.5368421673774719,-0.758303701877594,0.8618583679199219,0.5500000000000002
96008,7,3311,-0.4240034818649292,0.8782564401626587,0.2211032211780548,11.021720886230469,0.4600000000000001
96008,8,38764,0.5373557806015015,0.327097624540329,-0.777338981628418,-10.657472610473633,0.44000000000000006
96008,9,45608,-0.8913714289665222,-0.25398099422454834,-0.37543395161628723,12.856077194213867,0.29000000000000004
96008,10,25843,-0.3031609356403351,-0.9526770114898682,-0.022359801456332207,1.5407449007034302,0.25000000000000006
96008,11,44936,-0.6792256236076355,-0.5914818048477173,-0.4345133304595947,8.467041969299316,0.20000000000000004
96008,12,27084,-0.7403644919395447,-0.5872979760169983,0.327019065618515,11.868444442749023,0.18000000000000005
96008,13,25360,-0.5942347645759583,-0.7676503658294678,0.23999576270580292,8.344404220581055,0.04000000000000001
96008,14,2476,-0.32415688037872314,0.9444790482521057,-0.05368104577064514,8.758258819580078,0.010000000000000002
565242,1,39274,0.2972518801689148,0.280519962310791,-0.9126608967781067,4.064669132232666,4.090000000000001
565242,2,39049,0.05056001618504524,0.4903784990310669,-0.8700417280197144,0.9345574378967285,3.400000000000001
565242,3,39830,-0.24257682263851166,-0.5094869136810303,-0.8255783319473267,-9.442253112792969,2.1500000000000004
565242,4,39677,0.045334894210100174,0.574148416519165,-0.8174951672554016,0.9017328023910522,1.4600000000000002
565242,5,3160,-0.4837917685508728,0.7491815686225891,0.45240744948387146,-5.708756446838379,0.7900000000000001
565242,6,38438,0.2375400811433792,0.0282732080668211,-0.9709661602973938,2.610175848007202,0.6400000000000001
565242,7,30021,-0.4768480658531189,-0.8788705468177795,0.014230324886739254,-13.081280708312988,0.6000000000000001
565242,8,45364,-0.8442241549491882,-0.532753050327301,-0.05881991982460022,-17.86366081237793,0.4200000000000001
565242,9,47686,-0.8824314475059509,-0.3350365459918976,-0.33025026321411133,-20.79302406311035,0.3600000000000001
565242,10,17206,0.7871221303939819,-0.6119815707206726,-0.07692436128854752,14.363115310668945,0.33000000000000007
565242,11,42435,-0.635113000869751,-0.6817940473556519,-0.3630266487598419,-15.624002456665039,0.31000000000000005
565242,12,38909,-0.31949901580810547,0.07921693474054337,-0.944269597530365,-8.37463092803955,0.19000000000000003
565242,13,24000,-0.6135865449905396,-0.6424797177314758,-0.4590548276901245,-14.36960220336914,0.18000000000000005
565242,14,5395,-0.3868013024330139,0.8710766434669495,-0.302671879529953,-5.151181221008301,0.10000000000000002
565242,15,20102,0.9846399426460266,-0.07601160556077957,0.1571827530860901,19.414695739746094,0.09000000000000002
565242,16,25349,-0.7774410247802734,-0.6270188689231873,0.049323540180921555,-18.818187713623047,0.05000000000000001
565242,17,31524,0.08334265649318695,-0.9794024229049683,0.18391554057598114,-1.4213069677352905,0.04000000000000001
565242,18,7698,0.9475120902061462,-0.31548506021499634,-0.051865510642528534,14.914628028869629,0.020000000000000004
411809,1,38340,-0.17182035744190216,0.7047844529151917,-0.688299834728241,5.174217224121094,2.7200000000000006
411809,2,16131,0.9825019240379333,-0.13159315288066864,-0.13180741667747498,5.443408012390137,2.6400000000000006
411809,3,39696,-0.07063128799200058,0.34466812014579773,-0.9360636472702026,3.067375659942627,2.4500000000000006
411809,4,37155,-0.1191081702709198,0.7922998070716858,-0.5983930826187134,5.714597225189209,1.9500000000000004
411809,5,16721,0.9586848020553589,-0.25734665989875793,0.12122773379087448,3.016663074493408,1.2700000000000002
411809,6,33094,-0.7843635082244873,-0.6027671098709106,0.14644332230091095,-8.097799301147461,0.9600000000000002
411809,7,45674,-0.8999833464622498,-0.3476136028766632,-0.2630489468574524,-6.06213903427124,0.8300000000000002
411809,8,9946,0.9809109568595886,-0.04308485612273216,-0.18962422013282776,5.38508415222168,0.7500000000000001
411809,9,27027,-0.32483789324760437,-0.9096565842628479,0.2588537037372589,-7.972418308258057,0.4900000000000001
411809,10,39873,0.1750839501619339,0.7429322004318237,-0.646062970161438,6.219775199890137,0.4900000000000001
411809,11,40060,0.2394055426120758,0.23269407451152802,-0.9426231980323792,5.669556617736816,0.19000000000000003
411809,12,7149,-0.20564208924770355,0.9004729986190796,0.3832227885723114,4.547142505645752,0.020000000000000004
411809,13,3636,-0.24854354560375214,0.9346566796302795,-0.2542499601840973,4.673654556274414,0.010000000000000002
120903,1,39193,0.05412905290722847,0.4398408830165863,-0.8964430093765259,-4.634550094604492,2.9600000000000004
120903,2,39438,0.19613119959831238,0.8085002303123474,-0.5548512935638428,-7.329899787902832,2.4300000000000006
120903,3,38614,-0.13890017569065094,0.5022006630897522,-0.8535228371620178,-1.8778525590896606,2.2200000000000006
120903,4,35576,-0.25943246483802795,-0.9488010406494141,0.18019826710224152,9.078396797180176,2.1700000000000004
120903,5,40282,-0.13773728907108307,0.2547806203365326,-0.9571391344070435,-0.2602296471595764,1.9500000000000004
120903,6,16752,0.948055624961853,0.1585429459810257,-0.27578020095825195,-13.736462593078613,0.9300000000000002
120903,7,26536,-0.5327881574630737,-0.6284497976303101,0.5667341947555542,12.422666549682617,0.6200000000000001
120903,8,47233,-0.902005136013031,-0.21062947809696198,-0.37685802578926086,14.628787994384766,0.24000000000000005
120903,9,30002,-0.7762964367866516,-0.6048089861869812,-0.17767928540706635,12.743868827819824,0.18000000000000005
120903,10,32925,-0.6266846060752869,-0.7755677103996277,-0.07590261101722717,12.052435874938965,0.17000000000000004
120903,11,40392,-0.2827858030796051,0.789330780506134,-0.5449671149253845,-0.3147764205932617,0.10000000000000002
120903,12,22493,0.9619706273078918,-0.06062278524041176,-0.26634079217910767,-15.185714721679688,0.04000000000000001
120903,13,8255,0.9802927374839783,-0.05978216975927353,0.18828755617141724,-13.0642671585083,0.010000000000000002
434134,1,38800,-0.12756748497486115,0.7159421443939209,-0.686406135559082,-3.8824617862701416,3.150000000000001
434134,2,38015,0.4493981897830963,0.6492196321487427,-0.6136409044265747,0.17548948526382446,2.3800000000000003
434134,3,9235,0.9847291707992554,-0.17405474185943604,0.0036644237115979195,9.205028533935547,2.0500000000000003
434134,4,26978,-0.2802359163761139,-0.9368898868560791,0.20905768871307373,3.269460439682007,1.2600000000000002
434134,5,21789,0.9994297027587891,-0.0159115269780159,-0.0297832153737545,7.503981113433838,0.8400000000000002
434134,6,3614,-0.14052385091781616,0.8985589146614075,0.4157462418079376,-8.67212200164795,0.6900000000000002
434134,7,40795,0.30236828327178955,0.2998158633708954,-0.9048115015029907,1.5389090776443481,0.6900000000000002
434134,8,39427,-0.29428693652153015,0.34830397367477417,-0.8899884819984436,-3.4904117584228516,0.5000000000000001
434134,9,18432,0.9680439233779907,-0.22774405777454376,-0.10499344021081924,8.227438926696777,0.38000000000000006
434134,10,39649,-0.15429162979125977,0.6293158531188965,-0.761679470539093,-4.329409599304199,0.24000000000000005
434134,11,38105,-0.4056583344936371,0.6266327500343323,-0.665411651134491,-6.461906433105469,0.18000000000000005
434134,12,15780,0.9686681032180786,-0.20934127271175385,0.13363508880138397,7.600766658782959,0.15000000000000002
434134,13,13205,0.9549058675765991,-0.19401751458644867,0.22474870085716248,7.5985941886901855,0.14
434134,14,9813,0.8514085412025452,-0.5078393220901489,0.13115929067134857,9.208819389343262,0.13000000000000003
434134,15,41839,-0.9447678327560425,-0.29896727204322815,-0.13428445160388947,-6.088990211486816,0.08000000000000002
434134,16,36562,-0.6978151202201843,-0.6989023089408875,0.15681082010269165,-0.2889028787612915,0.06000000000000001
434134,17,6599,-0.44868725538253784,0.8895144462585449,-0.08627721667289734,-8.572697639465332,0.05000000000000001
434134,18,38749,-0.011827786453068256,0.43572694063186646,-0.9000011682510376,-0.3160746693611145,0.05000000000000001
434134,19,6423,-0.5661511421203613,0.821058452129364,0.0730476900935173,-8.86324405670166,0.04000000000000001
434134,20,11638,0.7843015193939209,-0.5827808976173401,-0.2126912623643875,11.003011703491211,0.04000000000000001
434134,21,30863,-0.715064287185669,-0.5681097507476807,0.40735048055648804,-2.416470527648926,0.030000000000000006
434134,22,35704,-0.5142672061920166,-0.7963835597038269,0.31828051805496216,1.2897484302520752,0.010000000000000002
131772,1,39593,0.5334368348121643,-0.4549103081226349,-0.7130930423736572,-2.9046378135681152,3.900000000000001
131772,2,38325,0.2204708755016327,0.5804798603057861,-0.7838594913482666,-0.10566222667694092,3.2700000000000005
131772,3,293,-0.43039101362228394,0.8667661547660828,0.2519523501396179,3.9322714805603027,2.6200000000000006
131772,4,38004,0.08788817375898361,0.44912609457969666,-0.8891351819038391,3.303725242614746,0.8600000000000002
131772,5,5714,-0.24737946689128876,0.8990497589111328,-0.3612656891345978,4.300722122192383,0.7000000000000002
131772,6,29170,-0.3161044716835022,-0.9391297101974487,0.13458582758903503,4.200562953948975,0.5900000000000001
131772,7,15146,0.9424563050270081,-0.23446103930473328,-0.2383362501859665,-11.445674896240234,0.5100000000000001
131772,8,24713,-0.6320310235023499,-0.7191117405891418,0.28881677985191345,6.901705741882324,0.4300000000000001
131772,9,7665,0.8692024946212769,-0.005965344607830048,0.49442028999328613,-15.350533485412598,0.4200000000000001
131772,10,17759,0.8137240409851074,-0.48389720916748047,0.32201969623565674,-13.487196922302246,0.4100000000000001
131772,11,42334,-0.6482973098754883,-0.7226074934005737,-0.2398938089609146,8.909070014953613,0.30000000000000004
131772,12,25824,-0.6451691389083862,-0.7048830986022949,0.29478222131729126,9.589456558227539,0.23000000000000004
131772,13,12469,0.9967820644378662,0.07416906207799911,0.030405908823013306,-11.73218822479248,0.11000000000000001
131772,14,18288,0.8268221616744995,-0.4001401960849762,-0.3952884376049042,-9.853599548339844,0.10000000000000002
131772,15,44747,-0.7643186450004578,-0.5917691588401794,-0.25617632269859314,10.522045135498047,0.020000000000000004
565310,1,27982,-0.6106176376342773,-0.5541982054710388,0.5656946897506714,-15.210451126098633,4.900000000000001
565310,2,38300,0.35191938281059265,0.5662621259689331,-0.7453187108039856,11.240801811218262,3.2700000000000005
565310,3,32884,-0.5257701277732849,-0.717241644859314,0.45730748772621155,-15.01982307434082,2.8700000000000006
565310,4,43826,-0.7244094014167786,-0.3907950520515442,-0.5678998827934265,-16.150814056396484,0.8900000000000001
565310,5,3030,0.01576140709221363,0.9854128360748291,-0.16944950819015503,6.646866798400879,0.7400000000000001
565310,6,6436,-0.20479510724544525,0.9555036425590515,-0.21230097115039825,2.523880958557129,0.6700000000000002
565310,7,1752,-0.5648400783538818,0.8187109231948853,0.10328643769025803,-5.105404376983643,0.6400000000000001
565310,8,39462,-0.6648861169815063,0.6624485850334167,-0.34509167075157166,-8.98870849609375,0.5300000000000001
565310,9,21647,0.9106161594390869,-0.3469874858856201,-0.22445009648799896,13.846948623657227,0.5100000000000001
565310,10,6285,-0.2526412010192871,0.9587832689285278,-0.1300269514322281,2.3420825004577637,0.3500000000000001
565310,11,40859,-0.39692825078964233,0.9147356152534485,0.07554273307323456,-1.674405574798584,0.11000000000000001
565310,12,22543,0.9616145491600037,-0.07127652317285538,-0.264985054731369,19.01500129699707,0.09000000000000002
565310,13,8160,0.8971099853515625,-0.23998071253299713,0.3709487318992615,15.436593055725098,0.08000000000000002
565310,14,23657,-0.41553995013237,-0.8225058913230896,-0.3883434236049652,-12.993042945861816,0.07
565310,15,17664,0.9804509878158569,-0.08307276666164398,0.17836683988571167,16.784147262573242,0.04000000000000001
580186,1,37373,0.03881318122148514,0.36650359630584717,-0.9296067357063293,3.544081211090088,1.9300000000000004
580186,2,12368,0.9212721586227417,-0.3485508859157562,0.1725395917892456,18.463871002197266,1.8200000000000003
580186,3,39104,-0.05926964059472084,0.6581472158432007,-0.7505527138710022,-1.8875912427902222,1.6200000000000003
580186,4,17808,0.9588913321495056,-0.27878502011299133,0.052974600344896317,20.314973831176758,1.4100000000000004
580186,5,39427,-0.29428693652153015,0.34830397367477417,-0.8899884819984436,-3.4904117584228516,1.3700000000000003
580186,6,32543,-0.659368097782135,-0.7081134915351868,-0.2526044249534607,-8.225793838500977,1.3500000000000003
580186,7,24450,-0.39834824204444885,-0.9119542837142944,0.09827517718076706,-2.3105106353759766,0.8600000000000002
580186,8,37744,0.4897952973842621,0.42207053303718567,-0.7628610730171204,10.3837251663208,0.4600000000000001
580186,9,10559,0.9577583074569702,-0.1703716665506363,-0.2316732108592987,21.305452346801758,0.29000000000000004
580186,10,7892,0.9934613704681396,-0.08800910413265228,0.07272474467754364,18.881450653076172,0.25000000000000006
580186,11,38800,-0.12756748497486115,0.7159421443939209,-0.686406135559082,-3.8824617862701416,0.17000000000000004
380511,1,39757,-0.24880342185497284,0.2927461862564087,-0.9232532382011414,1.404260277748108,4.200000000000001
380511,2,38157,-0.27494290471076965,0.5644407272338867,-0.7783399224281311,-1.3523015975952148,3.5300000000000007
380511,3,38940,-0.4396671652793884,0.4659554064273834,-0.7678400278091431,-1.545396089553833,1.2100000000000002
380511,4,40631,0.2749715745449066,0.5769567489624023,-0.7690978646278381,1.1253401041030884,0.9900000000000002
380511,5,7186,0.9747561812400818,0.1766810268163681,0.13650712370872498,1.0636816024780273,0.6800000000000002
380511,6,38015,0.4493981897830963,0.6492196321487427,-0.6136409044265747,0.17548948526382446,0.6400000000000001
380511,7,10671,0.8697730898857117,-0.4040167033672333,0.28331121802330017,5.215919494628906,0.5500000000000002
380511,8,8420,0.8669897317886353,0.02851821668446064,0.49750933051109314,0.3577401041984558,0.5000000000000001
380511,9,40024,-0.3677612841129303,0.6937432885169983,-0.619251012802124,-2.222072124481201,0.44000000000000006
380511,10,35669,-0.6882521510124207,-0.7175393104553223,-0.10698747634887695,0.8035230040550232,0.3500000000000001
380511,11,17160,0.9666635394096375,-0.08044841885566711,0.24308361113071442,4.1235504150390625,0.23000000000000004
380511,12,36620,-0.6470473408699036,-0.6993348598480225,0.30374404788017273,0.6880587339401245,0.22000000000000003
380511,13,14564,0.9878296852111816,-0.14535710215568542,0.055351629853248596,3.1661970615386963,0.15000000000000002
380511,14,36562,-0.6978151202201843,-0.6989023089408875,0.15681082010269165,-0.2889028787612915,0.13000000000000003
380511,15,43227,-0.7786703109741211,-0.25600627064704895,-0.5728292465209961,0.6810240745544434,0.11000000000000001
380511,16,39274,0.2972518801689148,0.280519962310791,-0.9126608967781067,4.064669132232666,0.10000000000000002
380511,17,32682,-0.7891159057617188,-0.507053017616272,0.3466891050338745,-2.6478419303894043,0.08000000000000002
575657,1,40795,0.30236828327178955,0.2998158633708954,-0.9048115015029907,1.5389090776443481,1.9900000000000004
575657,2,39611,0.23134176433086395,0.44767361879348755,-0.8637530207633972,0.5576189756393433,1.8100000000000003
575657,3,9969,0.9071102142333984,-0.4208931028842926,-0.0003164979862049222,18.18939971923828,1.5600000000000003
575657,4,16222,0.9855887293815613,-0.10708115994930267,-0.13095226883888245,19.154239654541016,1.5400000000000003
575657,5,38068,-0.017841534689068794,0.6507079005241394,-0.7591184973716736,-5.355246067047119,1.4900000000000002
575657,6,37512,-0.18638871610164642,0.7914754152297974,-0.582087516784668,-7.440286636352539,1.3400000000000003
575657,7,13326,0.9970882534980774,0.03984759375452995,0.06501640379428864,20.230449676513672,1.3000000000000003
575657,8,18973,0.9822322130203247,-0.06621947139501572,-0.17559856176376343,18.183794021606445,0.9400000000000002
575657,9,33991,-0.16778641939163208,-0.9711386561393738,-0.1695212870836258,-3.167085647583008,0.8600000000000002
575657,10,12845,0.8573471307754517,-0.510759174823761,0.06388261914253235,17.074726104736328,0.7800000000000001
575657,11,606,-0.19446465373039246,0.9044899940490723,-0.37958046793937683,-7.06630802154541,0.7700000000000001
575657,12,13367,0.9371410608291626,-0.3110239803791046,0.15821100771427155,20.103609085083008,0.7300000000000001
575657,13,36720,0.04084458202123642,-0.979033887386322,-0.1995605081319809,2.6743369102478027,0.5400000000000001
575657,14,46209,-0.8351566791534424,-0.4948004186153412,-0.2401788979768753,-16.245555877685547,0.31000000000000005
575657,15,4908,-0.5838192105293274,0.8061043620109558,0.09670012444257736,-13.302473068237305,0.25000000000000006
575657,16,3877,-0.5149597525596619,0.85697340965271,0.020324289798736572,-12.277174949645996,0.22000000000000003
575657,17,16619,0.9648256897926331,-0.07498735189437866,-0.25196877121925354,17.412137985229492,0.22000000000000003
575657,18,17763,0.9879248142242432,0.15480361878871918,-0.006357088219374418,18.240890502929688,0.16000000000000003
575657,19,6556,-0.6901912093162537,0.7111274003982544,-0.13391736149787903,-15.136632919311523,0.12000000000000002
575657,20,14819,0.8909172415733337,-0.4405997097492218,0.11017443239688873,17.799964904785156,0.020000000000000004
575657,21,17225,0.994047999382019,0.018809849396348,0.10730668157339096,19.48292350769043,0.010000000000000002
575657,22,19520,0.975540280342102,-0.1962028294801712,0.099124014377594,19.941913604736328,0.010000000000000002
575657,23,46550,-0.9026058316230774,0.005938660819083452,-0.4304269850254059,-20.101619720458984,0.010000000000000002
584893,1,42738,-0.8698964715003967,-0.3908270597457886,-0.3008893132209778,-14.533278465270996,3.0700000000000007
584893,2,32543,-0.659368097782135,-0.7081134915351868,-0.2526044249534607,-8.225793838500977,2.880000000000001
584893,3,37373,0.03881318122148514,0.36650359630584717,-0.9296067357063293,3.544081211090088,2.2200000000000006
584893,4,12368,0.9212721586227417,-0.3485508859157562,0.1725395917892456,18.463871002197266,1.0700000000000003
584893,5,17808,0.9588913321495056,-0.27878502011299133,0.052974600344896317,20.314973831176758,0.8600000000000002
584893,6,39104,-0.05926964059472084,0.6581472158432007,-0.7505527138710022,-1.8875912427902222,0.6900000000000002
584893,7,34347,-0.5678337812423706,-0.8206380009651184,0.06417199224233627,-7.764333248138428,0.28
584893,8,13186,0.8873797655105591,0.15730011463165283,-0.43337494134902954,18.99658203125,0.24000000000000005
584893,9,13700,0.9264250993728638,-0.3193061947822571,0.19944950938224792,20.535425186157227,0.13000000000000003
389105,1,38540,-0.07502289116382599,0.3200758695602417,-0.9444167613983154,-1.8810502290725708,4.410000000000001
389105,2,37175,-0.5254307985305786,0.2503867447376251,-0.8131598830223083,-2.8205459117889404,3.940000000000001
389105,3,13238,0.9691795706748962,-0.24093323945999146,-0.0514020100235939,5.969481468200684,2.8600000000000008
389105,4,17160,0.9666635394096375,-0.08044841885566711,0.24308361113071442,4.1235504150390625,1.7600000000000002
389105,5,38800,-0.12756748497486115,0.7159421443939209,-0.686406135559082,-3.8824617862701416,0.6300000000000001
389105,6,38275,0.11259645968675613,0.4190138280391693,-0.9009714126586914,-0.852778971195221,0.4900000000000001
389105,7,37685,-0.23729351162910461,0.16653597354888916,-0.9570567011833191,-0.6218308210372925,0.23000000000000004
389105,8,30807,-0.15045200288295746,-0.8215996623039246,-0.5498528480529785,4.0485053062438965,0.21000000000000005
389105,9,30047,-0.7135981321334839,-0.6841080188751221,-0.15091022849082947,3.700594902038574,0.17000000000000004
389105,10,10671,0.8697730898857117,-0.4040167033672333,0.28331121802330017,5.215919494628906,0.13000000000000003
389105,11,35710,-0.3874339461326599,-0.823471188545227,0.4144757091999054,3.959481954574585,0.13000000000000003
389105,12,37826,-0.5576846599578857,0.3130533695220947,-0.7687557339668274,-3.145672559738159,0.11000000000000001
389105,13,24277,-0.6218110918998718,-0.6558442711830139,-0.42804116010665894,1.7319587469100952,0.07
389105,14,46225,-0.8765572905540466,-0.28548040986061096,-0.3874896764755249,-0.43185651302337646,0.06000000000000001
389105,15,8234,0.9808568954467773,0.14151199162006378,0.13376906514167786,1.9173176288604736,0.05000000000000001
389105,16,16558,0.982683002948761,0.017962638288736343,0.18442201614379883,4.170603275299072,0.010000000000000002
433132,1,39066,0.37704578042030334,0.26407894492149353,-0.8877492547035217,7.643748760223389,2.7700000000000005
433132,2,39083,-0.34196737408638,0.6938790082931519,-0.6337115168571472,0.9290995597839355,1.7300000000000004
433132,3,169,-0.5787487030029297,0.8017359375953674,0.1492295265197754,-3.1093909740448,1.4300000000000004
433132,4,26955,-0.3090229034423828,-0.9507593512535095,-0.023695917800068855,-4.068459510803223,1.1000000000000003
433132,5,43169,-0.786946177482605,-0.4596906006336212,-0.41158267855644226,-4.1437668800354,1.0400000000000003
433132,6,40340,-0.6706792116165161,0.30808165669441223,-0.6747407913208008,-2.2388720512390137,0.6800000000000002
433132,7,7535,0.9442827701568604,-0.23601551353931427,0.22940513491630554,4.973780155181885,0.56
433132,8,33094,-0.7843635082244873,-0.6027671098709106,0.14644332230091095,-8.097799301147461,0.5200000000000001
433132,9,37260,0.40887507796287537,0.3856453597545624,-0.8271026611328125,7.977787017822266,0.5200000000000001
433132,10,27394,-0.46659767627716064,-0.8835960626602173,-0.03930153697729111,-4.092193126678467,0.4800000000000001
433132,11,2952,-0.44786536693573,0.8938668966293335,-0.02046024426817894,-1.860923171043396,0.31000000000000005
433132,12,38524,0.11548898369073868,0.08244597911834717,-0.9898812770843506,5.003664970397949,0.21000000000000005
433132,13,38672,0.3305929899215698,0.49166810512542725,-0.8055872321128845,7.429305553436279,0.20000000000000004
433132,14,40060,0.2394055426120758,0.23269407451152802,-0.9426231980323792,5.669556617736816,0.19000000000000003
433132,15,39873,0.1750839501619339,0.7429322004318237,-0.646062970161438,6.219775199890137,0.18000000000000005
433132,16,31914,-0.43799328804016113,-0.870780885219574,-0.22338879108428955,-2.65108060836792,0.10000000000000002
433132,17,40153,-0.43633589148521423,-0.015562601387500763,-0.8996492624282837,1.5402390956878662,0.09000000000000002
433132,18,41839,-0.9447678327560425,-0.29896727204322815,-0.13428445160388947,-6.088990211486816,0.04000000000000001
211141,1,37207,0.4143618643283844,0.1859111785888672,-0.8909215927124023,-0.2214866280555725,2.0900000000000003
211141,2,38006,0.2053430676460266,0.19362005591392517,-0.9593464136123657,2.683488368988037,2.0700000000000003
211141,3,37375,-0.15029123425483704,0.6386401057243347,-0.7546862959861755,7.7843403816223145,1.4800000000000002
211141,4,31878,-0.6282075643539429,-0.6406787037849426,0.4414590001106262,0.7933868169784546,1.3300000000000003
211141,5,12265,0.9916638731956482,-0.08220893144607544,-0.09921921044588089,-8.592473030090332,1.2700000000000002
211141,6,41803,-0.8378678560256958,-0.4117198586463928,-0.3584190607070923,4.845242500305176,1.1500000000000001
211141,7,24252,-0.3638633191585541,-0.918317973613739,0.15587058663368225,-2.5956308841705322,1.0200000000000002
211141,8,43284,-0.7333632707595825,-0.29383474588394165,-0.6130574345588684,5.802201747894287,0.9000000000000001
211141,9,24314,-0.7266544699668884,-0.6645081043243408,-0.17436254024505615,2.187567949295044,0.7100000000000002
211141,10,27350,-0.3711130917072296,-0.906079888343811,0.20321016013622284,-3.4100570678710938,0.6200000000000001
211141,11,35683,-0.5274708271026611,-0.8163342475891113,-0.23531466722488403,-0.34947293996810913,0.56
211141,12,44687,-0.754267692565918,-0.22947533428668976,-0.6151595711708069,6.643470287322998,0.5200000000000001
211141,13,17536,0.9952932596206665,-0.06675318628549576,0.07025156915187836,-8.776419639587402,0.17000000000000004
211141,14,15502,0.9464476704597473,0.19658397138118744,0.25610852241516113,-8.576574325561523,0.07
211141,15,3493,-0.6541149616241455,0.7562858462333679,0.012859459035098553,9.220433235168457,0.06000000000000001
211141,16,16129,0.9101839065551758,-0.182461217045784,-0.37185096740722656,-7.789910316467285,0.030000000000000006
270623,1,38006,0.2053430676460266,0.19362005591392517,-0.9593464136123657,2.683488368988037,2.6100000000000003
270623,2,39873,0.1750839501619339,0.7429322004318237,-0.646062970161438,6.219775199890137,2.5600000000000005
270623,3,33476,-0.7245170474052429,-0.5905628204345703,-0.3554019629955292,0.6959778070449829,1.8300000000000003
270623,4,18689,0.9401180148124695,-0.09002198278903961,0.3287462890148163,-4.731060028076172,1.2500000000000002
270623,5,5530,-0.643566906452179,0.7509280443191528,0.14808346331119537,6.161011695861816,0.6800000000000002
270623,6,37773,-0.36983242630958557,-0.5368421673774719,-0.758303701877594,0.8618583679199219,0.6200000000000001
270623,7,2367,0.17273861169815063,0.9478340148925781,0.2679031193256378,5.432441711425781,0.38000000000000006
270623,8,36980,-0.4089466333389282,-0.8710652589797974,-0.27204400300979614,-3.5314133167266846,0.37000000000000005
270623,9,47352,-0.7893376350402832,-0.5756285786628723,-0.21353639662265778,0.7303431630134583,0.20000000000000004
270623,10,4949,-0.21933738887310028,0.9264764189720154,0.3058308959007263,5.689197540283203,0.04000000000000001
249846,1,37279,0.01246197521686554,0.7375673651695251,-0.6751585602760315,5.033202648162842,3.440000000000001
249846,2,2861,-0.14439663290977478,0.9678241014480591,-0.2060731202363968,3.7618939876556396,2.8500000000000005
249846,3,36691,0.11279992759227753,-0.9936063289642334,-0.00475480780005455,-3.2114479541778564,1.4500000000000002
249846,4,293,-0.43039101362228394,0.8667661547660828,0.2519523501396179,3.9322714805603027,1.3800000000000003
249846,5,1356,-0.4983222484588623,0.8668770790100098,0.014109519310295582,4.144926071166992,0.8200000000000002
249846,6,32839,-0.6189197897911072,-0.6920484304428101,-0.37149330973625183,4.366337776184082,0.7100000000000002
249846,7,9932,0.9362332224845886,-0.32021814584732056,0.14466401934623718,-6.060663223266602,0.4200000000000001
249846,8,10588,0.8707797527313232,-0.4285672903060913,0.240982785820961,-7.601341247558594,0.28
249846,9,43787,-0.8821952939033508,-0.2058984935283661,-0.4234822988510132,4.543924331665039,0.20000000000000004
249846,10,47137,-0.5295534729957581,-0.31905126571655273,-0.7859894633293152,5.551296234130859,0.20000000000000004
249846,11,32343,-0.7675256729125977,-0.6331138014793396,0.10035578906536102,1.3336666822433472,0.19000000000000003
249846,12,25094,-0.13087032735347748,-0.9736431241035461,0.1867939829826355,-1.8519207239151,0.17000000000000004
249846,13,38635,0.8025465607643127,-0.057075921446084976,-0.5938529372215271,-2.832991600036621,0.13000000000000003
249846,14,18206,0.9574443697929382,0.15968690812587738,0.24041706323623657,-5.6387505531311035,0.12000000000000002
249846,15,19970,0.9003974199295044,0.1788744032382965,-0.3965960741043091,-2.400806427001953,0.09000000000000002
249846,16,45262,-0.7483974099159241,-0.5339085459709167,-0.3935008645057678,5.744885444641113,0.08000000000000002
249846,17,7655,0.9861682057380676,0.1076580211520195,0.1260240077972412,-4.706670761108398,0.06000000000000001
536473,1,28287,-0.3500087261199951,-0.7784101366996765,0.5211252570152283,-9.695660591125488,3.2800000000000007
536473,2,25790,-0.23326216638088226,-0.936823308467865,0.2606738805770874,-9.450884819030762,2.3100000000000005
536473,3,3469,-0.5690449476242065,0.7367076277732849,-0.3653077483177185,-4.231797695159912,1.3400000000000003
536473,4,40089,0.4825071096420288,0.26806628704071045,-0.8338629007339478,9.637066841125488,1.3300000000000003
536473,5,8092,0.9074456095695496,-0.048532236367464066,-0.4173572361469269,13.803929328918457,0.6700000000000002
536473,6,40859,-0.39692825078964233,0.9147356152534485,0.07554273307323456,-1.674405574798584,0.6700000000000002
536473,7,46713,-0.7723463773727417,-0.269370973110199,-0.5752568244934082,-14.09897232055664,0.6700000000000002
536473,8,24000,-0.6135865449905396,-0.6424797177314758,-0.4590548276901245,-14.36960220336914,0.5100000000000001
536473,9,43442,-0.9091852903366089,-0.13545310497283936,-0.3937443494796753,-16.35172462463379,0.38000000000000006
536473,10,38438,0.2375400811433792,0.0282732080668211,-0.9709661602973938,2.610175848007202,0.28
536473,11,18313,0.984337568283081,-0.15789292752742767,0.07841809093952179,15.5487060546875,0.24000000000000005
536473,12,44685,-0.8413739800453186,-0.23955368995666504,-0.4844624400138855,-15.602005958557129,0.19000000000000003
536473,13,45096,-0.8034716248512268,-0.37258175015449524,-0.46434488892555237,-14.51906967163086,0.13000000000000003
536473,14,15701,0.9780526161193848,-0.19526520371437073,-0.07269540429115295,13.37719440460205,0.12000000000000002
536473,15,39592,-0.22351568937301636,0.7514988780021667,-0.620717465877533,-0.1717674434185028,0.05000000000000001
536473,16,32784,-0.34970274567604065,-0.9031409025192261,0.249087393283844,-10.363330841064453,0.04000000000000001
101150,1,38906,-0.09618392586708069,0.7663617730140686,-0.6351679563522339,3.3677685260772705,2.6700000000000004
101150,2,3669,-0.4857255518436432,0.8610133528709412,0.15075358748435974,12.861673355102539,2.4200000000000004
101150,3,39968,0.5660015940666199,0.48800650238990784,-0.6644484996795654,-8.148909568786621,1.6800000000000004
101150,4,38796,-0.05783820524811745,0.42162904143333435,-0.9049219489097595,1.5222890377044678,0.6100000000000001
101150,5,45608,-0.8913714289665222,-0.25398099422454834,-0.37543395161628723,12.856077194213867,0.5500000000000002
101150,6,7738,0.8150221705436707,-0.27150920033454895,0.5118804574012756,-12.769525527954102,0.4800000000000001
101150,7,44936,-0.6792256236076355,-0.5914818048477173,-0.4345133304595947,8.467041969299316,0.4200000000000001
101150,8,37773,-0.36983242630958557,-0.5368421673774719,-0.758303701877594,0.8618583679199219,0.3400000000000001
101150,9,39116,-0.021044626832008362,0.5814236402511597,-0.813328742980957,1.0800738334655762,0.16000000000000003
610179,1,38092,0.06576913595199585,0.41908982396125793,-0.9055595993995667,4.840630054473877,4.740000000000001
610179,2,38854,0.3278461992740631,0.7168424129486084,-0.6153485178947449,8.503621101379395,2.3000000000000003
610179,3,26260,-0.3942914605140686,-0.7201667428016663,0.5708713531494141,-10.167498588562012,0.8000000000000002
610179,4,25864,-0.31147992610931396,-0.9182195067405701,-0.24464912712574005,-3.8841850757598877,0.7400000000000001
610179,5,41326,-0.8030688762664795,-0.2971683740615845,-0.5164991021156311,-15.53473949432373,0.6500000000000001
610179,6,28971,-0.5486463308334351,-0.7060072422027588,0.44781798124313354,-13.651314735412598,0.6100000000000001
610179,7,34237,-0.43982332944869995,-0.8784577250480652,0.18672840297222137,-9.572371482849121,0.6000000000000001
610179,8,12962,0.9926599264144897,-0.10416440665721893,0.06144971773028374,24.2438907623291,0.5800000000000001
610179,9,47085,-0.9808030128479004,-0.19045718014240265,0.04185076802968979,-23.802833557128906,0.4600000000000001
610179,10,19597,0.9472121596336365,0.31145337224006653,-0.07606519013643265,20.145944595336914,0.4200000000000001
610179,11,26814,-0.4737493395805359,-0.8685375452041626,-0.1456160843372345,-8.409211158752441,0.4200000000000001
610179,12,10023,0.8812289834022522,-0.23082681000232697,-0.412497878074646,22.738161087036133,0.24000000000000005
610179,13,38105,-0.4056583344936371,0.6266327500343323,-0.665411651134491,-6.461906433105469,0.23000000000000004
610179,14,46133,-0.9159538149833679,-0.3620480000972748,-0.17306029796600342,-19.33737564086914,0.23000000000000004
610179,15,39608,0.5173888802528381,0.6120282411575317,-0.5981054306030273,13.865910530090332,0.19000000000000003
610179,16,12622,0.8547006249427795,0.09506190568208694,-0.510343074798584,21.32929039001465,0.17000000000000004
610179,17,40781,0.6078283786773682,0.45360124111175537,-0.6517595648765564,14.98967170715332,0.11000000000000001
610179,18,39781,0.11484711617231369,0.03759017586708069,-0.9926717281341553,6.518153667449951,0.09000000000000002
610179,19,2902,-0.2341926395893097,0.6341144442558289,-0.7369210720062256,-3.920572280883789,0.010000000000000002
610179,20,4595,-0.8540014624595642,0.5080412030220032,-0.11214115470647812,-19.30303955078125,0.010000000000000002
195582,1,38134,-0.11972483992576599,0.245659738779068,-0.9619341492652893,-2.406007766723633,2.4400000000000004
195582,2,46476,-0.9048951864242554,-0.33565279841423035,-0.2617286145687103,7.472257137298584,2.2200000000000006
195582,3,2861,-0.14439663290977478,0.9678241014480591,-0.2060731202363968,3.7618939876556396,1.8500000000000003
195582,4,17066,0.9913450479507446,0.1289168745279312,-0.024807235226035118,-9.017309188842773,1.4900000000000002
195582,5,39508,-0.19165286421775818,0.9083378911018372,-0.3717411458492279,2.9754371643066406,1.2600000000000002
195582,6,44619,-0.7990471720695496,-0.4737215042114258,-0.3702858090400696,5.466169834136963,0.7000000000000002
195582,7,38047,-0.09910912066698074,0.6473348140716553,-0.7557347416877747,-0.33743369579315186,0.4700000000000001
195582,8,7509,0.999299168586731,0.0102852713316679,-0.03599147871136665,-9.342863082885742,0.3500000000000001
195582,9,34705,-0.5836815237998962,-0.8092659711837769,0.06636608392000198,4.461535930633545,0.22000000000000003
195582,10,4059,-0.2507617175579071,0.930844783782959,-0.26579412817955017,2.9077224731445312,0.11000000000000001
195582,11,1389,0.03857522830367088,0.9288485050201416,-0.3684459626674652,0.7804667353630066,0.10000000000000002
195582,12,12355,0.9830266833305359,0.161448135972023,-0.0871383473277092,-10.205706596374512,0.09000000000000002
195582,13,16010,0.8915827870368958,-0.4525589942932129,-0.01644524373114109,-9.886844635009766,0.09000000000000002
195582,14,5605,0.05737004429101944,0.9961958527565002,-0.06559311598539352,2.3294742107391357,0.010000000000000002
623479,1,38300,0.35191938281059265,0.5662621259689331,-0.7453187108039856,11.240801811218262,3.790000000000001
623479,2,39608,0.5173888802528381,0.6120282411575317,-0.5981054306030273,13.865910530090332,2.3700000000000006
623479,3,38092,0.06576913595199585,0.41908982396125793,-0.9055595993995667,4.840630054473877,1.9900000000000004
623479,4,34237,-0.43982332944869995,-0.8784577250480652,0.18672840297222137,-9.572371482849121,1.2800000000000002
623479,5,38105,-0.4056583344936371,0.6266327500343323,-0.665411651134491,-6.461906433105469,1.1600000000000001
623479,6,38624,0.5704399943351746,0.3734973669052124,-0.7315038442611694,16.291406631469727,0.9700000000000002
623479,7,47085,-0.9808030128479004,-0.19045718014240265,0.04185076802968979,-23.802833557128906,0.9200000000000002
623479,8,2763,-0.5402953624725342,0.8344578146934509,-0.10844873636960983,-12.515145301818848,0.6100000000000001
623479,9,10966,0.9462353587150574,-0.1891070157289505,-0.26244455575942993,23.42431640625,0.4800000000000001
623479,10,10023,0.8812289834022522,-0.23082681000232697,-0.412497878074646,22.738161087036133,0.44000000000000006
623479,11,26814,-0.4737493395805359,-0.8685375452041626,-0.1456160843372345,-8.409211158752441,0.3400000000000001
623479,12,46133,-0.9159538149833679,-0.3620480000972748,-0.17306029796600342,-19.33737564086914,0.26000000000000006
623479,13,5745,-0.2523650527000427,0.967326283454895,0.024325480684638023,-7.935576438903809,0.22000000000000003
623479,14,12962,0.9926599264144897,-0.10416440665721893,0.06144971773028374,24.2438907623291,0.09000000000000002
623479,15,7012,-0.7738490104675293,0.6200129985809326,-0.1293891817331314,-18.626279830932617,0.08000000000000002
623479,16,4595,-0.8540014624595642,0.5080412030220032,-0.11214115470647812,-19.30303955078125,0.020000000000000004
623479,17,28971,-0.5486463308334351,-0.7060072422027588,0.44781798124313354,-13.651314735412598,0.020000000000000004
319824,1,19408,0.9617077112197876,-0.26085618138313293,0.08409713208675385,-2.6620328426361084,3.4700000000000006
319824,2,19820,0.7925788164138794,-0.5969167947769165,-0.12453562766313553,-1.2346402406692505,3.0400000000000005
319824,3,28398,-0.6232789158821106,-0.6491444110870361,-0.4360446631908417,1.6229183673858643,1.3800000000000003
319824,4,37279,0.01246197521686554,0.7375673651695251,-0.6751585602760315,5.033202648162842,1.0100000000000002
319824,5,40094,-0.04916330799460411,0.8251908421516418,-0.5627104043960571,3.1353607177734375,0.6100000000000001
319824,6,18039,0.7528257369995117,-0.5262342095375061,-0.395387202501297,0.5763965249061584,0.24000000000000005
319824,7,5121,-0.30080220103263855,0.7891274690628052,-0.5355332493782043,4.474914073944092,0.12000000000000002
319824,8,40060,0.2394055426120758,0.23269407451152802,-0.9426231980323792,5.669556617736816,0.010000000000000002
187418,1,25769,-0.7424759864807129,-0.6665628552436829,-0.0665087029337883,3.6900997161865234,2.6200000000000006
187418,2,31684,-0.382685124874115,-0.9215619564056396,0.06538811326026917,-1.1414284706115723,1.7200000000000004
187418,3,27784,-0.4572489857673645,-0.867882490158081,-0.1941736489534378,0.23110561072826385,1.6500000000000004
187418,4,40432,0.3968987762928009,0.36398813128471375,-0.842605471611023,0.5216174721717834,1.1400000000000001
187418,5,18837,0.9680893421173096,-0.2388399988412857,0.07588493078947067,-12.539961814880371,1.0800000000000003
187418,6,16502,0.9224779605865479,-0.37523913383483887,-0.09071919322013855,-12.263089179992676,0.9600000000000002
187418,7,37375,-0.15029123425483704,0.6386401057243347,-0.7546862959861755,7.7843403816223145,0.9600000000000002
187418,8,40509,0.45751136541366577,0.30229148268699646,-0.8362435102462769,-1.7133108377456665,0.9400000000000002
187418,9,37279,0.01246197521686554,0.7375673651695251,-0.6751585602760315,5.033202648162842,0.7700000000000001
187418,10,47234,-0.6218617558479309,-0.5675981044769287,-0.5395556688308716,4.63629674911499,0.7000000000000002
187418,11,5329,-0.42127248644828796,0.6774668097496033,0.6029661297798157,6.903815746307373,0.5100000000000001
187418,12,4395,-0.004925069864839315,0.8963820338249207,-0.4432550072669983,6.820261001586914,0.4000000000000001
187418,13,22002,0.974921464920044,-0.21273401379585266,0.0653635635972023,-11.25068187713623,0.38000000000000006
187418,14,46476,-0.9048951864242554,-0.33565279841423035,-0.2617286145687103,7.472257137298584,0.22000000000000003
187418,15,13378,0.98902428150177,-0.14380620419979095,0.033922404050827026,-11.97760009765625,0.13000000000000003
187418,16,29774,-0.26269930601119995,-0.9598470330238342,-0.0984007939696312,-2.5833795070648193,0.06000000000000001
187418,17,8108,0.763868510723114,-0.6366775035858154,-0.10557772219181061,-11.903875350952148,0.04000000000000001
187418,18,24820,-0.41963279247283936,-0.7357658743858337,0.5315608382225037,-0.9999735355377197,0.020000000000000004
574475,1,38854,0.3278461992740631,0.7168424129486084,-0.6153485178947449,8.503621101379395,3.900000000000001
574475,2,40781,0.6078283786773682,0.45360124111175537,-0.6517595648765564,14.98967170715332,2.6200000000000006
574475,3,37701,0.006288016214966774,0.7017844319343567,-0.7123616337776184,3.190706729888916,2.0300000000000002
574475,4,38092,0.06576913595199585,0.41908982396125793,-0.9055595993995667,4.840630054473877,1.5700000000000003
574475,5,37729,-0.22375723719596863,0.4738195538520813,-0.8517204523086548,-0.3630056381225586,1.2300000000000002
574475,6,42738,-0.8698964715003967,-0.3908270597457886,-0.3008893132209778,-14.533278465270996,0.6600000000000001
574475,7,29089,-0.5517408847808838,-0.8340057134628296,0.004056248813867569,-10.995963096618652,0.39000000000000007
574475,8,7559,0.8261319398880005,-0.5627378821372986,0.028846291825175285,17.12327766418457,0.17000000000000004
574475,9,31449,-0.09435626119375229,-0.8068031072616577,-0.5832372307777405,1.8895699977874756,0.14
574475,10,4190,-0.04600232467055321,0.9543673396110535,-0.2950708866119385,-0.29866325855255127,0.13000000000000003
385688,1,38672,0.3305929899215698,0.49166810512542725,-0.8055872321128845,7.429305553436279,2.7600000000000007
385688,2,9726,0.990787923336029,0.06109551712870598,0.12085781246423721,2.650900363922119,1.2900000000000003
385688,3,27274,-0.2081112265586853,-0.9024186134338379,0.37726691365242004,-7.304134368896484,1.2600000000000002
385688,4,33348,-0.2934897243976593,-0.9376465082168579,0.18623317778110504,-6.061844825744629,1.2000000000000002
385688,5,40060,0.2394055426120758,0.23269407451152802,-0.9426231980323792,5.669556617736816,1.1500000000000001
385688,6,13547,0.9648486375808716,0.18364490568637848,0.1879938393831253,3.0538787841796875,0.9100000000000001
385688,7,40153,-0.43633589148521423,-0.015562601387500763,-0.8996492624282837,1.5402390956878662,0.8600000000000002
385688,8,18280,0.9674801230430603,-0.19157393276691437,0.16517171263694763,1.6363883018493652,0.7800000000000001
385688,9,37155,-0.1191081702709198,0.7922998070716858,-0.5983930826187134,5.714597225189209,0.5100000000000001
385688,10,38340,-0.17182035744190216,0.7047844529151917,-0.688299834728241,5.174217224121094,0.4300000000000001
385688,11,1519,-0.7568050622940063,0.6377466917037964,-0.14326633512973785,1.1867125034332275,0.33000000000000007
385688,12,6424,-0.6131245493888855,0.776645302772522,0.1445695459842682,0.16095006465911865,0.29000000000000004
385688,13,16721,0.9586848020553589,-0.25734665989875793,0.12122773379087448,3.016663074493408,0.22000000000000003
385688,14,14221,0.9469860196113586,-0.31050997972488403,-0.08246833086013794,2.0846269130706787,0.19000000000000003
385688,15,40959,-0.08341562747955322,0.5728491544723511,-0.8154052495956421,6.00103759765625,0.19000000000000003
385688,16,40783,0.3721385896205902,0.43387678265571594,-0.8205265402793884,6.723679065704346,0.17000000000000004
385688,17,2959,-0.2467333972454071,0.9259244203567505,-0.2859835922718048,3.9946227073669434,0.13000000000000003
385688,18,37773,-0.36983242630958557,-0.5368421673774719,-0.758303701877594,0.8618583679199219,0.12000000000000002
385688,19,37873,-0.3002055883407593,0.24439750611782074,-0.9220338463783264,4.8357319831848145,0.06000000000000001
385688,20,43169,-0.786946177482605,-0.4596906006336212,-0.41158267855644226,-4.1437668800354,0.05000000000000001
385688,21,5596,0.00021592748817056417,0.9036494493484497,-0.42827290296554565,6.035324573516846,0.030000000000000006
385688,22,41469,-0.6853861212730408,-0.00592036172747612,-0.7281557321548462,0.6966156959533691,0.030000000000000006
385688,23,9946,0.9809109568595886,-0.04308485612273216,-0.18962422013282776,5.38508415222168,0.010000000000000002
385688,24,27211,-0.607843279838562,-0.7868614792823792,-0.10665639489889145,-4.1709771156311035,0.010000000000000002
254298,1,38999,0.4336305558681488,0.6183571815490723,-0.6554379463195801,-0.1784147024154663,2.2500000000000004
254298,2,12950,0.9639023542404175,-0.031773827970027924,-0.2643533945083618,-6.829624652862549,1.6400000000000003
254298,3,38325,0.2204708755016327,0.5804798603057861,-0.7838594913482666,-0.10566222667694092,1.4100000000000004
254298,4,18689,0.9401180148124695,-0.09002198278903961,0.3287462890148163,-4.731060028076172,0.7100000000000002
254298,5,33326,-0.5741201639175415,-0.5450538992881775,-0.6109846830368042,-1.306165099143982,0.5400000000000001
254298,6,37648,0.5738745331764221,0.04659058898687363,-0.817616879940033,-5.178305149078369,0.5400000000000001
254298,7,38796,-0.05783820524811745,0.42162904143333435,-0.9049219489097595,1.5222890377044678,0.5100000000000001
254298,8,39100,-0.5579150319099426,-0.0013488730182871222,-0.8298969864845276,1.4026377201080322,0.4900000000000001
254298,9,35961,-0.7029489278793335,-0.6449453830718994,0.2998470664024353,1.851743221282959,0.19000000000000003
254298,10,37714,0.6461831331253052,0.38822972774505615,-0.6570578813552856,-2.347014904022217,0.14
254298,11,768,-0.540060818195343,0.8193986415863037,0.19214627146720886,7.434194087982178,0.11000000000000001
254298,12,25491,-0.6840112805366516,-0.7289312481880188,0.02806842140853405,1.2006443738937378,0.08000000000000002
254298,13,26559,-0.8036142587661743,-0.5681754350662231,0.177146315574646,1.5159019231796265,0.07
254298,14,41342,-0.8994542360305786,-0.2153528332710266,-0.3802698850631714,3.2923765182495117,0.06000000000000001
254298,15,2576,-0.17638279497623444,0.9573245048522949,-0.22895164787769318,6.39625358581543,0.05000000000000001
254298,16,1304,-0.2850983142852783,0.9283086657524109,-0.2386670559644699,5.603496551513672,0.020000000000000004
364072,1,39427,-0.29428693652153015,0.34830397367477417,-0.8899884819984436,-3.4904117584228516,6.370000000000001
364072,2,37465,-0.1390741765499115,0.21050789952278137,-0.9676491022109985,-1.9890093803405762,4.400000000000001
364072,3,37175,-0.5254307985305786,0.2503867447376251,-0.8131598830223083,-2.8205459117889404,1.4700000000000002
364072,4,16721,0.9586848020553589,-0.25734665989875793,0.12122773379087448,3.016663074493408,1.3000000000000003
364072,5,3215,-0.2833884656429291,0.949805736541748,-0.13251428306102753,-6.671241760253906,0.5700000000000001
364072,6,35710,-0.3874339461326599,-0.823471188545227,0.4144757091999054,3.959481954574585,0.4700000000000001
364072,7,8234,0.9808568954467773,0.14151199162006378,0.13376906514167786,1.9173176288604736,0.32000000000000006
364072,8,40257,0.5449357628822327,0.6194216012954712,-0.5651211738586426,-3.486175060272217,0.22000000000000003
364072,9,8029,0.9764778017997742,-0.1286434382200241,0.1730373352766037,2.970067024230957,0.14
364072,10,38090,0.6153777241706848,0.6614751219749451,-0.42867350578308105,-4.598083019256592,0.10000000000000002
364072,11,40464,0.044961947947740555,0.5538598299026489,-0.8313950300216675,-4.713716983795166,0.030000000000000006
364072,12,30336,-0.7364296913146973,-0.6643199920654297,0.12786820530891418,3.304039239883423,0.010000000000000002
296469,1,37648,0.5738745331764221,0.04659058898687363,-0.817616879940033,-5.178305149078369,2.4200000000000004
296469,2,293,-0.43039101362228394,0.8667661547660828,0.2519523501396179,3.9322714805603027,1.0000000000000002
296469,3,13719,0.9796497821807861,-0.19364620745182037,-0.0527961365878582,-2.435788154602051,0.9700000000000002
296469,4,39641,-0.6555826663970947,0.6149563789367676,-0.4382236897945404,0.05229294300079346,0.9100000000000001
296469,5,40212,-0.39591872692108154,0.2112240493297577,-0.8936625719070435,-2.8932790756225586,0.9000000000000001
296469,6,33679,-0.4187409281730652,-0.8749302625656128,-0.2432139813899994,-1.2908008098602295,0.6400000000000001
296469,7,38961,0.28054818511009216,0.6347153186798096,-0.7200202941894531,-2.206622362136841,0.6400000000000001
296469,8,31315,-0.8453993201255798,-0.48939627408981323,-0.2139889895915985,1.0426290035247803,0.44000000000000006
296469,9,37725,-0.2464156597852707,0.4609508514404297,-0.8525277972221375,-1.5753045082092285,0.39000000000000007
296469,10,28480,-0.4059552550315857,-0.910241961479187,0.08160824328660965,1.2687870264053345,0.31000000000000005
296469,11,5274,-0.07008524984121323,0.9973244071006775,0.020787611603736877,2.4212114810943604,0.25000000000000006
296469,12,44882,-0.7987701892852783,-0.17983976006507874,-0.5741287469863892,-0.0043495893478393555,0.25000000000000006
296469,13,8816,0.7730742692947388,-0.5056231021881104,0.3830162584781647,-1.2512948513031006,0.21000000000000005
296469,14,1567,-0.3971548080444336,0.9003086686134338,0.17807970941066742,3.6989378929138184,0.18000000000000005
296469,15,29416,-0.6612113118171692,-0.6784141659736633,-0.3202402889728546,-0.21682411432266235,0.010000000000000002
583997,1,40131,-0.3278563916683197,-0.06933099031448364,-0.9421801567077637,-7.825867176055908,3.130000000000001
583997,2,40851,-0.24725313484668732,0.1798940896987915,-0.9521050453186035,-5.248562335968018,2.8300000000000005
583997,3,32884,-0.5257701277732849,-0.717241644859314,0.45730748772621155,-15.01982307434082,0.8600000000000002
583997,4,39830,-0.24257682263851166,-0.5094869136810303,-0.8255783319473267,-9.442253112792969,0.6900000000000002
583997,5,11060,0.9933686852455139,0.0968857929110527,0.06190124899148941,21.5249080657959,0.5800000000000001
583997,6,39462,-0.6648861169815063,0.6624485850334167,-0.34509167075157166,-8.98870849609375,0.5300000000000001
583997,7,40089,0.4825071096420288,0.26806628704071045,-0.8338629007339478,9.637066841125488,0.4800000000000001
583997,8,40859,-0.39692825078964233,0.9147356152534485,0.07554273307323456,-1.674405574798584,0.3600000000000001
583997,9,25349,-0.7774410247802734,-0.6270188689231873,0.049323540180921555,-18.818187713623047,0.2700000000000001
583997,10,38702,-0.15130534768104553,0.37709954380989075,-0.9137300848960876,-2.3159379959106445,0.2700000000000001
583997,11,23657,-0.41553995013237,-0.8225058913230896,-0.3883434236049652,-12.993042945861816,0.26000000000000006
583997,12,15411,0.9722778797149658,-0.2283247709274292,-0.05043287202715874,18.51953887939453,0.18000000000000005
583997,13,33758,-0.17773927748203278,-0.9635105133056641,-0.20014062523841858,-8.842287063598633,0.15000000000000002
583997,14,12678,0.9968217015266418,-0.06289828568696976,-0.0488906055688858,20.543210983276367,0.13000000000000003
583997,15,20102,0.9846399426460266,-0.07601160556077957,0.1571827530860901,19.414695739746094,0.10000000000000002
583997,16,3030,0.01576140709221363,0.9854128360748291,-0.16944950819015503,6.646866798400879,0.05000000000000001
583997,17,37991,-0.028047705069184303,0.5284666419029236,-0.8484905958175659,2.057325601577759,0.05000000000000001
583997,18,47686,-0.8824314475059509,-0.3350365459918976,-0.33025026321411133,-20.79302406311035,0.030000000000000006
583997,19,7342,0.9357176423072815,-0.06906870007514954,-0.34592190384864807,19.04796028137207,0.010000000000000002
537385,1,38275,0.11259645968675613,0.4190138280391693,-0.9009714126586914,-0.852778971195221,2.4200000000000004
537385,2,16639,0.9267957210540771,0.363632470369339,-0.09392102807760239,12.849366188049316,2.0800000000000005
537385,3,39256,-0.4904228746891022,0.6444242596626282,-0.5866879820823669,-11.367147445678711,2.0300000000000002
537385,4,27604,-0.1318349391222,-0.9876692295074463,-0.084433913230896,4.841647148132324,1.4400000000000004
537385,5,39207,-0.2660578489303589,0.6054182052612305,-0.7501213550567627,-7.137266635894775,1.2200000000000002
537385,6,36257,-0.6914295554161072,-0.5938383936882019,0.41143786907196045,-7.178099155426025,1.0900000000000003
537385,7,6460,-0.551393985748291,0.7048046588897705,0.4463351368904114,-13.365006446838379,0.6200000000000001
537385,8,39274,0.2972518801689148,0.280519962310791,-0.9126608967781067,4.064669132232666,0.3400000000000001
537385,9,23459,0.9303463697433472,-0.20017863810062408,0.3072199821472168,16.45209312438965,0.11000000000000001
537385,10,3877,-0.5149597525596619,0.85697340965271,0.020324289798736572,-12.277174949645996,0.04000000000000001
537385,11,40016,-0.22712551057338715,0.3503515124320984,-0.9086626768112183,-5.965646743774414,0.030000000000000006
142495,1,37773,-0.36983242630958557,-0.5368421673774719,-0.758303701877594,0.8618583679199219,1.5200000000000002
142495,2,38801,0.2922040522098541,0.27151015400886536,-0.9170054793357849,-3.056575298309326,1.2300000000000002
142495,3,7738,0.8150221705436707,-0.27150920033454895,0.5118804574012756,-12.769525527954102,1.1700000000000002
142495,4,6047,-0.23178228735923767,0.9537007808685303,-0.19165532290935516,7.62669563293457,0.8100000000000002
142495,5,7531,0.9819250702857971,-0.15083257853984833,-0.11433584988117218,-13.814844131469727,0.7200000000000002
142495,6,38796,-0.05783820524811745,0.42162904143333435,-0.9049219489097595,1.5222890377044678,0.6800000000000002
142495,7,7453,0.7547409534454346,-0.1620909720659256,-0.6356827616691589,-12.733292579650879,0.6700000000000002
142495,8,14390,0.7252737879753113,-0.1921125054359436,-0.6611132621765137,-11.971923828125,0.6100000000000001
142495,9,1049,0.0904374048113823,0.9831914901733398,-0.15860514342784882,4.192998886108398,0.5700000000000001
142495,10,30129,-0.4809764623641968,-0.8764303922653198,0.023051785305142403,2.56562876701355,0.5100000000000001
142495,11,6168,-0.5451991558074951,0.8328038454055786,0.09589378535747528,12.764961242675781,0.5000000000000001
142495,12,38325,0.2204708755016327,0.5804798603057861,-0.7838594913482666,-0.10566222667694092,0.4700000000000001
142495,13,24475,-0.4396030306816101,-0.8659188747406006,0.23860782384872437,1.7830325365066528,0.37000000000000005
142495,14,21231,0.9526485204696655,-0.19591781497001648,0.23254457116127014,-14.553972244262695,0.14
142495,15,22431,0.8906317949295044,-0.4111774265766144,-0.19418594241142273,-14.732914924621582,0.08000000000000002
142495,16,38275,0.11259645968675613,0.4190138280391693,-0.9009714126586914,-0.852778971195221,0.07
142495,17,44351,-0.6379369497299194,-0.3374927341938019,-0.6921958327293396,5.949077129364014,0.06000000000000001
142495,18,19206,0.9810929298400879,0.08182729780673981,0.1753881871700287,-12.65099811553955,0.020000000000000004
142495,19,19437,0.8865722417831421,0.4136151671409607,0.20715251564979553,-8.95422077178955,0.010000000000000002
535315,1,28287,-0.3500087261199951,-0.7784101366996765,0.5211252570152283,-9.695660591125488,2.9400000000000004
535315,2,15701,0.9780526161193848,-0.19526520371437073,-0.07269540429115295,13.37719440460205,1.4100000000000004
535315,3,39592,-0.22351568937301636,0.7514988780021667,-0.620717465877533,-0.1717674434185028,1.4000000000000004
535315,4,38438,0.2375400811433792,0.0282732080668211,-0.9709661602973938,2.610175848007202,1.1100000000000003
535315,5,32695,-0.5028495788574219,-0.7866001725196838,-0.3583328425884247,-11.926466941833496,0.5100000000000001
535315,6,40859,-0.39692825078964233,0.9147356152534485,0.07554273307323456,-1.674405574798584,0.4600000000000001
535315,7,3469,-0.5690449476242065,0.7367076277732849,-0.3653077483177185,-4.231797695159912,0.25000000000000006
535315,8,24000,-0.6135865449905396,-0.6424797177314758,-0.4590548276901245,-14.36960220336914,0.20000000000000004
535315,9,32146,-0.7431579828262329,-0.6666988134384155,-0.05682375282049179,-15.151079177856445,0.18000000000000005
535315,10,8092,0.9074456095695496,-0.048532236367464066,-0.4173572361469269,13.803929328918457,0.15000000000000002
535315,11,24295,-0.2978433072566986,-0.948861837387085,0.10464475303888321,-9.070829391479492,0.15000000000000002
535315,12,37350,0.19336910545825958,0.6863222718238831,-0.7011206746101379,5.670892715454102,0.15000000000000002
535315,13,38854,0.3278461992740631,0.7168424129486084,-0.6153485178947449,8.503621101379395,0.14
535315,14,46713,-0.7723463773727417,-0.269370973110199,-0.5752568244934082,-14.09897232055664,0.14
535315,15,25963,-0.3497988283634186,-0.9299991130828857,-0.11288221180438995,-10.060628890991211,0.05000000000000001
535315,16,16192,0.9874137043952942,0.09706829488277435,-0.12486773729324341,16.399736404418945,0.020000000000000004
535315,17,32784,-0.34970274567604065,-0.9031409025192261,0.249087393283844,-10.363330841064453,0.020000000000000004
306878,1,37714,0.6461831331253052,0.38822972774505615,-0.6570578813552856,-2.347014904022217,1.4700000000000002
306878,2,38134,-0.11972483992576599,0.245659738779068,-0.9619341492652893,-2.406007766723633,1.4400000000000004
306878,3,24773,0.13804969191551208,-0.9497709274291992,-0.2808513343334198,-5.030885219573975,1.4000000000000004
306878,4,38999,0.4336305558681488,0.6183571815490723,-0.6554379463195801,-0.1784147024154663,1.3700000000000003
306878,5,38422,-0.23431576788425446,-0.08011867105960846,-0.9688535332679749,-3.038179874420166,1.1000000000000003
306878,6,293,-0.43039101362228394,0.8667661547660828,0.2519523501396179,3.9322714805603027,0.4700000000000001
306878,7,2861,-0.14439663290977478,0.9678241014480591,-0.2060731202363968,3.7618939876556396,0.37000000000000005
306878,8,8816,0.7730742692947388,-0.5056231021881104,0.3830162584781647,-1.2512948513031006,0.37000000000000005
306878,9,38275,0.11259645968675613,0.4190138280391693,-0.9009714126586914,-0.852778971195221,0.30000000000000004
306878,10,11793,0.9436884522438049,-0.21793875098228455,0.2489071786403656,-2.9921388626098633,0.29000000000000004
306878,11,13182,0.9809033274650574,-0.16054441034793854,0.10979146510362625,-2.522636890411377,0.2700000000000001
306878,12,46982,-0.6603299379348755,-0.7190147638320923,-0.21675364673137665,-2.758878231048584,0.19000000000000003
306878,13,7513,0.878880500793457,-0.3847215473651886,-0.2820609509944916,-3.1051084995269775,0.17000000000000004
306878,14,44162,-0.6188562512397766,-0.42283278703689575,-0.6619889736175537,-1.9684572219848633,0.10000000000000002
306878,15,38325,0.2204708755016327,0.5804798603057861,-0.7838594913482666,-0.10566222667694092,0.05000000000000001
306878,16,13719,0.9796497821807861,-0.19364620745182037,-0.0527961365878582,-2.435788154602051,0.010000000000000002
306878,17,38047,-0.09910912066698074,0.6473348140716553,-0.7557347416877747,-0.33743369579315186,0.010000000000000002
590861,1,42738,-0.8698964715003967,-0.3908270597457886,-0.3008893132209778,-14.533278465270996,2.9200000000000004
590861,2,37373,0.03881318122148514,0.36650359630584717,-0.9296067357063293,3.544081211090088,2.1500000000000004
590861,3,45387,-0.8435410857200623,-0.22732843458652496,-0.48658016324043274,-14.570029258728027,1.8700000000000003
590861,4,13700,0.9264250993728638,-0.3193061947822571,0.19944950938224792,20.535425186157227,0.8000000000000002
590861,5,39104,-0.05926964059472084,0.6581472158432007,-0.7505527138710022,-1.8875912427902222,0.6300000000000001
590861,6,29175,-0.721347451210022,-0.6220245361328125,0.30453795194625854,-13.900918960571289,0.4200000000000001
590861,7,27676,-0.29997342824935913,-0.8355922698974609,0.46021899580955505,-4.756025314331055,0.30000000000000004
590861,8,6025,-0.0490456260740757,0.994454026222229,-0.09303585439920425,-3.6210832595825195,0.24000000000000005
590861,9,42693,-0.6964117884635925,-0.5344797968864441,-0.4788965880870819,-10.087056159973145,0.18000000000000005
590861,10,13186,0.8873797655105591,0.15730011463165283,-0.43337494134902954,18.99658203125,0.09000000000000002
590861,11,12368,0.9212721586227417,-0.3485508859157562,0.1725395917892456,18.463871002197266,0.06000000000000001
590861,12,31792,0.2093127816915512,-0.9735387563705444,-0.09170832484960556,7.43623685836792,0.020000000000000004
590861,13,36629,0.04106773063540459,-0.9597027897834778,0.27799996733665466,2.5451347827911377,0.020000000000000004
590861,14,17808,0.9588913321495056,-0.27878502011299133,0.052974600344896317,20.314973831176758,0.010000000000000002
236667,1,38999,0.4336305558681488,0.6183571815490723,-0.6554379463195801,-0.1784147024154663,2.7800000000000007
236667,2,37714,0.6461831331253052,0.38822972774505615,-0.6570578813552856,-2.347014904022217,2.2100000000000004
236667,3,38736,0.1902810037136078,0.5283046364784241,-0.8274583220481873,1.4103730916976929,1.3800000000000003
236667,4,38796,-0.05783820524811745,0.42162904143333435,-0.9049219489097595,1.5222890377044678,1.3300000000000003
236667,5,40246,-0.10661114007234573,0.6414136290550232,-0.7597516775131226,4.238254547119141,1.0100000000000002
236667,6,4060,-0.09534453600645065,0.9830198287963867,0.1567845493555069,7.259040832519531,0.8700000000000002
236667,7,21051,0.9483398795127869,-0.0548657663166523,0.3124759793281555,-6.643543720245361,0.5200000000000001
236667,8,23342,0.8621358871459961,-0.48475053906440735,-0.14744031429290771,-9.538125991821289,0.4300000000000001
236667,9,12950,0.9639023542404175,-0.031773827970027924,-0.2643533945083618,-6.829624652862549,0.3600000000000001
236667,10,2576,-0.17638279497623444,0.9573245048522949,-0.22895164787769318,6.39625358581543,0.14
236667,11,26559,-0.8036142587661743,-0.5681754350662231,0.177146315574646,1.5159019231796265,0.04000000000000001
236667,12,34929,-0.7838450074195862,-0.6195672750473022,0.041514161974191666,2.1995344161987305,0.010000000000000002
251475,1,40246,-0.10661114007234573,0.6414136290550232,-0.7597516775131226,4.238254547119141,3.960000000000001
251475,2,38736,0.1902810037136078,0.5283046364784241,-0.8274583220481873,1.4103730916976929,3.2500000000000004
251475,3,2576,-0.17638279497623444,0.9573245048522949,-0.22895164787769318,6.39625358581543,0.8200000000000002
251475,4,18689,0.9401180148124695,-0.09002198278903961,0.3287462890148163,-4.731060028076172,0.7900000000000001
251475,5,43643,-0.8770963549613953,-0.37396904826164246,-0.30141180753707886,1.7214425802230835,0.7100000000000002
251475,6,4060,-0.09534453600645065,0.9830198287963867,0.1567845493555069,7.259040832519531,0.4300000000000001
251475,7,37714,0.6461831331253052,0.38822972774505615,-0.6570578813552856,-2.347014904022217,0.4300000000000001
251475,8,4995,-0.1433936357498169,0.9259029030799866,-0.3494882583618164,5.416348934173584,0.17000000000000004
251475,9,33326,-0.5741201639175415,-0.5450538992881775,-0.6109846830368042,-1.306165099143982,0.13000000000000003
104826,1,37093,-0.03619179129600525,0.6194687485694885,-0.784186601638794,-2.752993106842041,4.48
104826,2,39438,0.19613119959831238,0.8085002303123474,-0.5548512935638428,-7.329899787902832,2.4000000000000004
104826,3,40164,0.31339648365974426,0.0481569766998291,-0.9484004974365234,-4.277862071990967,2.0900000000000003
104826,4,6185,-0.7173755168914795,0.4570907652378082,-0.5257760286331177,10.044638633728027,1.4800000000000002
104826,5,39628,0.587864875793457,0.4261399209499359,-0.6876188516616821,-12.227197647094727,0.6300000000000001
104826,6,40392,-0.2827858030796051,0.789330780506134,-0.5449671149253845,-0.3147764205932617,0.06000000000000001
104826,7,11630,0.9767074584960938,0.11089769750833511,-0.18369607627391815,-15.377305030822754,0.04000000000000001
104826,8,31310,-0.5952500700950623,-0.7572823762893677,-0.26870205998420715,16.177248001098633,0.020000000000000004
104826,9,29911,-0.2898125946521759,-0.9570556879043579,-0.007283537182956934,10.14636516571045,0.010000000000000002
133178,1,30029,-0.6032117605209351,-0.7914457321166992,0.09873821586370468,7.735544204711914,1.5300000000000002
133178,2,8255,0.9802927374839783,-0.05978216975927353,0.18828755617141724,-13.0642671585083,1.4500000000000002
133178,3,2861,-0.14439663290977478,0.9678241014480591,-0.2060731202363968,3.7618939876556396,1.3100000000000003
133178,4,24005,-0.8002034425735474,-0.581150472164154,-0.14811678230762482,9.007549285888672,1.1800000000000002
133178,5,38764,0.5373557806015015,0.327097624540329,-0.777338981628418,-10.657472610473633,1.0300000000000002
133178,6,38134,-0.11972483992576599,0.245659738779068,-0.9619341492652893,-2.406007766723633,0.9100000000000001
133178,7,37066,-0.27138400077819824,0.4280444085597992,-0.8620491623878479,1.774187445640564,0.8800000000000001
133178,8,21594,0.8878722786903381,-0.4066685438156128,-0.2151825726032257,-13.544483184814453,0.6400000000000001
133178,9,37773,-0.36983242630958557,-0.5368421673774719,-0.758303701877594,0.8618583679199219,0.28
133178,10,1870,-0.24888765811920166,0.9224609732627869,0.295162171125412,7.0534138679504395,0.17000000000000004
133178,11,1963,0.18389569222927094,0.961376965045929,0.20478443801403046,0.18154197931289673,0.14
133178,12,14018,0.9851747751235962,-0.11752002686262131,-0.12497875094413757,-15.553849220275879,0.11000000000000001
133178,13,14978,0.9901165962219238,-0.0544649176299572,-0.12923888862133026,-14.68378734588623,0.020000000000000004
133178,14,35842,-0.4167154133319855,-0.8956878185272217,-0.15521466732025146,2.6082894802093506,0.020000000000000004
290722,1,37155,-0.1191081702709198,0.7922998070716858,-0.5983930826187134,5.714597225189209,2.0200000000000005
290722,2,40246,-0.10661114007234573,0.6414136290550232,-0.7597516775131226,4.238254547119141,1.8900000000000003
290722,3,37279,0.01246197521686554,0.7375673651695251,-0.6751585602760315,5.033202648162842,1.8100000000000003
290722,4,37207,0.4143618643283844,0.1859111785888672,-0.8909215927124023,-0.2214866280555725,1.4200000000000004
290722,5,39036,0.16881102323532104,0.3458646535873413,-0.9229736924171448,2.4249074459075928,1.0400000000000003
290722,6,21967,0.9947390556335449,0.04525911435484886,0.09190137684345245,-2.1100425720214844,0.7900000000000001
290722,7,41291,-0.5631550550460815,-0.3715038299560547,-0.7381336688995361,-0.3594520390033722,0.6300000000000001
290722,8,2367,0.17273861169815063,0.9478340148925781,0.2679031193256378,5.432441711425781,0.4900000000000001
290722,9,40041,-0.07069765776395798,0.6305059194564819,-0.7729580402374268,4.479776859283447,0.4600000000000001
290722,10,17154,0.9978157877922058,-0.06303755193948746,0.019746843725442886,-4.530757427215576,0.4300000000000001
290722,11,32352,-0.12992791831493378,-0.9145669341087341,0.382996141910553,-4.785160541534424,0.4300000000000001
290722,12,17935,0.9821057319641113,0.18562547862529755,-0.031804896891117096,-1.0481432676315308,0.20000000000000004
290722,13,18689,0.9401180148124695,-0.09002198278903961,0.3287462890148163,-4.731060028076172,0.14
290722,14,40153,-0.43633589148521423,-0.015562601387500763,-0.8996492624282837,1.5402390956878662,0.13000000000000003
290722,15,3158,-0.4645036458969116,0.7981234192848206,-0.38371261954307556,6.755929470062256,0.12000000000000002
295035,1,38134,-0.11972483992576599,0.245659738779068,-0.9619341492652893,-2.406007766723633,2.7800000000000007
295035,2,37714,0.6461831331253052,0.38822972774505615,-0.6570578813552856,-2.347014904022217,1.8000000000000003
295035,3,38047,-0.09910912066698074,0.6473348140716553,-0.7557347416877747,-0.33743369579315186,1.3200000000000003
295035,4,9111,0.985525906085968,-0.1679558902978897,0.02301211468875408,-4.106907844543457,1.1900000000000002
295035,5,11793,0.9436884522438049,-0.21793875098228455,0.2489071786403656,-2.9921388626098633,1.1000000000000003
295035,6,2861,-0.14439663290977478,0.9678241014480591,-0.2060731202363968,3.7618939876556396,0.7100000000000002
295035,7,44162,-0.6188562512397766,-0.42283278703689575,-0.6619889736175537,-1.9684572219848633,0.7000000000000002
295035,8,27393,-0.6524052023887634,-0.6731455326080322,-0.3481990396976471,-1.013584852218628,0.6800000000000002
295035,9,2714,-0.4542810320854187,0.7989810109138489,0.394027978181839,6.095432758331299,0.4600000000000001
295035,10,38584,0.5255961418151855,0.1076865866780281,-0.8438911437988281,-4.389453411102295,0.33000000000000007
295035,11,24773,0.13804969191551208,-0.9497709274291992,-0.2808513343334198,-5.030885219573975,0.30000000000000004
295035,12,13182,0.9809033274650574,-0.16054441034793854,0.10979146510362625,-2.522636890411377,0.23000000000000004
295035,13,15770,0.8306498527526855,-0.477944940328598,0.2856386601924896,-3.973029613494873,0.16000000000000003
295035,14,293,-0.43039101362228394,0.8667661547660828,0.2519523501396179,3.9322714805603027,0.15000000000000002
295035,15,15363,0.9343838691711426,0.3073886036872864,-0.18010853230953217,-3.4368066787719727,0.13000000000000003
295035,16,44773,-0.5079109072685242,-0.7727019190788269,-0.38073381781578064,-2.755519390106201,0.12000000000000002
295035,17,29416,-0.6612113118171692,-0.6784141659736633,-0.3202402889728546,-0.21682411432266235,0.10000000000000002
88114,1,38764,0.5373557806015015,0.327097624540329,-0.777338981628418,-10.657472610473633,1.9900000000000004
88114,2,37070,0.4573867619037628,0.3051491677761078,-0.8352732062339783,-10.219368934631348,1.9100000000000004
88114,3,3311,-0.4240034818649292,0.8782564401626587,0.2211032211780548,11.021720886230469,1.2000000000000002
88114,4,3669,-0.4857255518436432,0.8610133528709412,0.15075358748435974,12.861673355102539,0.8400000000000002
88114,5,21047,0.9227082133293152,-0.32674476504325867,-0.20456638932228088,-18.372140884399414,0.7900000000000001
88114,6,16273,0.8887894749641418,-0.31996020674705505,-0.32814446091651917,-18.678890228271484,0.7300000000000001
88114,7,42334,-0.6482973098754883,-0.7226074934005737,-0.2398938089609146,8.909070014953613,0.56
88114,8,7738,0.8150221705436707,-0.27150920033454895,0.5118804574012756,-12.769525527954102,0.5500000000000002
88114,9,27084,-0.7403644919395447,-0.5872979760169983,0.327019065618515,11.868444442749023,0.44000000000000006
88114,10,35842,-0.4167154133319855,-0.8956878185272217,-0.15521466732025146,2.6082894802093506,0.38000000000000006
88114,11,25360,-0.5942347645759583,-0.7676503658294678,0.23999576270580292,8.344404220581055,0.33000000000000007
88114,12,40371,0.31454089283943176,0.7837101817131042,-0.5355952978134155,-3.9600560665130615,0.29000000000000004
88114,13,2476,-0.32415688037872314,0.9444790482521057,-0.05368104577064514,8.758258819580078,0.22000000000000003
88114,14,28519,-0.42625340819358826,-0.9005670547485352,0.08536376059055328,4.151182651519775,0.09000000000000002
88114,15,27232,-0.9427975416183472,-0.23989692330360413,0.23147845268249512,17.23545265197754,0.08000000000000002
88114,16,13514,0.9789021015167236,-0.20165607333183289,-0.03294609859585762,-19.246814727783203,0.04000000000000001
88114,17,33736,-0.6106024384498596,-0.7841700911521912,-0.11064313352108002,7.900299549102783,0.010000000000000002
484483,1,37120,-0.34000253677368164,0.12691886723041534,-0.9318207502365112,-7.4374518394470215,2.6600000000000006
484483,2,1103,-0.6125555634498596,0.6508015990257263,-0.4485900104045868,-11.295165061950684,2.24
484483,3,1785,0.02694496512413025,0.9996227025985718,-0.00533674331381917,-2.4016244411468506,1.6900000000000004
484483,4,40464,0.044961947947740555,0.5538598299026489,-0.8313950300216675,-4.713716983795166,1.3700000000000003
484483,5,40393,0.43984106183052063,0.16580377519130707,-0.8826375007629395,0.8073554039001465,0.6500000000000001
484483,6,35230,-0.43257543444633484,-0.6959483027458191,0.5731792449951172,-0.44474077224731445,0.5400000000000001
484483,7,13814,0.9601670503616333,-0.16670364141464233,-0.2242523580789566,10.183685302734375,0.5300000000000001
484483,8,9944,0.9709661602973938,-0.08550770580768585,-0.2234124094247818,11.24690055847168,0.28
484483,9,20694,0.9898289442062378,-0.08636348694562912,0.11304886639118195,12.416251182556152,0.17000000000000004
484483,10,15791,0.9870434999465942,0.1448097676038742,0.06910306960344315,12.463406562805176,0.14
484483,11,9700,0.9879986047744751,-0.10921116918325424,-0.10923242568969727,12.70441722869873,0.07
484483,12,19102,0.9778051376342773,-0.2071836292743683,-0.031177254393696785,11.840860366821289,0.04000000000000001
484483,13,5358,-0.4735246002674103,0.8638221025466919,0.17200519144535065,-8.595338821411133,0.020000000000000004
484483,14,21788,0.9816882610321045,-0.15837019681930542,0.10586307942867279,13.475041389465332,0.020000000000000004
506922,1,38909,-0.31949901580810547,0.07921693474054337,-0.944269597530365,-8.37463092803955,2.4600000000000004
506922,2,28731,-0.49891430139541626,-0.7974353432655334,-0.3393838107585907,-6.295083522796631,1.5200000000000002
506922,3,44049,-0.7150572538375854,-0.307502806186676,-0.6278018355369568,-11.97175121307373,1.4800000000000002
506922,4,15791,0.9870434999465942,0.1448097676038742,0.06910306960344315,12.463406562805176,0.8100000000000002
506922,5,41191,-0.7492696642875671,-0.4151563346385956,-0.5159846544265747,-11.950526237487793,0.6200000000000001
506922,6,46132,-0.9098818898200989,-0.27505725622177124,-0.3105776309967041,-12.777109146118164,0.6000000000000001
506922,7,9944,0.9709661602973938,-0.08550770580768585,-0.2234124094247818,11.24690055847168,0.4900000000000001
506922,8,2341,-0.3111463487148285,0.9474329352378845,-0.07455718517303467,-4.457772254943848,0.4200000000000001
506922,9,35788,-0.5660073161125183,-0.7725763320922852,-0.28768303990364075,-7.609179973602295,0.38000000000000006
506922,10,1103,-0.6125555634498596,0.6508015990257263,-0.4485900104045868,-11.295165061950684,0.28
506922,11,19062,0.9285513162612915,-0.36717042326927185,-0.05457437410950661,13.82455062866211,0.17000000000000004
506922,12,5358,-0.4735246002674103,0.8638221025466919,0.17200519144535065,-8.595338821411133,0.15000000000000002
506922,13,28439,-0.09829932451248169,-0.9776063561439514,-0.18607263267040253,-0.027197718620300293,0.09000000000000002
506922,14,38918,-0.36324068903923035,0.6339799761772156,-0.6827338933944702,-9.448226928710938,0.07
506922,15,17703,0.9312112927436829,0.0010609774617478251,0.364478200674057,14.672532081604004,0.05000000000000001
29779,1,39193,0.05412905290722847,0.4398408830165863,-0.8964430093765259,-4.634550094604492,1.9700000000000004
29779,2,34046,-0.23075297474861145,-0.9633023738861084,-0.13711881637573242,10.991063117980957,1.3900000000000003
29779,3,37093,-0.03619179129600525,0.6194687485694885,-0.784186601638794,-2.752993106842041,1.2900000000000003
29779,4,8961,0.9811698794364929,0.18546698987483978,-0.053922683000564575,-22.414697647094727,1.1400000000000001
29779,5,14870,0.907873272895813,-0.4003003239631653,0.1246022880077362,-18.58054542541504,1.0500000000000003
29779,6,25062,-0.46040353178977966,-0.7364104986190796,0.49570977687835693,14.744154930114746,0.9700000000000002
29779,7,40031,0.4251484274864197,0.5516983866691589,-0.717549741268158,-12.558086395263672,0.6700000000000002
29779,8,43120,-0.8107231855392456,-0.5270947217941284,-0.25475290417671204,20.55869483947754,0.4300000000000001
29779,9,19554,0.991967499256134,-0.02485480345785618,0.12402696162462234,-21.2803897857666,0.28
29779,10,35723,-0.9084534645080566,-0.4106200039386749,-0.07812485843896866,23.200353622436523,0.18000000000000005
29779,11,20222,0.978226363658905,-0.20328974723815918,-0.0417909137904644,-21.34902572631836,0.07
29779,12,1017,-0.1027718335390091,0.9942951798439026,0.028548430651426315,-3.9282679557800293,0.06000000000000001
29779,13,4473,-0.38871967792510986,0.8500487804412842,0.3554069697856903,5.084663391113281,0.06000000000000001
29779,14,35040,-0.22106695175170898,-0.9705821871757507,0.0953921377658844,9.436195373535156,0.05000000000000001
29779,15,15815,0.9726092219352722,-0.20002590119838715,-0.11841019243001938,-20.993227005004883,0.010000000000000002
48802,1,38136,-0.05465913563966751,0.5924955606460571,-0.8037172555923462,-1.1713355779647827,2.8700000000000006
48802,2,38490,0.5550118684768677,0.28684699535369873,-0.7808204889297485,-11.543391227722168,2.4100000000000006
48802,3,39947,-0.01506318524479866,0.4510284960269928,-0.8923824429512024,-0.29027295112609863,1.4700000000000002
48802,4,12813,0.9766207337379456,0.05715502053499222,-0.2072322964668274,-21.08036994934082,0.9700000000000002
48802,5,39215,0.39177173376083374,0.729589581489563,-0.5605478882789612,-12.203351974487305,0.8500000000000002
48802,6,20975,0.8493795990943909,-0.304097980260849,-0.43136849999427795,-15.707404136657715,0.6200000000000001
48802,7,18211,0.9649865627288818,0.2441517412662506,0.09586876630783081,-22.068849563598633,0.5500000000000002
48802,8,293,-0.43039101362228394,0.8667661547660828,0.2519523501396179,3.9322714805603027,0.4600000000000001
48802,9,25125,-0.41569986939430237,-0.8853362798690796,0.20826247334480286,13.753398895263672,0.18000000000000005
48802,10,40915,-0.6881831884384155,0.12420045584440231,-0.714827299118042,15.415639877319336,0.18000000000000005
48802,11,8857,0.9693248867988586,0.039240602403879166,0.24263034760951996,-20.381452560424805,0.11000000000000001
48802,12,11852,0.9552074074745178,-0.20892173051834106,-0.20959603786468506,-17.49189567565918,0.09000000000000002
48802,13,1017,-0.1027718335390091,0.9942951798439026,0.028548430651426315,-3.9282679557800293,0.05000000000000001
48802,14,28500,-0.17313632369041443,-0.9245381355285645,-0.3394894003868103,9.4169921875,0.010000000000000002
354096,1,3887,-0.6087077260017395,0.6738645434379578,0.4187857210636139,3.469085216522217,2.1000000000000005
354096,2,46202,-0.8461247086524963,-0.41111889481544495,-0.33919644355773926,-4.119566917419434,1.8700000000000003
354096,3,39036,0.16881102323532104,0.3458646535873413,-0.9229736924171448,2.4249074459075928,1.4300000000000004
354096,4,42446,-0.6731727123260498,-0.5743034482002258,-0.46584761142730713,-4.209443092346191,1.3300000000000003
354096,5,19329,0.9763795137405396,0.07218220829963684,-0.20364868640899658,1.8459250926971436,1.2200000000000002
354096,6,6750,-0.32478633522987366,0.9241130948066711,-0.2013176828622818,4.269868850708008,1.0400000000000003
354096,7,2367,0.17273861169815063,0.9478340148925781,0.2679031193256378,5.432441711425781,0.6700000000000002
354096,8,11170,0.9106232523918152,-0.3953261375427246,0.12034336477518082,-1.6565579175949097,0.6200000000000001
354096,9,1468,-0.5153670310974121,0.8342534899711609,0.19600512087345123,4.564418792724609,0.44000000000000006
354096,10,21929,0.9535034894943237,0.008793122135102749,0.3012535870075226,0.7792878150939941,0.3500000000000001
354096,11,40094,-0.04916330799460411,0.8251908421516418,-0.5627104043960571,3.1353607177734375,0.22000000000000003
354096,12,32870,-0.5629119277000427,-0.7174766063690186,0.4103139042854309,-3.467128276824951,0.19000000000000003
354096,13,9726,0.990787923336029,0.06109551712870598,0.12085781246423721,2.650900363922119,0.07
354096,14,43245,-0.9386836290359497,-0.29583343863487244,-0.1770753413438797,-3.2608323097229004,0.07
354096,15,22773,0.9959394931793213,0.0865488350391388,-0.02477431669831276,2.6166388988494873,0.06000000000000001
354096,16,1680,0.08421779423952103,0.9937878847122192,0.07275324314832687,6.586231708526611,0.04000000000000001
45099,1,38224,0.24184370040893555,0.3393297791481018,-0.9090472459793091,-3.008329391479492,2.2000000000000006
45099,2,37375,-0.15029123425483704,0.6386401057243347,-0.7546862959861755,7.7843403816223145,1.7700000000000002
45099,3,288,-0.1585157811641693,0.9766818284988403,0.1447943150997162,8.683952331542969,1.2600000000000002
45099,4,42334,-0.6482973098754883,-0.7226074934005737,-0.2398938089609146,8.909070014953613,1.1100000000000003
45099,5,39968,0.5660015940666199,0.48800650238990784,-0.6644484996795654,-8.148909568786621,1.0800000000000003
45099,6,45431,-0.8411682844161987,-0.4254712164402008,-0.3337815999984741,15.897775650024414,1.0700000000000003
45099,7,11997,0.9990676045417786,-0.0008185860351659358,0.04316507652401924,-20.84507179260254,0.7100000000000002
45099,8,13404,0.9816733002662659,0.10056789964437485,-0.16187547147274017,-19.660173416137695,0.4600000000000001
45099,9,12662,0.9640718102455139,-0.13967294991016388,0.22595804929733276,-20.260404586791992,0.4000000000000001
45099,10,5589,-0.7154825925827026,0.6981126070022583,0.02689673937857151,19.833724975585938,0.23000000000000004
45099,11,11585,0.9740565419197083,0.14659664034843445,0.17240428924560547,-20.556055068969727,0.16000000000000003
166772,1,37813,-0.13451243937015533,0.264922171831131,-0.954841673374176,2.995656967163086,2.7100000000000004
166772,2,39947,-0.01506318524479866,0.4510284960269928,-0.8923824429512024,-0.29027295112609863,2.1300000000000003
166772,3,39968,0.5660015940666199,0.48800650238990784,-0.6644484996795654,-8.148909568786621,1.6000000000000003
166772,4,14912,0.949338436126709,-0.3000454306602478,-0.09343089163303375,-8.282470703125,0.9300000000000002
166772,5,8173,0.9442906975746155,0.010026351548731327,0.32895973324775696,-12.314613342285156,0.7900000000000001
166772,6,38275,0.11259645968675613,0.4190138280391693,-0.9009714126586914,-0.852778971195221,0.5700000000000001
166772,7,2229,-0.0348198339343071,0.9988985061645508,-0.03145422413945198,-6.265137672424316,0.39000000000000007
166772,8,5597,-0.42204880714416504,0.8892250657081604,-0.17650364339351654,-0.08208680152893066,0.19000000000000003
166772,9,31433,-0.6010372638702393,-0.7625673413276672,0.23925983905792236,12.062758445739746,0.04000000000000001
166772,10,17244,0.9163667559623718,-0.26677224040031433,0.2985038757324219,-10.092161178588867,0.010000000000000002
166772,11,45248,-0.7830840349197388,-0.4100947082042694,-0.4675486087799072,13.256945610046387,0.010000000000000002
338125,1,39873,0.1750839501619339,0.7429322004318237,-0.646062970161438,6.219775199890137,2.8200000000000007
338125,2,37155,-0.1191081702709198,0.7922998070716858,-0.5983930826187134,5.714597225189209,1.6000000000000003
338125,3,26341,-0.8738071322441101,-0.4030306935310364,-0.2720797657966614,-1.2260947227478027,1.4500000000000002
338125,4,40153,-0.43633589148521423,-0.015562601387500763,-0.8996492624282837,1.5402390956878662,1.0800000000000003
338125,5,2367,0.17273861169815063,0.9478340148925781,0.2679031193256378,5.432441711425781,0.8600000000000002
338125,6,38006,0.2053430676460266,0.19362005591392517,-0.9593464136123657,2.683488368988037,0.3500000000000001
338125,7,7149,-0.20564208924770355,0.9004729986190796,0.3832227885723114,4.547142505645752,0.31000000000000005
338125,8,19408,0.9617077112197876,-0.26085618138313293,0.08409713208675385,-2.6620328426361084,0.12000000000000002
338125,9,11170,0.9106232523918152,-0.3953261375427246,0.12034336477518082,-1.6565579175949097,0.09000000000000002
338125,10,1356,-0.4983222484588623,0.8668770790100098,0.014109519310295582,4.144926071166992,0.030000000000000006
338125,11,46638,-0.6639155149459839,-0.39338743686676025,-0.6359736323356628,-0.8307732343673706,0.030000000000000006
338125,12,9124,0.824276864528656,-0.5501144528388977,0.13394688069820404,-2.8330297470092773,0.020000000000000004
338125,13,5654,-0.08620971441268921,0.989656925201416,-0.11466040462255478,6.4308929443359375,0.010000000000000002
410500,1,39036,0.16881102323532104,0.3458646535873413,-0.9229736924171448,2.4249074459075928,3.2900000000000005
410500,2,38422,-0.23431576788425446,-0.08011867105960846,-0.9688535332679749,-3.038179874420166,1.9500000000000004
410500,3,38700,0.7724648714065552,0.32387059926986694,-0.5462653636932373,5.38740348815918,1.7100000000000004
410500,4,39083,-0.34196737408638,0.6938790082931519,-0.6337115168571472,0.9290995597839355,1.0300000000000002
410500,5,25104,-0.3974813222885132,-0.8907294273376465,-0.22047613561153412,-8.445054054260254,0.6300000000000001
410500,6,46856,-0.8752560019493103,-0.2246129959821701,-0.4283409118652344,-7.161190032958984,0.56
410500,7,12472,0.9294431209564209,-0.24863126873970032,0.2726133465766907,3.419126033782959,0.3500000000000001
410500,8,2861,-0.14439663290977478,0.9678241014480591,-0.2060731202363968,3.7618939876556396,0.22000000000000003
410500,9,16721,0.9586848020553589,-0.25734665989875793,0.12122773379087448,3.016663074493408,0.14
410500,10,25167,-0.9989239573478699,-0.012090248055756092,-0.044774770736694336,-5.766582012176514,0.08000000000000002
410500,11,1421,-0.2165798842906952,0.9555580019950867,0.20000524818897247,5.790314674377441,0.04000000000000001
410500,12,33094,-0.7843635082244873,-0.6027671098709106,0.14644332230091095,-8.097799301147461,0.030000000000000006
410500,13,31557,-0.5315264463424683,-0.822003960609436,-0.20442377030849457,-7.560083389282227,0.010000000000000002
339270,1,40767,-0.3808688819408417,0.8124971985816956,-0.44134703278541565,-0.800910472869873,1.8500000000000003
339270,2,39738,-0.4181375801563263,0.2535113990306854,-0.8722917437553406,3.5005745887756348,1.5200000000000002
339270,3,37349,0.29625803232192993,0.7801558971405029,-0.5509881377220154,0.7696259021759033,1.2300000000000002
339270,4,43803,-0.8950396776199341,-0.10918056219816208,-0.4324159324169159,2.6316304206848145,1.0400000000000003
339270,5,16759,0.9913694858551025,0.0379612036049366,-0.1254810243844986,-0.14937523007392883,0.8900000000000001
339270,6,8242,0.9323729872703552,-0.16046658158302307,-0.3239307701587677,1.521679162979126,0.8400000000000002
339270,7,47437,-0.8788958191871643,-0.43621718883514404,-0.1930200308561325,1.4134111404418945,0.8200000000000002
339270,8,37373,0.03881318122148514,0.36650359630584717,-0.9296067357063293,3.544081211090088,0.56
339270,9,7670,0.9796841740608215,0.185322105884552,-0.07664599269628525,0.5205938816070557,0.18000000000000005
339270,10,23182,0.8709404468536377,-0.07036341726779938,0.4863247275352478,-1.2686198949813843,0.16000000000000003
339270,11,13153,0.9846595525741577,-0.16948126256465912,0.04149272292852402,0.7381560802459717,0.15000000000000002
339270,12,44834,-0.6855247020721436,-0.4157193601131439,-0.5976899862289429,4.209299087524414,0.10000000000000002
339270,13,6934,-0.5348528027534485,0.8429712653160095,-0.05772297829389572,-2.389591693878174,0.030000000000000006
339270,14,15541,0.9969896078109741,0.07446099817752838,-0.021616389974951744,0.8379853963851929,0.030000000000000006
339270,15,39274,0.2972518801689148,0.280519962310791,-0.9126608967781067,4.064669132232666,0.020000000000000004
339270,16,21001,0.8480300307273865,-0.0381302647292614,-0.5285746455192566,2.708437442779541,0.010000000000000002
245184,1,33653,-0.18626289069652557,-0.8667475581169128,-0.462660551071167,6.8359904289245605,1.9600000000000004
245184,2,40282,-0.13773728907108307,0.2547806203365326,-0.9571391344070435,-0.2602296471595764,1.4000000000000004
245184,3,35,-0.32495325803756714,0.9059983491897583,-0.2712423503398895,-3.4726345539093018,0.7200000000000002
245184,4,24005,-0.8002034425735474,-0.581150472164154,-0.14811678230762482,9.007549285888672,0.6900000000000002
245184,5,22486,0.9849738478660583,-0.17249701917171478,-0.008446780033409595,-4.25290060043335,0.6000000000000001
245184,6,42334,-0.6482973098754883,-0.7226074934005737,-0.2398938089609146,8.909070014953613,0.39000000000000007
245184,7,4542,-0.5446079969406128,0.7933903336524963,-0.2719079256057739,-0.2534700632095337,0.28
245184,8,42252,-0.8535870313644409,-0.38976654410362244,-0.34564611315727234,8.018567085266113,0.28
245184,9,18689,0.9401180148124695,-0.09002198278903961,0.3287462890148163,-4.731060028076172,0.22000000000000003
245184,10,24402,-0.5773090124130249,-0.7187969088554382,0.38735681772232056,8.115891456604004,0.15000000000000002
245184,11,39273,0.1941727250814438,0.45042604207992554,-0.8714432120323181,-1.8660163879394531,0.15000000000000002
245184,12,29073,-0.541503369808197,-0.7549664974212646,-0.3698643743991852,8.587252616882324,0.12000000000000002
245184,13,44317,-0.590453028678894,-0.7363787293434143,-0.3303203880786896,7.479802131652832,0.06000000000000001
245184,14,30713,-0.8662996292114258,-0.35394224524497986,0.35249093174934387,5.87454891204834,0.010000000000000002
115456,1,15446,0.9582388401031494,0.1554659754037857,-0.24001812934875488,-17.18651580810547,1.7100000000000004
115456,2,38134,-0.11972483992576599,0.245659738779068,-0.9619341492652893,-2.406007766723633,1.7000000000000004
115456,3,293,-0.43039101362228394,0.8667661547660828,0.2519523501396179,3.9322714805603027,1.5800000000000003
115456,4,38614,-0.13890017569065094,0.5022006630897522,-0.8535228371620178,-1.8778525590896606,1.5300000000000002
115456,5,3573,-0.6142604351043701,0.748892605304718,-0.2486845999956131,6.1330108642578125,1.2000000000000002
115456,6,32925,-0.6266846060752869,-0.7755677103996277,-0.07590261101722717,12.052435874938965,1.1800000000000002
115456,7,39438,0.19613119959831238,0.8085002303123474,-0.5548512935638428,-7.329899787902832,0.9000000000000001
115456,8,5827,-0.1011737659573555,0.9948486685752869,-0.006324936170130968,-1.6969925165176392,0.19000000000000003
115456,9,26536,-0.5327881574630737,-0.6284497976303101,0.5667341947555542,12.422666549682617,0.16000000000000003
115456,10,38547,-0.021184824407100677,0.602372407913208,-0.7979339957237244,-4.468008041381836,0.14
115456,11,35576,-0.25943246483802795,-0.9488010406494141,0.18019826710224152,9.078396797180176,0.07
115456,12,39193,0.05412905290722847,0.4398408830165863,-0.8964430093765259,-4.634550094604492,0.010000000000000002
242569,1,38325,0.2204708755016327,0.5804798603057861,-0.7838594913482666,-0.10566222667694092,2.1900000000000004
242569,2,12950,0.9639023542404175,-0.031773827970027924,-0.2643533945083618,-6.829624652862549,1.9000000000000004
242569,3,37648,0.5738745331764221,0.04659058898687363,-0.817616879940033,-5.178305149078369,1.8100000000000003
242569,4,21051,0.9483398795127869,-0.0548657663166523,0.3124759793281555,-6.643543720245361,1.2000000000000002
242569,5,38796,-0.05783820524811745,0.42162904143333435,-0.9049219489097595,1.5222890377044678,1.0300000000000002
242569,6,4060,-0.09534453600645065,0.9830198287963867,0.1567845493555069,7.259040832519531,1.0100000000000002
242569,7,30134,-0.5445768237113953,-0.5862959027290344,0.5997442603111267,1.6578869819641113,0.5000000000000001
242569,8,38999,0.4336305558681488,0.6183571815490723,-0.6554379463195801,-0.1784147024154663,0.4300000000000001
242569,9,9982,0.9472288489341736,-0.090306356549263,0.3075748085975647,-6.910557270050049,0.3600000000000001
242569,10,25491,-0.6840112805366516,-0.7289312481880188,0.02806842140853405,1.2006443738937378,0.32000000000000006
242569,11,41342,-0.8994542360305786,-0.2153528332710266,-0.3802698850631714,3.2923765182495117,0.14
242569,12,38275,0.11259645968675613,0.4190138280391693,-0.9009714126586914,-0.852778971195221,0.030000000000000006
607991,1,40851,-0.24725313484668732,0.1798940896987915,-0.9521050453186035,-5.248562335968018,2.8900000000000006
607991,2,37991,-0.028047705069184303,0.5284666419029236,-0.8484905958175659,2.057325601577759,1.8800000000000003
607991,3,39141,0.2733496129512787,0.16814522445201874,-0.9471046328544617,6.736208438873291,1.4900000000000002
607991,4,40131,-0.3278563916683197,-0.06933099031448364,-0.9421801567077637,-7.825867176055908,1.2200000000000002
607991,5,34502,-0.5693201422691345,-0.8167968988418579,0.09336700290441513,-17.882192611694336,0.6300000000000001
607991,6,39830,-0.24257682263851166,-0.5094869136810303,-0.8255783319473267,-9.442253112792969,0.6300000000000001
607991,7,47686,-0.8824314475059509,-0.3350365459918976,-0.33025026321411133,-20.79302406311035,0.5400000000000001
607991,8,12678,0.9968217015266418,-0.06289828568696976,-0.0488906055688858,20.543210983276367,0.45000000000000007
607991,9,1558,-0.7001686692237854,0.585722029209137,-0.4082811772823334,-11.273846626281738,0.44000000000000006
607991,10,11060,0.9933686852455139,0.0968857929110527,0.06190124899148941,21.5249080657959,0.26000000000000006
607991,11,32884,-0.5257701277732849,-0.717241644859314,0.45730748772621155,-15.01982307434082,0.25000000000000006
607991,12,7210,0.9581055045127869,-0.14355528354644775,-0.2478422075510025,20.986858367919922,0.08000000000000002
607991,13,30497,-0.7002238631248474,-0.6703667044639587,-0.2455504834651947,-19.058687210083008,0.05000000000000001
607991,14,12482,0.8966361880302429,-0.3337732255458832,0.29092785716056824,18.94978141784668,0.04000000000000001
607991,15,38300,0.35191938281059265,0.5662621259689331,-0.7453187108039856,11.240801811218262,0.04000000000000001
607991,16,20193,0.9364981055259705,-0.34705114364624023,0.050267282873392105,19.692075729370117,0.010000000000000002
544513,1,39279,-0.10512998700141907,0.448108047246933,-0.8877763748168945,4.514735221862793,2.9100000000000006
544513,2,37852,0.1724565029144287,0.5966744422912598,-0.783733606338501,8.6763334274292,1.7200000000000004
544513,3,39608,0.5173888802528381,0.6120282411575317,-0.5981054306030273,13.865910530090332,1.5500000000000003
544513,4,24293,-0.08293416351079941,-0.9583656191825867,-0.27323487401008606,-5.327470779418945,1.3500000000000003
544513,5,6272,-0.6127930283546448,0.78107088804245,-0.12005381286144257,-6.414358615875244,1.3000000000000003
544513,6,15496,0.9783209562301636,0.18639734387397766,0.09024463593959808,15.830504417419434,1.1100000000000003
544513,7,38300,0.35191938281059265,0.5662621259689331,-0.7453187108039856,11.240801811218262,0.8700000000000002
544513,8,9008,0.9658033847808838,-0.03124660812318325,0.2573857307434082,14.373547554016113,0.8400000000000002
544513,9,42562,-0.7756630182266235,-0.5840612649917603,-0.2392055243253708,-13.801399230957031,0.4700000000000001
544513,10,26613,-0.4354126453399658,-0.8997142910957336,-0.0304968673735857,-10.024179458618164,0.3600000000000001
544513,11,21180,0.917691707611084,0.1918458491563797,0.34790387749671936,15.5916109085083,0.3500000000000001
544513,12,40781,0.6078283786773682,0.45360124111175537,-0.6517595648765564,14.98967170715332,0.28
544513,13,39083,-0.34196737408638,0.6938790082931519,-0.6337115168571472,0.9290995597839355,0.24000000000000005
544513,14,1541,-0.31453853845596313,0.9481383562088013,0.045816969126462936,-2.900064706802368,0.15000000000000002
544513,15,33544,-0.8454719185829163,-0.5143522620201111,-0.14359304308891296,-14.418095588684082,0.13000000000000003
544513,16,15389,0.894307553768158,-0.3679192066192627,-0.25465548038482666,13.829567909240723,0.12000000000000002
544513,17,10156,0.9536391496658325,-0.025317519903182983,0.2998855412006378,14.901515007019043,0.07
544513,18,14654,0.8983657956123352,-0.358616441488266,0.25363972783088684,11.215030670166016,0.010000000000000002
544513,19,27982,-0.6106176376342773,-0.5541982054710388,0.5656946897506714,-15.210451126098633,0.010000000000000002
150427,1,38006,0.2053430676460266,0.19362005591392517,-0.9593464136123657,2.683488368988037,1.5100000000000002
150427,2,16205,0.9184125065803528,0.09575192630290985,0.3838619887828827,-13.555139541625977,1.3700000000000003
150427,3,27648,-0.7637010812759399,-0.6274711489677429,-0.15179142355918884,7.9259467124938965,1.2400000000000002
150427,4,32014,-0.69780433177948,-0.6445983052253723,-0.31234943866729736,6.789207935333252,1.0200000000000002
150427,5,9961,0.9446200728416443,-0.30237630009651184,-0.1275203377008438,-14.245559692382812,0.9200000000000002
150427,6,24005,-0.8002034425735474,-0.581150472164154,-0.14811678230762482,9.007549285888672,0.8800000000000001
150427,7,23974,-0.2740948498249054,-0.9615762829780579,-0.015589992515742779,-1.7772401571273804,0.7400000000000001
150427,8,40432,0.3968987762928009,0.36398813128471375,-0.842605471611023,0.5216174721717834,0.7200000000000002
150427,9,37375,-0.15029123425483704,0.6386401057243347,-0.7546862959861755,7.7843403816223145,0.5400000000000001
150427,10,13087,0.8475222587585449,-0.508446216583252,-0.15227781236171722,-13.455916404724121,0.5300000000000001
150427,11,40509,0.45751136541366577,0.30229148268699646,-0.8362435102462769,-1.7133108377456665,0.4200000000000001
150427,12,43880,-0.3779947757720947,-0.3857765197753906,-0.8416034579277039,5.966753005981445,0.38000000000000006
150427,13,8108,0.763868510723114,-0.6366775035858154,-0.10557772219181061,-11.903875350952148,0.33000000000000007
150427,14,14152,0.94282066822052,0.25167110562324524,-0.2185196578502655,-9.5618314743042,0.24000000000000005
150427,15,31306,-0.44699129462242126,-0.8915404677391052,0.07317333668470383,0.9840993881225586,0.16000000000000003
150427,16,8368,0.9511200785636902,-0.09464889764785767,0.29395952820777893,-13.44774055480957,0.09000000000000002
150427,17,22273,0.9925571084022522,-0.0023574160877615213,0.12175735086202621,-13.70853042602539,0.020000000000000004
587248,1,2681,-0.43909040093421936,0.732555091381073,0.5201563835144043,-12.135621070861816,1.7000000000000004
587248,2,4094,-0.5946553349494934,0.7677350044250488,0.23867984116077423,-16.59587860107422,1.4800000000000002
587248,3,39274,0.2972518801689148,0.280519962310791,-0.9126608967781067,4.064669132232666,1.4600000000000002
587248,4,38978,-0.35096532106399536,0.2287459373474121,-0.9080190658569336,-9.733575820922852,1.4200000000000004
587248,5,47433,-0.7131558060646057,0.07640266418457031,-0.6968295574188232,-15.107556343078613,1.4100000000000004
587248,6,8303,0.7664164304733276,-0.6155790686607361,-0.18348921835422516,18.945384979248047,0.9000000000000001
587248,7,38909,-0.31949901580810547,0.07921693474054337,-0.944269597530365,-8.37463092803955,0.5700000000000001
587248,8,27695,-0.3106534481048584,-0.8034549355506897,0.507892370223999,-0.31790727376937866,0.4000000000000001
587248,9,10655,0.9502836465835571,-0.28344544768333435,-0.12891726195812225,21.553791046142578,0.030000000000000006
184479,1,38325,0.2204708755016327,0.5804798603057861,-0.7838594913482666,-0.10566222667694092,2.0700000000000003
184479,2,12469,0.9967820644378662,0.07416906207799911,0.030405908823013306,-11.73218822479248,1.1800000000000002
184479,3,33653,-0.18626289069652557,-0.8667475581169128,-0.462660551071167,6.8359904289245605,1.1500000000000001
184479,4,18655,0.9350278377532959,-0.20217584073543549,-0.2912865877151489,-8.073661804199219,0.5900000000000001
184479,5,20416,0.8954868912696838,-0.4435107707977295,0.037435706704854965,-8.14382266998291,0.5800000000000001
184479,6,39748,-0.3598843216896057,0.7754930853843689,-0.5187424421310425,3.496452569961548,0.33000000000000007
184479,7,45335,-0.7779855728149414,0.0017582407454028726,-0.6282796859741211,10.882205963134766,0.32000000000000006
184479,8,43631,-0.7225249409675598,0.002722816076129675,-0.6913394927978516,10.24557113647461,0.30000000000000004
184479,9,16146,0.9434149861335754,-0.18837858736515045,-0.27291324734687805,-9.305438995361328,0.28
184479,10,8911,0.8271657824516296,-0.5515516996383667,-0.10764525085687637,-7.814213752746582,0.21000000000000005
184479,11,20746,0.9154015779495239,-0.4016458988189697,-0.026842083781957626,-8.378790855407715,0.11000000000000001
184479,12,950,-0.7323073148727417,0.6469331979751587,-0.2126108705997467,6.822510719299316,0.06000000000000001
184479,13,8173,0.9442906975746155,0.010026351548731327,0.32895973324775696,-12.314613342285156,0.06000000000000001
184479,14,17244,0.9163667559623718,-0.26677224040031433,0.2985038757324219,-10.092161178588867,0.06000000000000001
184479,15,43994,-0.9126827716827393,0.1251354068517685,-0.3890388607978821,11.978979110717773,0.04000000000000001
184479,16,26057,-0.39470651745796204,-0.8729857802391052,0.28653550148010254,4.366484642028809,0.030000000000000006
184479,17,42334,-0.6482973098754883,-0.7226074934005737,-0.2398938089609146,8.909070014953613,0.020000000000000004
94471,1,39438,0.19613119959831238,0.8085002303123474,-0.5548512935638428,-7.329899787902832,2.7500000000000004
94471,2,39947,-0.01506318524479866,0.4510284960269928,-0.8923824429512024,-0.29027295112609863,2.6600000000000006
94471,3,38136,-0.05465913563966751,0.5924955606460571,-0.8037172555923462,-1.1713355779647827,1.3300000000000003
94471,4,6185,-0.7173755168914795,0.4570907652378082,-0.5257760286331177,10.044638633728027,1.0700000000000003
94471,5,32037,-0.17412728071212769,-0.960519015789032,0.2169860154390335,8.300928115844727,0.9300000000000002
94471,6,22604,0.9886197447776794,-0.13960756361484528,-0.056042321026325226,-15.220489501953125,0.6400000000000001
94471,7,18529,0.9117478728294373,-0.38629981875419617,0.1396004557609558,-14.535847663879395,0.4200000000000001
94471,8,31310,-0.5952500700950623,-0.7572823762893677,-0.26870205998420715,16.177248001098633,0.18000000000000005
94471,9,14865,0.9385690689086914,-0.24842704832553864,0.23952463269233704,-15.33734130859375,0.05000000000000001
94471,10,40164,0.31339648365974426,0.0481569766998291,-0.9484004974365234,-4.277862071990967,0.020000000000000004
192474,1,39968,0.5660015940666199,0.48800650238990784,-0.6644484996795654,-8.148909568786621,1.5500000000000003
192474,2,14912,0.949338436126709,-0.3000454306602478,-0.09343089163303375,-8.282470703125,1.3600000000000003
192474,3,37093,-0.03619179129600525,0.6194687485694885,-0.784186601638794,-2.752993106842041,1.0900000000000003
192474,4,40282,-0.13773728907108307,0.2547806203365326,-0.9571391344070435,-0.2602296471595764,1.0400000000000003
192474,5,9230,0.9220886826515198,-0.3859190344810486,-0.02861672453582287,-6.772464275360107,0.8800000000000001
192474,6,39438,0.19613119959831238,0.8085002303123474,-0.5548512935638428,-7.329899787902832,0.7600000000000001
192474,7,40459,0.4641779363155365,0.3916172683238983,-0.7944650650024414,-7.266359806060791,0.7300000000000001
192474,8,47500,-0.8500290513038635,-0.377241313457489,-0.3676133453845978,11.662243843078613,0.5900000000000001
192474,9,1818,-0.5137775540351868,0.857792854309082,0.014970187097787857,-0.5999928116798401,0.4300000000000001
192474,10,2917,-0.8466262817382812,0.4764404892921448,-0.2371252030134201,5.307332992553711,0.4300000000000001
192474,11,46535,-0.9081461429595947,-0.2387753278017044,-0.34388506412506104,11.895761489868164,0.4000000000000001
192474,12,40685,-0.3745131194591522,0.6493364572525024,-0.661892831325531,0.07608509063720703,0.3600000000000001
192474,13,17993,0.9819320440292358,-0.1627102941274643,0.09661716222763062,-8.560249328613281,0.21000000000000005
192474,14,41228,-0.8048073649406433,-0.4857701361179352,-0.34104615449905396,11.373414993286133,0.17000000000000004
192474,15,22359,0.967563271522522,-0.24889251589775085,-0.043287500739097595,-8.788898468017578,0.10000000000000002
192474,16,46615,-0.34869107604026794,-0.6966947913169861,-0.6269217133522034,9.371081352233887,0.09000000000000002
192474,17,13705,0.9970088601112366,-0.004878317471593618,0.07713336497545242,-10.748368263244629,0.030000000000000006
192474,18,44749,-0.8029218316078186,-0.43202948570251465,-0.41069090366363525,9.88041877746582,0.020000000000000004
192474,19,9,-0.49616920948028564,0.8524543046951294,-0.16473530232906342,-1.0061699151992798,0.010000000000000002
192474,20,43224,-0.8120609521865845,-0.48158881068229675,-0.3295894265174866,11.948371887207031,0.010000000000000002
504250,1,38702,-0.15130534768104553,0.37709954380989075,-0.9137300848960876,-2.3159379959106445,2.0100000000000002
504250,2,39580,0.01584339700639248,0.5959397554397583,-0.8028728365898132,1.8605849742889404,1.1600000000000001
504250,3,11444,0.6321010589599609,-0.62205570936203,-0.46205514669418335,4.161263465881348,1.1500000000000001
504250,4,39274,0.2972518801689148,0.280519962310791,-0.9126608967781067,4.064669132232666,0.9300000000000002
504250,5,25963,-0.3497988283634186,-0.9299991130828857,-0.11288221180438995,-10.060628890991211,0.7200000000000002
504250,6,39049,0.05056001618504524,0.4903784990310669,-0.8700417280197144,0.9345574378967285,0.5700000000000001
504250,7,39592,-0.22351568937301636,0.7514988780021667,-0.620717465877533,-0.1717674434185028,0.4900000000000001
504250,8,40859,-0.39692825078964233,0.9147356152534485,0.07554273307323456,-1.674405574798584,0.25000000000000006
504250,9,41191,-0.7492696642875671,-0.4151563346385956,-0.5159846544265747,-11.950526237487793,0.19000000000000003
504250,10,11028,0.9919119477272034,0.07882986962795258,0.09948147088289261,14.42077922821045,0.16000000000000003
504250,11,38715,0.03228110447525978,0.4901750087738037,-0.8710260391235352,1.5589513778686523,0.15000000000000002
504250,12,32695,-0.5028495788574219,-0.7866001725196838,-0.3583328425884247,-11.926466941833496,0.030000000000000006
390502,1,40975,-0.11758516728878021,0.2684561610221863,-0.9560883641242981,-4.997090816497803,3.5300000000000007
390502,2,38800,-0.12756748497486115,0.7159421443939209,-0.686406135559082,-3.8824617862701416,1.7600000000000002
390502,3,39649,-0.15429162979125977,0.6293158531188965,-0.761679470539093,-4.329409599304199,1.6000000000000003
390502,4,27035,-0.7106779217720032,-0.5499800443649292,0.4387013614177704,0.061645567417144775,1.3100000000000003
390502,5,5910,-0.27273985743522644,0.9608196020126343,-0.049382567405700684,-3.3233296871185303,1.2300000000000002
390502,6,27023,-0.29606810212135315,-0.7887411713600159,0.5387309789657593,1.5534852743148804,1.1500000000000001
390502,7,33254,-0.707033097743988,-0.6144267320632935,0.3501199781894684,-0.5281788110733032,0.9900000000000002
390502,8,2564,-0.6741883754730225,0.7365443706512451,-0.054519884288311005,-4.625861644744873,0.8300000000000002
390502,9,9539,0.9739513397216797,0.05107623338699341,-0.22092999517917633,3.5591108798980713,0.5000000000000001
390502,10,11266,0.9925912022590637,0.1195901557803154,-0.021467633545398712,4.067101955413818,0.28
390502,11,4215,-0.3353610038757324,0.9399110078811646,-0.06403324007987976,-1.9013800621032715,0.13000000000000003
390502,12,27670,-0.07342062145471573,-0.939074695110321,-0.33577990531921387,-1.5481375455856323,0.11000000000000001
390502,13,33127,-0.6192910075187683,-0.7556376457214355,-0.21328459680080414,-2.768796443939209,0.11000000000000001
390502,14,41839,-0.9447678327560425,-0.29896727204322815,-0.13428445160388947,-6.088990211486816,0.04000000000000001
362803,1,37175,-0.5254307985305786,0.2503867447376251,-0.8131598830223083,-2.8205459117889404,3.8000000000000007
362803,2,38540,-0.07502289116382599,0.3200758695602417,-0.9444167613983154,-1.8810502290725708,2.3600000000000003
362803,3,16721,0.9586848020553589,-0.25734665989875793,0.12122773379087448,3.016663074493408,1.7800000000000002
362803,4,37322,-0.357323557138443,-0.17423181235790253,-0.9175854921340942,0.9393600821495056,1.7200000000000004
362803,5,37465,-0.1390741765499115,0.21050789952278137,-0.9676491022109985,-1.9890093803405762,1.2900000000000003
362803,6,3215,-0.2833884656429291,0.949805736541748,-0.13251428306102753,-6.671241760253906,0.7900000000000001
362803,7,35710,-0.3874339461326599,-0.823471188545227,0.4144757091999054,3.959481954574585,0.4200000000000001
362803,8,8029,0.9764778017997742,-0.1286434382200241,0.1730373352766037,2.970067024230957,0.33000000000000007
362803,9,10275,0.9058608412742615,-0.41825801134109497,-0.0669056698679924,4.381878852844238,0.16000000000000003
362803,10,30336,-0.7364296913146973,-0.6643199920654297,0.12786820530891418,3.304039239883423,0.12000000000000002
362803,11,40257,0.5449357628822327,0.6194216012954712,-0.5651211738586426,-3.486175060272217,0.04000000000000001
362803,12,38090,0.6153777241706848,0.6614751219749451,-0.42867350578308105,-4.598083019256592,0.030000000000000006
467069,1,40975,-0.11758516728878021,0.2684561610221863,-0.9560883641242981,-4.997090816497803,3.0700000000000007
467069,2,40393,0.43984106183052063,0.16580377519130707,-0.8826375007629395,0.8073554039001465,2.0800000000000005
467069,3,40464,0.044961947947740555,0.5538598299026489,-0.8313950300216675,-4.713716983795166,2.0000000000000004
467069,4,38015,0.4493981897830963,0.6492196321487427,-0.6136409044265747,0.17548948526382446,1.3600000000000003
467069,5,20166,0.9888160824775696,-0.13161323964595795,0.07014752179384232,11.264178276062012,1.2700000000000002
467069,6,1785,0.02694496512413025,0.9996227025985718,-0.00533674331381917,-2.4016244411468506,0.6000000000000001
467069,7,15233,0.8645133972167969,-0.42276665568351746,0.27181774377822876,10.862634658813477,0.56
467069,8,37120,-0.34000253677368164,0.12691886723041534,-0.9318207502365112,-7.4374518394470215,0.45000000000000007
467069,9,13814,0.9601670503616333,-0.16670364141464233,-0.2242523580789566,10.183685302734375,0.44000000000000006
467069,10,6474,-0.7357125878334045,0.6619443893432617,-0.14337584376335144,-11.636146545410156,0.37000000000000005
467069,11,35230,-0.43257543444633484,-0.6959483027458191,0.5731792449951172,-0.44474077224731445,0.20000000000000004
467069,12,9088,0.8696059584617615,-0.09904640913009644,0.4837099313735962,10.000784873962402,0.16000000000000003
467069,13,25257,-0.4297497868537903,-0.8996312022209167,-0.07732243835926056,-0.9447580575942993,0.10000000000000002
467069,14,19102,0.9778051376342773,-0.2071836292743683,-0.031177254393696785,11.840860366821289,0.08000000000000002
467069,15,1103,-0.6125555634498596,0.6508015990257263,-0.4485900104045868,-11.295165061950684,0.07
467069,16,24756,-0.25670042634010315,-0.9614322185516357,0.09875709563493729,1.921034812927246,0.05000000000000001
467069,17,5358,-0.4735246002674103,0.8638221025466919,0.17200519144535065,-8.595338821411133,0.030000000000000006
249839,1,35801,-0.7250910997390747,-0.676922619342804,0.1265650987625122,4.160974979400635,3.7400000000000007
249839,2,25769,-0.7424759864807129,-0.6665628552436829,-0.0665087029337883,3.6900997161865234,2.7200000000000006
249839,3,31099,-0.3682696223258972,-0.4390847384929657,0.8195011019706726,6.750180244445801,1.1600000000000001
249839,4,18689,0.9401180148124695,-0.09002198278903961,0.3287462890148163,-4.731060028076172,1.0700000000000003
249839,5,1567,-0.3971548080444336,0.9003086686134338,0.17807970941066742,3.6989378929138184,0.8000000000000002
249839,6,10261,0.9766795635223389,0.02511480823159218,-0.21322816610336304,-6.930191993713379,0.6600000000000001
249839,7,40212,-0.39591872692108154,0.2112240493297577,-0.8936625719070435,-2.8932790756225586,0.6200000000000001
249839,8,293,-0.43039101362228394,0.8667661547660828,0.2519523501396179,3.9322714805603027,0.4900000000000001
249839,9,5427,-0.6613885164260864,0.734241783618927,0.15314751863479614,4.840906143188477,0.17000000000000004
249839,10,20506,0.9983514547348022,0.05097257345914841,-0.026385048404335976,-6.848937511444092,0.14
249839,11,21501,0.9582104682922363,-0.22346541285514832,-0.17859435081481934,-6.615414142608643,0.010000000000000002
375955,1,39036,0.16881102323532104,0.3458646535873413,-0.9229736924171448,2.4249074459075928,3.2700000000000005
375955,2,38406,0.1875036358833313,0.5232676863670349,-0.8312841653823853,4.034905910491943,2.9400000000000004
375955,3,10286,0.9160820245742798,-0.28569725155830383,-0.28137311339378357,1.9011802673339844,0.8800000000000001
375955,4,18068,0.9968185424804688,0.06528200954198837,-0.04572758078575134,3.997286081314087,0.6500000000000001
375955,5,31557,-0.5315264463424683,-0.822003960609436,-0.20442377030849457,-7.560083389282227,0.5300000000000001
375955,6,9726,0.990787923336029,0.06109551712870598,0.12085781246423721,2.650900363922119,0.4800000000000001
375955,7,7149,-0.20564208924770355,0.9004729986190796,0.3832227885723114,4.547142505645752,0.4000000000000001
375955,8,41424,-0.6439798474311829,-0.605516254901886,-0.4675895869731903,-5.589057922363281,0.37000000000000005
375955,9,2153,-0.17154374718666077,0.9606062769889832,-0.2186511605978012,5.863519191741943,0.31000000000000005
375955,10,3887,-0.6087077260017395,0.6738645434379578,0.4187857210636139,3.469085216522217,0.24000000000000005
375955,11,26172,-0.6851847767829895,-0.7171817421913147,-0.12716986238956451,-6.217106819152832,0.18000000000000005
375955,12,38910,0.1292489618062973,-0.185021311044693,-0.974198043346405,0.01551276445388794,0.16000000000000003
375955,13,46202,-0.8461247086524963,-0.41111889481544495,-0.33919644355773926,-4.119566917419434,0.16000000000000003
375955,14,2367,0.17273861169815063,0.9478340148925781,0.2679031193256378,5.432441711425781,0.11000000000000001
375955,15,47267,-0.8079028725624084,-0.4600321352481842,-0.3683251738548279,-5.774404525756836,0.11000000000000001
375955,16,40246,-0.10661114007234573,0.6414136290550232,-0.7597516775131226,4.238254547119141,0.08000000000000002
375955,17,1680,0.08421779423952103,0.9937878847122192,0.07275324314832687,6.586231708526611,0.07
375955,18,28586,-0.26593390107154846,-0.9083044528961182,0.32289648056030273,-5.811568260192871,0.04000000000000001
375955,19,820,-0.6788503527641296,0.7223946452140808,0.13156048953533173,1.9786479473114014,0.010000000000000002
457061,1,39696,-0.07063128799200058,0.34466812014579773,-0.9360636472702026,3.067375659942627,3.940000000000001
457061,2,37260,0.40887507796287537,0.3856453597545624,-0.8271026611328125,7.977787017822266,3.900000000000001
457061,3,9960,0.9768595695495605,-0.19993412494659424,0.07597175985574722,6.935235977172852,1.6500000000000004
457061,4,33572,-0.5280044674873352,-0.8170962333679199,-0.23144115507602692,-8.990225791931152,0.7600000000000001
457061,5,38340,-0.17182035744190216,0.7047844529151917,-0.688299834728241,5.174217224121094,0.38000000000000006
457061,6,3209,-0.2526387870311737,0.9390226006507874,0.2332598865032196,2.1543803215026855,0.17000000000000004
457061,7,36019,-0.6552155613899231,-0.7435960173606873,0.1332574039697647,-12.185635566711426,0.10000000000000002
457061,8,21129,0.9851181507110596,-0.10606605559587479,-0.1352488100528717,7.949678421020508,0.07
457061,9,29125,-0.8381048440933228,-0.41888222098350525,0.34945371747016907,-10.488306999206543,0.05000000000000001
457061,10,30203,-0.5203227996826172,-0.6501696705818176,-0.5536637902259827,-9.1864652633667,0.020000000000000004
72432,1,2793,-0.2919415235519409,0.8980141878128052,-0.32915136218070984,2.8314590454101562,1.3900000000000003
72432,2,32925,-0.6266846060752869,-0.7755677103996277,-0.07590261101722717,12.052435874938965,1.0100000000000002
72432,3,17537,0.713651180267334,-0.36283668875694275,-0.5992091298103333,-16.431976318359375,0.9800000000000002
72432,4,18685,0.9954476952552795,-0.06208867207169533,0.072310671210289,-19.495441436767578,0.8200000000000002
72432,5,38614,-0.13890017569065094,0.5022006630897522,-0.8535228371620178,-1.8778525590896606,0.8200000000000002
72432,6,7738,0.8150221705436707,-0.27150920033454895,0.5118804574012756,-12.769525527954102,0.7700000000000001
72432,7,24689,-0.5182155966758728,-0.5874192714691162,-0.6216037273406982,7.641090393066406,0.5100000000000001
72432,8,37093,-0.03619179129600525,0.6194687485694885,-0.784186601638794,-2.752993106842041,0.4600000000000001
72432,9,34974,-0.5849279761314392,-0.7715491652488708,0.25014224648475647,13.828584671020508,0.21000000000000005
72432,10,37066,-0.27138400077819824,0.4280444085597992,-0.8620491623878479,1.774187445640564,0.19000000000000003
72432,11,43671,-0.6732053756713867,-0.5981603860855103,-0.4347398281097412,11.096380233764648,0.12000000000000002
72432,12,29723,-0.3222612142562866,-0.9396902322769165,-0.11458604782819748,6.448429107666016,0.05000000000000001
72432,13,33591,-0.38181567192077637,-0.923473060131073,-0.03760656714439392,9.226502418518066,0.05000000000000001
72432,14,29632,-0.6234961748123169,-0.7712523341178894,-0.1281498670578003,11.733356475830078,0.030000000000000006
72432,15,39193,0.05412905290722847,0.4398408830165863,-0.8964430093765259,-4.634550094604492,0.020000000000000004
518517,1,38438,0.2375400811433792,0.0282732080668211,-0.9709661602973938,2.610175848007202,1.8000000000000003
518517,2,28287,-0.3500087261199951,-0.7784101366996765,0.5211252570152283,-9.695660591125488,1.6500000000000004
518517,3,15701,0.9780526161193848,-0.19526520371437073,-0.07269540429115295,13.37719440460205,1.3000000000000003
518517,4,7411,0.9960485100746155,0.0611305832862854,0.06442354619503021,14.388944625854492,1.1300000000000001
518517,5,25963,-0.3497988283634186,-0.9299991130828857,-0.11288221180438995,-10.060628890991211,1.0600000000000003
518517,6,32784,-0.34970274567604065,-0.9031409025192261,0.249087393283844,-10.363330841064453,0.9600000000000002
518517,7,3469,-0.5690449476242065,0.7367076277732849,-0.3653077483177185,-4.231797695159912,0.9500000000000002
518517,8,37260,0.40887507796287537,0.3856453597545624,-0.8271026611328125,7.977787017822266,0.8500000000000002
518517,9,37956,-0.5899155139923096,0.7805982232093811,-0.20655784010887146,-3.8231263160705566,0.5400000000000001
518517,10,47039,-0.697167158126831,-0.48748815059661865,-0.5256550908088684,-12.578110694885254,0.4800000000000001
518517,11,2564,-0.6741883754730225,0.7365443706512451,-0.054519884288311005,-4.625861644744873,0.39000000000000007
518517,12,24295,-0.2978433072566986,-0.948861837387085,0.10464475303888321,-9.070829391479492,0.3600000000000001
518517,13,27797,-0.7278537154197693,-0.6784054040908813,-0.09997563064098358,-13.756683349609375,0.3600000000000001
518517,14,32146,-0.7431579828262329,-0.6666988134384155,-0.05682375282049179,-15.151079177856445,0.3500000000000001
518517,15,11444,0.6321010589599609,-0.62205570936203,-0.46205514669418335,4.161263465881348,0.2700000000000001
518517,16,37350,0.19336910545825958,0.6863222718238831,-0.7011206746101379,5.670892715454102,0.22000000000000003
518517,17,798,-0.1719500869512558,0.9809703826904297,-0.09016776829957962,3.0588905811309814,0.15000000000000002
518517,18,32695,-0.5028495788574219,-0.7866001725196838,-0.3583328425884247,-11.926466941833496,0.04000000000000001
518517,19,25790,-0.23326216638088226,-0.936823308467865,0.2606738805770874,-9.450884819030762,0.020000000000000004
467029,1,38275,0.11259645968675613,0.4190138280391693,-0.9009714126586914,-0.852778971195221,4.150000000000001
467029,2,40795,0.30236828327178955,0.2998158633708954,-0.9048115015029907,1.5389090776443481,3.3600000000000008
467029,3,18227,0.8914069533348083,-0.07537170499563217,0.44689232110977173,10.176996231079102,0.9800000000000002
467029,4,23224,0.940111517906189,-0.2253631353378296,0.25573763251304626,11.158096313476562,0.9700000000000002
467029,5,38015,0.4493981897830963,0.6492196321487427,-0.6136409044265747,0.17548948526382446,0.8300000000000002
467029,6,20730,0.8640891313552856,-0.49337807297706604,-0.09963966906070709,13.209927558898926,0.8000000000000002
467029,7,31733,-0.9164634943008423,-0.3999796509742737,0.010530945844948292,-6.063042163848877,0.56
467029,8,8346,0.9309174418449402,0.187977135181427,0.31314095854759216,8.031546592712402,0.4300000000000001
467029,9,38540,-0.07502289116382599,0.3200758695602417,-0.9444167613983154,-1.8810502290725708,0.3400000000000001
467029,10,34940,-0.1322370022535324,-0.969506561756134,0.20632608234882355,3.644704580307007,0.19000000000000003
467029,11,47144,-0.6793671250343323,-0.5736971497535706,-0.4575279653072357,-3.530412197113037,0.12000000000000002
467029,12,22243,0.9917606711387634,0.04273011162877083,-0.1207679808139801,10.974745750427246,0.06000000000000001
467029,13,46976,-0.8264436721801758,-0.4944368004798889,-0.2693011462688446,-6.4680962562561035,0.05000000000000001
404047,1,37826,-0.5576846599578857,0.3130533695220947,-0.7687557339668274,-3.145672559738159,1.7200000000000004
404047,2,38749,-0.011827786453068256,0.43572694063186646,-0.9000011682510376,-0.3160746693611145,1.6400000000000003
404047,3,38800,-0.12756748497486115,0.7159421443939209,-0.686406135559082,-3.8824617862701416,1.5600000000000003
404047,4,13238,0.9691795706748962,-0.24093323945999146,-0.0514020100235939,5.969481468200684,1.4800000000000002
404047,5,40224,-0.5085889101028442,0.18868519365787506,-0.8400804996490479,-1.1839962005615234,1.0900000000000003
404047,6,39796,0.23737061023712158,0.23405198752880096,-0.9428015947341919,2.520249366760254,0.7500000000000001
404047,7,35669,-0.6882521510124207,-0.7175393104553223,-0.10698747634887695,0.8035230040550232,0.5900000000000001
404047,8,38015,0.4493981897830963,0.6492196321487427,-0.6136409044265747,0.17548948526382446,0.5100000000000001
404047,9,17160,0.9666635394096375,-0.08044841885566711,0.24308361113071442,4.1235504150390625,0.31000000000000005
404047,10,3614,-0.14052385091781616,0.8985589146614075,0.4157462418079376,-8.67212200164795,0.23000000000000004
404047,11,12750,0.9941368103027344,0.10668358206748962,0.017623864114284515,4.390508651733398,0.17000000000000004
404047,12,46801,-0.6930251121520996,-0.13433837890625,-0.7082862854003906,-0.9701615571975708,0.11000000000000001
404047,13,5580,-0.7592477202415466,0.6174936890602112,-0.2055344581604004,-8.139894485473633,0.08000000000000002
404047,14,31397,-0.3245517313480377,-0.9166792631149292,0.23316362500190735,3.456696033477783,0.07
502828,1,40851,-0.24725313484668732,0.1798940896987915,-0.9521050453186035,-5.248562335968018,2.3600000000000003
502828,2,39049,0.05056001618504524,0.4903784990310669,-0.8700417280197144,0.9345574378967285,2.1100000000000003
502828,3,11444,0.6321010589599609,-0.62205570936203,-0.46205514669418335,4.161263465881348,1.3700000000000003
502828,4,40859,-0.39692825078964233,0.9147356152534485,0.07554273307323456,-1.674405574798584,1.1700000000000002
502828,5,38702,-0.15130534768104553,0.37709954380989075,-0.9137300848960876,-2.3159379959106445,0.6600000000000001
502828,6,8139,0.9304971694946289,-0.15981407463550568,-0.3295973837375641,9.884041786193848,0.25000000000000006
502828,7,18954,0.7865368723869324,-0.5947975516319275,-0.16605903208255768,7.599140644073486,0.25000000000000006
502828,8,37351,0.148546501994133,0.08620115369558334,-0.9851412773132324,-0.39532577991485596,0.21000000000000005
502828,9,24858,-0.15540015697479248,-0.9380117058753967,0.3098142147064209,-5.787823677062988,0.20000000000000004
502828,10,41191,-0.7492696642875671,-0.4151563346385956,-0.5159846544265747,-11.950526237487793,0.17000000000000004
502828,11,25963,-0.3497988283634186,-0.9299991130828857,-0.11288221180438995,-10.060628890991211,0.13000000000000003
502828,12,40747,0.06364423036575317,0.6710307002067566,-0.7386929392814636,1.9580986499786377,0.06000000000000001
502828,13,37971,0.27071020007133484,0.591836154460907,-0.7592403888702393,3.9562249183654785,0.05000000000000001
502828,14,11028,0.9919119477272034,0.07882986962795258,0.09948147088289261,14.42077922821045,0.04000000000000001
502828,15,28784,-0.6345254182815552,-0.7493302226066589,-0.18942464888095856,-11.302068710327148,0.010000000000000002
16148,1,38968,0.34949612617492676,0.5419726967811584,-0.7642761468887329,-2.802516222000122,4.540000000000001
16148,2,39968,0.5660015940666199,0.48800650238990784,-0.6644484996795654,-8.148909568786621,3.6200000000000006
16148,3,39091,-0.3286295235157013,0.5525062680244446,-0.7659891843795776,13.730854988098145,1.7500000000000004
16148,4,37289,0.10764801502227783,0.03610878437757492,-0.9935331344604492,2.939838171005249,1.0100000000000002
16148,5,35600,-0.5476968288421631,-0.8355058431625366,-0.044251151382923126,9.833198547363281,0.21000000000000005
16148,6,46279,-0.8349895477294922,-0.422234445810318,-0.3528605103492737,20.687236785888672,0.16000000000000003
16148,7,5544,-0.33683326840400696,0.8231807351112366,-0.4570741653442383,13.708048820495605,0.13000000000000003
16148,8,41755,-0.5446316599845886,-0.3311215043067932,-0.7705419659614563,14.342243194580078,0.10000000000000002
16148,9,6899,-0.3559185266494751,0.932099461555481,-0.06717585027217865,10.456328392028809,0.07
16148,10,38809,0.039047062397003174,0.6951459050178528,-0.717807412147522,4.261793613433838,0.04000000000000001
386903,1,39873,0.1750839501619339,0.7429322004318237,-0.646062970161438,6.219775199890137,2.3000000000000003
386903,2,37155,-0.1191081702709198,0.7922998070716858,-0.5983930826187134,5.714597225189209,2.1200000000000006
386903,3,38340,-0.17182035744190216,0.7047844529151917,-0.688299834728241,5.174217224121094,1.1100000000000003
386903,4,41839,-0.9447678327560425,-0.29896727204322815,-0.13428445160388947,-6.088990211486816,1.0900000000000003
386903,5,27274,-0.2081112265586853,-0.9024186134338379,0.37726691365242004,-7.304134368896484,0.8500000000000002
386903,6,2367,0.17273861169815063,0.9478340148925781,0.2679031193256378,5.432441711425781,0.6600000000000001
386903,7,47267,-0.8079028725624084,-0.4600321352481842,-0.3683251738548279,-5.774404525756836,0.5500000000000002
386903,8,16721,0.9586848020553589,-0.25734665989875793,0.12122773379087448,3.016663074493408,0.5200000000000001
386903,9,7149,-0.20564208924770355,0.9004729986190796,0.3832227885723114,4.547142505645752,0.4900000000000001
386903,10,1519,-0.7568050622940063,0.6377466917037964,-0.14326633512973785,1.1867125034332275,0.32000000000000006
386903,11,38700,0.7724648714065552,0.32387059926986694,-0.5462653636932373,5.38740348815918,0.29000000000000004
386903,12,39274,0.2972518801689148,0.280519962310791,-0.9126608967781067,4.064669132232666,0.21000000000000005
386903,13,18068,0.9968185424804688,0.06528200954198837,-0.04572758078575134,3.997286081314087,0.18000000000000005
386903,14,39696,-0.07063128799200058,0.34466812014579773,-0.9360636472702026,3.067375659942627,0.05000000000000001
386903,15,45674,-0.8999833464622498,-0.3476136028766632,-0.2630489468574524,-6.06213903427124,0.05000000000000001
386903,16,40397,0.033337656408548355,0.2608182728290558,-0.9648120999336243,2.763707399368286,0.010000000000000002
264707,1,2861,-0.14439663290977478,0.9678241014480591,-0.2060731202363968,3.7618939876556396,1.2300000000000002
264707,2,37648,0.5738745331764221,0.04659058898687363,-0.817616879940033,-5.178305149078369,1.1700000000000002
264707,3,38961,0.28054818511009216,0.6347153186798096,-0.7200202941894531,-2.206622362136841,1.0700000000000003
264707,4,38047,-0.09910912066698074,0.6473348140716553,-0.7557347416877747,-0.33743369579315186,0.9200000000000002
264707,5,27242,-0.6664522290229797,-0.736311137676239,-0.11699282377958298,0.0676928162574768,0.7200000000000002
264707,6,18689,0.9401180148124695,-0.09002198278903961,0.3287462890148163,-4.731060028076172,0.6400000000000001
264707,7,38134,-0.11972483992576599,0.245659738779068,-0.9619341492652893,-2.406007766723633,0.5200000000000001
264707,8,2714,-0.4542810320854187,0.7989810109138489,0.394027978181839,6.095432758331299,0.4600000000000001
264707,9,42157,-0.8494246006011963,-0.5201692581176758,-0.08889211714267731,2.4909300804138184,0.4200000000000001
264707,10,41342,-0.8994542360305786,-0.2153528332710266,-0.3802698850631714,3.2923765182495117,0.3500000000000001
264707,11,29120,-0.5381879806518555,-0.6399563550949097,0.5484610795974731,3.1197264194488525,0.26000000000000006
264707,12,12950,0.9639023542404175,-0.031773827970027924,-0.2643533945083618,-6.829624652862549,0.23000000000000004
264707,13,17154,0.9978157877922058,-0.06303755193948746,0.019746843725442886,-4.530757427215576,0.12000000000000002
264707,14,29416,-0.6612113118171692,-0.6784141659736633,-0.3202402889728546,-0.21682411432266235,0.030000000000000006
264707,15,35961,-0.7029489278793335,-0.6449453830718994,0.2998470664024353,1.851743221282959,0.020000000000000004
353807,1,38940,-0.4396671652793884,0.4659554064273834,-0.7678400278091431,-1.545396089553833,2.5400000000000005
353807,2,38275,0.11259645968675613,0.4190138280391693,-0.9009714126586914,-0.852778971195221,2.3500000000000005
353807,3,16721,0.9586848020553589,-0.25734665989875793,0.12122773379087448,3.016663074493408,0.9500000000000002
353807,4,3215,-0.2833884656429291,0.949805736541748,-0.13251428306102753,-6.671241760253906,0.7000000000000002
353807,5,10275,0.9058608412742615,-0.41825801134109497,-0.0669056698679924,4.381878852844238,0.5200000000000001
353807,6,22653,0.7907305955886841,0.021272268146276474,-0.6117945909500122,2.7001118659973145,0.5000000000000001
353807,7,9172,0.979044497013092,-0.05757879838347435,-0.195337176322937,1.2145953178405762,0.19000000000000003
353807,8,35372,-0.7022943496704102,-0.6952476501464844,-0.15301422774791718,3.3316524028778076,0.15000000000000002
353807,9,43537,-0.7587746381759644,-0.44821372628211975,-0.47261562943458557,3.9438838958740234,0.14
353807,10,7670,0.9796841740608215,0.185322105884552,-0.07664599269628525,0.5205938816070557,0.13000000000000003
353807,11,18744,0.9167846441268921,-0.38093245029449463,0.11998491734266281,2.887939929962158,0.020000000000000004
343342,1,39274,0.2972518801689148,0.280519962310791,-0.9126608967781067,4.064669132232666,2.2600000000000002
343342,2,15541,0.9969896078109741,0.07446099817752838,-0.021616389974951744,0.8379853963851929,1.2600000000000002
343342,3,47437,-0.8788958191871643,-0.43621718883514404,-0.1930200308561325,1.4134111404418945,1.2200000000000002
343342,4,37373,0.03881318122148514,0.36650359630584717,-0.9296067357063293,3.544081211090088,1.0200000000000002
343342,5,26838,-0.46524152159690857,-0.8125768899917603,0.35109707713127136,-0.33773207664489746,0.7800000000000001
343342,6,760,-0.648775577545166,0.7609607577323914,0.005382475908845663,0.030905619263648987,0.6300000000000001
343342,7,21964,0.9983531832695007,-0.05304962396621704,-0.021831946447491646,0.24026012420654297,0.28
343342,8,21001,0.8480300307273865,-0.0381302647292614,-0.5285746455192566,2.708437442779541,0.15000000000000002
343342,9,8242,0.9323729872703552,-0.16046658158302307,-0.3239307701587677,1.521679162979126,0.12000000000000002
343342,10,18153,0.916279137134552,-0.26235827803611755,0.3026560842990875,-1.6923558712005615,0.07
343342,11,39738,-0.4181375801563263,0.2535113990306854,-0.8722917437553406,3.5005745887756348,0.05000000000000001
257259,1,38736,0.1902810037136078,0.5283046364784241,-0.8274583220481873,1.4103730916976929,3.0000000000000004
257259,2,37714,0.6461831331253052,0.38822972774505615,-0.6570578813552856,-2.347014904022217,1.9900000000000004
257259,3,38796,-0.05783820524811745,0.42162904143333435,-0.9049219489097595,1.5222890377044678,1.3800000000000003
257259,4,2576,-0.17638279497623444,0.9573245048522949,-0.22895164787769318,6.39625358581543,0.8600000000000002
257259,5,18689,0.9401180148124695,-0.09002198278903961,0.3287462890148163,-4.731060028076172,0.5700000000000001
257259,6,4060,-0.09534453600645065,0.9830198287963867,0.1567845493555069,7.259040832519531,0.4100000000000001
257259,7,33326,-0.5741201639175415,-0.5450538992881775,-0.6109846830368042,-1.306165099143982,0.33000000000000007
257259,8,43643,-0.8770963549613953,-0.37396904826164246,-0.30141180753707886,1.7214425802230835,0.30000000000000004
257259,9,4995,-0.1433936357498169,0.9259029030799866,-0.3494882583618164,5.416348934173584,0.07
257259,10,27393,-0.6524052023887634,-0.6731455326080322,-0.3481990396976471,-1.013584852218628,0.010000000000000002
483248,1,40975,-0.11758516728878021,0.2684561610221863,-0.9560883641242981,-4.997090816497803,2.8100000000000005
483248,2,37120,-0.34000253677368164,0.12691886723041534,-0.9318207502365112,-7.4374518394470215,2.7200000000000006
483248,3,1103,-0.6125555634498596,0.6508015990257263,-0.4485900104045868,-11.295165061950684,0.7500000000000001
483248,4,5358,-0.4735246002674103,0.8638221025466919,0.17200519144535065,-8.595338821411133,0.6300000000000001
483248,5,13814,0.9601670503616333,-0.16670364141464233,-0.2242523580789566,10.183685302734375,0.6000000000000001
483248,6,20166,0.9888160824775696,-0.13161323964595795,0.07014752179384232,11.264178276062012,0.5500000000000002
483248,7,16727,0.8330333828926086,-0.5042052268981934,0.22766759991645813,12.356515884399414,0.5300000000000001
483248,8,25257,-0.4297497868537903,-0.8996312022209167,-0.07732243835926056,-0.9447580575942993,0.3500000000000001
483248,9,38015,0.4493981897830963,0.6492196321487427,-0.6136409044265747,0.17548948526382446,0.33000000000000007
483248,10,1785,0.02694496512413025,0.9996227025985718,-0.00533674331381917,-2.4016244411468506,0.30000000000000004
483248,11,19102,0.9778051376342773,-0.2071836292743683,-0.031177254393696785,11.840860366821289,0.15000000000000002
483248,12,9944,0.9709661602973938,-0.08550770580768585,-0.2234124094247818,11.24690055847168,0.13000000000000003
483248,13,40464,0.044961947947740555,0.5538598299026489,-0.8313950300216675,-4.713716983795166,0.10000000000000002
483248,14,33948,-0.3628041446208954,-0.8501193523406982,0.3816676437854767,0.21914231777191162,0.04000000000000001
483248,15,9700,0.9879986047744751,-0.10921116918325424,-0.10923242568969727,12.70441722869873,0.010000000000000002
112947,1,38325,0.2204708755016327,0.5804798603057861,-0.7838594913482666,-0.10566222667694092,2.0000000000000004
112947,2,2861,-0.14439663290977478,0.9678241014480591,-0.2060731202363968,3.7618939876556396,1.8800000000000003
112947,3,7776,0.9130325317382812,-0.3618519902229309,-0.1882411539554596,-12.915316581726074,1.6400000000000003
112947,4,27205,-0.6195378303527832,-0.741295576095581,-0.2581738531589508,11.368163108825684,1.12
112947,5,5742,-0.2535887062549591,0.7417420148849487,-0.6208958029747009,7.2037672996521,0.9300000000000002
112947,6,40470,0.48185423016548157,0.39533600211143494,-0.782001256942749,-3.8100757598876953,0.7800000000000001
112947,7,47238,-0.8777132630348206,-0.47705623507499695,-0.04513060301542282,13.740086555480957,0.6900000000000002
112947,8,38004,0.08788817375898361,0.44912609457969666,-0.8891351819038391,3.303725242614746,0.39000000000000007
112947,9,9406,0.9743606448173523,-0.14249080419540405,0.1741197109222412,-16.44546890258789,0.25000000000000006
112947,10,7665,0.8692024946212769,-0.005965344607830048,0.49442028999328613,-15.350533485412598,0.07
112947,11,17759,0.8137240409851074,-0.48389720916748047,0.32201969623565674,-13.487196922302246,0.06000000000000001
351365,1,37714,0.6461831331253052,0.38822972774505615,-0.6570578813552856,-2.347014904022217,2.4900000000000007
351365,2,19388,0.9594634175300598,-0.16355909407138824,-0.22951778769493103,-0.6893841028213501,1.7000000000000004
351365,3,38800,-0.12756748497486115,0.7159421443939209,-0.686406135559082,-3.8824617862701416,1.6600000000000004
351365,4,12287,0.7180718779563904,-0.46070414781570435,0.5216554999351501,3.041841506958008,1.1900000000000002
351365,5,40975,-0.11758516728878021,0.2684561610221863,-0.9560883641242981,-4.997090816497803,1.1500000000000001
351365,6,45422,-0.7911259531974792,-0.23146723210811615,-0.5661648511886597,-2.5219388008117676,0.8200000000000002
351365,7,34520,-0.6302949786186218,-0.7745730876922607,0.05258171260356903,0.06042928993701935,0.56
351365,8,30549,-0.8546951413154602,-0.4183976948261261,-0.30731019377708435,-1.0027318000793457,0.5400000000000001
351365,9,3191,-0.38415151834487915,0.874272346496582,-0.2967751920223236,-1.3458094596862793,0.4200000000000001
351365,10,15106,0.7479081153869629,-0.6547793745994568,0.10907495766878128,2.1905345916748047,0.19000000000000003
351365,11,31539,-0.42498356103897095,-0.9018664360046387,0.07762661576271057,0.77040696144104,0.08000000000000002
351365,12,5146,-0.3676010072231293,0.9249005317687988,0.0971006229519844,-1.4185162782669067,0.020000000000000004
351365,13,26934,-0.5562942028045654,-0.7367845177650452,0.38429850339889526,2.472996950149536,0.020000000000000004
351365,14,40582,-0.3647104799747467,0.7884465456008911,-0.49531635642051697,-3.4343676567077637,0.010000000000000002
71079,1,39215,0.39177173376083374,0.729589581489563,-0.5605478882789612,-12.203351974487305,1.8000000000000003
71079,2,37093,-0.03619179129600525,0.6194687485694885,-0.784186601638794,-2.752993106842041,1.5500000000000003
71079,3,42544,-0.8039250373840332,-0.437252014875412,-0.40313172340393066,17.32117462158203,1.1300000000000001
71079,4,31310,-0.5952500700950623,-0.7572823762893677,-0.26870205998420715,16.177248001098633,1.0800000000000003
71079,5,293,-0.43039101362228394,0.8667661547660828,0.2519523501396179,3.9322714805603027,0.8800000000000001
71079,6,17501,0.9584083557128906,0.0460553839802742,-0.2816600501537323,-18.069862365722656,0.8500000000000002
71079,7,13414,0.9095501899719238,-0.16855135560035706,0.37988007068634033,-17.12162208557129,0.19000000000000003
71079,8,37066,-0.27138400077819824,0.4280444085597992,-0.8620491623878479,1.774187445640564,0.13000000000000003
71079,9,12939,0.8955703377723694,-0.42651066184043884,-0.1266586035490036,-13.949503898620605,0.11000000000000001
71079,10,37032,0.35360217094421387,0.610964834690094,-0.7082989811897278,-11.0546293258667,0.08000000000000002
71079,11,6185,-0.7173755168914795,0.4570907652378082,-0.5257760286331177,10.044638633728027,0.020000000000000004
46349,1,2861,-0.14439663290977478,0.9678241014480591,-0.2060731202363968,3.7618939876556396,1.9800000000000004
46349,2,37645,-0.36708542704582214,0.3072356879711151,-0.8779832124710083,4.053440093994141,1.8000000000000003
46349,3,39193,0.05412905290722847,0.4398408830165863,-0.8964430093765259,-4.634550094604492,1.2800000000000002
46349,4,41446,-0.6505110859870911,-0.758743405342102,-0.03381916135549545,13.053150177001953,0.7500000000000001
46349,5,32925,-0.6266846060752869,-0.7755677103996277,-0.07590261101722717,12.052435874938965,0.5900000000000001
46349,6,41541,-0.7540313005447388,-0.4712325930595398,-0.4575769603252411,13.872040748596191,0.56
46349,7,36928,-0.4582936763763428,-0.8886458277702332,0.016597896814346313,8.346840858459473,0.5300000000000001
46349,8,31358,-0.34069445729255676,-0.9256731271743774,0.16448867321014404,5.860327243804932,0.4200000000000001
46349,9,17875,0.9736140370368958,-0.20628532767295837,0.0975811704993248,-20.521366119384766,0.2700000000000001
46349,10,9578,0.955632746219635,-0.19523143768310547,-0.2205692082643509,-20.282529830932617,0.24000000000000005
46349,11,10871,0.9813145995140076,0.07249569892883301,-0.17823036015033722,-19.58952522277832,0.19000000000000003
46349,12,6325,-0.1957208663225174,0.9221956729888916,-0.33353930711746216,2.8897171020507812,0.04000000000000001
46349,13,43671,-0.6732053756713867,-0.5981603860855103,-0.4347398281097412,11.096380233764648,0.04000000000000001
46349,14,17537,0.713651180267334,-0.36283668875694275,-0.5992091298103333,-16.431976318359375,0.010000000000000002
348846,1,40094,-0.04916330799460411,0.8251908421516418,-0.5627104043960571,3.1353607177734375,2.0700000000000003
348846,2,2861,-0.14439663290977478,0.9678241014480591,-0.2060731202363968,3.7618939876556396,1.8000000000000003
348846,3,38422,-0.23431576788425446,-0.08011867105960846,-0.9688535332679749,-3.038179874420166,1.5700000000000003
348846,4,42446,-0.6731727123260498,-0.5743034482002258,-0.46584761142730713,-4.209443092346191,1.12
348846,5,21929,0.9535034894943237,0.008793122135102749,0.3012535870075226,0.7792878150939941,1.0900000000000003
348846,6,31339,0.036277420818805695,-0.9626694917678833,-0.2682376503944397,-5.1852030754089355,0.9100000000000001
348846,7,29935,-0.3703122138977051,-0.7395235300064087,-0.562115490436554,-5.34095573425293,0.7400000000000001
348846,8,19329,0.9763795137405396,0.07218220829963684,-0.20364868640899658,1.8459250926971436,0.5700000000000001
348846,9,43245,-0.9386836290359497,-0.29583343863487244,-0.1770753413438797,-3.2608323097229004,0.3500000000000001
348846,10,32870,-0.5629119277000427,-0.7174766063690186,0.4103139042854309,-3.467128276824951,0.32000000000000006
348846,11,3887,-0.6087077260017395,0.6738645434379578,0.4187857210636139,3.469085216522217,0.29000000000000004
348846,12,24773,0.13804969191551208,-0.9497709274291992,-0.2808513343334198,-5.030885219573975,0.26000000000000006
348846,13,45115,-0.7695122957229614,-0.3527645766735077,-0.5323607921600342,-4.275141716003418,0.25000000000000006
348846,14,6750,-0.32478633522987366,0.9241130948066711,-0.2013176828622818,4.269868850708008,0.06000000000000001
348846,15,46992,-0.784203052520752,-0.5049640536308289,-0.36060619354248047,-3.4287967681884766,0.05000000000000001
348846,16,46202,-0.8461247086524963,-0.41111889481544495,-0.33919644355773926,-4.119566917419434,0.04000000000000001
348846,17,19388,0.9594634175300598,-0.16355909407138824,-0.22951778769493103,-0.6893841028213501,0.030000000000000006
568608,1,39049,0.05056001618504524,0.4903784990310669,-0.8700417280197144,0.9345574378967285,2.5400000000000005
568608,2,38438,0.2375400811433792,0.0282732080668211,-0.9709661602973938,2.610175848007202,2.2000000000000006
568608,3,33758,-0.17773927748203278,-0.9635105133056641,-0.20014062523841858,-8.842287063598633,1.1000000000000003
568608,4,39830,-0.24257682263851166,-0.5094869136810303,-0.8255783319473267,-9.442253112792969,0.7300000000000001
568608,5,38854,0.3278461992740631,0.7168424129486084,-0.6153485178947449,8.503621101379395,0.7000000000000002
568608,6,45364,-0.8442241549491882,-0.532753050327301,-0.05881991982460022,-17.86366081237793,0.6900000000000002
568608,7,37922,-0.5260300040245056,0.5605870485305786,-0.6395581364631653,-8.034317970275879,0.4100000000000001
568608,8,42435,-0.635113000869751,-0.6817940473556519,-0.3630266487598419,-15.624002456665039,0.37000000000000005
568608,9,41647,-0.7202789187431335,-0.5732754468917847,-0.3905809819698334,-16.49773406982422,0.26000000000000006
568608,10,37350,0.19336910545825958,0.6863222718238831,-0.7011206746101379,5.670892715454102,0.24000000000000005
568608,11,4633,-0.17934994399547577,0.9708110690116882,0.15924669802188873,1.499470591545105,0.18000000000000005
568608,12,25349,-0.7774410247802734,-0.6270188689231873,0.049323540180921555,-18.818187713623047,0.04000000000000001
568608,13,20102,0.9846399426460266,-0.07601160556077957,0.1571827530860901,19.414695739746094,0.030000000000000006
568608,14,39274,0.2972518801689148,0.280519962310791,-0.9126608967781067,4.064669132232666,0.030000000000000006
95943,1,39193,0.05412905290722847,0.4398408830165863,-0.8964430093765259,-4.634550094604492,3.170000000000001
95943,2,6325,-0.1957208663225174,0.9221956729888916,-0.33353930711746216,2.8897171020507812,1.2700000000000002
95943,3,42334,-0.6482973098754883,-0.7226074934005737,-0.2398938089609146,8.909070014953613,0.8300000000000002
95943,4,15446,0.9582388401031494,0.1554659754037857,-0.24001812934875488,-17.18651580810547,0.7200000000000002
95943,5,20559,0.9939901232719421,0.05296908691525459,0.0958016961812973,-15.61887264251709,0.5500000000000002
95943,6,29674,-0.4847829341888428,-0.8116530179977417,-0.3258908987045288,6.510006904602051,0.44000000000000006
95943,7,41503,-0.6378571391105652,-0.5919085144996643,-0.49272972345352173,7.683492183685303,0.3400000000000001
95943,8,11383,0.8594802021980286,-0.4726341962814331,0.1947067826986313,-12.749042510986328,0.33000000000000007
95943,9,7738,0.8150221705436707,-0.27150920033454895,0.5118804574012756,-12.769525527954102,0.31000000000000005
95943,10,44089,-0.8548195958137512,-0.310818076133728,-0.41554248332977295,13.622530937194824,0.26000000000000006
95943,11,37066,-0.27138400077819824,0.4280444085597992,-0.8620491623878479,1.774187445640564,0.20000000000000004
95943,12,39962,0.20885860919952393,0.25108325481414795,-0.945164144039154,-7.5312933921813965,0.10000000000000002
95943,13,37093,-0.03619179129600525,0.6194687485694885,-0.784186601638794,-2.752993106842041,0.05000000000000001
95943,14,20606,0.9792691469192505,-0.19966906309127808,0.03412097692489624,-16.070301055908203,0.04000000000000001
95943,15,26681,-0.2972528636455536,-0.9519008994102478,-0.07433297485113144,3.7244772911071777,0.020000000000000004
95943,16,31358,-0.34069445729255676,-0.9256731271743774,0.16448867321014404,5.860327243804932,0.010000000000000002
510970,1,5358,-0.4735246002674103,0.8638221025466919,0.17200519144535065,-8.595338821411133,1.3700000000000003
510970,2,1103,-0.6125555634498596,0.6508015990257263,-0.4485900104045868,-11.295165061950684,1.2400000000000002
510970,3,38918,-0.36324068903923035,0.6339799761772156,-0.6827338933944702,-9.448226928710938,1.1900000000000002
510970,4,38909,-0.31949901580810547,0.07921693474054337,-0.944269597530365,-8.37463092803955,0.9300000000000002
510970,5,28731,-0.49891430139541626,-0.7974353432655334,-0.3393838107585907,-6.295083522796631,0.8600000000000002
510970,6,15791,0.9870434999465942,0.1448097676038742,0.06910306960344315,12.463406562805176,0.6400000000000001
510970,7,21788,0.9816882610321045,-0.15837019681930542,0.10586307942867279,13.475041389465332,0.24000000000000005
510970,8,9700,0.9879986047744751,-0.10921116918325424,-0.10923242568969727,12.70441722869873,0.22000000000000003
510970,9,1785,0.02694496512413025,0.9996227025985718,-0.00533674331381917,-2.4016244411468506,0.09000000000000002
510970,10,19062,0.9285513162612915,-0.36717042326927185,-0.05457437410950661,13.82455062866211,0.09000000000000002
510970,11,28439,-0.09829932451248169,-0.9776063561439514,-0.18607263267040253,-0.027197718620300293,0.020000000000000004
510970,12,37120,-0.34000253677368164,0.12691886723041534,-0.9318207502365112,-7.4374518394470215,0.010000000000000002
249832,1,25769,-0.7424759864807129,-0.6665628552436829,-0.0665087029337883,3.6900997161865234,2.3500000000000005
249832,2,18689,0.9401180148124695,-0.09002198278903961,0.3287462890148163,-4.731060028076172,2.24
249832,3,293,-0.43039101362228394,0.8667661547660828,0.2519523501396179,3.9322714805603027,1.5600000000000003
249832,4,31099,-0.3682696223258972,-0.4390847384929657,0.8195011019706726,6.750180244445801,1.2500000000000002
249832,5,1567,-0.3971548080444336,0.9003086686134338,0.17807970941066742,3.6989378929138184,1.2400000000000002
249832,6,10261,0.9766795635223389,0.02511480823159218,-0.21322816610336304,-6.930191993713379,0.6900000000000002
249832,7,28041,-0.18854159116744995,-0.968095064163208,0.1650576889514923,2.1315231323242188,0.22000000000000003
249832,8,47583,-0.5545380711555481,-0.2993741035461426,-0.776442289352417,-0.5512058734893799,0.09000000000000002
249832,9,5427,-0.6613885164260864,0.734241783618927,0.15314751863479614,4.840906143188477,0.010000000000000002
249832,10,39193,0.05412905290722847,0.4398408830165863,-0.8964430093765259,-4.634550094604492,0.010000000000000002
249832,11,40212,-0.39591872692108154,0.2112240493297577,-0.8936625719070435,-2.8932790756225586,0.010000000000000002
600110,1,11060,0.9933686852455139,0.0968857929110527,0.06190124899148941,21.5249080657959,3.0600000000000005
600110,2,39462,-0.6648861169815063,0.6624485850334167,-0.34509167075157166,-8.98870849609375,1.5900000000000003
600110,3,46308,-0.7651833891868591,-0.44805651903152466,-0.46231991052627563,-17.62941551208496,1.2600000000000002
600110,4,38300,0.35191938281059265,0.5662621259689331,-0.7453187108039856,11.240801811218262,1.1600000000000001
600110,5,3030,0.01576140709221363,0.9854128360748291,-0.16944950819015503,6.646866798400879,0.7300000000000001
600110,6,15411,0.9722778797149658,-0.2283247709274292,-0.05043287202715874,18.51953887939453,0.6300000000000001
600110,7,9592,0.9013167023658752,-0.29806089401245117,-0.3143054246902466,17.297292709350586,0.6200000000000001
600110,8,7342,0.9357176423072815,-0.06906870007514954,-0.34592190384864807,19.04796028137207,0.6100000000000001
600110,9,12678,0.9968217015266418,-0.06289828568696976,-0.0488906055688858,20.543210983276367,0.37000000000000005
600110,10,25502,-0.4600033760070801,-0.8640490174293518,-0.20449015498161316,-14.728385925292969,0.23000000000000004
600110,11,6436,-0.20479510724544525,0.9555036425590515,-0.21230097115039825,2.523880958557129,0.10000000000000002
600110,12,38624,0.5704399943351746,0.3734973669052124,-0.7315038442611694,16.291406631469727,0.09000000000000002
600110,13,46751,-0.9323527812957764,-0.1667308509349823,-0.3208100497722626,-19.733484268188477,0.09000000000000002
600110,14,43826,-0.7244094014167786,-0.3907950520515442,-0.5678998827934265,-16.150814056396484,0.030000000000000006
600110,15,1854,-0.44340837001800537,0.8944214582443237,-0.05830333009362221,-2.8713536262512207,0.020000000000000004
404024,1,38275,0.11259645968675613,0.4190138280391693,-0.9009714126586914,-0.852778971195221,2.2000000000000006
404024,2,38800,-0.12756748497486115,0.7159421443939209,-0.686406135559082,-3.8824617862701416,2.0900000000000003
404024,3,5580,-0.7592477202415466,0.6174936890602112,-0.2055344581604004,-8.139894485473633,1.8100000000000003
404024,4,37826,-0.5576846599578857,0.3130533695220947,-0.7687557339668274,-3.145672559738159,1.6400000000000003
404024,5,37685,-0.23729351162910461,0.16653597354888916,-0.9570567011833191,-0.6218308210372925,0.9800000000000002
404024,6,16558,0.982683002948761,0.017962638288736343,0.18442201614379883,4.170603275299072,0.6100000000000001
404024,7,36562,-0.6978151202201843,-0.6989023089408875,0.15681082010269165,-0.2889028787612915,0.4900000000000001
404024,8,31397,-0.3245517313480377,-0.9166792631149292,0.23316362500190735,3.456696033477783,0.45000000000000007
404024,9,35669,-0.6882521510124207,-0.7175393104553223,-0.10698747634887695,0.8035230040550232,0.4200000000000001
404024,10,22930,0.9902194738388062,-0.13396748900413513,0.03896216303110123,5.886370658874512,0.3500000000000001
404024,11,46801,-0.6930251121520996,-0.13433837890625,-0.7082862854003906,-0.9701615571975708,0.3400000000000001
404024,12,3614,-0.14052385091781616,0.8985589146614075,0.4157462418079376,-8.67212200164795,0.30000000000000004
404024,13,12750,0.9941368103027344,0.10668358206748962,0.017623864114284515,4.390508651733398,0.30000000000000004
404024,14,13238,0.9691795706748962,-0.24093323945999146,-0.0514020100235939,5.969481468200684,0.22000000000000003
239419,1,38006,0.2053430676460266,0.19362005591392517,-0.9593464136123657,2.683488368988037,1.4900000000000002
239419,2,30713,-0.8662996292114258,-0.35394224524497986,0.35249093174934387,5.87454891204834,1.3700000000000003
239419,3,46169,-0.7497230768203735,-0.5859147906303406,-0.3076022267341614,7.750302791595459,1.1700000000000002
239419,4,38325,0.2204708755016327,0.5804798603057861,-0.7838594913482666,-0.10566222667694092,0.8800000000000001
239419,5,8724,0.9766867756843567,-0.1997358202934265,0.07866744697093964,-6.092007160186768,0.8700000000000002
239419,6,8271,0.9455640912055969,-0.2607235908508301,-0.1947607398033142,-5.133355617523193,0.7300000000000001
239419,7,4447,-0.2626497149467468,0.9499725699424744,-0.16901838779449463,-0.28028613328933716,0.6600000000000001
239419,8,24955,-0.8624507784843445,-0.41472190618515015,-0.29014551639556885,8.61680793762207,0.4200000000000001
239419,9,39748,-0.3598843216896057,0.7754930853843689,-0.5187424421310425,3.496452569961548,0.37000000000000005
239419,10,38736,0.1902810037136078,0.5283046364784241,-0.8274583220481873,1.4103730916976929,0.3500000000000001
239419,11,13104,0.9841910600662231,-0.1165057122707367,-0.13339555263519287,-6.653560161590576,0.33000000000000007
239419,12,27480,-0.5469534993171692,-0.8038110136985779,0.2339438647031784,4.941803455352783,0.32000000000000006
239419,13,33653,-0.18626289069652557,-0.8667475581169128,-0.462660551071167,6.8359904289245605,0.26000000000000006
239419,14,45927,-0.7004237771034241,-0.454894483089447,-0.5499796271324158,9.250747680664062,0.22000000000000003
239419,15,12359,0.9721298217773438,-0.23156358301639557,0.036632757633924484,-7.011638641357422,0.11000000000000001
239419,16,24764,-0.6732223033905029,-0.5725739002227783,-0.46790051460266113,9.064414024353027,0.05000000000000001
239419,17,40432,0.3968987762928009,0.36398813128471375,-0.842605471611023,0.5216174721717834,0.05000000000000001
476038,1,40851,-0.24725313484668732,0.1798940896987915,-0.9521050453186035,-5.248562335968018,1.8800000000000003
476038,2,2564,-0.6741883754730225,0.7365443706512451,-0.054519884288311005,-4.625861644744873,1.7700000000000002
476038,3,41191,-0.7492696642875671,-0.4151563346385956,-0.5159846544265747,-11.950526237487793,0.7300000000000001
476038,4,15791,0.9870434999465942,0.1448097676038742,0.06910306960344315,12.463406562805176,0.7100000000000002
476038,5,38702,-0.15130534768104553,0.37709954380989075,-0.9137300848960876,-2.3159379959106445,0.5000000000000001
476038,6,18920,0.9564964175224304,-0.28590065240859985,-0.05809849500656128,9.370800018310547,0.45000000000000007
476038,7,40795,0.30236828327178955,0.2998158633708954,-0.9048115015029907,1.5389090776443481,0.26000000000000006
476038,8,30804,-0.7191280722618103,-0.6925707459449768,0.05657367408275604,-9.228470802307129,0.19000000000000003
476038,9,11444,0.6321010589599609,-0.62205570936203,-0.46205514669418335,4.161263465881348,0.12000000000000002
476038,10,8682,0.9580016732215881,-0.2030251920223236,-0.20251813530921936,8.768672943115234,0.09000000000000002
476038,11,40747,0.06364423036575317,0.6710307002067566,-0.7386929392814636,1.9580986499786377,0.07
277528,1,5121,-0.30080220103263855,0.7891274690628052,-0.5355332493782043,4.474914073944092,2.5200000000000005
277528,2,40094,-0.04916330799460411,0.8251908421516418,-0.5627104043960571,3.1353607177734375,2.0500000000000003
277528,3,32839,-0.6189197897911072,-0.6920484304428101,-0.37149330973625183,4.366337776184082,1.0300000000000002
277528,4,9342,0.9946205615997314,-0.07302938401699066,0.07346205413341522,-3.828939914703369,1.0200000000000002
277528,5,305,-0.48894068598747253,0.8457875847816467,-0.213495671749115,3.981931209564209,0.8600000000000002
277528,6,26838,-0.46524152159690857,-0.8125768899917603,0.35109707713127136,-0.33773207664489746,0.28
277528,7,18689,0.9401180148124695,-0.09002198278903961,0.3287462890148163,-4.731060028076172,0.18000000000000005
277528,8,27316,-0.6041044592857361,-0.79506516456604,0.05412209406495094,1.7958709001541138,0.15000000000000002
277528,9,30865,-0.456329882144928,-0.8861256837844849,-0.08089687675237656,1.1940908432006836,0.11000000000000001
277528,10,46963,-0.735590934753418,-0.592208743095398,-0.32892969250679016,3.1277015209198,0.07
277528,11,31191,-0.6743007898330688,-0.6251804828643799,0.39302393794059753,-0.0286770761013031,0.06000000000000001
277528,12,43787,-0.8821952939033508,-0.2058984935283661,-0.4234822988510132,4.543924331665039,0.05000000000000001
460875,1,39083,-0.34196737408638,0.6938790082931519,-0.6337115168571472,0.9290995597839355,3.3600000000000008
460875,2,37956,-0.5899155139923096,0.7805982232093811,-0.20655784010887146,-3.8231263160705566,2.2600000000000002
460875,3,37260,0.40887507796287537,0.3856453597545624,-0.8271026611328125,7.977787017822266,1.1900000000000002
460875,4,9072,0.9688535332679749,-0.22861391305923462,0.09517602622509003,9.164495468139648,0.8500000000000002
460875,5,39066,0.37704578042030334,0.26407894492149353,-0.8877492547035217,7.643748760223389,0.4200000000000001
460875,6,20509,0.9231960773468018,-0.18054896593093872,-0.3392801582813263,10.022831916809082,0.3400000000000001
460875,7,44235,-0.9491256475448608,-0.1852358728647232,-0.25465309619903564,-7.474746227264404,0.29000000000000004
460875,8,40340,-0.6706792116165161,0.30808165669441223,-0.6747407913208008,-2.2388720512390137,0.12000000000000002
396736,1,38524,0.11548898369073868,0.08244597911834717,-0.9898812770843506,5.003664970397949,1.2200000000000002
396736,2,37956,-0.5899155139923096,0.7805982232093811,-0.20655784010887146,-3.8231263160705566,1.1600000000000001
396736,3,37349,0.29625803232192993,0.7801558971405029,-0.5509881377220154,0.7696259021759033,1.0900000000000003
396736,4,17160,0.9666635394096375,-0.08044841885566711,0.24308361113071442,4.1235504150390625,1.0200000000000002
396736,5,39274,0.2972518801689148,0.280519962310791,-0.9126608967781067,4.064669132232666,0.9300000000000002
396736,6,36869,-0.9197399616241455,-0.353859543800354,0.16988764703273773,-3.8367667198181152,0.6900000000000002
396736,7,38700,0.7724648714065552,0.32387059926986694,-0.5462653636932373,5.38740348815918,0.5000000000000001
396736,8,832,-0.57332444190979,0.7749064564704895,-0.26611843705177307,-4.326901435852051,0.38000000000000006
396736,9,46628,-0.913734495639801,-0.40414464473724365,0.041908878833055496,-2.2469749450683594,0.31000000000000005
396736,10,37373,0.03881318122148514,0.36650359630584717,-0.9296067357063293,3.544081211090088,0.22000000000000003
396736,11,26838,-0.46524152159690857,-0.8125768899917603,0.35109707713127136,-0.33773207664489746,0.15000000000000002
396736,12,40747,0.06364423036575317,0.6710307002067566,-0.7386929392814636,1.9580986499786377,0.14
396736,13,29560,-0.21231068670749664,-0.9771221876144409,-0.012503845617175102,1.3449866771697998,0.13000000000000003
396736,14,29385,-0.323075532913208,-0.9367714524269104,-0.13446711003780365,1.609614372253418,0.12000000000000002
396736,15,39757,-0.24880342185497284,0.2927461862564087,-0.9232532382011414,1.404260277748108,0.08000000000000002
396736,16,5249,-0.17759928107261658,0.8420010805130005,-0.509404182434082,-0.6423478126525879,0.07
396736,17,36463,-0.02410721778869629,-0.9891117811203003,-0.1451781690120697,4.18209981918335,0.010000000000000002
22828,1,19042,0.9902053475379944,-0.12130721658468246,-0.06912272423505783,-22.026182174682617,1.4600000000000002
22828,2,37944,0.22806259989738464,0.32135024666786194,-0.919087290763855,-3.933013439178467,1.2100000000000002
22828,3,38327,0.3698298931121826,0.5601420402526855,-0.7412602305412292,-10.033448219299316,1.0200000000000002
22828,4,39215,0.39177173376083374,0.729589581489563,-0.5605478882789612,-12.203351974487305,0.9300000000000002
22828,5,39864,-0.36352863907814026,0.7937489151954651,-0.48765724897384644,5.04450798034668,0.8700000000000002
22828,6,42758,-0.6991926431655884,-0.6122865676879883,-0.3690999746322632,20.340991973876953,0.8500000000000002
22828,7,20975,0.8493795990943909,-0.304097980260849,-0.43136849999427795,-15.707404136657715,0.8400000000000002
22828,8,293,-0.43039101362228394,0.8667661547660828,0.2519523501396179,3.9322714805603027,0.4700000000000001
22828,9,35723,-0.9084534645080566,-0.4106200039386749,-0.07812485843896866,23.200353622436523,0.4600000000000001
22828,10,347,-0.42087647318840027,0.8978614807128906,0.12925837934017181,3.0309360027313232,0.4300000000000001
22828,11,39947,-0.01506318524479866,0.4510284960269928,-0.8923824429512024,-0.29027295112609863,0.3600000000000001
22828,12,38490,0.5550118684768677,0.28684699535369873,-0.7808204889297485,-11.543391227722168,0.28
22828,13,8058,0.9745891690254211,-0.1659020483493805,0.15050721168518066,-21.026124954223633,0.20000000000000004
22828,14,16324,0.9578222036361694,0.0296575129032135,0.2858269512653351,-23.922935485839844,0.12000000000000002
22828,15,10001,0.8532658815383911,-0.439125120639801,0.2812586724758148,-17.42837905883789,0.04000000000000001
569775,1,32702,-0.867691159248352,-0.4851495325565338,-0.10836047679185867,-18.70761489868164,1.5600000000000003
569775,2,27982,-0.6106176376342773,-0.5541982054710388,0.5656946897506714,-15.210451126098633,1.2400000000000002
569775,3,39462,-0.6648861169815063,0.6624485850334167,-0.34509167075157166,-8.98870849609375,1.0200000000000002
569775,4,40859,-0.39692825078964233,0.9147356152534485,0.07554273307323456,-1.674405574798584,1.0200000000000002
569775,5,43826,-0.7244094014167786,-0.3907950520515442,-0.5678998827934265,-16.150814056396484,1.0000000000000002
569775,6,40821,0.43967100977897644,0.5820956230163574,-0.6839986443519592,12.11556339263916,0.7400000000000001
569775,7,37373,0.03881318122148514,0.36650359630584717,-0.9296067357063293,3.544081211090088,0.5100000000000001
569775,8,17664,0.9804509878158569,-0.08307276666164398,0.17836683988571167,16.784147262573242,0.4000000000000001
569775,9,23657,-0.41553995013237,-0.8225058913230896,-0.3883434236049652,-12.993042945861816,0.23000000000000004
569775,10,33758,-0.17773927748203278,-0.9635105133056641,-0.20014062523841858,-8.842287063598633,0.18000000000000005
569775,11,40089,0.4825071096420288,0.26806628704071045,-0.8338629007339478,9.637066841125488,0.16000000000000003
569775,12,23776,-0.19638295471668243,-0.9718719124794006,0.12999527156352997,-8.826745986938477,0.06000000000000001
569775,13,3030,0.01576140709221363,0.9854128360748291,-0.16944950819015503,6.646866798400879,0.05000000000000001
569775,14,41647,-0.7202789187431335,-0.5732754468917847,-0.3905809819698334,-16.49773406982422,0.020000000000000004
160287,1,31684,-0.382685124874115,-0.9215619564056396,0.06538811326026917,-1.1414284706115723,2.6900000000000004
160287,2,37773,-0.36983242630958557,-0.5368421673774719,-0.758303701877594,0.8618583679199219,2.4400000000000004
160287,3,38325,0.2204708755016327,0.5804798603057861,-0.7838594913482666,-0.10566222667694092,2.1100000000000003
160287,4,29774,-0.26269930601119995,-0.9598470330238342,-0.0984007939696312,-2.5833795070648193,0.7600000000000001
160287,5,38801,0.2922040522098541,0.27151015400886536,-0.9170054793357849,-3.056575298309326,0.7300000000000001
160287,6,46476,-0.9048951864242554,-0.33565279841423035,-0.2617286145687103,7.472257137298584,0.5000000000000001
160287,7,27784,-0.4572489857673645,-0.867882490158081,-0.1941736489534378,0.23110561072826385,0.4700000000000001
160287,8,19731,0.921847939491272,-0.31168609857559204,-0.2303217202425003,-13.040084838867188,0.2700000000000001
160287,9,41066,-0.7908716797828674,-0.295602947473526,-0.535855233669281,6.193361759185791,0.24000000000000005
160287,10,29749,-0.5015056729316711,-0.8340985774993896,-0.22972068190574646,0.8450528383255005,0.21000000000000005
160287,11,6168,-0.5451991558074951,0.8328038454055786,0.09589378535747528,12.764961242675781,0.20000000000000004
160287,12,7531,0.9819250702857971,-0.15083257853984833,-0.11433584988117218,-13.814844131469727,0.20000000000000004
160287,13,3868,-0.08498397469520569,0.9695928692817688,0.2294938564300537,5.813748359680176,0.09000000000000002
160287,14,4387,-0.8133033514022827,0.5818232297897339,0.00440361350774765,13.514646530151367,0.09000000000000002
160287,15,19859,0.8987411260604858,-0.4190499186515808,0.1290794461965561,-12.544661521911621,0.09000000000000002
160287,16,1049,0.0904374048113823,0.9831914901733398,-0.15860514342784882,4.192998886108398,0.020000000000000004
160287,17,16502,0.9224779605865479,-0.37523913383483887,-0.09071919322013855,-12.263089179992676,0.010000000000000002
160287,18,16944,0.9956707954406738,-0.092571921646595,0.008373758755624294,-12.564164161682129,0.010000000000000002
509693,1,38909,-0.31949901580810547,0.07921693474054337,-0.944269597530365,-8.37463092803955,2.7600000000000007
509693,2,40975,-0.11758516728878021,0.2684561610221863,-0.9560883641242981,-4.997090816497803,0.7700000000000001
509693,3,39649,-0.15429162979125977,0.6293158531188965,-0.761679470539093,-4.329409599304199,0.6800000000000002
509693,4,2341,-0.3111463487148285,0.9474329352378845,-0.07455718517303467,-4.457772254943848,0.6300000000000001
509693,5,33007,0.015367796644568443,-0.9979220628738403,-0.06257276237010956,-1.3779120445251465,0.6100000000000001
509693,6,41191,-0.7492696642875671,-0.4151563346385956,-0.5159846544265747,-11.950526237487793,0.5900000000000001
509693,7,9944,0.9709661602973938,-0.08550770580768585,-0.2234124094247818,11.24690055847168,0.5000000000000001
509693,8,44049,-0.7150572538375854,-0.307502806186676,-0.6278018355369568,-11.97175121307373,0.4200000000000001
509693,9,31583,-0.46739867329597473,-0.8761317133903503,0.11803283542394638,-7.513372421264648,0.17000000000000004
509693,10,45701,-0.8992239832878113,-0.3325844705104828,-0.2842249572277069,-13.76219654083252,0.12000000000000002
509693,11,33991,-0.16778641939163208,-0.9711386561393738,-0.1695212870836258,-3.167085647583008,0.08000000000000002
509693,12,36809,-0.4574611485004425,-0.8433473706245422,0.2819477915763855,-6.46779727935791,0.05000000000000001
509693,13,21291,0.9625816941261292,-0.26749977469444275,0.043363604694604874,11.989639282226562,0.04000000000000001
509693,14,32625,-0.09311621636152267,-0.92081618309021,0.3787175118923187,-1.1266463994979858,0.010000000000000002
520733,1,39207,-0.2660578489303589,0.6054182052612305,-0.7501213550567627,-7.137266635894775,2.9800000000000004
520733,2,38275,0.11259645968675613,0.4190138280391693,-0.9009714126586914,-0.852778971195221,2.0500000000000003
520733,3,39256,-0.4904228746891022,0.6444242596626282,-0.5866879820823669,-11.367147445678711,1.5400000000000003
520733,4,27604,-0.1318349391222,-0.9876692295074463,-0.084433913230896,4.841647148132324,1.2000000000000002
520733,5,36257,-0.6914295554161072,-0.5938383936882019,0.41143786907196045,-7.178099155426025,1.0000000000000002
520733,6,30544,-0.5720350742340088,-0.7579898834228516,0.31341224908828735,-3.8625712394714355,0.6000000000000001
520733,7,6460,-0.551393985748291,0.7048046588897705,0.4463351368904114,-13.365006446838379,0.5000000000000001
520733,8,5044,-0.12911342084407806,0.991563081741333,0.0115050058811903,-7.836200714111328,0.4800000000000001
520733,9,39274,0.2972518801689148,0.280519962310791,-0.9126608967781067,4.064669132232666,0.3500000000000001
520733,10,39315,0.3719925284385681,0.5696143507957458,-0.7329127192497253,1.6780784130096436,0.21000000000000005
520733,11,7521,0.9981178641319275,0.061278849840164185,-0.0023624568711966276,13.755763053894043,0.12000000000000002
520733,12,14976,0.9784868359565735,-0.13513422012329102,0.15589165687561035,14.413923263549805,0.12000000000000002
520733,13,16639,0.9267957210540771,0.363632470369339,-0.09392102807760239,12.849366188049316,0.12000000000000002
520733,14,44122,-0.848946213722229,-0.1888151317834854,-0.49359816312789917,-11.672935485839844,0.09000000000000002
520733,15,9889,0.8906652331352234,-0.40610355138778687,-0.2044391632080078,16.257089614868164,0.020000000000000004
520733,16,6960,-0.7662242650985718,0.618861734867096,-0.172946497797966,-15.920939445495605,0.010000000000000002
502858,1,44913,-0.9066873788833618,-0.3589763641357422,-0.22148142755031586,-11.787511825561523,1.5700000000000003
502858,2,37852,0.1724565029144287,0.5966744422912598,-0.783733606338501,8.6763334274292,1.5000000000000002
502858,3,37956,-0.5899155139923096,0.7805982232093811,-0.20655784010887146,-3.8231263160705566,1.3300000000000003
502858,4,1786,0.42342907190322876,0.805624783039093,0.4143386483192444,7.5333123207092285,0.8700000000000002
502858,5,39083,-0.34196737408638,0.6938790082931519,-0.6337115168571472,0.9290995597839355,0.7400000000000001
502858,6,38240,-0.019871238619089127,0.6175869703292847,-0.7862515449523926,6.011561393737793,0.6600000000000001
502858,7,39279,-0.10512998700141907,0.448108047246933,-0.8877763748168945,4.514735221862793,0.4900000000000001
502858,8,972,-0.4888657033443451,0.8213108777999878,-0.2940387427806854,-0.7901730537414551,0.28
502858,9,25782,0.1924733966588974,-0.9489108324050903,0.25004446506500244,-3.0874345302581787,0.23000000000000004
502858,10,29413,-0.07079260051250458,-0.9721689224243164,0.22332921624183655,-6.417799472808838,0.13000000000000003
502858,11,11943,0.9979888796806335,0.020876530557870865,0.059852514415979385,12.004430770874023,0.11000000000000001
502858,12,18633,0.8486696481704712,0.09363912791013718,-0.5205684900283813,14.005941390991211,0.05000000000000001
225349,1,24252,-0.3638633191585541,-0.918317973613739,0.15587058663368225,-2.5956308841705322,2.3100000000000005
225349,2,37375,-0.15029123425483704,0.6386401057243347,-0.7546862959861755,7.7843403816223145,2.0900000000000003
225349,3,38006,0.2053430676460266,0.19362005591392517,-0.9593464136123657,2.683488368988037,1.1000000000000003
225349,4,41803,-0.8378678560256958,-0.4117198586463928,-0.3584190607070923,4.845242500305176,1.0800000000000003
225349,5,3493,-0.6541149616241455,0.7562858462333679,0.012859459035098553,9.220433235168457,0.5500000000000002
225349,6,27350,-0.3711130917072296,-0.906079888343811,0.20321016013622284,-3.4100570678710938,0.5500000000000002
225349,7,43284,-0.7333632707595825,-0.29383474588394165,-0.6130574345588684,5.802201747894287,0.5500000000000002
225349,8,38635,0.8025465607643127,-0.057075921446084976,-0.5938529372215271,-2.832991600036621,0.38000000000000006
225349,9,17536,0.9952932596206665,-0.06675318628549576,0.07025156915187836,-8.776419639587402,0.32000000000000006
225349,10,32343,-0.7675256729125977,-0.6331138014793396,0.10035578906536102,1.3336666822433472,0.23000000000000004
225349,11,14600,0.9855176210403442,-0.03702552244067192,-0.16548152267932892,-6.953299522399902,0.21000000000000005
225349,12,4854,-0.4707619547843933,0.8525673747062683,-0.22696267068386078,8.734582901000977,0.20000000000000004
225349,13,24314,-0.7266544699668884,-0.6645081043243408,-0.17436254024505615,2.187567949295044,0.14
225349,14,12265,0.9916638731956482,-0.08220893144607544,-0.09921921044588089,-8.592473030090332,0.10000000000000002
225349,15,7656,0.9977787733078003,-0.04689454287290573,-0.047311827540397644,-8.3247652053833,0.06000000000000001
225349,16,5820,-0.3705906867980957,0.8144199252128601,-0.44652289152145386,8.303179740905762,0.010000000000000002
251216,1,33653,-0.18626289069652557,-0.8667475581169128,-0.462660551071167,6.8359904289245605,2.2100000000000004
251216,2,35,-0.32495325803756714,0.9059983491897583,-0.2712423503398895,-3.4726345539093018,1.8300000000000003
251216,3,42334,-0.6482973098754883,-0.7226074934005737,-0.2398938089609146,8.909070014953613,1.4500000000000002
251216,4,39273,0.1941727250814438,0.45042604207992554,-0.8714432120323181,-1.8660163879394531,1.3300000000000003
251216,5,24005,-0.8002034425735474,-0.581150472164154,-0.14811678230762482,9.007549285888672,0.9500000000000002
251216,6,22486,0.9849738478660583,-0.17249701917171478,-0.008446780033409595,-4.25290060043335,0.30000000000000004
251216,7,30713,-0.8662996292114258,-0.35394224524497986,0.35249093174934387,5.87454891204834,0.2700000000000001
251216,8,44158,-0.5932825803756714,-0.669639527797699,-0.44676464796066284,8.978771209716797,0.26000000000000006
251216,9,18689,0.9401180148124695,-0.09002198278903961,0.3287462890148163,-4.731060028076172,0.10000000000000002
251216,10,29073,-0.541503369808197,-0.7549664974212646,-0.3698643743991852,8.587252616882324,0.05000000000000001
251216,11,28403,-0.7570576071739197,-0.6513803601264954,0.05066990107297897,8.068098068237305,0.020000000000000004
251216,12,42252,-0.8535870313644409,-0.38976654410362244,-0.34564611315727234,8.018567085266113,0.020000000000000004
161555,1,38004,0.08788817375898361,0.44912609457969666,-0.8891351819038391,3.303725242614746,1.9000000000000004
161555,2,24701,-0.44860532879829407,-0.8937286734580994,-0.0015207503456622362,5.285708427429199,1.1400000000000001
161555,3,38736,0.1902810037136078,0.5283046364784241,-0.8274583220481873,1.4103730916976929,0.8700000000000002
161555,4,2861,-0.14439663290977478,0.9678241014480591,-0.2060731202363968,3.7618939876556396,0.7400000000000001
161555,5,42334,-0.6482973098754883,-0.7226074934005737,-0.2398938089609146,8.909070014953613,0.6300000000000001
161555,6,24005,-0.8002034425735474,-0.581150472164154,-0.14811678230762482,9.007549285888672,0.5800000000000001
161555,7,293,-0.43039101362228394,0.8667661547660828,0.2519523501396179,3.9322714805603027,0.56
161555,8,7738,0.8150221705436707,-0.27150920033454895,0.5118804574012756,-12.769525527954102,0.37000000000000005
161555,9,39593,0.5334368348121643,-0.4549103081226349,-0.7130930423736572,-2.9046378135681152,0.33000000000000007
161555,10,22691,0.9892675280570984,0.13378728926181793,-0.05874262750148773,-11.508737564086914,0.32000000000000006
161555,11,37947,-0.4101601541042328,0.509010910987854,-0.7567539215087891,8.589377403259277,0.16000000000000003
161555,12,12469,0.9967820644378662,0.07416906207799911,0.030405908823013306,-11.73218822479248,0.14
161555,13,5714,-0.24737946689128876,0.8990497589111328,-0.3612656891345978,4.300722122192383,0.10000000000000002
108880,1,38764,0.5373557806015015,0.327097624540329,-0.777338981628418,-10.657472610473633,1.8800000000000003
108880,2,37070,0.4573867619037628,0.3051491677761078,-0.8352732062339783,-10.219368934631348,1.4700000000000002
108880,3,7738,0.8150221705436707,-0.27150920033454895,0.5118804574012756,-12.769525527954102,0.8600000000000002
108880,4,2861,-0.14439663290977478,0.9678241014480591,-0.2060731202363968,3.7618939876556396,0.8400000000000002
108880,5,37066,-0.27138400077819824,0.4280444085597992,-0.8620491623878479,1.774187445640564,0.6900000000000002
108880,6,28519,-0.42625340819358826,-0.9005670547485352,0.08536376059055328,4.151182651519775,0.6800000000000002
108880,7,3311,-0.4240034818649292,0.8782564401626587,0.2211032211780548,11.021720886230469,0.4200000000000001
108880,8,26638,-0.5596970319747925,-0.8178102970123291,0.1338863968849182,7.448085308074951,0.33000000000000007
108880,9,23432,0.9780673980712891,-0.18495696783065796,0.095786914229393,-16.493650436401367,0.29000000000000004
108880,10,24509,-0.11804337054491043,-0.9520927667617798,-0.2821084260940552,-1.809103012084961,0.17000000000000004
108880,11,1870,-0.24888765811920166,0.9224609732627869,0.295162171125412,7.0534138679504395,0.020000000000000004
178881,1,37093,-0.03619179129600525,0.6194687485694885,-0.784186601638794,-2.752993106842041,1.7500000000000004
178881,2,37066,-0.27138400077819824,0.4280444085597992,-0.8620491623878479,1.774187445640564,1.6400000000000003
178881,3,14912,0.949338436126709,-0.3000454306602478,-0.09343089163303375,-8.282470703125,1.0700000000000003
178881,4,15874,0.9245718717575073,-0.24908731877803802,-0.2883095443248749,-9.069624900817871,0.8800000000000001
178881,5,39968,0.5660015940666199,0.48800650238990784,-0.6644484996795654,-8.148909568786621,0.5400000000000001
178881,6,46964,-0.8081000447273254,-0.5852437615394592,-0.06681325286626816,13.508624076843262,0.5400000000000001
178881,7,47500,-0.8500290513038635,-0.377241313457489,-0.3676133453845978,11.662243843078613,0.5400000000000001
178881,8,40459,0.4641779363155365,0.3916172683238983,-0.7944650650024414,-7.266359806060791,0.05000000000000001
178881,9,2258,-0.1805637925863266,0.9235657453536987,-0.33826467394828796,-3.309614658355713,0.020000000000000004
178881,10,22359,0.967563271522522,-0.24889251589775085,-0.043287500739097595,-8.788898468017578,0.020000000000000004
204107,1,38835,-0.03992603346705437,0.36855030059814453,-0.9287500381469727,2.9144039154052734,3.3100000000000005
204107,2,37279,0.01246197521686554,0.7375673651695251,-0.6751585602760315,5.033202648162842,2.3000000000000003
204107,3,37773,-0.36983242630958557,-0.5368421673774719,-0.758303701877594,0.8618583679199219,1.3700000000000003
204107,4,37714,0.6461831331253052,0.38822972774505615,-0.6570578813552856,-2.347014904022217,0.9600000000000002
204107,5,38999,0.4336305558681488,0.6183571815490723,-0.6554379463195801,-0.1784147024154663,0.39000000000000007
204107,6,17873,0.9476457238197327,-0.2849385440349579,-0.14414440095424652,-10.414142608642578,0.25000000000000006
204107,7,41066,-0.7908716797828674,-0.295602947473526,-0.535855233669281,6.193361759185791,0.23000000000000004
204107,8,22002,0.974921464920044,-0.21273401379585266,0.0653635635972023,-11.25068187713623,0.21000000000000005
204107,9,28951,-0.8170726895332336,-0.54051274061203,0.20059458911418915,4.435805797576904,0.10000000000000002
204107,10,16711,0.9813975095748901,-0.09213162958621979,-0.16843603551387787,-10.389747619628906,0.05000000000000001
204107,11,29652,-0.2530040740966797,-0.8118352293968201,-0.5262247920036316,-2.381425619125366,0.05000000000000001
204107,12,23342,0.8621358871459961,-0.48475053906440735,-0.14744031429290771,-9.538125991821289,0.010000000000000002
204107,13,35683,-0.5274708271026611,-0.8163342475891113,-0.23531466722488403,-0.34947293996810913,0.010000000000000002
248195,1,44317,-0.590453028678894,-0.7363787293434143,-0.3303203880786896,7.479802131652832,1.4800000000000002
248195,2,35,-0.32495325803756714,0.9059983491897583,-0.2712423503398895,-3.4726345539093018,1.2200000000000002
248195,3,40282,-0.13773728907108307,0.2547806203365326,-0.9571391344070435,-0.2602296471595764,1.1300000000000001
248195,4,42252,-0.8535870313644409,-0.38976654410362244,-0.34564611315727234,8.018567085266113,0.8900000000000001
248195,5,18916,0.904289722442627,-0.368597149848938,0.21539780497550964,-3.9250452518463135,0.8400000000000002
248195,6,38800,-0.12756748497486115,0.7159421443939209,-0.686406135559082,-3.8824617862701416,0.6000000000000001
248195,7,18032,0.9261776208877563,-0.3612493872642517,-0.10813845694065094,-4.610799789428711,0.5400000000000001
248195,8,24402,-0.5773090124130249,-0.7187969088554382,0.38735681772232056,8.115891456604004,0.37000000000000005
248195,9,18689,0.9401180148124695,-0.09002198278903961,0.3287462890148163,-4.731060028076172,0.28
248195,10,40024,-0.3677612841129303,0.6937432885169983,-0.619251012802124,-2.222072124481201,0.18000000000000005
248195,11,1349,-0.41327372193336487,0.9026647806167603,-0.12000486999750137,-2.809849977493286,0.16000000000000003
248195,12,37475,0.532640814781189,0.4783882200717926,-0.6981679201126099,-7.118757247924805,0.08000000000000002
248195,13,12849,0.9043418765068054,-0.2685346305370331,-0.3317452669143677,-5.300576686859131,0.020000000000000004
248195,14,39641,-0.6555826663970947,0.6149563789367676,-0.4382236897945404,0.05229294300079346,0.020000000000000004
248195,15,24005,-0.8002034425735474,-0.581150472164154,-0.14811678230762482,9.007549285888672,0.010000000000000002
441943,1,39066,0.37704578042030334,0.26407894492149353,-0.8877492547035217,7.643748760223389,1.7500000000000004
441943,2,39083,-0.34196737408638,0.6938790082931519,-0.6337115168571472,0.9290995597839355,1.6800000000000004
441943,3,27394,-0.46659767627716064,-0.8835960626602173,-0.03930153697729111,-4.092193126678467,0.9700000000000002
441943,4,37956,-0.5899155139923096,0.7805982232093811,-0.20655784010887146,-3.8231263160705566,0.8100000000000002
441943,5,38524,0.11548898369073868,0.08244597911834717,-0.9898812770843506,5.003664970397949,0.7900000000000001
441943,6,40340,-0.6706792116165161,0.30808165669441223,-0.6747407913208008,-2.2388720512390137,0.7700000000000001
441943,7,44235,-0.9491256475448608,-0.1852358728647232,-0.25465309619903564,-7.474746227264404,0.4300000000000001
441943,8,37260,0.40887507796287537,0.3856453597545624,-0.8271026611328125,7.977787017822266,0.25000000000000006
441943,9,831,-0.12278463691473007,0.9907128214836121,-0.058412399142980576,-0.26183390617370605,0.23000000000000004
441943,10,26955,-0.3090229034423828,-0.9507593512535095,-0.023695917800068855,-4.068459510803223,0.23000000000000004
441943,11,20329,0.8762226104736328,-0.47515004873275757,0.0804138034582138,7.286910533905029,0.21000000000000005
441943,12,22379,0.998320996761322,-0.039902880787849426,-0.04198770225048065,8.670000076293945,0.13000000000000003
441943,13,2305,-0.307088702917099,0.9343344569206238,-0.18087467551231384,-1.484607219696045,0.010000000000000002
441943,14,10576,0.99859219789505,-0.05234791338443756,0.008560310117900372,7.460865020751953,0.010000000000000002
441943,15,33094,-0.7843635082244873,-0.6027671098709106,0.14644332230091095,-8.097799301147461,0.010000000000000002
176104,1,39968,0.5660015940666199,0.48800650238990784,-0.6644484996795654,-8.148909568786621,2.4500000000000006
176104,2,39947,-0.01506318524479866,0.4510284960269928,-0.8923824429512024,-0.29027295112609863,2.0000000000000004
176104,3,14912,0.949338436126709,-0.3000454306602478,-0.09343089163303375,-8.282470703125,1.5700000000000003
176104,4,37066,-0.27138400077819824,0.4280444085597992,-0.8620491623878479,1.774187445640564,0.4600000000000001
176104,5,46964,-0.8081000447273254,-0.5852437615394592,-0.06681325286626816,13.508624076843262,0.24000000000000005
176104,6,45248,-0.7830840349197388,-0.4100947082042694,-0.4675486087799072,13.256945610046387,0.15000000000000002
176104,7,2229,-0.0348198339343071,0.9988985061645508,-0.03145422413945198,-6.265137672424316,0.14
428043,1,38940,-0.4396671652793884,0.4659554064273834,-0.7678400278091431,-1.545396089553833,1.9400000000000004
428043,2,38524,0.11548898369073868,0.08244597911834717,-0.9898812770843506,5.003664970397949,1.7800000000000002
428043,3,38157,-0.27494290471076965,0.5644407272338867,-0.7783399224281311,-1.3523015975952148,0.9800000000000002
428043,4,37349,0.29625803232192993,0.7801558971405029,-0.5509881377220154,0.7696259021759033,0.6900000000000002
428043,5,40224,-0.5085889101028442,0.18868519365787506,-0.8400804996490479,-1.1839962005615234,0.5200000000000001
428043,6,41839,-0.9447678327560425,-0.29896727204322815,-0.13428445160388947,-6.088990211486816,0.5000000000000001
428043,7,4847,-0.7907237410545349,0.5984895825386047,0.12870994210243225,-9.28506088256836,0.4200000000000001
428043,8,18432,0.9680439233779907,-0.22774405777454376,-0.10499344021081924,8.227438926696777,0.37000000000000005
428043,9,13029,0.8857657313346863,0.25634637475013733,-0.3869180977344513,7.776303291320801,0.3600000000000001
428043,10,21789,0.9994297027587891,-0.0159115269780159,-0.0297832153737545,7.503981113433838,0.12000000000000002
428043,11,40780,-0.332123339176178,0.21037517488002777,-0.9194761514663696,1.0795493125915527,0.09000000000000002
428043,12,20377,0.9983468055725098,-0.05722391605377197,-0.005390057805925608,8.471129417419434,0.08000000000000002
428043,13,43449,-0.7892251014709473,-0.559529185295105,-0.2530827820301056,-2.276379108428955,0.010000000000000002
542068,1,37922,-0.5260300040245056,0.5605870485305786,-0.6395581364631653,-8.034317970275879,1.7700000000000002
542068,2,39049,0.05056001618504524,0.4903784990310669,-0.8700417280197144,0.9345574378967285,1.0800000000000003
542068,3,12378,0.9884555339813232,-0.15001541376113892,0.021237701177597046,14.65925121307373,0.9700000000000002
542068,4,37351,0.148546501994133,0.08620115369558334,-0.9851412773132324,-0.39532577991485596,0.6200000000000001
542068,5,24000,-0.6135865449905396,-0.6424797177314758,-0.4590548276901245,-14.36960220336914,0.5500000000000002
542068,6,40859,-0.39692825078964233,0.9147356152534485,0.07554273307323456,-1.674405574798584,0.5500000000000002
542068,7,40131,-0.3278563916683197,-0.06933099031448364,-0.9421801567077637,-7.825867176055908,0.39000000000000007
542068,8,40851,-0.24725313484668732,0.1798940896987915,-0.9521050453186035,-5.248562335968018,0.3500000000000001
542068,9,39274,0.2972518801689148,0.280519962310791,-0.9126608967781067,4.064669132232666,0.22000000000000003
513419,1,39649,-0.15429162979125977,0.6293158531188965,-0.761679470539093,-4.329409599304199,1.9200000000000004
513419,2,38749,-0.011827786453068256,0.43572694063186646,-0.9000011682510376,-0.3160746693611145,1.8400000000000003
513419,3,30544,-0.5720350742340088,-0.7579898834228516,0.31341224908828735,-3.8625712394714355,0.9100000000000001
513419,4,9889,0.8906652331352234,-0.40610355138778687,-0.2044391632080078,16.257089614868164,0.6200000000000001
513419,5,11361,0.9084581136703491,-0.25424739718437195,-0.3317561149597168,14.788142204284668,0.5800000000000001
513419,6,14976,0.9784868359565735,-0.13513422012329102,0.15589165687561035,14.413923263549805,0.4700000000000001
513419,7,27604,-0.1318349391222,-0.9876692295074463,-0.084433913230896,4.841647148132324,0.38000000000000006
513419,8,42088,-0.8639530539512634,-0.3215245008468628,-0.38756561279296875,-9.061254501342773,0.29000000000000004
513419,9,9754,0.9561139345169067,0.08219144493341446,-0.281230628490448,13.096441268920898,0.28
513419,10,39274,0.2972518801689148,0.280519962310791,-0.9126608967781067,4.064669132232666,0.25000000000000006
513419,11,41144,-0.6110254526138306,-0.7666029334068298,-0.19740279018878937,-3.7408626079559326,0.16000000000000003
513419,12,45564,-0.8784574866294861,-0.22010740637779236,-0.42410507798194885,-9.446279525756836,0.16000000000000003
513419,13,5685,-0.5123106241226196,0.8288077116012573,-0.22497914731502533,-10.700138092041016,0.11000000000000001
513419,14,38800,-0.12756748497486115,0.7159421443939209,-0.686406135559082,-3.8824617862701416,0.11000000000000001
513419,15,6460,-0.551393985748291,0.7048046588897705,0.4463351368904114,-13.365006446838379,0.04000000000000001
513419,16,5044,-0.12911342084407806,0.991563081741333,0.0115050058811903,-7.836200714111328,0.020000000000000004
513419,17,39427,-0.29428693652153015,0.34830397367477417,-0.8899884819984436,-3.4904117584228516,0.010000000000000002
173681,1,37773,-0.36983242630958557,-0.5368421673774719,-0.758303701877594,0.8618583679199219,1.2800000000000002
173681,2,27784,-0.4572489857673645,-0.867882490158081,-0.1941736489534378,0.23110561072826385,1.1900000000000002
173681,3,19731,0.921847939491272,-0.31168609857559204,-0.2303217202425003,-13.040084838867188,1.0900000000000003
173681,4,38835,-0.03992603346705437,0.36855030059814453,-0.9287500381469727,2.9144039154052734,0.9500000000000002
173681,5,31684,-0.382685124874115,-0.9215619564056396,0.06538811326026917,-1.1414284706115723,0.5300000000000001
173681,6,38325,0.2204708755016327,0.5804798603057861,-0.7838594913482666,-0.10566222667694092,0.4300000000000001
173681,7,29774,-0.26269930601119995,-0.9598470330238342,-0.0984007939696312,-2.5833795070648193,0.11000000000000001
173681,8,6047,-0.23178228735923767,0.9537007808685303,-0.19165532290935516,7.62669563293457,0.08000000000000002
173681,9,13378,0.98902428150177,-0.14380620419979095,0.033922404050827026,-11.97760009765625,0.06000000000000001
173681,10,16502,0.9224779605865479,-0.37523913383483887,-0.09071919322013855,-12.263089179992676,0.020000000000000004
173681,11,19859,0.8987411260604858,-0.4190499186515808,0.1290794461965561,-12.544661521911621,0.020000000000000004
173681,12,1049,0.0904374048113823,0.9831914901733398,-0.15860514342784882,4.192998886108398,0.010000000000000002
173681,13,29749,-0.5015056729316711,-0.8340985774993896,-0.22972068190574646,0.8450528383255005,0.010000000000000002
520960,1,39083,-0.34196737408638,0.6938790082931519,-0.6337115168571472,0.9290995597839355,2.9800000000000004
520960,2,39696,-0.07063128799200058,0.34466812014579773,-0.9360636472702026,3.067375659942627,1.8900000000000003
520960,3,37956,-0.5899155139923096,0.7805982232093811,-0.20655784010887146,-3.8231263160705566,1.1400000000000001
520960,4,40821,0.43967100977897644,0.5820956230163574,-0.6839986443519592,12.11556339263916,0.6800000000000002
520960,5,8815,0.9947183728218079,-0.09789357334375381,-0.03085709922015667,14.763177871704102,0.37000000000000005
520960,6,40469,0.2801760137081146,0.4963163435459137,-0.821688175201416,8.562378883361816,0.37000000000000005
520960,7,32784,-0.34970274567604065,-0.9031409025192261,0.249087393283844,-10.363330841064453,0.28
520960,8,25974,-0.5424649119377136,-0.744249701499939,0.3896462619304657,-14.180959701538086,0.16000000000000003
520960,9,24293,-0.08293416351079941,-0.9583656191825867,-0.27323487401008606,-5.327470779418945,0.10000000000000002
520960,10,25790,-0.23326216638088226,-0.936823308467865,0.2606738805770874,-9.450884819030762,0.07
138225,1,39438,0.19613119959831238,0.8085002303123474,-0.5548512935638428,-7.329899787902832,2.7300000000000004
138225,2,40164,0.31339648365974426,0.0481569766998291,-0.9484004974365234,-4.277862071990967,1.5900000000000003
138225,3,40282,-0.13773728907108307,0.2547806203365326,-0.9571391344070435,-0.2602296471595764,1.5600000000000003
138225,4,37093,-0.03619179129600525,0.6194687485694885,-0.784186601638794,-2.752993106842041,1.0400000000000003
138225,5,16752,0.948055624961853,0.1585429459810257,-0.27578020095825195,-13.736462593078613,0.44000000000000006
138225,6,40392,-0.2827858030796051,0.789330780506134,-0.5449671149253845,-0.3147764205932617,0.3600000000000001
138225,7,2258,-0.1805637925863266,0.9235657453536987,-0.33826467394828796,-3.309614658355713,0.20000000000000004
138225,8,14156,0.945552408695221,-0.2429221272468567,-0.21660904586315155,-10.712516784667969,0.16000000000000003
138225,9,37066,-0.27138400077819824,0.4280444085597992,-0.8620491623878479,1.774187445640564,0.12000000000000002
138225,10,41125,-0.8724706172943115,-0.2052912563085556,-0.44345298409461975,11.115887641906738,0.07
138225,11,30002,-0.7762964367866516,-0.6048089861869812,-0.17767928540706635,12.743868827819824,0.04000000000000001
138225,12,31433,-0.6010372638702393,-0.7625673413276672,0.23925983905792236,12.062758445739746,0.020000000000000004
560502,1,39256,-0.4904228746891022,0.6444242596626282,-0.5866879820823669,-11.367147445678711,2.4100000000000006
560502,2,23459,0.9303463697433472,-0.20017863810062408,0.3072199821472168,16.45209312438965,1.2900000000000003
560502,3,39948,0.09302720427513123,0.037341661751270294,-0.9949631094932556,4.16033411026001,0.6100000000000001
560502,4,39649,-0.15429162979125977,0.6293158531188965,-0.761679470539093,-4.329409599304199,0.5700000000000001
560502,5,12368,0.9212721586227417,-0.3485508859157562,0.1725395917892456,18.463871002197266,0.4000000000000001
560502,6,38749,-0.011827786453068256,0.43572694063186646,-0.9000011682510376,-0.3160746693611145,0.3600000000000001
560502,7,41314,-0.692624568939209,-0.5726826190948486,-0.43852680921554565,-7.17097282409668,0.3600000000000001
560502,8,38956,-0.2573342025279999,0.37842878699302673,-0.8891404271125793,-4.874604225158691,0.3400000000000001
560502,9,39207,-0.2660578489303589,0.6054182052612305,-0.7501213550567627,-7.137266635894775,0.21000000000000005
560502,10,38540,-0.07502289116382599,0.3200758695602417,-0.9444167613983154,-1.8810502290725708,0.15000000000000002
560502,11,11848,0.8981767892837524,-0.2671442925930023,-0.3491596281528473,19.00112533569336,0.030000000000000006
344741,1,19388,0.9594634175300598,-0.16355909407138824,-0.22951778769493103,-0.6893841028213501,1.3100000000000003
344741,2,31339,0.036277420818805695,-0.9626694917678833,-0.2682376503944397,-5.1852030754089355,1.0300000000000002
344741,3,37725,-0.2464156597852707,0.4609508514404297,-0.8525277972221375,-1.5753045082092285,1.0000000000000002
344741,4,38999,0.4336305558681488,0.6183571815490723,-0.6554379463195801,-0.1784147024154663,0.8800000000000001
344741,5,293,-0.43039101362228394,0.8667661547660828,0.2519523501396179,3.9322714805603027,0.7200000000000002
344741,6,38275,0.11259645968675613,0.4190138280391693,-0.9009714126586914,-0.852778971195221,0.6500000000000001
344741,7,30934,-0.3214435577392578,-0.7192654609680176,0.6158987283706665,-0.559198260307312,0.6400000000000001
344741,8,21929,0.9535034894943237,0.008793122135102749,0.3012535870075226,0.7792878150939941,0.6300000000000001
344741,9,38422,-0.23431576788425446,-0.08011867105960846,-0.9688535332679749,-3.038179874420166,0.45000000000000007
344741,10,11180,0.9356759786605835,0.21488887071609497,-0.2798807621002197,-0.2002563774585724,0.4200000000000001
344741,11,46992,-0.784203052520752,-0.5049640536308289,-0.36060619354248047,-3.4287967681884766,0.3500000000000001
344741,12,17258,0.9624255299568176,-0.2663928270339966,0.052649613469839096,-0.6167283654212952,0.30000000000000004
344741,13,38134,-0.11972483992576599,0.245659738779068,-0.9619341492652893,-2.406007766723633,0.26000000000000006
344741,14,38325,0.2204708755016327,0.5804798603057861,-0.7838594913482666,-0.10566222667694092,0.23000000000000004
344741,15,28850,-0.9215743541717529,-0.3850332498550415,-0.04949818179011345,-2.236088275909424,0.21000000000000005
344741,16,24773,0.13804969191551208,-0.9497709274291992,-0.2808513343334198,-5.030885219573975,0.15000000000000002
344741,17,22586,0.9904175400733948,-0.06647432595491409,-0.12105467170476913,-1.0964950323104858,0.11000000000000001
344741,18,45676,-0.8821757435798645,-0.34390929341316223,-0.3217023015022278,-3.0645558834075928,0.08000000000000002
344741,19,46982,-0.6603299379348755,-0.7190147638320923,-0.21675364673137665,-2.758878231048584,0.07
344741,20,2861,-0.14439663290977478,0.9678241014480591,-0.2060731202363968,3.7618939876556396,0.05000000000000001
344741,21,1414,-0.6174052953720093,0.7821747064590454,-0.08374607563018799,2.148624897003174,0.020000000000000004
344741,22,42446,-0.6731727123260498,-0.5743034482002258,-0.46584761142730713,-4.209443092346191,0.020000000000000004
344741,23,24822,-0.12293241918087006,-0.9783932566642761,0.16623571515083313,-2.248593330383301,0.010000000000000002
344741,24,29935,-0.3703122138977051,-0.7395235300064087,-0.562115490436554,-5.34095573425293,0.010000000000000002
43531,1,2861,-0.14439663290977478,0.9678241014480591,-0.2060731202363968,3.7618939876556396,1.2000000000000002
43531,2,15455,0.9922866821289062,0.10530701279640198,-0.06540311127901077,-21.647789001464844,1.1500000000000001
43531,3,40371,0.31454089283943176,0.7837101817131042,-0.5355952978134155,-3.9600560665130615,1.0300000000000002
43531,4,36704,-0.3041718602180481,-0.9525694251060486,0.00953497551381588,6.116394996643066,0.7100000000000002
43531,5,42934,-0.8243040442466736,-0.19008462131023407,-0.5332829356193542,19.842275619506836,0.6700000000000002
43531,6,37289,0.10764801502227783,0.03610878437757492,-0.9935331344604492,2.939838171005249,0.5200000000000001
43531,7,27849,-0.2927316725254059,-0.9340173006057739,0.204743430018425,5.661035537719727,0.25000000000000006
43531,8,20975,0.8493795990943909,-0.304097980260849,-0.43136849999427795,-15.707404136657715,0.22000000000000003
43531,9,34072,-0.5007360577583313,-0.7285420298576355,0.4674290716648102,9.248218536376953,0.12000000000000002
43531,10,1745,-0.17594870924949646,0.8902735710144043,-0.4200655221939087,6.029031753540039,0.05000000000000001
43531,11,37775,0.12319371104240417,0.0788036584854126,-0.9892488718032837,1.7002711296081543,0.04000000000000001
43531,12,34833,-0.6995709538459778,-0.710525631904602,-0.07585377991199493,15.335613250732422,0.030000000000000006
430434,1,21789,0.9994297027587891,-0.0159115269780159,-0.0297832153737545,7.503981113433838,1.6100000000000003
430434,2,18432,0.9680439233779907,-0.22774405777454376,-0.10499344021081924,8.227438926696777,1.4200000000000004
430434,3,40224,-0.5085889101028442,0.18868519365787506,-0.8400804996490479,-1.1839962005615234,1.1900000000000002
430434,4,38157,-0.27494290471076965,0.5644407272338867,-0.7783399224281311,-1.3523015975952148,0.9200000000000002
430434,5,35669,-0.6882521510124207,-0.7175393104553223,-0.10698747634887695,0.8035230040550232,0.8600000000000002
430434,6,40780,-0.332123339176178,0.21037517488002777,-0.9194761514663696,1.0795493125915527,0.8500000000000002
430434,7,38524,0.11548898369073868,0.08244597911834717,-0.9898812770843506,5.003664970397949,0.7100000000000002
430434,8,46801,-0.6930251121520996,-0.13433837890625,-0.7082862854003906,-0.9701615571975708,0.6800000000000002
430434,9,39274,0.2972518801689148,0.280519962310791,-0.9126608967781067,4.064669132232666,0.5400000000000001
430434,10,40395,0.378075510263443,0.3031236529350281,-0.8747428059577942,4.937619686126709,0.31000000000000005
430434,11,37349,0.29625803232192993,0.7801558971405029,-0.5509881377220154,0.7696259021759033,0.09000000000000002
430434,12,38264,0.03232073038816452,0.4445834457874298,-0.8951541185379028,1.3315809965133667,0.04000000000000001
430434,13,39315,0.3719925284385681,0.5696143507957458,-0.7329127192497253,1.6780784130096436,0.030000000000000006
430434,14,6599,-0.44868725538253784,0.8895144462585449,-0.08627721667289734,-8.572697639465332,0.020000000000000004
167085,1,38796,-0.05783820524811745,0.42162904143333435,-0.9049219489097595,1.5222890377044678,2.7900000000000005
167085,2,38801,0.2922040522098541,0.27151015400886536,-0.9170054793357849,-3.056575298309326,1.7700000000000002
167085,3,38325,0.2204708755016327,0.5804798603057861,-0.7838594913482666,-0.10566222667694092,1.1100000000000003
167085,4,31684,-0.382685124874115,-0.9215619564056396,0.06538811326026917,-1.1414284706115723,0.8600000000000002
167085,5,1049,0.0904374048113823,0.9831914901733398,-0.15860514342784882,4.192998886108398,0.8400000000000002
167085,6,4387,-0.8133033514022827,0.5818232297897339,0.00440361350774765,13.514646530151367,0.7500000000000001
167085,7,41066,-0.7908716797828674,-0.295602947473526,-0.535855233669281,6.193361759185791,0.6200000000000001
167085,8,37773,-0.36983242630958557,-0.5368421673774719,-0.758303701877594,0.8618583679199219,0.5500000000000002
167085,9,6168,-0.5451991558074951,0.8328038454055786,0.09589378535747528,12.764961242675781,0.4300000000000001
167085,10,6047,-0.23178228735923767,0.9537007808685303,-0.19165532290935516,7.62669563293457,0.30000000000000004
167085,11,35249,-0.11353658884763718,-0.9418566823005676,-0.316252201795578,-5.892053127288818,0.25000000000000006
167085,12,28211,-0.42457982897758484,-0.9053291082382202,0.010542647913098335,0.7105196118354797,0.06000000000000001
167085,13,3868,-0.08498397469520569,0.9695928692817688,0.2294938564300537,5.813748359680176,0.020000000000000004
167085,14,21876,0.9948809146881104,-0.094776451587677,0.035061948001384735,-11.685553550720215,0.010000000000000002
594612,1,35364,-0.6120163798332214,-0.7844038605690002,-0.10073012113571167,-16.79522705078125,0.9600000000000002
594612,2,39279,-0.10512998700141907,0.448108047246933,-0.8877763748168945,4.514735221862793,0.9500000000000002
594612,3,38624,0.5704399943351746,0.3734973669052124,-0.7315038442611694,16.291406631469727,0.8000000000000002
594612,4,32712,-0.6306139230728149,-0.7609687447547913,-0.15248827636241913,-16.064712524414062,0.7200000000000002
594612,5,19983,0.9950506091117859,-0.07737887650728226,-0.06234418973326683,19.63532066345215,0.6300000000000001
594612,6,39462,-0.6648861169815063,0.6624485850334167,-0.34509167075157166,-8.98870849609375,0.6200000000000001
594612,7,46092,-0.9640196561813354,-0.2150634527206421,-0.15624918043613434,-20.67119026184082,0.5800000000000001
594612,8,24293,-0.08293416351079941,-0.9583656191825867,-0.27323487401008606,-5.327470779418945,0.5000000000000001
594612,9,32467,-0.7472005486488342,-0.6638917922973633,0.030643124133348465,-19.432971954345703,0.3600000000000001
594612,10,10647,0.9022223949432373,-0.3553895652294159,0.2443215250968933,15.67487907409668,0.23000000000000004
594612,11,8160,0.8971099853515625,-0.23998071253299713,0.3709487318992615,15.436593055725098,0.21000000000000005
594612,12,6436,-0.20479510724544525,0.9555036425590515,-0.21230097115039825,2.523880958557129,0.10000000000000002
594612,13,20136,0.9558895230293274,0.25995558500289917,0.1367417275905609,19.846906661987305,0.08000000000000002
594612,14,6734,-0.5299094319343567,0.753320574760437,0.38949212431907654,-8.555611610412598,0.06000000000000001
594612,15,9592,0.9013167023658752,-0.29806089401245117,-0.3143054246902466,17.297292709350586,0.030000000000000006
594612,16,45585,-0.8081309795379639,-0.4567546546459198,-0.3718864619731903,-18.06296730041504,0.010000000000000002
477244,1,40851,-0.24725313484668732,0.1798940896987915,-0.9521050453186035,-5.248562335968018,1.8800000000000003
477244,2,38275,0.11259645968675613,0.4190138280391693,-0.9009714126586914,-0.852778971195221,1.8200000000000003
477244,3,41191,-0.7492696642875671,-0.4151563346385956,-0.5159846544265747,-11.950526237487793,1.1500000000000001
477244,4,2564,-0.6741883754730225,0.7365443706512451,-0.054519884288311005,-4.625861644744873,0.6300000000000001
477244,5,36809,-0.4574611485004425,-0.8433473706245422,0.2819477915763855,-6.46779727935791,0.3600000000000001
477244,6,11444,0.6321010589599609,-0.62205570936203,-0.46205514669418335,4.161263465881348,0.3500000000000001
477244,7,40795,0.30236828327178955,0.2998158633708954,-0.9048115015029907,1.5389090776443481,0.28
477244,8,30804,-0.7191280722618103,-0.6925707459449768,0.05657367408275604,-9.228470802307129,0.2700000000000001
477244,9,18920,0.9564964175224304,-0.28590065240859985,-0.05809849500656128,9.370800018310547,0.23000000000000004
477244,10,6867,-0.16125592589378357,0.9380430579185486,0.30671122670173645,1.9650273323059082,0.17000000000000004
477244,11,15791,0.9870434999465942,0.1448097676038742,0.06910306960344315,12.463406562805176,0.12000000000000002
477244,12,32921,-0.36643359065055847,-0.9209359884262085,-0.1326775848865509,-8.031997680664062,0.08000000000000002
477244,13,8682,0.9580016732215881,-0.2030251920223236,-0.20251813530921936,8.768672943115234,0.06000000000000001
477244,14,8847,0.9874682426452637,0.012284656055271626,-0.15733888745307922,9.862659454345703,0.020000000000000004
477244,15,24356,-0.47835013270378113,-0.8395604491233826,-0.2575255036354065,-7.984790802001953,0.020000000000000004
605403,1,13561,0.9684209823608398,-0.041771043092012405,-0.24579668045043945,21.949190139770508,1.7000000000000004
605403,2,39207,-0.2660578489303589,0.6054182052612305,-0.7501213550567627,-7.137266635894775,1.0800000000000003
605403,3,13700,0.9264250993728638,-0.3193061947822571,0.19944950938224792,20.535425186157227,1.0500000000000003
605403,4,45387,-0.8435410857200623,-0.22732843458652496,-0.48658016324043274,-14.570029258728027,0.6100000000000001
605403,5,43299,-0.7436187863349915,-0.6585281491279602,-0.11563635617494583,-11.120779991149902,0.5400000000000001
605403,6,11775,0.9984382390975952,0.006185443140566349,-0.055523503571748734,20.90247917175293,0.29000000000000004
605403,7,39104,-0.05926964059472084,0.6581472158432007,-0.7505527138710022,-1.8875912427902222,0.2700000000000001
605403,8,39948,0.09302720427513123,0.037341661751270294,-0.9949631094932556,4.16033411026001,0.14
605403,9,47667,-0.7126153707504272,-0.5804662704467773,-0.394002765417099,-11.230356216430664,0.10000000000000002
435442,1,38800,-0.12756748497486115,0.7159421443939209,-0.686406135559082,-3.8824617862701416,2.8300000000000005
435442,2,38749,-0.011827786453068256,0.43572694063186646,-0.9000011682510376,-0.3160746693611145,1.3800000000000003
435442,3,40071,0.06332200765609741,0.7365276217460632,-0.6734369993209839,-2.067138910293579,0.8400000000000002
435442,4,6599,-0.44868725538253784,0.8895144462585449,-0.08627721667289734,-8.572697639465332,0.8000000000000002
435442,5,6423,-0.5661511421203613,0.821058452129364,0.0730476900935173,-8.86324405670166,0.5500000000000002
435442,6,21789,0.9994297027587891,-0.0159115269780159,-0.0297832153737545,7.503981113433838,0.4600000000000001
435442,7,39858,-0.17528708279132843,0.760804295539856,-0.6248610019683838,-4.083888053894043,0.4600000000000001
435442,8,18432,0.9680439233779907,-0.22774405777454376,-0.10499344021081924,8.227438926696777,0.4100000000000001
435442,9,41839,-0.9447678327560425,-0.29896727204322815,-0.13428445160388947,-6.088990211486816,0.4000000000000001
435442,10,39315,0.3719925284385681,0.5696143507957458,-0.7329127192497253,1.6780784130096436,0.28
435442,11,26978,-0.2802359163761139,-0.9368898868560791,0.20905768871307373,3.269460439682007,0.25000000000000006
435442,12,15780,0.9686681032180786,-0.20934127271175385,0.13363508880138397,7.600766658782959,0.24000000000000005
435442,13,9235,0.9847291707992554,-0.17405474185943604,0.0036644237115979195,9.205028533935547,0.20000000000000004
435442,14,13205,0.9549058675765991,-0.19401751458644867,0.22474870085716248,7.5985941886901855,0.14
435442,15,11638,0.7843015193939209,-0.5827808976173401,-0.2126912623643875,11.003011703491211,0.09000000000000002
435442,16,30441,-0.335094690322876,-0.7503663301467896,-0.5697911381721497,3.293991804122925,0.09000000000000002
435442,17,43449,-0.7892251014709473,-0.559529185295105,-0.2530827820301056,-2.276379108428955,0.07
493320,1,25257,-0.4297497868537903,-0.8996312022209167,-0.07732243835926056,-0.9447580575942993,1.4800000000000002
493320,2,37120,-0.34000253677368164,0.12691886723041534,-0.9318207502365112,-7.4374518394470215,1.0300000000000002
493320,3,33948,-0.3628041446208954,-0.8501193523406982,0.3816676437854767,0.21914231777191162,0.8500000000000002
493320,4,9700,0.9879986047744751,-0.10921116918325424,-0.10923242568969727,12.70441722869873,0.7800000000000001
493320,5,1103,-0.6125555634498596,0.6508015990257263,-0.4485900104045868,-11.295165061950684,0.7600000000000001
493320,6,21336,0.9070977568626404,-0.11215146631002426,0.4057040214538574,12.869779586791992,0.7200000000000002
493320,7,40016,-0.22712551057338715,0.3503515124320984,-0.9086626768112183,-5.965646743774414,0.6500000000000001
493320,8,40975,-0.11758516728878021,0.2684561610221863,-0.9560883641242981,-4.997090816497803,0.4700000000000001
493320,9,16727,0.8330333828926086,-0.5042052268981934,0.22766759991645813,12.356515884399414,0.45000000000000007
493320,10,5358,-0.4735246002674103,0.8638221025466919,0.17200519144535065,-8.595338821411133,0.4100000000000001
493320,11,3725,0.03263469040393829,0.7770432829856873,-0.6286005973815918,-4.187277793884277,0.4000000000000001
493320,12,27924,-0.9359714984893799,-0.34731778502464294,0.05768667906522751,-10.169726371765137,0.38000000000000006
493320,13,21788,0.9816882610321045,-0.15837019681930542,0.10586307942867279,13.475041389465332,0.06000000000000001
493320,14,40464,0.044961947947740555,0.5538598299026489,-0.8313950300216675,-4.713716983795166,0.05000000000000001
493320,15,38015,0.4493981897830963,0.6492196321487427,-0.6136409044265747,0.17548948526382446,0.030000000000000006
17533,1,37375,-0.15029123425483704,0.6386401057243347,-0.7546862959861755,7.7843403816223145,3.3000000000000007
17533,2,38834,-0.012272434309124947,0.47582635283470154,-0.8794535994529724,5.296192169189453,2.7100000000000004
17533,3,6899,-0.3559185266494751,0.932099461555481,-0.06717585027217865,10.456328392028809,1.3400000000000003
17533,4,40371,0.31454089283943176,0.7837101817131042,-0.5355952978134155,-3.9600560665130615,0.8500000000000002
17533,5,38325,0.2204708755016327,0.5804798603057861,-0.7838594913482666,-0.10566222667694092,0.8300000000000002
17533,6,16995,0.9345636367797852,-0.2104533612728119,0.2868800163269043,-22.408132553100586,0.26000000000000006
17533,7,22974,0.7835720777511597,0.2248389571905136,-0.5791910290718079,-15.821512222290039,0.21000000000000005
17533,8,26647,-0.5982287526130676,-0.800976037979126,0.02366023138165474,12.953720092773438,0.21000000000000005
17533,9,23667,-0.7330760359764099,-0.6290366053581238,0.2586745619773865,13.370336532592773,0.18000000000000005
17533,10,15455,0.9922866821289062,0.10530701279640198,-0.06540311127901077,-21.647789001464844,0.11000000000000001
17533,11,46279,-0.8349895477294922,-0.422234445810318,-0.3528605103492737,20.687236785888672,0.09000000000000002
17533,12,7147,0.013516911305487156,0.9824385643005371,-0.18609599769115448,2.9910624027252197,0.030000000000000006
17533,13,36704,-0.3041718602180481,-0.9525694251060486,0.00953497551381588,6.116394996643066,0.010000000000000002
17533,14,39968,0.5660015940666199,0.48800650238990784,-0.6644484996795654,-8.148909568786621,0.010000000000000002
16190,1,38968,0.34949612617492676,0.5419726967811584,-0.7642761468887329,-2.802516222000122,3.2200000000000006
16190,2,39968,0.5660015940666199,0.48800650238990784,-0.6644484996795654,-8.148909568786621,2.9100000000000006
16190,3,39091,-0.3286295235157013,0.5525062680244446,-0.7659891843795776,13.730854988098145,1.7700000000000002
16190,4,19443,0.9259012937545776,-0.3057236671447754,-0.22190053761005402,-23.429704666137695,0.6100000000000001
16190,5,38801,0.2922040522098541,0.27151015400886536,-0.9170054793357849,-3.056575298309326,0.5900000000000001
16190,6,5544,-0.33683326840400696,0.8231807351112366,-0.4570741653442383,13.708048820495605,0.5800000000000001
16190,7,13660,0.9841798543930054,-0.1760561317205429,0.019856009632349014,-23.90540885925293,0.5000000000000001
16190,8,26081,-0.8600758910179138,-0.4174218475818634,-0.2933061718940735,18.158859252929688,0.33000000000000007
16190,9,1472,-0.22590671479701996,0.9572986364364624,-0.18040350079536438,11.747530937194824,0.26000000000000006
16190,10,4144,-0.18752360343933105,0.9819685220718384,0.023931635543704033,11.784914016723633,0.26000000000000006
16190,11,38834,-0.012272434309124947,0.47582635283470154,-0.8794535994529724,5.296192169189453,0.15000000000000002
16190,12,41755,-0.5446316599845886,-0.3311215043067932,-0.7705419659614563,14.342243194580078,0.13000000000000003
16190,13,41244,-0.8182550668716431,-0.31519749760627747,-0.48073816299438477,19.763757705688477,0.06000000000000001
16190,14,9458,0.9441651701927185,0.2293633371591568,0.2365259826183319,-21.778120040893555,0.04000000000000001
16190,15,7773,0.9746920466423035,-0.22282841801643372,-0.0179691631346941,-25.121089935302734,0.020000000000000004
90762,1,38325,0.2204708755016327,0.5804798603057861,-0.7838594913482666,-0.10566222667694092,2.0000000000000004
90762,2,39616,-0.44596627354621887,0.09566649049520493,-0.8899224996566772,8.33804702758789,1.5000000000000002
90762,3,4000,0.044498011469841,0.9940198063850403,-0.09972227364778519,4.842852592468262,1.0900000000000003
90762,4,8744,0.938844621181488,-0.15356363356113434,-0.3082028031349182,-18.225570678710938,0.9700000000000002
90762,5,46049,-0.6201728582382202,-0.16791807115077972,-0.7662826776504517,9.730758666992188,0.8900000000000001
90762,6,38801,0.2922040522098541,0.27151015400886536,-0.9170054793357849,-3.056575298309326,0.7100000000000002
90762,7,12222,0.9685685634613037,-0.2465076595544815,-0.03330094739794731,-18.569726943969727,0.6100000000000001
90762,8,20177,0.9660279154777527,-0.1475944221019745,-0.21214598417282104,-18.775056838989258,0.20000000000000004
90762,9,38968,0.34949612617492676,0.5419726967811584,-0.7642761468887329,-2.802516222000122,0.08000000000000002
90762,10,38938,0.6161277890205383,0.44492432475090027,-0.6499453186988831,-8.54776668548584,0.030000000000000006
90762,11,33884,-0.2829335033893585,-0.7804242968559265,-0.5575720071792603,-0.8016467094421387,0.010000000000000002
252798,1,6567,0.061874788254499435,0.9490109086036682,-0.30911123752593994,-2.754924774169922,1.5900000000000003
252798,2,16397,0.9915621280670166,-0.08019857853651047,0.10184649378061295,-4.916871070861816,1.4100000000000004
252798,3,39193,0.05412905290722847,0.4398408830165863,-0.8964430093765259,-4.634550094604492,1.3500000000000003
252798,4,37475,0.532640814781189,0.4783882200717926,-0.6981679201126099,-7.118757247924805,1.12
252798,5,31099,-0.3682696223258972,-0.4390847384929657,0.8195011019706726,6.750180244445801,1.1100000000000003
252798,6,28846,-0.5501960515975952,-0.8145010471343994,0.18404455482959747,5.722227573394775,0.9400000000000002
252798,7,18689,0.9401180148124695,-0.09002198278903961,0.3287462890148163,-4.731060028076172,0.5300000000000001
252798,8,5977,-0.008935105986893177,0.7107251882553101,0.7034130096435547,1.010610580444336,0.12000000000000002
252798,9,42174,-0.8511407971382141,-0.4769314229488373,-0.21930737793445587,4.778095722198486,0.09000000000000002
252798,10,38800,-0.12756748497486115,0.7159421443939209,-0.686406135559082,-3.8824617862701416,0.04000000000000001
252798,11,43544,-0.5079584121704102,-0.7844973802566528,-0.35572758316993713,2.9217333793640137,0.04000000000000001
252798,12,40476,-0.009044053964316845,0.07528650760650635,-0.9971209168434143,-3.5596957206726074,0.010000000000000002
5753,1,38490,0.5550118684768677,0.28684699535369873,-0.7808204889297485,-11.543391227722168,3.130000000000001
5753,2,37807,0.4310208261013031,0.24948453903198242,-0.8671669363975525,-7.536632537841797,2.1900000000000004
5753,3,40529,-0.050023432821035385,0.4334957003593445,-0.8997661471366882,3.2926361560821533,1.3000000000000003
5753,4,16324,0.9578222036361694,0.0296575129032135,0.2858269512653351,-23.922935485839844,0.8200000000000002
5753,5,11511,0.9365024566650391,-0.2050674706697464,0.284447580575943,-22.62134552001953,0.7600000000000001
5753,6,27086,-0.6190973520278931,-0.7797477841377258,-0.09333737194538116,19.556472778320312,0.4200000000000001
5753,7,2697,-0.14399276673793793,0.9498172402381897,0.27769288420677185,-1.9859548807144165,0.38000000000000006
5753,8,36312,-0.628486156463623,-0.6132786273956299,0.4784291684627533,16.84864044189453,0.23000000000000004
5753,9,39792,0.20580753684043884,0.4279279410839081,-0.8800687193870544,-2.8777589797973633,0.23000000000000004
5753,10,10794,0.9936124682426453,-0.07765839248895645,-0.08187439292669296,-23.696046829223633,0.20000000000000004
5753,11,47347,-0.8070523738861084,-0.4591276943683624,-0.3713061511516571,24.82302474975586,0.19000000000000003
5753,12,4631,-0.7773958444595337,0.5567883253097534,-0.2926473021507263,17.718883514404297,0.13000000000000003
5753,13,41714,-0.8118690252304077,-0.3948099613189697,-0.43010902404785156,23.43885040283203,0.13000000000000003
5753,14,32414,-0.5720511078834534,-0.8174594044685364,-0.0672140121459961,20.345706939697266,0.11000000000000001
5753,15,11986,0.9878712892532349,-0.15504670143127441,-0.008418445475399494,-23.542211532592773,0.08000000000000002
5753,16,12099,0.9937723875045776,0.11058292537927628,0.013707711361348629,-24.441646575927734,0.010000000000000002
27216,1,13660,0.9841798543930054,-0.1760561317205429,0.019856009632349014,-23.90540885925293,1.2900000000000003
27216,2,27421,-0.6762838363647461,-0.7220765948295593,-0.1457585245370865,10.881380081176758,1.2000000000000002
27216,3,38224,0.24184370040893555,0.3393297791481018,-0.9090472459793091,-3.008329391479492,0.8800000000000001
27216,4,40529,-0.050023432821035385,0.4334957003593445,-0.8997661471366882,3.2926361560821533,0.8300000000000002
27216,5,5589,-0.7154825925827026,0.6981126070022583,0.02689673937857151,19.833724975585938,0.6400000000000001
27216,6,38764,0.5373557806015015,0.327097624540329,-0.777338981628418,-10.657472610473633,0.45000000000000007
27216,7,37375,-0.15029123425483704,0.6386401057243347,-0.7546862959861755,7.7843403816223145,0.24000000000000005
27216,8,25827,0.1382368803024292,-0.8764745593070984,0.4611755907535553,-8.582686424255371,0.04000000000000001
27216,9,31872,-0.035495735704898834,-0.8494016528129578,0.5265519022941589,-3.855685234069824,0.04000000000000001
27216,10,34420,-0.602730393409729,-0.6616776585578918,0.44598063826560974,9.85586166381836,0.010000000000000002
9567,1,39193,0.05412905290722847,0.4398408830165863,-0.8964430093765259,-4.634550094604492,1.5500000000000003
9567,2,37093,-0.03619179129600525,0.6194687485694885,-0.784186601638794,-2.752993106842041,1.4300000000000004
9567,3,34046,-0.23075297474861145,-0.9633023738861084,-0.13711881637573242,10.991063117980957,0.9300000000000002
9567,4,35723,-0.9084534645080566,-0.4106200039386749,-0.07812485843896866,23.200353622436523,0.8000000000000002
9567,5,32155,-0.8886203765869141,-0.4556419551372528,-0.05238576605916023,24.016191482543945,0.7100000000000002
9567,6,14870,0.907873272895813,-0.4003003239631653,0.1246022880077362,-18.58054542541504,0.3400000000000001
9567,7,2083,-0.8004584312438965,0.5753211975097656,-0.16814228892326355,16.199827194213867,0.28
9567,8,32356,0.11988436430692673,-0.9495447278022766,0.2898145914077759,1.8365291357040405,0.18000000000000005
171007,1,37279,0.01246197521686554,0.7375673651695251,-0.6751585602760315,5.033202648162842,1.2300000000000002
171007,2,38835,-0.03992603346705437,0.36855030059814453,-0.9287500381469727,2.9144039154052734,1.2000000000000002
171007,3,31684,-0.382685124874115,-0.9215619564056396,0.06538811326026917,-1.1414284706115723,0.9600000000000002
171007,4,19731,0.921847939491272,-0.31168609857559204,-0.2303217202425003,-13.040084838867188,0.8600000000000002
171007,5,27784,-0.4572489857673645,-0.867882490158081,-0.1941736489534378,0.23110561072826385,0.7500000000000001
171007,6,38343,0.40286391973495483,0.778047502040863,-0.48201942443847656,0.4442272186279297,0.7300000000000001
171007,7,23974,-0.2740948498249054,-0.9615762829780579,-0.015589992515742779,-1.7772401571273804,0.20000000000000004
171007,8,16502,0.9224779605865479,-0.37523913383483887,-0.09071919322013855,-12.263089179992676,0.16000000000000003
171007,9,13378,0.98902428150177,-0.14380620419979095,0.033922404050827026,-11.97760009765625,0.04000000000000001
171007,10,29774,-0.26269930601119995,-0.9598470330238342,-0.0984007939696312,-2.5833795070648193,0.020000000000000004
171007,11,47074,-0.8453124165534973,-0.3095947802066803,-0.43542852997779846,9.566036224365234,0.020000000000000004
171007,12,38736,0.1902810037136078,0.5283046364784241,-0.8274583220481873,1.4103730916976929,0.010000000000000002
506807,1,39315,0.3719925284385681,0.5696143507957458,-0.7329127192497253,1.6780784130096436,1.1100000000000003
506807,2,38540,-0.07502289116382599,0.3200758695602417,-0.9444167613983154,-1.8810502290725708,0.9900000000000002
506807,3,15036,0.8566567301750183,-0.38906756043434143,-0.33877086639404297,14.100848197937012,0.8900000000000001
506807,4,22877,0.8819767236709595,0.4130897521972656,-0.22687871754169464,8.8070650100708,0.7000000000000002
506807,5,38275,0.11259645968675613,0.4190138280391693,-0.9009714126586914,-0.852778971195221,0.6400000000000001
506807,6,5044,-0.12911342084407806,0.991563081741333,0.0115050058811903,-7.836200714111328,0.4600000000000001
506807,7,21336,0.9070977568626404,-0.11215146631002426,0.4057040214538574,12.869779586791992,0.33000000000000007
506807,8,22028,0.9697473049163818,-0.24410171806812286,0.002126129576936364,13.42955493927002,0.33000000000000007
506807,9,30544,-0.5720350742340088,-0.7579898834228516,0.31341224908828735,-3.8625712394714355,0.23000000000000004
506807,10,27604,-0.1318349391222,-0.9876692295074463,-0.084433913230896,4.841647148132324,0.19000000000000003
506807,11,39207,-0.2660578489303589,0.6054182052612305,-0.7501213550567627,-7.137266635894775,0.05000000000000001
58039,1,39947,-0.01506318524479866,0.4510284960269928,-0.8923824429512024,-0.29027295112609863,2.5700000000000003
58039,2,38490,0.5550118684768677,0.28684699535369873,-0.7808204889297485,-11.543391227722168,2.2000000000000006
58039,3,38136,-0.05465913563966751,0.5924955606460571,-0.8037172555923462,-1.1713355779647827,1.4700000000000002
58039,4,8857,0.9693248867988586,0.039240602403879166,0.24263034760951996,-20.381452560424805,0.9500000000000002
58039,5,11852,0.9552074074745178,-0.20892173051834106,-0.20959603786468506,-17.49189567565918,0.7200000000000002
58039,6,40915,-0.6881831884384155,0.12420045584440231,-0.714827299118042,15.415639877319336,0.5300000000000001
58039,7,4307,-0.6799725890159607,0.6975462436676025,-0.22597898542881012,9.65762996673584,0.5000000000000001
58039,8,25125,-0.41569986939430237,-0.8853362798690796,0.20826247334480286,13.753398895263672,0.45000000000000007
58039,9,39438,0.19613119959831238,0.8085002303123474,-0.5548512935638428,-7.329899787902832,0.45000000000000007
58039,10,22566,0.9622746706008911,-0.02856787107884884,-0.2705758512020111,-18.215892791748047,0.4000000000000001
58039,11,21674,0.9608018398284912,-0.2688842713832855,0.06753547489643097,-17.425331115722656,0.37000000000000005
58039,12,11294,0.9538103938102722,0.1601230949163437,0.2541777491569519,-20.449188232421875,0.2700000000000001
58039,13,6437,-0.04850011691451073,0.9329972267150879,-0.35660046339035034,-5.1646342277526855,0.14
58039,14,28500,-0.17313632369041443,-0.9245381355285645,-0.3394894003868103,9.4169921875,0.14
58039,15,30595,-0.6467500925064087,-0.7189754247665405,-0.2545361816883087,19.45936393737793,0.13000000000000003
58039,16,31310,-0.5952500700950623,-0.7572823762893677,-0.26870205998420715,16.177248001098633,0.11000000000000001
58039,17,20551,0.6845628023147583,-0.3869631290435791,-0.6177647709846497,-8.587335586547852,0.08000000000000002
58039,18,39215,0.39177173376083374,0.729589581489563,-0.5605478882789612,-12.203351974487305,0.08000000000000002
58039,19,25800,-0.618366003036499,-0.7733229994773865,-0.1399819552898407,18.50643539428711,0.010000000000000002
59541,1,39968,0.5660015940666199,0.48800650238990784,-0.6644484996795654,-8.148909568786621,2.0900000000000003
59541,2,38325,0.2204708755016327,0.5804798603057861,-0.7838594913482666,-0.10566222667694092,1.8800000000000003
59541,3,38968,0.34949612617492676,0.5419726967811584,-0.7642761468887329,-2.802516222000122,1.2100000000000002
59541,4,43759,-0.8875269889831543,-0.3209742605686188,-0.33056217432022095,19.20331382751465,1.1400000000000001
59541,5,11861,0.9039239287376404,-0.0824633464217186,0.4196681082248688,-19.64031982421875,0.9500000000000002
59541,6,37775,0.12319371104240417,0.0788036584854126,-0.9892488718032837,1.7002711296081543,0.8900000000000001
59541,7,37289,0.10764801502227783,0.03610878437757492,-0.9935331344604492,2.939838171005249,0.6800000000000002
59541,8,23667,-0.7330760359764099,-0.6290366053581238,0.2586745619773865,13.370336532592773,0.44000000000000006
59541,9,2861,-0.14439663290977478,0.9678241014480591,-0.2060731202363968,3.7618939876556396,0.25000000000000006
59541,10,36704,-0.3041718602180481,-0.9525694251060486,0.00953497551381588,6.116394996643066,0.24000000000000005
59541,11,5717,-0.64491206407547,0.741297721862793,-0.1859196126461029,13.797414779663086,0.20000000000000004
59541,12,8058,0.9745891690254211,-0.1659020483493805,0.15050721168518066,-21.026124954223633,0.06000000000000001
59541,13,35600,-0.5476968288421631,-0.8355058431625366,-0.044251151382923126,9.833198547363281,0.020000000000000004
181676,1,40685,-0.3745131194591522,0.6493364572525024,-0.661892831325531,0.07608509063720703,2.3100000000000005
181676,2,39438,0.19613119959831238,0.8085002303123474,-0.5548512935638428,-7.329899787902832,1.4300000000000004
181676,3,39193,0.05412905290722847,0.4398408830165863,-0.8964430093765259,-4.634550094604492,1.3200000000000003
181676,4,15874,0.9245718717575073,-0.24908731877803802,-0.2883095443248749,-9.069624900817871,1.1500000000000001
181676,5,38656,-0.15087425708770752,0.2851051688194275,-0.9465473890304565,-1.8546067476272583,0.8300000000000002
181676,6,12867,0.9541251063346863,0.12765295803546906,-0.27083197236061096,-10.949640274047852,0.3500000000000001
181676,7,2258,-0.1805637925863266,0.9235657453536987,-0.33826467394828796,-3.309614658355713,0.31000000000000005
181676,8,779,-0.30109530687332153,0.8653486371040344,-0.40064117312431335,-0.9507066011428833,0.20000000000000004
181676,9,44749,-0.8029218316078186,-0.43202948570251465,-0.41069090366363525,9.88041877746582,0.19000000000000003
181676,10,42334,-0.6482973098754883,-0.7226074934005737,-0.2398938089609146,8.909070014953613,0.04000000000000001
181676,11,82,-0.3490593135356903,0.9054489135742188,-0.24149496853351593,-1.5929239988327026,0.010000000000000002
378175,1,40975,-0.11758516728878021,0.2684561610221863,-0.9560883641242981,-4.997090816497803,1.7700000000000002
378175,2,27035,-0.7106779217720032,-0.5499800443649292,0.4387013614177704,0.061645567417144775,1.3100000000000003
378175,3,31539,-0.42498356103897095,-0.9018664360046387,0.07762661576271057,0.77040696144104,1.1800000000000002
378175,4,38800,-0.12756748497486115,0.7159421443939209,-0.686406135559082,-3.8824617862701416,0.9700000000000002
378175,5,30640,-0.5187603235244751,-0.8059343099594116,0.2852325439453125,0.9136942028999329,0.6100000000000001
378175,6,27121,-0.4088880121707916,-0.8402494192123413,-0.35607796907424927,-1.4560298919677734,0.6000000000000001
378175,7,14259,0.9819092750549316,-0.11837673932313919,-0.14778734743595123,2.5000104904174805,0.4900000000000001
378175,8,16721,0.9586848020553589,-0.25734665989875793,0.12122773379087448,3.016663074493408,0.39000000000000007
378175,9,4215,-0.3353610038757324,0.9399110078811646,-0.06403324007987976,-1.9013800621032715,0.3500000000000001
378175,10,34520,-0.6302949786186218,-0.7745730876922607,0.05258171260356903,0.06042928993701935,0.11000000000000001
378175,11,5910,-0.27273985743522644,0.9608196020126343,-0.049382567405700684,-3.3233296871185303,0.09000000000000002
378175,12,28933,-0.6391295194625854,-0.7654448747634888,-0.07488411664962769,-0.6406068801879883,0.06000000000000001
378175,13,4519,-0.46239927411079407,0.8652175068855286,0.19387003779411316,-1.6622593402862549,0.010000000000000002
619276,1,30497,-0.7002238631248474,-0.6703667044639587,-0.2455504834651947,-19.058687210083008,1.7700000000000002
619276,2,15185,0.9981704354286194,0.03833621367812157,-0.046755753457546234,21.992605209350586,1.0700000000000003
619276,3,38869,0.00537992874160409,0.7626522779464722,-0.6467863321304321,-0.11031339317560196,0.9600000000000002
619276,4,38438,0.2375400811433792,0.0282732080668211,-0.9709661602973938,2.610175848007202,0.7900000000000001
619276,5,39274,0.2972518801689148,0.280519962310791,-0.9126608967781067,4.064669132232666,0.7300000000000001
619276,6,42204,-0.7193374037742615,-0.2918481230735779,-0.6303795576095581,-18.843429565429688,0.4700000000000001
619276,7,10221,0.8816322088241577,-0.4615913927555084,-0.09827522933483124,17.92093849182129,0.3600000000000001
619276,8,39830,-0.24257682263851166,-0.5094869136810303,-0.8255783319473267,-9.442253112792969,0.20000000000000004
619276,9,39677,0.045334894210100174,0.574148416519165,-0.8174951672554016,0.9017328023910522,0.15000000000000002
619276,10,24586,-0.8713491559028625,-0.490642249584198,-0.004561008885502815,-21.1343994140625,0.04000000000000001
619276,11,3093,-0.5126190185546875,0.8561332821846008,-0.06525001674890518,-8.45532512664795,0.030000000000000006
324168,1,28398,-0.6232789158821106,-0.6491444110870361,-0.4360446631908417,1.6229183673858643,1.2800000000000002
324168,2,19820,0.7925788164138794,-0.5969167947769165,-0.12453562766313553,-1.2346402406692505,1.2400000000000002
324168,3,34674,-0.3309290409088135,-0.8717219829559326,-0.3613679111003876,-0.26966947317123413,1.0100000000000002
324168,4,37279,0.01246197521686554,0.7375673651695251,-0.6751585602760315,5.033202648162842,0.9100000000000001
324168,5,19408,0.9617077112197876,-0.26085618138313293,0.08409713208675385,-2.6620328426361084,0.6000000000000001
324168,6,2861,-0.14439663290977478,0.9678241014480591,-0.2060731202363968,3.7618939876556396,0.06000000000000001
324168,7,39274,0.2972518801689148,0.280519962310791,-0.9126608967781067,4.064669132232666,0.06000000000000001
567447,1,32702,-0.867691159248352,-0.4851495325565338,-0.10836047679185867,-18.70761489868164,1.3200000000000003
567447,2,40859,-0.39692825078964233,0.9147356152534485,0.07554273307323456,-1.674405574798584,0.9800000000000002
567447,3,17664,0.9804509878158569,-0.08307276666164398,0.17836683988571167,16.784147262573242,0.8300000000000002
567447,4,40089,0.4825071096420288,0.26806628704071045,-0.8338629007339478,9.637066841125488,0.6100000000000001
567447,5,37373,0.03881318122148514,0.36650359630584717,-0.9296067357063293,3.544081211090088,0.4200000000000001
567447,6,41647,-0.7202789187431335,-0.5732754468917847,-0.3905809819698334,-16.49773406982422,0.20000000000000004
567447,7,23776,-0.19638295471668243,-0.9718719124794006,0.12999527156352997,-8.826745986938477,0.19000000000000003
567447,8,39462,-0.6648861169815063,0.6624485850334167,-0.34509167075157166,-8.98870849609375,0.15000000000000002
567447,9,24000,-0.6135865449905396,-0.6424797177314758,-0.4590548276901245,-14.36960220336914,0.11000000000000001
567447,10,33758,-0.17773927748203278,-0.9635105133056641,-0.20014062523841858,-8.842287063598633,0.08000000000000002
567447,11,40821,0.43967100977897644,0.5820956230163574,-0.6839986443519592,12.11556339263916,0.05000000000000001
567447,12,45364,-0.8442241549491882,-0.532753050327301,-0.05881991982460022,-17.86366081237793,0.04000000000000001
567447,13,1752,-0.5648400783538818,0.8187109231948853,0.10328643769025803,-5.105404376983643,0.030000000000000006
