trace_id,face_id,set_id,x_face_nominal,x_mid_rough,x_span,rough_offset_p0,rough_offset_p1,rough_offset_mid,p0_x,p0_y,p0_z,p1_x,p1_y,p1_z,length_yz,length_3d,length_ratio_3d_to_yz,theta_yz_deg,valid_length,valid_x_tolerance,confidence,parent_fracture_id,dx,x_face,normal_x,normal_y,normal_z,rough_length_warning,censoring_class,is_p0_on_boundary,is_p1_on_boundary,distance_p0_to_boundary,distance_p1_to_boundary
1,1,1,6.0,6.0,0.0,0.0,0.0,0.0,6.0,3.27023720741272,4.333057403564453,6.0,3.123254537582397,6.34571647644043,2.018018941650557,2.018018941650557,1.0,94.17684405056761,True,True,1.0,87749,0.0,6.0,-0.1546133607625961,0.9853509664535522,0.0719591975212097,False,0,False,False,1.729144976941757,0.5038475079904391
2,1,1,6.0,6.0,0.0,0.0,0.0,0.0,6.0,1.4764344692230225,3.283588171005249,6.0,1.9595160484313965,3.706578493118286,0.6420970524552713,0.6420970524552713,1.0,41.20566447134263,True,True,1.0,353074,0.0,6.0,-0.6153379678726196,0.5192795991897583,-0.5930497050285339,False,0,False,False,3.283588171005249,3.169543890429207
3,1,1,6.0,6.0,0.0,0.0,0.0,0.0,6.0,1.3302943706512451,7.392353057861328,6.0,1.4823868256816193,7.735530543161518,0.37537035217785725,0.37537035217785725,1.0,66.09761005050586,True,True,1.0,395597,0.0,6.0,-0.6778789758682251,0.6721228957176208,-0.2978772819042206,False,1,False,True,0.37138070571534576,0.0
4,1,1,6.0,6.0,0.0,0.0,0.0,0.0,6.0,-4.989133834838867,0.22882080078125,6.0,-4.9029741287231445,2.2414913177490234,2.0145138631514237,2.0145138631514237,1.0,87.54874171914325,True,True,1.0,438281,0.0,6.0,0.0586636252701282,0.997364342212677,-0.0426956862211227,False,0,False,False,0.11913809222445963,0.635965933870105
5,1,1,6.0,6.0,0.0,0.0,0.0,0.0,6.0,1.9326434135437007,6.840865612030029,6.0,1.6413220483275928,7.691330354139948,0.8989763152627926,0.8989763152627926,1.0,108.90857450503681,True,True,1.0,465773,0.0,6.0,-0.3744503259658813,0.8772098422050476,0.3004827201366424,False,1,False,True,0.6966372146017599,0.0
6,1,1,6.0,6.0,0.0,0.0,0.0,0.0,6.0,-2.0843777656555176,6.685036659240723,6.0,-2.1187701947393074,7.52491490812448,0.840582126937238,0.840582126937238,1.0,92.34491214916186,True,True,1.0,602883,0.0,6.0,-0.3425366580486297,0.9387177228927612,0.0384399183094501,False,1,False,True,0.7705284876510656,0.0
7,1,1,6.0,6.0,0.0,0.0,0.0,0.0,6.0,1.2675257731708278,0.0,6.0,1.4620730876922607,3.112524032592773,3.118598164408983,3.118598164408983,1.0,86.42339859988988,True,True,1.0,724122,0.0,6.0,-0.0149866016581654,0.997940182685852,-0.0623759217560291,False,1,True,False,0.0,3.112524032592773
8,1,2,6.0,6.0,0.0,0.0,0.0,0.0,6.0,1.4620885848999023,4.852869033813477,6.0,-1.4165937900543213,3.7144272327423096,3.0956198006696902,3.0956198006696902,1.0,21.577470434422935,True,True,1.0,791567,0.0,6.0,0.9228619337081908,-0.1416353285312652,0.3581414222717285,False,0,False,False,2.6901145479733195,3.5965579769926403
9,1,2,6.0,6.0,0.0,0.0,0.0,0.0,6.0,-0.5678558349609375,5.570728302001953,6.0,-2.690143831573696,7.247443033933763,2.7047141499322542,2.7047141499322542,1.0,141.6894822637487,True,True,1.0,931180,0.0,6.0,0.9931816458702089,0.0722689032554626,0.0914737731218338,False,1,False,True,2.3295995231266433,0.0
10,1,2,6.0,6.0,0.0,0.0,0.0,0.0,6.0,-3.8247071149057854,6.402599343467236,6.0,-2.5665879249572754,3.226517915725708,3.4161904413778457,3.4161904413778457,1.0,111.60966199174857,True,True,1.0,1317917,0.0,6.0,0.923066258430481,-0.3576062023639679,-0.1416561007499694,False,1,True,False,9.930136612989092e-16,2.8352184253075947
11,1,2,6.0,6.0,0.0,0.0,0.0,0.0,6.0,4.71796910422376,5.278588807547619,6.0,3.745774984359741,3.4739911556243896,2.0498131846646435,2.0498131846646435,1.0,61.68724180884766,True,True,1.0,1373568,0.0,6.0,0.8792243599891663,-0.419416069984436,0.2259527742862701,False,1,True,False,1.2560739669470201e-15,1.6311922667965773
12,1,2,6.0,6.0,0.0,0.0,0.0,0.0,6.0,5.064018575009316,4.601117031284222,6.0,3.620826482772827,4.147319316864014,1.5128568275639762,1.5128568275639762,1.0,17.45524751138001,True,True,1.0,1376986,0.0,6.0,0.9528719186782836,-0.0909999459981918,0.2894030511379242,False,1,True,False,0.0,1.5061603659095806
13,1,2,6.0,6.0,0.0,0.0,0.0,0.0,6.0,-4.330698013305664,5.325139999389648,6.0,-4.935144084714008,4.906977711070033,0.7349930289558378,0.7349930289558378,1.0,34.675901403994345,True,True,1.0,1476386,0.0,6.0,0.9346061944961548,-0.2023608535528183,0.2925086915493011,False,1,False,True,0.29934757534590384,0.0
14,1,2,6.0,6.0,0.0,0.0,0.0,0.0,6.0,-0.2169722318649292,0.6226709485054016,6.0,-2.122570037841797,0.4090015292167663,1.9175394699674357,1.9175394699674357,1.0,6.397695115108803,True,True,1.0,1744226,0.0,6.0,0.8323612809181213,-0.0617576465010643,0.5507819056510925,False,0,False,False,0.6226709485054016,0.4090015292167663
15,1,2,6.0,6.0,0.0,0.0,0.0,0.0,6.0,-5.410873625503438,3.5066816195195645,6.0,-4.454777240753174,2.8094258308410645,1.1833367786806097,1.1833367786806097,1.0,143.89771867101422,True,True,1.0,1914182,0.0,6.0,0.8342793583869934,-0.3248664438724518,-0.4454658031463623,False,1,True,False,8.881784197001252e-16,1.0571832810053627
16,1,2,6.0,6.0,0.0,0.0,0.0,0.0,6.0,1.3574061393737793,6.568724632263184,6.0,2.1153926849365234,7.066176414489746,0.9066431927139393,0.9066431927139393,1.0,33.27610907941572,True,True,1.0,1993697,0.0,6.0,0.9545296430587769,0.1635684967041015,-0.2492357641458511,False,0,False,False,1.157630922895541,0.4141293289558902
17,1,2,6.0,6.0,0.0,0.0,0.0,0.0,6.0,-3.164896692659791,6.9400500119808095,6.0,-0.0954172611236572,2.795379161834717,5.157518825624791,5.157518825624791,1.0,126.52307858208229,True,True,1.0,2022311,0.0,6.0,0.7458259463310242,-0.5353222489356995,-0.3964514136314392,False,1,True,False,9.930136612989092e-16,2.795379161834717
18,1,2,6.0,6.0,0.0,0.0,0.0,0.0,6.0,0.8619817495346069,3.420581340789795,6.0,2.07495641708374,1.5400487184524536,2.237791430806474,2.237791430806474,1.0,122.82268579559431,True,True,1.0,2065645,0.0,6.0,0.8027215600013733,-0.5011473298072815,-0.3232482969760895,False,0,False,False,3.420581340789795,1.5400487184524536
19,1,2,6.0,6.0,0.0,0.0,0.0,0.0,6.0,-1.517511045483921,7.725762430538963,6.0,-1.5225465297698977,6.995602607727051,0.7301771859971506,0.7301771859971506,1.0,89.60487085898103,True,True,1.0,2104618,0.0,6.0,0.922343909740448,-0.3863607048988342,0.0026645050384104,False,1,True,False,9.155133597044475e-16,0.7021140575719454
20,1,2,6.0,6.0,0.0,0.0,0.0,0.0,6.0,3.6153624057769775,3.0932986736297607,6.0,4.051782131195068,2.890873670578003,0.4810800958203384,0.4810800958203384,1.0,155.11666740205888,True,True,1.0,2282507,0.0,6.0,0.9823436737060548,-0.0787203162908554,-0.1697175204753875,False,0,False,False,1.842471914271158,1.4559405420350913
21,1,2,6.0,6.0,0.0,0.0,0.0,0.0,6.0,4.908522852703377,4.970158470123665,6.0,3.284422147277392,0.0,5.228783636708178,5.228783636708178,1.0,71.90414004001909,True,True,1.0,2451116,0.0,6.0,0.8303531408309937,-0.5296755433082581,0.1730822920799255,False,2,True,True,0.0,1.3322676295501878e-15
22,1,3,6.0,6.0,0.0,0.0,0.0,0.0,6.0,-1.2382233142852783,0.1689472198486328,6.0,-1.1821015212639017,0.0,0.17802477003640957,0.17802477003640957,1.0,108.37573181819728,True,True,1.0,2631257,0.0,6.0,-0.8119320273399353,-0.5539862513542175,-0.1840261071920395,False,1,False,True,0.1689472198486328,4.440892098500626e-16
23,1,3,6.0,6.0,0.0,0.0,0.0,0.0,6.0,-3.036271540667764,7.034407280718612,6.0,-2.957453489303589,6.802436351776123,0.24499550423484695,0.24499550423484695,1.0,108.76650528074038,True,True,1.0,2633357,0.0,6.0,-0.3320249021053314,-0.8931240439414978,-0.3034616410732269,False,1,True,False,0.0,0.2336606770242591
24,1,3,6.0,6.0,0.0,0.0,0.0,0.0,6.0,0.3089284896850586,3.417818784713745,6.0,0.3483277559280395,1.5225155353546145,1.8957127180065454,1.8957127180065454,1.0,91.19088414387471,True,True,1.0,2634723,0.0,6.0,-0.6936162710189819,-0.720189094543457,-0.0149711882695555,False,0,False,False,3.417818784713745,1.5225155353546145
25,1,3,6.0,6.0,0.0,0.0,0.0,0.0,6.0,3.43301575743172,6.743362332653669,6.0,2.8360328674316406,5.786585330963135,1.1277458942141072,1.1277458942141072,1.0,58.03781771576098,True,True,1.0,2640181,0.0,6.0,-0.1865047514438629,-0.8335117697715759,0.5200712084770203,False,1,True,False,9.930136612989092e-16,1.124570009404114
26,1,3,6.0,6.0,0.0,0.0,0.0,0.0,6.0,1.272174102749926,7.793991102964654,6.0,2.9382438037984127,0.0,7.970074376180185,7.970074376180185,1.0,102.06613908824406,True,True,1.0,2673183,0.0,6.0,-0.4985293745994568,-0.8477209806442261,-0.1812116503715515,False,2,True,True,9.155133597044475e-16,8.881784197001252e-16
27,1,3,6.0,6.0,0.0,0.0,0.0,0.0,6.0,3.815543554553593,6.412297688792106,6.0,2.911714553833008,4.797492504119873,1.8505411767879945,1.8505411767879945,1.0,60.763651601063174,True,True,1.0,2702283,0.0,6.0,-0.679115355014801,-0.6405250430107117,0.3585108816623688,False,1,True,False,9.930136612989092e-16,1.7659797438530689
28,1,3,6.0,6.0,0.0,0.0,0.0,0.0,6.0,-0.0517765581607818,2.6799936294555664,6.0,0.2862117290496826,0.2433323860168457,2.459990670219665,2.459990670219665,1.0,97.897083924781,True,True,1.0,2703596,0.0,6.0,-0.2587142884731293,-0.956793248653412,-0.132716417312622,False,0,False,False,2.6799936294555664,0.2433323860168457
29,1,3,6.0,6.0,0.0,0.0,0.0,0.0,6.0,-5.377562873100851,3.653764509428165,6.0,-4.946379661560059,2.9244327545166016,0.847256614395552,0.847256614395552,1.0,120.59171203759091,True,True,1.0,2861386,0.0,6.0,-0.2146398723125457,-0.8407528400421143,-0.49705570936203,False,1,True,False,8.881784197001252e-16,0.5607513965192932
30,1,3,6.0,6.0,0.0,0.0,0.0,0.0,6.0,-1.2064917087554932,2.310823440551758,6.0,-2.894903753758346,0.0,2.8619294553000745,2.8619294553000745,1.0,53.846124244314026,True,True,1.0,2883837,0.0,6.0,-0.7707540988922119,-0.514443576335907,0.3758801817893982,False,1,False,True,2.310823440551758,0.0
31,1,3,6.0,6.0,0.0,0.0,0.0,0.0,6.0,0.6292585134506226,1.6487666368484497,6.0,0.4929132523495887,0.0,1.6543945880621276,1.6543945880621276,1.0,85.27266439837085,True,True,1.0,2927405,0.0,6.0,-0.5711547136306763,-0.8180500864982605,0.0676489174365997,False,1,False,True,1.6487666368484497,6.661338147750939e-16
32,1,3,6.0,6.0,0.0,0.0,0.0,0.0,6.0,-1.705896496772766,5.017916202545166,6.0,-1.7327150106430054,2.98317289352417,2.0349200392870284,2.0349200392870284,1.0,89.24486853879768,True,True,1.0,2955522,0.0,6.0,-0.6629148125648499,-0.7486298084259033,0.0098671512678265,False,0,False,False,2.4128244561879413,2.98317289352417
33,1,3,6.0,6.0,0.0,0.0,0.0,0.0,6.0,-4.944130420684815,2.390294313430786,6.0,-3.901606595377551,0.0,2.6077505308508413,2.6077505308508413,1.0,113.56436165184023,True,True,1.0,3113970,0.0,6.0,-0.8831846117973328,-0.4299141764640808,-0.1875065565109253,False,1,False,True,0.5879134271931457,0.0
34,1,3,6.0,6.0,0.0,0.0,0.0,0.0,6.0,-4.158271312713623,4.507110595703125,6.0,-4.582083225250244,3.6724910736083984,0.9360589104696233,0.9360589104696233,1.0,63.07896986953901,True,True,1.0,3177034,0.0,6.0,-0.8363452553749084,-0.488795131444931,0.2482054084539413,False,0,False,False,0.8711815882761074,0.7716953276243349
35,1,3,6.0,6.0,0.0,0.0,0.0,0.0,6.0,2.826400756835937,6.746881484985352,6.0,2.3244495391845703,4.568233489990234,2.235724068618025,2.235724068618025,1.0,77.02570230424976,True,True,1.0,3404117,0.0,6.0,0.1314481198787689,-0.9660154581069946,0.2225658148527145,False,0,False,False,0.3559720603706087,2.350292041931985
36,1,3,6.0,6.0,0.0,0.0,0.0,0.0,6.0,0.17242167826032,7.945733939119326,6.0,-0.0078252553939819,7.507877349853516,0.47350538524420915,0.47350538524420915,1.0,67.62511882353586,True,True,1.0,3418631,0.0,6.0,-0.4569957852363586,-0.8225034475326538,0.3385896682739258,False,1,True,False,5.551115123125783e-17,0.4509299283690669
37,1,3,6.0,6.0,0.0,0.0,0.0,0.0,6.0,-5.397796630859375,2.486922025680542,6.0,-5.268339749212942,0.6882798470624023,1.803294976122827,1.803294976122827,1.0,94.11675236138927,True,True,1.0,3420331,0.0,6.0,-0.0171550866216421,-0.997273087501526,-0.0717783868312835,False,1,False,True,0.13023377011254822,1.1102230246251565e-16
38,1,3,6.0,6.0,0.0,0.0,0.0,0.0,6.0,2.654232491457876,7.264882387457043,6.0,1.7157421266233923,0.0,7.325249502131017,7.325249502131017,1.0,82.63919469261754,True,True,1.0,3547316,0.0,6.0,-0.3991239964962005,-0.9093408584594728,0.1174702644348144,False,2,True,True,9.930136612989092e-16,0.0
39,1,3,6.0,6.0,0.0,0.0,0.0,0.0,6.0,-4.723941802978516,5.048308849334717,6.0,-1.1520652770996094,0.6242971420288086,5.68596355093,5.68596355093,1.0,128.91685343963178,True,True,1.0,3588423,0.0,6.0,-0.508601725101471,-0.6699097752571106,-0.5408744215965271,False,0,False,False,0.12048234237507163,0.6242971420288086
40,1,3,6.0,6.0,0.0,0.0,0.0,0.0,6.0,0.4452807009220123,2.964946985244751,6.0,0.3777352273464203,2.498021364212036,0.47178589060858683,0.47178589060858683,1.0,81.7686915209048,True,True,1.0,3682856,0.0,6.0,-0.3621598482131958,-0.922513484954834,0.1334507912397384,False,0,False,False,2.964946985244751,2.498021364212036
41,1,4,6.0,6.0,0.0,0.0,0.0,0.0,6.0,0.1037384395329432,1.7763568394002505e-15,6.0,5.334232826882246,3.845087369406876,6.491746176065792,6.491746176065792,1.0,36.320679623416225,True,True,1.0,3878550,0.0,6.0,0.2806431353092193,0.5685006380081177,-0.7733346223831177,False,2,True,True,1.7772239894833365e-15,0.0
42,1,4,6.0,6.0,0.0,0.0,0.0,0.0,6.0,-2.4468178749084477,3.34698486328125,6.0,-0.6359584331512451,4.390585899353027,2.090051444412624,2.090051444412624,1.0,29.954912555398767,True,True,1.0,3884857,0.0,6.0,-0.2215614318847656,0.4869085252285003,-0.844884991645813,False,0,False,False,2.898814875916286,3.449431297952138
43,1,4,6.0,6.0,0.0,0.0,0.0,0.0,6.0,-5.365277369651774,3.708010877971076,6.0,-2.5710093835844083,7.305297398281772,4.5550415900593055,4.5550415900593055,1.0,52.16097415633504,True,True,1.0,3884933,0.0,6.0,0.3446139693260193,0.7413616180419922,-0.5758681893348694,False,2,True,True,8.881784197001252e-16,0.0
44,1,4,6.0,6.0,0.0,0.0,0.0,0.0,6.0,-5.517788137047533,1.9105250694678932,6.0,-3.079310178756714,4.720001220703125,3.7201251319585595,3.7201251319585595,1.0,49.04373307115864,True,True,1.0,3885537,0.0,6.0,-0.2949250936508178,0.72161865234375,-0.6263271570205688,False,1,True,False,0.0,1.6783679990455909
45,1,4,6.0,6.0,0.0,0.0,0.0,0.0,6.0,-5.535839093824819,2.0492497252274773,6.0,-4.007394313812256,3.0186092853546143,1.8099175125838,1.8099175125838,1.0,32.38340178581876,True,True,1.0,3909829,0.0,6.0,-0.0017708702944219,0.5355813503265381,-0.8444818258285522,False,1,True,False,0.0,1.4766205581001126
46,1,4,6.0,6.0,0.0,0.0,0.0,0.0,6.0,2.57574462890625,5.041229724884033,6.0,4.41200918874442,5.74934769294189,1.9680697625856807,1.9680697625856807,1.0,21.088115651028982,True,True,1.0,3930309,0.0,6.0,-0.3252229690551758,0.3402434289455414,-0.8823063373565674,False,1,False,True,1.842789419585959,0.0
47,1,4,6.0,6.0,0.0,0.0,0.0,0.0,6.0,-5.103292806163203,0.1945402182472739,6.0,-0.9513711929321288,2.047090530395508,4.546470690706786,4.546470690706786,1.0,24.04600155280922,True,True,1.0,3931480,0.0,6.0,-0.0598148927092552,0.4067403376102447,-0.9115834832191468,False,1,True,False,1.6653345369377348e-16,2.047090530395508
48,1,4,6.0,6.0,0.0,0.0,0.0,0.0,6.0,-1.073765754699707,6.24457597732544,6.0,2.6467272208375205,7.268527115479282,3.8588267536063863,3.8588267536063863,1.0,15.387927356456858,True,True,1.0,3933064,0.0,6.0,-0.0162840969860553,0.2653177678585052,-0.9640235304832458,False,1,False,True,1.545924674836573,9.930136612989092e-16
49,1,4,6.0,6.0,0.0,0.0,0.0,0.0,6.0,-5.331574313693229,3.856825975547461,6.0,1.6773779628590155,7.681303135433469,7.984487307365241,7.984487307365241,1.0,28.61935658852485,True,True,1.0,3934136,0.0,6.0,0.1752314120531082,0.4715772271156311,-0.8642389178276062,False,2,True,True,9.930136612989092e-16,9.930136612989092e-16
50,1,4,6.0,6.0,0.0,0.0,0.0,0.0,6.0,-5.089288756283111,4.54114275084282,6.0,-0.257348273108307,7.938034230254383,5.9064812330051835,5.9064812330051835,1.0,35.10751447347293,True,True,1.0,3938383,0.0,6.0,-0.4046971201896667,0.5259121060371399,-0.7480887174606323,False,2,True,True,0.0,5.551115123125783e-17
51,1,4,6.0,6.0,0.0,0.0,0.0,0.0,6.0,-0.9233880043029784,2.4358043670654297,6.0,4.197504810296239,6.008045191232303,6.243752695651736,6.243752695651736,1.0,34.89892011699285,True,True,1.0,3942815,0.0,6.0,-0.0499457754194736,0.5714163780212402,-0.8191390037536621,False,1,False,True,2.4358043670654297,1.2560739669470201e-15
52,1,4,6.0,6.0,0.0,0.0,0.0,0.0,6.0,-4.327327781530313,5.870645757198166,6.0,-2.4308738708496094,6.30836820602417,1.9463140490533297,1.9463140490533297,1.0,12.996889691440249,True,True,1.0,3945818,0.0,6.0,0.2939684092998504,0.2149610966444015,-0.931329309940338,False,1,True,False,8.881784197001252e-16,0.9435012738536409
53,1,4,6.0,6.0,0.0,0.0,0.0,0.0,6.0,1.588623046875,3.1450672149658203,6.0,4.591358780045345,5.473395159864257,3.799675368008829,3.799675368008829,1.0,37.7900792174807,True,True,1.0,3949402,0.0,6.0,0.0869186446070671,0.6104511618614197,-0.7872703075408936,False,1,False,True,3.1450672149658203,1.2560739669470201e-15
54,1,4,6.0,6.0,0.0,0.0,0.0,0.0,6.0,-0.0051926288602039,0.0,6.0,3.1479601860046387,6.189647674560547,6.9465179053309045,6.9465179053309045,1.0,63.004631416937364,True,True,1.0,3964077,0.0,6.0,0.0145775685086846,0.8909485340118408,-0.4538702368736267,False,1,True,False,9.627715291671279e-17,0.6150739036676547
55,1,4,6.0,6.0,0.0,0.0,0.0,0.0,6.0,-5.518699991816943,2.68977076562233,6.0,-4.700739860534668,3.224355697631836,0.9771590586485521,0.9771590586485521,1.0,33.166971305718185,True,True,1.0,3967207,0.0,6.0,-0.2763610184192657,0.5257741212844849,-0.8044788241386414,False,1,True,False,1.7763568394002505e-15,0.7549545833323719
56,1,4,6.0,6.0,0.0,0.0,0.0,0.0,6.0,3.2769353705054147,-8.881784197001252e-16,6.0,5.517501570527054,1.908322757291546,2.9430991561067428,2.9430991561067428,1.0,40.42151856061292,True,True,1.0,3973543,0.0,6.0,0.2034173011779785,0.6348490715026855,-0.745377779006958,False,2,True,True,1.2560739669470201e-15,1.831026719408895e-15
57,1,4,6.0,6.0,0.0,0.0,0.0,0.0,6.0,-3.4066845624618214,0.0,6.0,-2.921808242797852,0.1476104259490966,0.506847001786288,0.506847001786288,1.0,16.931770995643443,True,True,1.0,3980593,0.0,6.0,0.4447323381900787,0.2608465254306793,-0.8568385243415833,False,1,True,False,0.0,0.1476104259490966
58,1,4,6.0,6.0,0.0,0.0,0.0,0.0,6.0,-3.9598467962658352,6.259572916341746,6.0,2.904587736281181,7.131008325899035,6.919527521778799,6.919527521778799,1.0,7.234960303795152,True,True,1.0,3992991,0.0,6.0,-0.3026297986507416,0.1200330778956413,-0.9455195665359496,False,2,True,True,0.0,9.930136612989092e-16
59,1,4,6.0,6.0,0.0,0.0,0.0,0.0,6.0,-0.4648580181938473,0.0,6.0,4.40081286299994,5.766574687594847,7.545073674372355,7.545073674372355,1.0,49.84328366286194,True,True,1.0,4000087,0.0,6.0,0.039077028632164,0.7636996507644653,-0.6443879008293152,False,2,True,True,4.440892098500626e-16,1.9860273225978185e-15
60,1,4,6.0,6.0,0.0,0.0,0.0,0.0,6.0,-5.312282681070286,0.8197355799792829,6.0,5.319590019831868,3.909742359823,11.0718046870268,11.0718046870268,1.0,16.20577560801019,True,True,1.0,4002460,0.0,6.0,0.3861214816570282,0.2574440836906433,-0.885794997215271,False,2,True,True,1.1102230246251565e-16,2.7012892057857038e-15
61,1,4,6.0,6.0,0.0,0.0,0.0,0.0,6.0,-2.617898941040039,0.4401812553405761,6.0,0.2204307946738279,7.941381283512341,8.02023176418747,8.02023176418747,1.0,69.27418834850131,True,True,1.0,4007496,0.0,6.0,0.3179517984390259,0.8867498636245728,-0.3355314135551452,False,1,False,True,0.4401812553405761,2.7755575615628914e-17
62,1,4,6.0,6.0,0.0,0.0,0.0,0.0,6.0,-2.55333455833805,-4.440892098500626e-16,6.0,1.8306385233032716,7.638681080810137,8.807307683672828,8.807307683672828,1.0,60.14772978046866,True,True,1.0,4018219,0.0,6.0,0.4300528764724731,0.7830122113227844,-0.4493844509124756,False,2,True,True,4.440892098500626e-16,2.220446049250313e-16
63,1,4,6.0,6.0,0.0,0.0,0.0,0.0,6.0,-1.0938516855239868,3.5548226833343506,6.0,1.809664368629456,4.979800701141357,3.234341946665498,3.234341946665498,1.0,26.140728360077023,True,True,1.0,4029604,0.0,6.0,0.1446974873542785,0.4359407424926758,-0.8882670402526855,False,0,False,False,3.5548226833343506,2.38217917173305
64,1,4,6.0,6.0,0.0,0.0,0.0,0.0,6.0,0.5903168753998624,-8.881784197001252e-16,6.0,2.5492095947265625,1.4596490859985352,2.4429154999892067,2.4429154999892067,1.0,36.69126430773281,True,True,1.0,4032961,0.0,6.0,-0.1266456991434097,0.5926917791366577,-0.79541015625,False,1,True,False,8.881784197001252e-16,1.4596490859985352
65,1,4,6.0,6.0,0.0,0.0,0.0,0.0,6.0,-5.305967639565511,0.8008440683226274,6.0,-2.3124303817749023,2.2410237789154053,3.3219546824999906,3.3219546824999906,1.0,25.692035345014936,True,True,1.0,4037148,0.0,6.0,-0.0638054683804512,0.4326504468917846,-0.8993011116981506,False,1,True,False,9.930136612989092e-16,2.2410237789154053
66,1,4,6.0,6.0,0.0,0.0,0.0,0.0,6.0,-3.1335151584284078,6.963070982708672,6.0,2.9853324964729424,7.0717753149475255,6.119813171636798,6.119813171636798,1.0,1.0177805828750428,True,True,1.0,4068000,0.0,6.0,-0.1404237151145935,0.017586663365364,-0.9899352788925172,False,2,True,True,0.0,9.930136612989092e-16
67,1,4,6.0,6.0,0.0,0.0,0.0,0.0,6.0,2.94900131225586,2.491211414337158,6.0,5.074609130670462,4.575982231166643,2.9773273176473496,2.9773273176473496,1.0,44.44429832200874,True,True,1.0,4075733,0.0,6.0,-0.0169336721301078,0.7001150846481323,-0.7138291597366333,False,1,False,True,2.491211414337158,0.0
68,1,4,6.0,6.0,0.0,0.0,0.0,0.0,6.0,-5.469086112830116,1.536241776470498,6.0,5.062722957050511,4.604191950057627,10.969563371075129,10.969563371075129,1.0,16.241012871986637,True,True,1.0,4078059,0.0,6.0,0.5304339528083801,0.2370907515287399,-0.813896656036377,False,2,True,True,1.7763568394002505e-15,1.9860273225978185e-15
69,1,4,6.0,6.0,0.0,0.0,0.0,0.0,6.0,3.2119102478027344,1.725865602493286,6.0,5.496782277154509,1.7490914835063704,2.2849900726399075,2.2849900726399075,1.0,0.5823954727396675,True,True,1.0,4078466,0.0,6.0,-0.0037835896946489,0.0101644722744822,-0.9999411702156068,False,1,False,True,1.725865602493286,0.0
70,1,4,6.0,6.0,0.0,0.0,0.0,0.0,6.0,-3.2244699449311653,0.0,6.0,-0.5469398498535156,2.75345230102539,3.84065970688221,3.84065970688221,1.0,45.80091193820048,True,True,1.0,4080215,0.0,6.0,0.0992487743496894,0.7133820652961731,-0.6937115788459778,False,1,True,False,0.0,2.75345230102539
71,1,4,6.0,6.0,0.0,0.0,0.0,0.0,6.0,-2.775408744812012,4.341655731201172,6.0,0.1993947029113769,5.011055946350098,3.0491887774666213,3.0491887774666213,1.0,12.681656468605423,True,True,1.0,4113548,0.0,6.0,-0.1533662378787994,0.2169366031885147,-0.9640629291534424,False,0,False,False,2.1393585476294064,2.9202551423216594
72,1,4,6.0,6.0,0.0,0.0,0.0,0.0,6.0,2.421173658598762,0.0,6.0,5.422653082277598,3.454669688868531,4.576420150068657,4.576420150068657,1.0,49.01529874315335,True,True,1.0,4114994,0.0,6.0,-0.0785133838653564,0.7525544762611389,-0.6538328528404236,False,2,True,True,4.440892098500626e-16,8.881784197001252e-16
73,1,4,6.0,6.0,0.0,0.0,0.0,0.0,6.0,-5.052901929801518,0.0437953929826862,6.0,0.7524223327636719,3.965410232543945,7.005772815571109,7.005772815571109,1.0,34.039827971439045,True,True,1.0,4140642,0.0,6.0,-0.3118210136890411,0.5318594574928284,-0.7873329520225525,False,1,True,False,0.0,3.798790510477524
74,1,5,6.0,6.0,0.0,0.0,0.0,0.0,6.0,-1.492722988128662,6.396890640258789,6.0,0.4250185489654541,5.772910118103027,2.016701340091259,2.016701340091259,1.0,161.97653235866872,True,True,1.0,4362767,0.0,6.0,-0.8005918264389038,-0.1853995770215988,-0.5698067545890808,False,0,False,False,1.2869262536981574,2.141140740505661
75,1,5,6.0,6.0,0.0,0.0,0.0,0.0,6.0,-2.1562695503234863,4.829864501953125,6.0,-0.8683995008468628,3.2494728565216064,2.0386875722603164,2.0386875722603164,1.0,129.17678497524275,True,True,1.0,4444702,0.0,6.0,-0.7938519716262817,-0.4714079797267914,-0.3841530680656433,False,0,False,False,2.292852273520512,3.2494728565216064
76,1,5,6.0,6.0,0.0,0.0,0.0,0.0,6.0,-2.508026599884033,7.221433162689209,6.0,-0.9551343072211156,7.874770781127418,1.6847327729578963,1.6847327729578963,1.0,22.817613458923592,True,True,1.0,4480390,0.0,6.0,-0.9102508425712584,0.1605709046125412,-0.38165482878685,False,1,False,True,0.10295250475060529,8.881784197001252e-16
77,1,5,6.0,6.0,0.0,0.0,0.0,0.0,6.0,-0.0551496744155883,0.3422176241874695,6.0,0.2213350697259785,0.0,0.4399508109408866,0.4399508109408866,1.0,128.9354664260323,True,True,1.0,4512519,0.0,6.0,-0.6310766935348511,-0.6033974885940552,-0.4874973893165588,False,1,False,True,0.3422176241874695,1.1102230246251565e-16
78,1,5,6.0,6.0,0.0,0.0,0.0,0.0,6.0,1.291777491569519,6.831161975860596,6.0,2.9112863540649414,5.835531711578369,1.901075637331643,1.901075637331643,1.0,148.41792361333387,True,True,1.0,4518878,0.0,6.0,-0.7013768553733826,-0.3733023703098297,-0.6072197556495667,False,0,False,False,0.9223731185549617,1.0405920675659417
79,1,5,6.0,6.0,0.0,0.0,0.0,0.0,6.0,-0.9189503192901612,0.913390576839447,6.0,-0.6676958902634458,1.1102230246251563e-16,0.9473178632141581,0.9473178632141581,1.0,105.38045127470588,True,True,1.0,4595607,0.0,6.0,-0.8172467350959778,-0.5556487441062927,-0.1528472453355789,False,1,False,True,0.913390576839447,4.577566798522237e-16
80,1,5,6.0,6.0,0.0,0.0,0.0,0.0,6.0,5.104329109191895,1.113034725189209,6.0,5.349365702494239,0.9306698202316964,0.30545030793466377,0.30545030793466377,1.0,143.34207206317166,True,True,1.0,4732521,0.0,6.0,-0.7610867023468018,-0.3872676193714142,-0.5203564167022705,False,1,False,True,0.2902121648964682,1.1102230246251565e-16
81,1,5,6.0,6.0,0.0,0.0,0.0,0.0,6.0,1.520757079124451,4.13059139251709,6.0,4.352735996246338,3.413640022277832,2.9213222784059285,2.9213222784059285,1.0,165.79333498719018,True,True,1.0,4754383,0.0,6.0,-0.8245711326599121,-0.1388484686613083,-0.5484555959701538,False,0,False,False,3.2350312935488867,1.0525533843731663
82,1,5,6.0,6.0,0.0,0.0,0.0,0.0,6.0,-3.9146807193756095,4.937657833099365,6.0,-2.4412038326263428,3.1646454334259038,2.3053648529419712,2.3053648529419712,1.0,129.72856134308967,True,True,1.0,4765651,0.0,6.0,-0.5813577771186829,-0.6257613301277161,-0.5200441479682922,False,0,False,False,0.8593229956672499,2.9718701193919084
83,1,5,6.0,6.0,0.0,0.0,0.0,0.0,6.0,-2.16743563456629,7.501281877255361,6.0,-1.9770441055297847,7.144274711608887,0.4046023364388641,0.4046023364388641,1.0,118.07095096913969,True,True,1.0,4773569,0.0,6.0,-0.6429653763771057,-0.6757996082305908,-0.3604032099246979,False,1,True,False,9.930136612989092e-16,0.404312535254093
84,2,1,9.0,9.0,0.0,0.0,0.0,0.0,9.0,-1.170138597488403,6.57417106628418,9.0,-0.9517589363241916,7.875076802736597,1.3191078089166943,1.3191078089166943,1.0,80.47075338363223,True,True,1.0,13209,0.0,9.0,0.0237058252096176,0.9859240651130676,-0.1655045449733734,False,1,False,True,1.2025589222509165,8.95090418262362e-16
85,2,1,9.0,9.0,0.0,0.0,0.0,0.0,9.0,-3.7900218963623047,1.5115083456039429,9.0,-4.015252113342285,3.9733810424804688,2.47215408627111,2.47215408627111,1.0,95.22728760660726,True,True,1.0,135020,0.0,9.0,-0.2350015342235565,0.9679526090621948,0.0885554179549217,False,0,False,False,1.5115083456039429,1.2102209516021147
86,2,1,9.0,9.0,0.0,0.0,0.0,0.0,9.0,-5.198925018310547,3.853173494338989,9.0,-5.145555740801587,4.407603071307454,0.5569923119750037,0.5569923119750037,1.0,84.50166068317715,True,True,1.0,163519,0.0,9.0,-0.3651254177093506,0.9266749620437622,-0.0892014801502227,False,1,False,True,0.13017969124323456,8.881784197001252e-16
87,2,1,9.0,9.0,0.0,0.0,0.0,0.0,9.0,-4.448616027832031,1.156693696975708,9.0,-4.374245643615723,1.9997889995574951,0.8463690940032939,0.8463690940032939,1.0,84.95892308537475,True,True,1.0,220931,0.0,9.0,-0.2600837647914886,0.9618511199951172,-0.0848459973931312,False,0,False,False,0.9259409276851981,1.1455008151039496
88,2,1,9.0,9.0,0.0,0.0,0.0,0.0,9.0,2.727337598800659,0.1650051474571228,9.0,3.5597918033599854,1.44527268409729,1.5271100052265987,1.5271100052265987,1.0,56.96731468631302,True,True,1.0,261068,0.0,9.0,-0.1281713098287582,0.8314449787139893,-0.5406213402748108,False,0,False,False,0.1650051474571228,1.44527268409729
89,2,1,9.0,9.0,0.0,0.0,0.0,0.0,9.0,4.608882904052734,1.4464130401611328,9.0,4.7524802660316245,5.2254889233981565,3.7818031061427546,3.7818031061427546,1.0,87.82392132219624,True,True,1.0,297988,0.0,9.0,-0.300600916147232,0.9530622363090516,-0.0362144857645034,False,1,False,True,0.8414213001258617,0.0
90,2,1,9.0,9.0,0.0,0.0,0.0,0.0,9.0,2.6890745162963867,6.478325843811035,9.0,2.903681184677134,7.131673357053543,0.6876910608504764,0.6876910608504764,1.0,71.81607212736716,True,True,1.0,304050,0.0,9.0,-0.2404054701328277,0.9221968054771424,-0.3029162883758545,False,1,False,True,0.653738601139304,9.930136612989092e-16
91,2,1,9.0,9.0,0.0,0.0,0.0,0.0,9.0,-0.0016820728778839,6.664125919342041,9.0,-0.5537368783578799,7.911162718740314,1.3637687807348597,1.3637687807348597,1.0,113.87864999484822,True,True,1.0,385756,0.0,9.0,-0.4318183362483978,0.8247571587562561,0.3651144802570343,False,1,False,True,1.2917895430286153,1.1102230246251565e-16
92,2,1,9.0,9.0,0.0,0.0,0.0,0.0,9.0,-2.8236595752762117,0.0,9.0,-2.620424270629883,2.2173964977264404,2.2266907771812794,2.2266907771812794,1.0,84.76319120534822,True,True,1.0,531454,0.0,9.0,-0.6074090600013733,0.7910733819007874,-0.0725057646632194,False,1,True,False,0.0,2.2173964977264404
93,2,1,9.0,9.0,0.0,0.0,0.0,0.0,9.0,-1.9814331531524656,2.5821125507354736,9.0,-3.414787530899048,4.847241401672363,2.680543505252613,2.680543505252613,1.0,122.32528253302262,True,True,1.0,551616,0.0,9.0,-0.7088904976844788,0.5960124731063843,0.3771516978740692,False,0,False,False,2.5821125507354736,1.3277409452605073
94,2,1,9.0,9.0,0.0,0.0,0.0,0.0,9.0,2.1170504093170166,7.260267734527588,9.0,2.09663497960558,7.535664265870137,0.2761522030435577,0.2761522030435577,1.0,94.23964055661622,True,True,1.0,687769,0.0,9.0,-0.0501071326434612,0.9960108399391174,0.0738352611660957,False,1,False,True,0.2388121477569103,4.440892098500626e-16
95,2,2,9.0,9.0,0.0,0.0,0.0,0.0,9.0,-0.0352372229099273,1.235700011253357,9.0,-0.3677960242420952,0.0,1.2796678765035225,1.2796678765035225,1.0,74.93711775625067,True,True,1.0,798577,0.0,9.0,0.9684187769889832,-0.2407626956701278,0.0647954642772674,False,1,False,True,1.235700011253357,3.885780586188048e-16
96,2,2,9.0,9.0,0.0,0.0,0.0,0.0,9.0,-0.0244917643830996,7.959145724571333,9.0,-0.1041070520877838,7.339089870452881,0.6251462678948527,0.6251462678948527,1.0,82.68324540905706,True,True,1.0,812607,0.0,9.0,0.8565889000892639,-0.5117977857589722,0.0657149329781532,False,1,True,False,6.938893903907228e-18,0.6103344054416184
97,2,2,9.0,9.0,0.0,0.0,0.0,0.0,9.0,0.5830749273300171,4.512818813323975,9.0,1.582913517951965,3.182706832885742,1.6639937162748542,1.6639937162748542,1.0,126.93200335780938,True,True,1.0,867397,0.0,9.0,0.8661397695541382,-0.3995162546634674,-0.3003143668174743,False,0,False,False,3.34583682179368,3.182706832885742
98,2,2,9.0,9.0,0.0,0.0,0.0,0.0,9.0,-0.156192660331726,5.74662446975708,9.0,3.4585113525390625,2.449619770050049,4.892476376085472,4.892476376085472,1.0,137.6317698036654,True,True,1.0,1083443,0.0,9.0,0.9486727714538574,-0.2131248861551284,-0.2336615771055221,False,0,False,False,2.191592053400609,2.0691481225838912
99,2,2,9.0,9.0,0.0,0.0,0.0,0.0,9.0,-1.912635326385498,5.865242004394531,9.0,-3.4504451751708984,3.618585348129273,2.722558587461869,2.722558587461869,1.0,55.60882230368445,True,True,1.0,1111309,0.0,9.0,0.849207878112793,-0.4357543289661407,0.2982686460018158,False,0,False,False,1.5829905512476048,1.8684751953895358
100,2,2,9.0,9.0,0.0,0.0,0.0,0.0,9.0,1.1016726273717363,7.841407888965321,9.0,1.4421687126159668,6.1913909912109375,1.6847828782788739,1.6847828782788739,1.0,101.65983913794754,True,True,1.0,1295092,0.0,9.0,0.9020012617111206,-0.4228244423866272,-0.0872536972165107,False,1,True,False,9.155133597044475e-16,1.495123576824936
102,2,2,9.0,9.0,0.0,0.0,0.0,0.0,9.0,-0.2476431486167893,7.938914126984217,9.0,-0.5965707302093506,7.321041584014893,0.7095892731372239,0.7095892731372239,1.0,60.54553123235648,True,True,1.0,1380767,0.0,9.0,0.8931413888931274,-0.3916409611701965,0.2211690992116928,False,1,True,False,2.7755575615628914e-17,0.5838430592098233
103,2,2,9.0,9.0,0.0,0.0,0.0,0.0,9.0,-5.115256005139504,0.2303282511114817,9.0,-5.279916763305664,2.8598108291625977,2.634633142119448,2.634633142119448,1.0,93.58323860942151,True,True,1.0,1466940,0.0,9.0,0.929943323135376,0.366984099149704,0.0229809340089559,False,1,True,False,9.155133597044475e-16,0.23059168237036787
104,2,2,9.0,9.0,0.0,0.0,0.0,0.0,9.0,3.511643409729004,1.967070817947388,9.0,3.184516429901123,0.5788195133209229,1.4262726757981425,1.4262726757981425,1.0,76.74072534853305,True,True,1.0,1547062,0.0,9.0,0.9250354170799256,-0.3697540760040283,0.087128646671772,False,0,False,False,1.967070817947388,0.5788195133209229
105,2,2,9.0,9.0,0.0,0.0,0.0,0.0,9.0,-1.521612524986267,0.251318484544754,9.0,-1.4077475498046488,0.0,0.2759097918649904,0.2759097918649904,1.0,114.37387479299721,True,True,1.0,1740059,0.0,9.0,0.6991675496101379,-0.651235044002533,-0.2950553894042969,False,1,False,True,0.251318484544754,2.220446049250313e-16
106,2,2,9.0,9.0,0.0,0.0,0.0,0.0,9.0,-2.1339912824149425,7.517523206001192,9.0,-5.288825977842757,0.7495646108550797,7.467144400712179,7.467144400712179,1.0,65.00776240929467,True,True,1.0,1918946,0.0,9.0,0.8057811260223389,-0.5367615818977356,0.2502074837684631,False,2,True,True,0.0,9.155133597044475e-16
107,2,2,9.0,9.0,0.0,0.0,0.0,0.0,9.0,-2.5232253074646,6.770190238952637,9.0,-4.584412543534143,5.4840828427673465,2.429519511479278,2.429519511479278,1.0,31.962693898324375,True,True,1.0,1956217,0.0,9.0,0.9956117868423462,-0.0495379939675331,0.0793923437595367,False,1,False,True,0.502224482619727,0.0
108,2,2,9.0,9.0,0.0,0.0,0.0,0.0,9.0,-0.7128585664941218,7.896736252273122,9.0,-1.2612504959106443,5.979773998260498,1.993860073214351,1.993860073214351,1.0,74.03558251133069,True,True,1.0,2089558,0.0,9.0,0.8742331266403198,-0.4667816758155823,0.1335338503122329,False,1,True,False,0.0,1.750811295587591
109,2,2,9.0,9.0,0.0,0.0,0.0,0.0,9.0,2.052013874053955,5.997318267822266,9.0,3.443206787109375,5.25153923034668,1.5784815786298034,1.5784815786298034,1.0,151.80550405035353,True,True,1.0,2426983,0.0,9.0,0.9140291213989258,-0.1916552037000656,-0.3575178980827331,False,0,False,False,1.4032968628540523,1.0678263646900983
110,2,3,9.0,9.0,0.0,0.0,0.0,0.0,9.0,4.389120576132794,5.784564782554396,9.0,5.086072652463679,0.1430259512233789,5.684426319525803,5.684426319525803,1.0,97.04260039473724,True,True,1.0,2573061,0.0,9.0,-0.6834908723831177,-0.7244517207145691,-0.08949825912714,False,2,True,True,0.0,1.3877787807814457e-16
111,2,3,9.0,9.0,0.0,0.0,0.0,0.0,9.0,-0.5178148540026203,7.914419521039641,9.0,1.1739977488376514,1.7763568394002505e-15,8.093223476349984,8.093223476349984,1.0,102.066137142099,True,True,1.0,2673183,0.0,9.0,-0.4985293745994568,-0.8477209806442261,-0.1812116503715515,False,2,True,True,0.0,1.9860273225978185e-15
112,2,3,9.0,9.0,0.0,0.0,0.0,0.0,9.0,-1.11696195602417,3.026683807373047,9.0,-1.0209627151489258,2.1080808639526367,0.9236055553694252,0.9236055553694252,1.0,95.96607887725251,True,True,1.0,2675350,0.0,9.0,-0.4158977270126343,-0.9044856429100036,-0.0945238471031189,False,0,False,False,3.026683807373047,2.1080808639526367
113,2,3,9.0,9.0,0.0,0.0,0.0,0.0,9.0,-5.340613842010498,3.227583885192871,9.0,-5.256117343902588,2.621150493621826,0.6122916924186219,0.6122916924186219,1.0,97.93215445700194,True,True,1.0,2902593,0.0,9.0,-0.3314767777919769,-0.9344364404678344,-0.1301988512277603,False,0,False,False,0.13017212477858353,0.26549766404694664
114,2,3,9.0,9.0,0.0,0.0,0.0,0.0,9.0,0.1090589761734008,6.186004161834717,9.0,0.9153589010238647,3.733232975006104,2.581899700559746,2.581899700559746,1.0,108.19725504356848,True,True,1.0,2962916,0.0,9.0,-0.4496414959430694,-0.848537027835846,-0.2789397537708282,False,0,False,False,1.7582629417976001,3.733232975006104
115,2,3,9.0,9.0,0.0,0.0,0.0,0.0,9.0,-3.313660860061645,2.5530431270599365,9.0,-2.453253507614136,0.4607305526733398,2.26231578721495,2.26231578721495,1.0,112.35359904011887,True,True,1.0,3037062,0.0,9.0,-0.8370231986045837,-0.5060501098632812,-0.2080995440483093,False,0,False,False,2.2090166947929037,0.4607305526733398
116,2,3,9.0,9.0,0.0,0.0,0.0,0.0,9.0,2.0232722759246826,4.927809715270996,9.0,4.185162544250488,1.065033197402954,4.426602755982807,4.426602755982807,1.0,119.23454504770476,True,True,1.0,3268815,0.0,9.0,0.2936939001083374,-0.8341444730758667,-0.4668477773666382,False,0,False,False,2.297752009697289,1.065033197402954
117,2,3,9.0,9.0,0.0,0.0,0.0,0.0,9.0,-4.455599308013916,1.946865439414978,9.0,-3.4834751704933384,-2.220446049250313e-16,2.176076831809622,2.176076831809622,1.0,116.53423388845187,True,True,1.0,3396781,0.0,9.0,-0.6882742047309875,-0.6490371823310852,-0.3240823447704315,False,1,False,True,1.057998357877925,2.220446049250313e-16
118,2,3,9.0,9.0,0.0,0.0,0.0,0.0,9.0,-1.6212440729141235,3.6472978591918954,9.0,-2.3637280464172363,2.024799346923828,1.7843160799648314,1.7843160799648314,1.0,65.41033090566721,True,True,1.0,3410561,0.0,9.0,-0.1461120694875717,-0.8995524644851685,0.4116510450839996,False,0,False,False,3.485479831475202,2.024799346923828
119,2,3,9.0,9.0,0.0,0.0,0.0,0.0,9.0,5.044864566079979,4.646575664550793,9.0,4.023194789886475,2.384527921676636,2.482069524132907,2.482069524132907,1.0,65.6933505604416,True,True,1.0,3490873,0.0,9.0,-0.4976806044578552,-0.7904736995697021,0.3570229113101959,False,1,True,False,8.881784197001252e-16,1.5081155957273784
120,2,3,9.0,9.0,0.0,0.0,0.0,0.0,9.0,1.4012009281071154,7.758108496361181,9.0,0.3989947831416971,0.0,7.822574039171377,7.822574039171377,1.0,82.63919499459816,True,True,1.0,3547316,0.0,9.0,-0.3991239964962005,-0.9093408584594728,0.1174702644348144,False,2,True,True,9.930136612989092e-16,2.220446049250313e-16
121,2,3,9.0,9.0,0.0,0.0,0.0,0.0,9.0,3.917177200317383,5.995241165161133,9.0,3.77877426147461,5.3778839111328125,0.6326810828385059,0.6326810828385059,1.0,77.36400813207861,True,True,1.0,3565370,0.0,9.0,-0.0118836602196097,-0.9757107496261596,0.2187403291463852,False,0,False,False,0.21255335823603613,0.7333768918309899
122,2,3,9.0,9.0,0.0,0.0,0.0,0.0,9.0,-1.7254235744476318,4.199745178222656,9.0,-2.6852400302886963,0.2350010871887207,4.079269951387357,4.079269951387357,1.0,76.3912094326076,True,True,1.0,3617869,0.0,9.0,0.0381382293999195,-0.9712178111076356,0.2351200878620147,False,0,False,False,3.03877317723781,0.2350010871887207
123,2,3,9.0,9.0,0.0,0.0,0.0,0.0,9.0,-1.918131709098816,6.0656585693359375,9.0,-1.844051957130432,5.034091949462891,1.0342231388283674,1.0342231388283674,1.0,94.10752267686182,True,True,1.0,3720968,0.0,9.0,-0.747840166091919,-0.6621735692024231,-0.047552615404129,False,0,False,False,1.4003066868540786,2.3180635796630344
124,2,3,9.0,9.0,0.0,0.0,0.0,0.0,9.0,3.29749083518982,0.332922101020813,9.0,3.140555132566306,0.0,0.3680569794285233,0.3680569794285233,1.0,64.76134177674537,True,True,1.0,3723109,0.0,9.0,-0.4199272692203522,-0.8209218978881836,0.3869733214378357,False,1,False,True,0.332922101020813,4.440892098500626e-16
125,2,3,9.0,9.0,0.0,0.0,0.0,0.0,9.0,2.834904909133911,6.792087554931641,9.0,2.945091962814331,5.284239768981934,1.511868424298955,1.511868424298955,1.0,94.17950097088998,True,True,1.0,3756072,0.0,9.0,-0.4175563454627991,-0.9062345623970032,-0.0662237033247947,False,0,False,False,0.314491844520655,1.4074294627528723
126,2,3,9.0,9.0,0.0,0.0,0.0,0.0,9.0,4.163632392883301,4.26939582824707,9.0,3.4684855937957764,1.6015372276306152,2.75693644924304,2.75693644924304,1.0,75.39554161292293,True,True,1.0,3777444,0.0,9.0,-0.6849732995033264,-0.7050278186798096,0.1837046593427658,False,0,False,False,0.9585434190838239,1.6015372276306152
127,2,3,9.0,9.0,0.0,0.0,0.0,0.0,9.0,-4.673492908477783,5.325441360473633,9.0,-4.018650531768799,4.323600769042969,1.196872219149569,1.196872219149569,1.0,123.17020818739897,True,True,1.0,3803364,0.0,9.0,-0.2357500940561294,-0.8134557008743286,-0.5317063927650452,False,1,True,False,0.011759851420732022,1.071102366671691
128,2,3,9.0,9.0,0.0,0.0,0.0,0.0,9.0,4.670274257659912,0.8937925100326538,9.0,4.727039303371876,0.0,0.8955932790084754,0.8955932790084754,1.0,93.63399239242287,True,True,1.0,3814986,0.0,9.0,-0.8778427839279175,-0.4779859185218811,-0.0303569510579109,False,1,False,True,0.6323682961606018,0.0
129,2,3,9.0,9.0,0.0,0.0,0.0,0.0,9.0,-1.5547109842300415,6.335762023925781,9.0,-1.9279865026474,5.745697021484375,0.6982201083869788,0.6982201083869788,1.0,57.68252712453565,True,True,1.0,3851944,0.0,9.0,-0.6699671149253845,-0.6273936629295349,0.3968895375728607,False,0,False,False,1.3160933259500265,1.6838201550359904
130,2,4,9.0,9.0,0.0,0.0,0.0,0.0,9.0,5.192182540893555,2.0399770736694336,9.0,5.540212269571959,2.2290877490839245,0.3960903174778305,0.3960903174778305,1.0,28.51855379521599,True,True,1.0,3877443,0.0,9.0,0.3916161954402923,0.439309298992157,-0.8084825873374939,False,1,False,True,0.3395872101378289,0.0
131,2,4,9.0,9.0,0.0,0.0,0.0,0.0,9.0,-1.377225974862009,0.0,9.0,5.020901327597642,4.7034481487428295,7.940935553597696,7.940935553597696,1.0,36.32068036213279,True,True,1.0,3878550,0.0,9.0,0.2806431353092193,0.5685006380081177,-0.7733346223831177,False,2,True,True,4.440892098500626e-16,8.881784197001252e-16
132,2,4,9.0,9.0,0.0,0.0,0.0,0.0,9.0,-4.064367771148682,3.678020477294922,9.0,4.2500996589660645,5.062833786010742,8.429002108579365,8.429002108579365,1.0,9.456078117460736,True,True,1.0,3912446,0.0,9.0,0.5335413217544556,0.1389534920454025,-0.8342815041542053,False,0,False,False,1.275402118172986,0.5098698131197613
133,2,4,9.0,9.0,0.0,0.0,0.0,0.0,9.0,2.5191473960876465,4.563294410705566,9.0,4.761745220166255,5.211233593660552,2.3343243530774562,2.3343243530774562,1.0,16.115247839394033,True,True,1.0,3918569,0.0,9.0,0.2154703736305236,0.2710503041744232,-0.9381387233734132,False,1,False,True,2.2121654393286003,8.881784197001252e-16
134,2,4,9.0,9.0,0.0,0.0,0.0,0.0,9.0,2.513594627380371,3.911445617675781,9.0,4.957511620794952,4.8538923426998135,2.619338867006155,2.619338867006155,1.0,21.088115486738484,True,True,1.0,3930309,0.0,9.0,-0.3252229690551758,0.3402434289455414,-0.8823063373565674,False,1,False,True,2.593323561195392,8.881784197001252e-16
135,2,4,9.0,9.0,0.0,0.0,0.0,0.0,9.0,-5.046030843977189,0.023240469021216,9.0,-0.2419624328613281,2.1667723655700684,5.2605895382745445,5.2605895382745445,1.0,24.04599670253247,True,True,1.0,3931480,0.0,9.0,-0.0598148927092552,0.4067403376102447,-0.9115834832191468,False,1,True,False,9.86885389939797e-16,2.1667723655700684
136,2,4,9.0,9.0,0.0,0.0,0.0,0.0,9.0,-0.7959456443786621,6.270361423492432,9.0,2.7133322016384063,7.236182240494061,3.639758350646357,3.639758350646357,1.0,15.387929480817299,True,True,1.0,3933064,0.0,9.0,-0.0162840969860553,0.2653177678585052,-0.9640235304832458,False,1,False,True,1.5955194009670108,9.930136612989092e-16
137,2,4,9.0,9.0,0.0,0.0,0.0,0.0,9.0,-5.058559985235771,4.614072023191335,9.0,0.922587336555285,7.8777215905765825,6.813628386084924,6.813628386084924,1.0,28.619359477456467,True,True,1.0,3934136,0.0,9.0,0.1752314120531082,0.4715772271156311,-0.8642389178276062,False,2,True,True,1.9860273225978185e-15,8.881784197001252e-16
138,2,4,9.0,9.0,0.0,0.0,0.0,0.0,9.0,-5.502565860748291,2.6276822090148926,9.0,1.6835597109119789,7.679583979491342,8.784196732212498,8.784196732212498,1.0,35.10751442646602,True,True,1.0,3938383,0.0,9.0,-0.4046971201896667,0.5259121060371399,-0.7480887174606323,False,2,True,True,0.01901273051725184,8.881784197001252e-16
139,2,4,9.0,9.0,0.0,0.0,0.0,0.0,9.0,-4.152950399930393,-2.775557561562892e-17,9.0,4.301677334204371,5.897793163483854,10.308476818717576,10.308476818717576,1.0,34.898920373249176,True,True,1.0,3942815,0.0,9.0,-0.0499457754194736,0.5714163780212402,-0.8191390037536621,False,2,True,True,2.775557561562892e-17,1.2560739669470201e-15
140,2,4,9.0,9.0,0.0,0.0,0.0,0.0,9.0,1.8056974411010744,3.6446027755737305,9.0,4.4482250493378,5.693624909322266,3.3438666039309517,3.3438666039309517,1.0,37.79008419433373,True,True,1.0,3949402,0.0,9.0,0.0869186446070671,0.6104511618614197,-0.7872703075408936,False,1,False,True,3.3322897512160616,0.0
141,2,4,9.0,9.0,0.0,0.0,0.0,0.0,9.0,5.062671661376953,4.081235408782959,9.0,5.270567855412742,4.110909053206485,0.21000322061325705,0.21000322061325705,1.0,8.123130807471693,True,True,1.0,3958105,0.0,9.0,0.0751589983701706,0.1409012377262115,-0.9871666431427002,False,1,False,True,0.20310606355988042,0.0
142,2,4,9.0,9.0,0.0,0.0,0.0,0.0,9.0,0.0841050744056701,0.2716468572616577,9.0,1.912070035934448,3.859947204589844,4.02707775976731,4.02707775976731,1.0,63.004631964727125,True,True,1.0,3964077,0.0,9.0,0.0145775685086846,0.8909485340118408,-0.4538702368736267,False,0,False,False,0.2716468572616577,3.1257482300597794
143,2,4,9.0,9.0,0.0,0.0,0.0,0.0,9.0,2.315680630159401,-4.440892098500626e-16,9.0,5.516980511383322,2.7265932463499336,4.205072135001415,4.205072135001415,1.0,40.42151510102022,True,True,1.0,3973543,0.0,9.0,0.2034173011779785,0.6348490715026855,-0.745377779006958,False,2,True,True,6.280369834735101e-16,1.7763568394002505e-15
144,2,4,9.0,9.0,0.0,0.0,0.0,0.0,9.0,-5.359996074187436,0.962470686560885,9.0,-5.015439033508301,1.0673638582229614,0.3601695874763628,0.3601695874763628,1.0,16.931772092585163,True,True,1.0,3980593,0.0,9.0,0.4447323381900787,0.2608465254306793,-0.8568385243415833,False,1,True,False,1.1102230246251565e-16,0.3600374710059501
145,2,4,9.0,9.0,0.0,0.0,0.0,0.0,9.0,0.7977285385131836,5.215606212615967,9.0,4.188535907669539,6.017537518615522,3.4843461989686384,3.4843461989686384,1.0,13.306055586633644,True,True,1.0,3982313,0.0,9.0,-0.0920279622077941,0.2291759252548217,-0.969024896621704,False,1,False,True,2.6112322528943617,0.0
146,2,4,9.0,9.0,0.0,0.0,0.0,0.0,9.0,-4.771423637409675,5.196342097476304,9.0,3.921714970216932,6.299930114054937,8.762908498994168,8.762908498994168,1.0,7.23495925287847,True,True,1.0,3992991,0.0,9.0,-0.3026297986507416,0.1200330778956413,-0.9455195665359496,False,2,True,True,0.0,9.930136612989092e-16
147,2,4,9.0,9.0,0.0,0.0,0.0,0.0,9.0,-0.6183622790113197,0.0,9.0,4.331444453798342,5.866288836120528,7.675541114537802,7.675541114537802,1.0,49.843284213610666,True,True,1.0,4000087,0.0,9.0,0.039077028632164,0.7636996507644653,-0.6443879008293152,False,2,True,True,4.440892098500626e-16,0.0
148,2,4,9.0,9.0,0.0,0.0,0.0,0.0,9.0,-5.537497073742209,2.061991581303819,9.0,4.846975950325355,5.080095096422512,10.814167966864522,10.814167966864522,1.0,16.205775761817257,True,True,1.0,4002460,0.0,9.0,0.3861214816570282,0.2574440836906433,-0.885794997215271,False,2,True,True,1.7763568394002505e-15,0.0
149,2,4,9.0,9.0,0.0,0.0,0.0,0.0,9.0,-2.72883415222168,2.9898178577423096,9.0,-0.8777961435408292,7.881782499253565,5.230455024505757,5.230455024505757,1.0,69.27419155164067,True,True,1.0,4007496,0.0,9.0,0.3179517984390259,0.8867498636245728,-0.3355314135551452,False,1,False,True,2.729960427626412,0.0
150,2,4,9.0,9.0,0.0,0.0,0.0,0.0,9.0,-4.201021001936312,0.0,9.0,0.3499379237990112,7.9296397649458275,9.142779333744205,9.142779333744205,1.0,60.147732221827674,True,True,1.0,4018219,0.0,9.0,0.4300528764724731,0.7830122113227844,-0.4493844509124756,False,2,True,True,0.0,8.899114524108741e-16
151,2,4,9.0,9.0,0.0,0.0,0.0,0.0,9.0,-3.706853642425745,6.5273307393349125,9.0,3.5517203293942323,6.656282636158799,7.2597193262602735,7.2597193262602735,1.0,1.0177787449775577,True,True,1.0,4068000,0.0,9.0,-0.1404237151145935,0.017586663365364,-0.9899352788925172,False,2,True,True,1.2560739669470201e-15,1.2560739669470201e-15
152,2,4,9.0,9.0,0.0,0.0,0.0,0.0,9.0,5.018432140350342,4.449717998504639,9.0,5.095826834002338,4.525625786305361,0.1084063229442169,0.1084063229442169,1.0,44.444296284928875,True,True,1.0,4075733,0.0,9.0,-0.0169336721301078,0.7001150846481323,-0.7138291597366333,False,1,False,True,0.10079632670842187,0.0
153,2,4,9.0,9.0,0.0,0.0,0.0,0.0,9.0,-5.410465790406523,3.5084824063626634,9.0,3.975767701236421,6.242722868068494,9.776372029647245,9.776372029647245,1.0,16.241013846383375,True,True,1.0,4078059,0.0,9.0,0.5304339528083801,0.2370907515287399,-0.813896656036377,False,2,True,True,0.0,6.6018607235733855e-15
154,2,4,9.0,9.0,0.0,0.0,0.0,0.0,9.0,4.572626113891602,1.72834575176239,9.0,5.495303239414017,1.737724828323677,0.922724793770846,0.922724793770846,1.0,0.5823954880976403,True,True,1.0,4078466,0.0,9.0,-0.0037835896946489,0.0101644722744822,-0.9999411702156068,False,1,False,True,0.9137536134415837,2.220446049250313e-16
155,2,4,9.0,9.0,0.0,0.0,0.0,0.0,9.0,-3.6418426911136015,3.552713678800501e-15,9.0,-0.4104156494140625,3.3230552673339844,4.6351717374422226,4.6351717374422226,1.0,45.80091278250392,True,True,1.0,4080215,0.0,9.0,0.0992487743496894,0.7133820652961731,-0.6937115788459778,False,1,True,False,3.552713678800501e-15,3.3230552673339844
156,2,4,9.0,9.0,0.0,0.0,0.0,0.0,9.0,1.2417051792144775,7.229036331176758,9.0,1.3648206154316227,7.768225930811205,0.5530667545503829,0.5530667545503829,1.0,77.13791539318413,True,True,1.0,4092658,0.0,9.0,-0.2221799790859222,0.9505414962768556,-0.2170411795377731,False,1,False,True,0.552462173081925,9.155133597044475e-16
157,2,4,9.0,9.0,0.0,0.0,0.0,0.0,9.0,-3.358879956659504,0.0,9.0,1.477643966674805,3.2671709060668945,5.836640248502135,5.836640248502135,1.0,34.03983153233245,True,True,1.0,4140642,0.0,9.0,-0.3118210136890411,0.5318594574928284,-0.7873329520225525,False,1,True,False,0.0,3.2671709060668945
158,2,5,9.0,9.0,0.0,0.0,0.0,0.0,9.0,4.296921730041504,0.8247890472412109,9.0,4.7282438893553405,1.1102230246251563e-16,0.9307608594930359,0.9307608594930359,1.0,117.6072482078998,True,True,1.0,4206539,0.0,9.0,-0.8120060563087463,-0.5171975493431091,-0.2704677581787109,False,1,False,True,0.8247890472412109,8.95090418262362e-16
159,2,5,9.0,9.0,0.0,0.0,0.0,0.0,9.0,0.9171347885705404,7.878215935512109,9.0,1.5816396474838257,6.888590335845947,1.1920258113958668,1.1920258113958668,1.0,123.88021408373939,True,True,1.0,4598760,0.0,9.0,-0.399996668100357,-0.7608965039253235,-0.5109198689460754,False,1,True,False,0.0,0.7893806341953155
160,2,5,9.0,9.0,0.0,0.0,0.0,0.0,9.0,2.036484479904175,4.123422145843506,9.0,2.643598794937134,2.304340362548828,1.9177190424648975,1.9177190424648975,1.0,108.45631217030433,True,True,1.0,4835805,0.0,9.0,-0.9409259557724,-0.3211959302425384,-0.1071983873844146,False,0,False,False,2.865091821559152,2.304340362548828
161,3,1,12.0,12.0,0.0,0.0,0.0,0.0,12.0,0.7205485105514526,2.294811964035034,12.0,1.3516403436660769,3.909531354904175,1.7336653694045991,1.7336653694045991,1.0,68.65261050713873,True,True,1.0,95603,0.0,12.0,-0.3938150107860565,0.8561245203018188,-0.3346050083637237,False,0,False,False,2.294811964035034,3.5097761504098446
162,3,1,12.0,12.0,0.0,0.0,0.0,0.0,12.0,4.777549743652344,3.2954347133636475,12.0,5.044775794206151,4.646786348803452,1.3775198745210253,1.3775198745210253,1.0,78.81423062087192,True,True,1.0,96279,0.0,12.0,-0.284455806016922,0.9404773116111756,-0.1859767436981201,False,1,False,True,0.6643417766730081,0.0
163,3,1,12.0,12.0,0.0,0.0,0.0,0.0,12.0,-3.062067985534668,3.1427557468414307,12.0,-3.726797103881836,3.9725067615509033,1.0631799223038416,1.0631799223038416,1.0,128.69887303600288,True,True,1.0,153312,0.0,12.0,-0.3236706256866455,0.7384312748908997,0.5915712714195251,False,0,False,False,2.3711760474633126,1.4763824586770338
164,3,1,12.0,12.0,0.0,0.0,0.0,0.0,12.0,4.018544673919678,5.282942771911621,12.0,3.94133644997415,6.279163525615877,0.9992081364540112,0.9992081364540112,1.0,94.43162849120976,True,True,1.0,166939,0.0,12.0,-0.3170318305492401,0.9455794095993042,0.0732833445072174,False,1,False,True,0.5840742596368741,0.0
165,3,1,12.0,12.0,0.0,0.0,0.0,0.0,12.0,4.101386070251465,1.0853208303451538,12.0,4.080449104309082,1.4429112672805786,0.35820284355451526,0.35820284355451526,1.0,93.350849697071,True,True,1.0,191671,0.0,12.0,0.0103664165362715,0.9982367157936096,0.0584463216364383,False,0,False,False,1.0853208303451538,1.3649857088439183
166,3,1,12.0,12.0,0.0,0.0,0.0,0.0,12.0,-3.571223497390747,4.835239410400391,12.0,-3.4668729305267334,5.162203788757324,0.3432123912669486,0.3432123912669486,1.0,72.29953510078943,True,True,1.0,236067,0.0,12.0,-0.3976301848888397,0.8741082549095154,-0.278971254825592,False,0,False,False,1.2031144047501392,1.1119783327378212
167,3,1,12.0,12.0,0.0,0.0,0.0,0.0,12.0,-1.3625579716760523,2.220446049250313e-16,12.0,-1.1976094245910645,0.3256094455718994,0.36500621122261473,0.36500621122261473,1.0,63.133954324394445,True,True,1.0,246678,0.0,12.0,-0.3112524747848511,0.8477541208267212,-0.4294587671756744,False,1,True,False,2.220446049250313e-16,0.3256094455718994
168,3,1,12.0,12.0,0.0,0.0,0.0,0.0,12.0,-4.311377048492432,1.599974274635315,12.0,-4.465301036834717,4.216965675354004,2.621514178031994,2.621514178031994,1.0,93.36609668473413,True,True,1.0,249024,0.0,12.0,-0.484591007232666,0.8732317090034485,0.051361009478569,False,0,False,False,1.1562545609220005,0.7009026341150952
169,3,1,12.0,12.0,0.0,0.0,0.0,0.0,12.0,3.3851540481935847,0.0,12.0,3.441926956176758,0.3641145229339599,0.3685139738087161,0.3685139738087161,1.0,81.1377724183854,True,True,1.0,286595,0.0,12.0,-0.0934296250343322,0.983739733695984,-0.1533852219581604,False,1,True,False,4.440892098500626e-16,0.3641145229339599
170,3,1,12.0,12.0,0.0,0.0,0.0,0.0,12.0,0.3429382443428039,2.8756802082061768,12.0,1.7566983699798584,7.338982582092285,4.681857085984008,4.681857085984008,1.0,72.42429568158782,True,True,1.0,352933,0.0,12.0,-0.30662801861763,0.907396912574768,-0.2874198257923126,False,0,False,False,2.8756802082061768,0.3085517864493857
171,3,1,12.0,12.0,0.0,0.0,0.0,0.0,12.0,1.2417128086090088,6.082572937011719,12.0,2.6974036175118683,7.243917518788107,1.8621914425605215,1.8621914425605215,1.0,38.58273215635688,True,True,1.0,440500,0.0,12.0,-0.0457154586911201,0.6229919195175171,-0.7808912396430969,False,1,False,True,1.657005766078657,0.0
172,3,1,12.0,12.0,0.0,0.0,0.0,0.0,12.0,-4.808463096618652,0.7459404468536377,12.0,-5.207331657409668,3.3291380405426025,2.6138106160982577,2.6138106160982577,1.0,98.77765408038731,True,True,1.0,496283,0.0,12.0,-0.429729014635086,0.8923824429512024,0.1377916187047958,False,0,False,False,0.45443379873853307,0.23773079919013865
173,3,1,12.0,12.0,0.0,0.0,0.0,0.0,12.0,3.6407470703125,2.674378633499145,12.0,1.921127796173096,4.591429710388184,2.5753010075315763,2.5753010075315763,1.0,131.8925103972208,True,True,1.0,637672,0.0,12.0,-0.3975476920604706,0.6830466985702515,0.6127014756202698,False,0,False,False,1.876626743900653,2.627520951964918
174,3,1,12.0,12.0,0.0,0.0,0.0,0.0,12.0,-1.2845409890106954,0.0,12.0,-1.2466188669204712,0.9192404747009276,0.9200223571588968,0.9200223571588968,1.0,87.63767342047132,True,True,1.0,733663,0.0,12.0,-0.3952096104621887,0.917810320854187,-0.0378631390631198,False,1,True,False,0.0,0.9192404747009276
176,3,2,12.0,12.0,0.0,0.0,0.0,0.0,12.0,-3.599944591522217,2.364441394805908,12.0,-3.2842532654079237,0.0,2.3854232586389172,2.3854232586389172,1.0,97.60493988172081,True,True,1.0,955873,0.0,12.0,0.9191226363182068,-0.3905062675476074,-0.0521389469504356,False,1,False,True,1.9318420350378782,0.0
177,3,2,12.0,12.0,0.0,0.0,0.0,0.0,12.0,1.55048930644989,2.684495687484741,12.0,0.8184903860092163,1.8497788906097408,1.1102137409127903,1.1102137409127903,1.0,48.751088895048696,True,True,1.0,1210814,0.0,12.0,0.8414273858070374,-0.4062786102294922,0.3562830984592438,False,0,False,False,2.684495687484741,1.8497788906097408
178,3,2,12.0,12.0,0.0,0.0,0.0,0.0,12.0,2.512570858001709,0.1183843612670898,12.0,2.481761866191321,1.3877787807814457e-17,0.12232763779698103,0.12232763779698103,1.0,75.41261162051894,True,True,1.0,1397584,0.0,12.0,0.896101713180542,-0.4295410811901092,0.1117861121892929,False,1,False,True,0.1183843612670898,1.3877787807814457e-17
179,3,2,12.0,12.0,0.0,0.0,0.0,0.0,12.0,0.5095083713531494,4.125311851501465,12.0,-1.1569881439208984,2.6346216201782227,2.235926653802196,2.235926653802196,1.0,41.81280616592406,True,True,1.0,1820624,0.0,12.0,0.9047025442123412,-0.28404301404953,0.3175419867038727,False,0,False,False,3.738886460585568,2.6346216201782227
180,3,2,12.0,12.0,0.0,0.0,0.0,0.0,12.0,0.7351226806640625,4.011179924011231,12.0,-1.134659746586294,0.0,4.425567840181075,4.425567840181075,1.0,65.00776161922255,True,True,1.0,1918946,0.0,12.0,0.8057811260223389,-0.5367615818977356,0.2502074837684631,False,1,False,True,3.7651759444138837,2.220446049250313e-16
181,3,2,12.0,12.0,0.0,0.0,0.0,0.0,12.0,-3.9321675300598153,4.7387237548828125,12.0,-1.25797700881958,7.180253982543945,3.621099942900519,3.621099942900519,1.0,42.396012390101,True,True,1.0,2198350,0.0,12.0,0.8340855240821838,0.3719405829906463,-0.4073837995529175,False,0,False,False,0.9530692616950222,0.5951011365033705
182,3,2,12.0,12.0,0.0,0.0,0.0,0.0,12.0,-5.056875228881836,1.383455514907837,12.0,-5.380690895901811,1.0243794587128865,0.48352063072852486,0.48352063072852486,1.0,47.955781847784095,True,True,1.0,2255934,0.0,12.0,0.8716380000114441,-0.3639993369579315,0.3282555341720581,False,1,False,True,0.38905045838114993,2.220446049250313e-16
183,3,2,12.0,12.0,0.0,0.0,0.0,0.0,12.0,2.1146528720855717,4.587170124053955,12.0,2.662970304489136,3.028167247772217,1.6526167053894774,1.6526167053894774,1.0,109.37730054643097,True,True,1.0,2332056,0.0,12.0,0.9472640156745912,-0.3023017346858978,-0.1063226535916328,False,0,False,False,2.4897801366846943,2.7857267728881765
184,3,2,12.0,12.0,0.0,0.0,0.0,0.0,12.0,-0.5359264612197876,3.731624603271485,12.0,-0.3148380517959595,0.7134928703308105,3.0262186375351394,3.0262186375351394,1.0,94.1896273854493,True,True,1.0,2453966,0.0,12.0,0.9182058572769164,-0.3950450122356415,-0.0289383847266435,False,0,False,False,3.731624603271485,0.7134928703308105
185,3,2,12.0,12.0,0.0,0.0,0.0,0.0,12.0,-0.5239515900611877,3.2094109058380127,12.0,-0.2464259266853332,1.626833200454712,1.6067273220458043,1.6067273220458043,1.0,99.94642774092634,True,True,1.0,2461797,0.0,12.0,0.873673141002655,-0.4792008996009826,-0.0840341374278068,False,0,False,False,3.2094109058380127,1.626833200454712
186,3,3,12.0,12.0,0.0,0.0,0.0,0.0,12.0,0.4601562917232513,7.899367332458496,12.0,-0.4016801416873932,5.920984268188477,2.157953101192056,2.157953101192056,1.0,66.46077413317487,True,True,1.0,2466052,0.0,12.0,-0.0992263853549957,-0.9122623801231384,0.3974058926105499,False,1,True,False,0.020196855753554663,1.995778723521283
187,3,3,12.0,12.0,0.0,0.0,0.0,0.0,12.0,-3.4838626384735107,3.769742488861084,12.0,-4.984676361083984,0.1770176887512207,3.893599018812847,3.893599018812847,1.0,67.32790601472843,True,True,1.0,2528841,0.0,12.0,-0.4297794699668884,-0.8331605195999146,0.3480419218540191,False,0,False,False,1.7789869531890337,0.10694221641995887
188,3,3,12.0,12.0,0.0,0.0,0.0,0.0,12.0,1.311862704704335,7.782953626946552,12.0,2.273363236981402,1.7763568394002505e-15,7.842120276606929,7.842120276606929,1.0,97.04259640891078,True,True,1.0,2573061,0.0,12.0,-0.6834908723831177,-0.7244517207145691,-0.08949825912714,False,2,True,True,9.155133597044475e-16,1.831026719408895e-15
189,3,3,12.0,12.0,0.0,0.0,0.0,0.0,12.0,-2.191272321898526,7.489706246385834,12.0,-0.5902477467979641,1.7763568394002505e-15,7.6589150241549815,7.6589150241549815,1.0,102.06613781837993,True,True,1.0,2673183,0.0,12.0,-0.4985293745994568,-0.8477209806442261,-0.1812116503715515,False,2,True,True,0.0,2.220446049250313e-15
190,3,3,12.0,12.0,0.0,0.0,0.0,0.0,12.0,4.569532741159716,5.506977342426553,12.0,3.0100483894348145,4.634623527526856,1.7868946867806428,1.7868946867806428,1.0,29.222041095839444,True,True,1.0,2674845,0.0,12.0,-0.7237614393234253,-0.3368793725967407,0.6022305488586426,False,1,True,False,1.2560739669470201e-15,1.7829682664777562
191,3,3,12.0,12.0,0.0,0.0,0.0,0.0,12.0,-4.082683083319854,6.129567909064209,12.0,-3.857588529586792,5.691981315612793,0.4920869688263458,0.4920869688263458,1.0,117.22129080197035,True,True,1.0,2726702,0.0,12.0,-0.5818207859992981,-0.7232393026351929,-0.3720343112945556,False,1,True,False,0.0,0.4641397010927547
192,3,3,12.0,12.0,0.0,0.0,0.0,0.0,12.0,-3.8486344814300537,5.287265300750732,12.0,-3.3262526988983154,3.4274067878723145,1.9318272217378438,1.9318272217378438,1.0,105.68855427753297,True,True,1.0,2770708,0.0,12.0,-0.430241972208023,-0.8690837025642395,-0.2441011518239975,False,0,False,False,0.724183441526053,2.050642216409049
193,3,3,12.0,12.0,0.0,0.0,0.0,0.0,12.0,0.4015024900436401,3.713126659393311,12.0,1.4327499866485596,0.1812162399291992,3.67938345519641,3.67938345519641,1.0,106.27675287186301,True,True,1.0,2776058,0.0,12.0,-0.4051206707954407,-0.8776187300682068,-0.2562471926212311,False,0,False,False,3.713126659393311,0.1812162399291992
194,3,3,12.0,12.0,0.0,0.0,0.0,0.0,12.0,-4.1690354347229,3.7781283855438232,12.0,-3.830325365066528,1.6228783130645752,2.1817028638676783,2.1817028638676783,1.0,98.93131432617392,True,True,1.0,2842251,0.0,12.0,-0.0540791153907775,-0.9864295721054076,-0.1550231575965881,False,0,False,False,1.144318547600711,1.6228783130645752
195,3,3,12.0,12.0,0.0,0.0,0.0,0.0,12.0,0.844637930393219,3.048948049545288,12.0,2.236233949661255,1.7593591213226318,1.897255671921184,1.897255671921184,1.0,137.1787972200277,True,True,1.0,2945272,0.0,12.0,-0.5933891534805298,-0.547111451625824,-0.590388298034668,False,0,False,False,3.048948049545288,1.7593591213226318
196,3,3,12.0,12.0,0.0,0.0,0.0,0.0,12.0,-0.5712511550240541,7.90957482001965,12.0,-0.5560373067855835,7.707240581512451,0.20290540961371897,0.20290540961371897,1.0,94.30007333056177,True,True,1.0,2959241,0.0,12.0,-0.5126124024391174,-0.8562031388282776,-0.0643793419003486,False,1,True,False,8.881784197001252e-16,0.20288145732112686
197,3,3,12.0,12.0,0.0,0.0,0.0,0.0,12.0,1.8032022714614868,4.898336410522461,12.0,1.6519356966018677,2.2019824981689453,2.700593637949603,2.700593637949603,1.0,86.78904870213735,True,True,1.0,2987234,0.0,12.0,-0.2170823365449905,-0.9746208190917968,0.0546766519546508,False,0,False,False,2.451686847080572,2.2019824981689453
198,3,3,12.0,12.0,0.0,0.0,0.0,0.0,12.0,1.177654504776001,1.6470619440078735,12.0,1.7349638430216814,-2.220446049250313e-16,1.738794624415096,1.738794624415096,1.0,108.69405811542173,True,True,1.0,3039560,0.0,12.0,-0.3832955956459045,-0.8748984932899475,-0.2960356473922729,False,1,False,True,1.6470619440078735,9.155133597044475e-16
199,3,3,12.0,12.0,0.0,0.0,0.0,0.0,12.0,-0.7291930913925171,1.8057979345321653,12.0,-0.4033454473676861,0.0,1.83496127138345,1.83496127138345,1.0,100.22868165010303,True,True,1.0,3070458,0.0,12.0,-0.8049086332321167,-0.5839678049087524,-0.1053742095828056,False,1,False,True,1.8057979345321653,2.7755575615628914e-16
200,3,3,12.0,12.0,0.0,0.0,0.0,0.0,12.0,-3.06219220161438,1.3711307048797607,12.0,-2.2002540991501625,2.220446049250313e-16,1.6195483019483194,1.6195483019483194,1.0,122.15482658017754,True,True,1.0,3117470,0.0,12.0,-0.6477118134498596,-0.6450221538543701,-0.4054822623729706,False,1,False,True,1.3711307048797607,4.965068306494546e-16
201,3,3,12.0,12.0,0.0,0.0,0.0,0.0,12.0,-0.1908794641494751,5.158438682556152,12.0,1.096524357795715,3.2923154830932617,2.2671180816915335,2.2671180816915335,1.0,124.6010746005466,True,True,1.0,3174124,0.0,12.0,-0.7541911602020264,-0.5405095219612122,-0.372887521982193,False,0,False,False,2.774243290011261,3.2923154830932617
202,3,3,12.0,12.0,0.0,0.0,0.0,0.0,12.0,2.9058194160461426,3.499497413635254,12.0,1.6435494422912598,1.9320526123046875,2.012513028991706,2.012513028991706,1.0,51.15535866086037,True,True,1.0,3186708,0.0,12.0,-0.5742116570472717,-0.6376494765281677,0.5135018229484558,False,0,False,False,2.4166087663437588,1.9320526123046875
203,3,3,12.0,12.0,0.0,0.0,0.0,0.0,12.0,-3.636813163757324,4.107785701751709,12.0,-1.3926024436950684,1.7898883819580078,3.2263182950770948,3.2263182950770948,1.0,134.07464618365015,True,True,1.0,3260931,0.0,12.0,-0.6559318900108337,-0.5422884821891785,-0.5250490307807922,False,0,False,False,1.5067785512856169,1.7898883819580078
204,3,3,12.0,12.0,0.0,0.0,0.0,0.0,12.0,3.554905652999878,4.078449726104736,12.0,4.262184143066406,2.8147130012512207,1.4481965930957987,1.4481965930957987,1.0,119.23453267649145,True,True,1.0,3268815,0.0,12.0,0.2936939001083374,-0.8341444730758667,-0.4668477773666382,False,0,False,False,1.5936502383038553,1.2493201173717208
205,3,3,12.0,12.0,0.0,0.0,0.0,0.0,12.0,2.746975898742676,4.991037368774414,12.0,3.181335926055908,2.345664024353028,2.680796293026149,2.680796293026149,1.0,99.32454085553032,True,True,1.0,3398542,0.0,12.0,-0.6097375750541687,-0.7821301817893982,-0.1284227818250656,False,0,False,False,1.7527989677870364,2.345664024353028
206,3,3,12.0,12.0,0.0,0.0,0.0,0.0,12.0,-1.4930418729782104,4.4718828201293945,12.0,-1.4302741289138794,4.210471153259277,0.268841680679798,0.268841680679798,1.0,103.501731524302,True,True,1.0,3414961,0.0,12.0,-0.5484851002693176,-0.8130512237548828,-0.1952224373817443,False,0,False,False,2.9789983982785255,3.2269037305772823
207,3,3,12.0,12.0,0.0,0.0,0.0,0.0,12.0,4.900871276855469,3.9396331310272217,12.0,4.67437744140625,2.4419829845428467,1.514679972390593,1.514679972390593,1.0,81.40016658796378,True,True,1.0,3458894,0.0,12.0,-0.2946852743625641,-0.9448503851890564,0.1428926587104797,False,0,False,False,0.4017742568129858,0.8549617280898906
208,3,3,12.0,12.0,0.0,0.0,0.0,0.0,12.0,4.836265563964844,1.2792916297912598,12.0,4.714408953893272,0.0,1.285082140359951,1.285082140359951,1.0,84.55881081628691,True,True,1.0,3473623,0.0,12.0,-0.3581926822662353,-0.92944073677063,0.0885320976376533,False,1,False,True,0.5943753163058729,0.0
209,3,3,12.0,12.0,0.0,0.0,0.0,0.0,12.0,3.7609071731567374,6.439352989196777,12.0,2.9629478454589844,4.610996246337891,1.9949003653860529,1.9949003653860529,1.0,66.42184717002988,True,True,1.0,3516025,0.0,12.0,-0.0018863121513277,-0.9165136218070984,0.399999052286148,False,1,True,False,0.021132060768233558,1.8353363017289617
210,3,3,12.0,12.0,0.0,0.0,0.0,0.0,12.0,-2.938897879743188,7.105838976227225,12.0,-2.541310310363769,6.336130142211914,0.8663299397378825,0.8663299397378825,1.0,117.31829009084436,True,True,1.0,3588276,0.0,12.0,-0.4665886163711548,-0.7858297228813171,-0.405914694070816,False,1,True,False,9.930136612989092e-16,0.8557940054499494
211,3,3,12.0,12.0,0.0,0.0,0.0,0.0,12.0,-1.281583547592163,5.546506881713867,12.0,-2.6243257883070896,0.0,5.706723693495194,5.706723693495194,1.0,76.39120749524163,True,True,1.0,3617869,0.0,12.0,0.0381382293999195,-0.9712178111076356,0.2351200878620147,False,1,False,True,2.14537258898937,0.0
212,3,3,12.0,12.0,0.0,0.0,0.0,0.0,12.0,-3.56587553024292,3.554563045501709,12.0,-2.2466044425964355,1.5087342262268066,2.434315460345203,2.434315460345203,1.0,122.81630974055427,True,True,1.0,3783186,0.0,12.0,-0.6989243626594543,-0.6010591983795166,-0.3875984251499176,False,0,False,False,1.7869610444160346,1.5087342262268066
213,3,3,12.0,12.0,0.0,0.0,0.0,0.0,12.0,3.821987390518189,6.40281343460083,12.0,3.595630884170532,4.74737024307251,1.670846919482269,1.670846919482269,1.0,82.21396350063623,True,True,1.0,3816733,0.0,12.0,0.02097007073462,-0.9905630350112916,0.1354442834854126,False,1,True,False,0.0018298330958965996,1.2305335266919217
214,3,4,12.0,12.0,0.0,0.0,0.0,0.0,12.0,0.9367952346801758,6.5199875831604,12.0,2.1659208693507006,7.502017481273875,1.5732553977638157,1.5732553977638157,1.0,38.623674453222534,True,True,1.0,3865459,0.0,12.0,0.1804796457290649,0.6139522194862366,-0.7684332728385925,False,1,False,True,1.317281878162731,8.881784197001252e-16
215,3,4,12.0,12.0,0.0,0.0,0.0,0.0,12.0,5.120227813720703,3.454031229019165,12.0,5.389643047374141,3.6004247673160346,0.3066196930720747,0.3066196930720747,1.0,28.518556913873667,True,True,1.0,3877443,0.0,12.0,0.3916161954402923,0.439309298992157,-0.8084825873374939,False,1,False,True,0.2950965378314814,0.0
216,3,4,12.0,12.0,0.0,0.0,0.0,0.0,12.0,-2.858190395167327,-1.7763568394002505e-15,12.0,3.352832794189453,4.5659027099609375,7.7087143296114125,7.7087143296114125,1.0,36.32068154821018,True,True,1.0,3878550,0.0,12.0,0.2806431353092193,0.5685006380081177,-0.7733346223831177,False,1,True,False,1.831026719408895e-15,1.5330027386611573
217,3,4,12.0,12.0,0.0,0.0,0.0,0.0,12.0,-4.5655449315424175,5.513113103078933,12.0,3.319756962920508,6.826447097531352,7.993924702410259,7.993924702410259,1.0,9.456079575809447,True,True,1.0,3912446,0.0,12.0,0.5335413217544556,0.1389534920454025,-0.8342815041542053,False,2,True,True,0.0,9.930136612989092e-16
218,3,4,12.0,12.0,0.0,0.0,0.0,0.0,12.0,3.210005760192871,5.451934814453125,12.0,4.384718993508055,5.791337186472558,1.2227612811412663,1.2227612811412663,1.0,16.115253628090105,True,True,1.0,3918569,0.0,12.0,0.2154703736305236,0.2710503041744232,-0.9381387233734132,False,1,False,True,1.0997034022736143,8.881784197001252e-16
219,3,4,12.0,12.0,0.0,0.0,0.0,0.0,12.0,3.135892868041992,3.045606136322021,12.0,5.324180238740616,3.889474349834765,2.345360351531569,2.345360351531569,1.0,21.088111768051938,True,True,1.0,3930309,0.0,12.0,-0.3252229690551758,0.3402434289455414,-0.8823063373565674,False,1,False,True,2.3206332234950304,0.0
220,3,4,12.0,12.0,0.0,0.0,0.0,0.0,12.0,-4.6569400097737015,4.440892098500626e-16,12.0,-1.1561660766601562,1.562013864517212,3.8334456359405014,3.8334456359405014,1.0,24.045999191453884,True,True,1.0,3931480,0.0,12.0,-0.0598148927092552,0.4067403376102447,-0.9115834832191468,False,1,True,False,4.440892098500626e-16,1.562013864517212
221,3,4,12.0,12.0,0.0,0.0,0.0,0.0,12.0,-4.587449159825496,5.479410616020106,12.0,-0.0466243142456406,7.957139118858652,5.172835664508768,5.172835664508768,1.0,28.61935647988509,True,True,1.0,3934136,0.0,12.0,0.1752314120531082,0.4715772271156311,-0.8642389178276062,False,2,True,True,3.2023728339893768e-15,8.914520981537836e-16
222,3,4,12.0,12.0,0.0,0.0,0.0,0.0,12.0,-1.521254301071167,3.803650379180908,12.0,3.0549134718257798,7.020731870576609,5.593829172220169,5.593829172220169,1.0,35.107516172647195,True,True,1.0,3938383,0.0,12.0,-0.4046971201896667,0.5259121060371399,-0.7480887174606323,False,1,False,True,3.4592072295258522,4.440892098500626e-16
223,3,4,12.0,12.0,0.0,0.0,0.0,0.0,12.0,-3.890729997507915,0.0,12.0,4.393007822989066,5.778583750710916,10.10011596184481,10.10011596184481,1.0,34.89892156023114,True,True,1.0,3942815,0.0,12.0,-0.0499457754194736,0.5714163780212402,-0.8191390037536621,False,2,True,True,0.0,1.2560739669470201e-15
224,3,4,12.0,12.0,0.0,0.0,0.0,0.0,12.0,2.766144275665283,4.720550060272217,12.0,4.294363143515298,5.905534210014707,1.9338149712921642,1.9338149712921642,1.0,37.79007573769051,True,True,1.0,3949402,0.0,12.0,0.0869186446070671,0.6104511618614197,-0.7872703075408936,False,1,False,True,1.9246321179687282,0.0
225,3,4,12.0,12.0,0.0,0.0,0.0,0.0,12.0,-0.4629146493027321,-8.881784197001252e-16,12.0,4.949806213378906,1.1133489608764648,5.526037734760211,5.526037734760211,1.0,11.62312580692915,True,True,1.0,3953454,0.0,12.0,0.8492937088012695,0.1063619032502174,-0.5170950889587402,False,1,True,False,8.881784197001252e-16,0.4368634355823934
226,3,4,12.0,12.0,0.0,0.0,0.0,0.0,12.0,3.9409494400024414,4.149537086486816,12.0,5.179787480943266,4.326360124887312,1.2513936545273365,1.2513936545273365,1.0,8.123130191794157,True,True,1.0,3958105,0.0,12.0,0.0751589983701706,0.1409012377262115,-0.9871666431427002,False,1,False,True,1.2102940025150963,0.0
227,3,4,12.0,12.0,0.0,0.0,0.0,0.0,12.0,-5.285195827484131,2.5082385540008545,12.0,-3.660013675689697,6.460206031799316,4.273086001017054,4.273086001017054,1.0,67.64588426831726,True,True,1.0,3978596,0.0,12.0,-0.5760886669158936,0.7559612989425659,-0.3108767569065094,False,1,False,True,0.24171768394431106,0.08014631117402606
228,3,4,12.0,12.0,0.0,0.0,0.0,0.0,12.0,-1.5425214767456057,4.377224445343018,12.0,4.391654311925846,5.780666302467711,6.097875969317845,6.097875969317845,1.0,13.306054645724272,True,True,1.0,3982313,0.0,12.0,-0.0920279622077941,0.2291759252548217,-0.969024896621704,False,1,False,True,3.026055358481576,1.2560739669470201e-15
229,3,4,12.0,12.0,0.0,0.0,0.0,0.0,12.0,-5.243027605877697,4.176270936888491,12.0,4.620571186391107,5.428448096032476,9.942762632826376,9.942762632826376,1.0,7.234959370100734,True,True,1.0,3992991,0.0,12.0,-0.3026297986507416,0.1200330778956413,-0.9455195665359496,False,2,True,True,0.0,2.5121479338940403e-15
230,3,4,12.0,12.0,0.0,0.0,0.0,0.0,12.0,-0.7718665138902492,-4.440892098500626e-16,12.0,4.250354560158314,5.952111132329879,7.787832268880909,7.787832268880909,1.0,49.84328453760406,True,True,1.0,4000087,0.0,12.0,0.039077028632164,0.7636996507644653,-0.6443879008293152,False,2,True,True,6.280369834735101e-16,2.5121479338940403e-15
231,3,4,12.0,12.0,0.0,0.0,0.0,0.0,12.0,-5.435159832506541,3.399446410066369,12.0,4.055916490095687,6.157896599472866,9.88380378239559,9.88380378239559,1.0,16.20577617383624,True,True,1.0,4002460,0.0,12.0,0.3861214816570282,0.2574440836906433,-0.885794997215271,False,2,True,True,0.0,2.5121479338940403e-15
232,3,4,12.0,12.0,0.0,0.0,0.0,0.0,12.0,3.215521335601806,3.6418051719665527,12.0,4.698120735006879,5.309128089645386,2.2311581501393705,2.2311581501393705,1.0,48.356200211438356,True,True,1.0,4013208,0.0,12.0,0.1446094065904617,0.7394354343414307,-0.6575129628181458,False,1,False,True,2.0759502362326914,0.0
233,3,4,12.0,12.0,0.0,0.0,0.0,0.0,12.0,-4.2224543222024575,0.0,12.0,-4.020817756652832,0.3268203735351562,0.38401674589047213,0.38401674589047213,1.0,58.326887745199066,True,True,1.0,4051948,0.0,12.0,0.4293522536754608,0.7686217427253723,-0.4742122292518616,False,1,True,False,0.0,0.3268203735351562
234,3,4,12.0,12.0,0.0,0.0,0.0,0.0,12.0,-1.546531306266047,7.717691840579917,12.0,2.0076980590820312,7.35832405090332,3.57235098916101,3.57235098916101,1.0,174.22645062711322,True,True,1.0,4061530,0.0,12.0,-0.4135157763957977,-0.0915933027863502,-0.905878245830536,False,1,True,False,0.0,0.19837567552952726
235,3,4,12.0,12.0,0.0,0.0,0.0,0.0,12.0,-2.7278127670288086,2.687042713165283,12.0,-1.0910190343856812,3.6221866607666016,1.8850962643735727,1.8850962643735727,1.0,29.740480676354238,True,True,1.0,4062874,0.0,12.0,0.1792779862880706,0.4880351424217224,-0.8542137145996094,False,0,False,False,2.687042713165283,3.6221866607666016
236,3,4,12.0,12.0,0.0,0.0,0.0,0.0,12.0,-4.11580646876646,6.094511444323063,12.0,3.97991292754487,6.238335726537924,8.096996848706693,8.096996848706693,1.0,1.017779543361198,True,True,1.0,4068000,0.0,12.0,-0.1404237151145935,0.017586663365364,-0.9899352788925172,False,2,True,True,1.2560739669470201e-15,0.0
237,3,4,12.0,12.0,0.0,0.0,0.0,0.0,12.0,-3.474799633026123,2.636646509170532,12.0,-1.3708209991455078,4.570569038391113,2.8577582894382565,2.8577582894382565,1.0,42.58841481738426,True,True,1.0,4072330,0.0,12.0,0.3019239604473114,0.6451455354690552,-0.7018754482269287,False,0,False,False,2.0441535869291094,2.9717198310813835
238,3,4,12.0,12.0,0.0,0.0,0.0,0.0,12.0,-4.407878162962241,5.7557038101793605,12.0,1.9459815400614355,7.606603967517351,6.617957730156784,6.617957730156784,1.0,16.24101451807057,True,True,1.0,4078059,0.0,12.0,0.5304339528083801,0.2370907515287399,-0.813896656036377,False,2,True,True,1.2560739669470201e-15,0.0
239,3,4,12.0,12.0,0.0,0.0,0.0,0.0,12.0,-4.059216129498683,0.0,12.0,-0.5466690063476562,3.612146377563477,5.038411331491456,5.038411331491456,1.0,45.80091097606205,True,True,1.0,4080215,0.0,12.0,0.0992487743496894,0.7133820652961731,-0.6937115788459778,False,1,True,False,0.0,3.612146377563477
240,3,4,12.0,12.0,0.0,0.0,0.0,0.0,12.0,1.500636100769043,0.483067512512207,12.0,5.286638262719229,4.05524011397512,5.205211759855097,5.205211759855097,1.0,43.33544530812682,True,True,1.0,4096150,0.0,12.0,-0.3566402792930603,0.6411406397819519,-0.6795192360877991,False,1,False,True,0.483067512512207,0.0
241,3,4,12.0,12.0,0.0,0.0,0.0,0.0,12.0,-1.6000265055025205,0.0,12.0,0.8380575180053711,1.6469755172729492,2.9422409928795648,2.9422409928795648,1.0,34.03982920445822,True,True,1.0,4140642,0.0,12.0,-0.3118210136890411,0.5318594574928284,-0.7873329520225525,False,1,True,False,0.0,1.6469755172729492
242,3,5,12.0,12.0,0.0,0.0,0.0,0.0,12.0,0.7461206912994385,7.071294784545898,12.0,3.677731465921077,6.558152484759066,2.976181572704898,2.976181572704898,1.0,170.07166068024623,True,True,1.0,4165193,0.0,12.0,-0.7857524752616882,-0.1066465601325035,-0.6092779040336609,False,1,False,True,0.8190664288198491,4.440892098500626e-16
243,3,5,12.0,12.0,0.0,0.0,0.0,0.0,12.0,5.025179386138916,0.3379701375961303,12.0,5.075207268120996,0.1105220421344758,0.2328850040357834,0.2328850040357834,1.0,102.40484776712434,True,True,1.0,4549611,0.0,12.0,-0.8193385601043701,-0.5599255561828613,-0.1231573894619941,False,1,False,True,0.11955616614651925,6.938893903907228e-17
244,3,5,12.0,12.0,0.0,0.0,0.0,0.0,12.0,0.4742530185176725,7.9183689723447,12.0,1.947890043258667,7.010952949523926,1.7306096957891348,1.7306096957891348,1.0,148.37663832309482,True,True,1.0,4686873,0.0,12.0,-0.8647034764289856,-0.2633634507656097,-0.4277003109455108,False,1,True,False,8.899114524108741e-16,0.5369764522221558
245,3,5,12.0,12.0,0.0,0.0,0.0,0.0,12.0,3.7417030334472656,3.244724988937378,12.0,4.631048202514648,1.5121328830718994,1.947513860040761,1.947513860040761,1.0,117.17157722404079,True,True,1.0,4734941,0.0,12.0,-0.789479672908783,-0.5460421442985535,-0.2802852690219879,False,0,False,False,1.6858044592499606,0.8279213242729268
246,3,5,12.0,12.0,0.0,0.0,0.0,0.0,12.0,-1.406706929206848,3.2263834476470947,12.0,0.9237126111984252,1.3664205074310305,2.9816635244909695,2.9816635244909695,1.0,141.40580492330594,True,True,1.0,4771972,0.0,12.0,-0.7326000928878784,-0.4245955348014831,-0.5319921970367432,False,0,False,False,3.2263834476470947,1.3664205074310305
247,3,5,12.0,12.0,0.0,0.0,0.0,0.0,12.0,3.1325368881225586,5.127959251403809,12.0,5.212549209594727,3.424522638320923,2.6885214435200866,2.6885214435200866,1.0,140.68406500223682,True,True,1.0,4780731,0.0,12.0,-0.7250521779060364,-0.4363537728786468,-0.5328177213668823,False,0,False,False,1.378513390926959,0.21157335757156875
248,3,5,12.0,12.0,0.0,0.0,0.0,0.0,12.0,1.8874521255493164,6.675509929656982,12.0,3.881944983843714,6.34202107505577,2.0221811436987003,2.0221811436987003,1.0,170.5076788621221,True,True,1.0,4829848,0.0,12.0,-0.8667784333229065,-0.0822422131896019,-0.4918651878833771,False,1,False,True,0.8651225996536043,0.0
249,4,1,15.0,15.0,0.0,0.0,0.0,0.0,15.0,-1.3331746849209205,0.0,15.0,-1.2775452136993408,0.9682385921478271,0.9698353516926463,0.9698353516926463,1.0,86.71172606936211,True,True,1.0,71492,0.0,15.0,-0.5522199273109436,0.8323258757591248,-0.0478206574916839,False,1,True,False,4.440892098500626e-16,0.9682385921478271
250,4,1,15.0,15.0,0.0,0.0,0.0,0.0,15.0,-2.68867301940918,3.32452392578125,15.0,-1.8723411560058596,5.882359504699707,2.684943306661922,2.684943306661922,1.0,72.29954457361902,True,True,1.0,236067,0.0,15.0,-0.3976301848888397,0.8741082549095154,-0.278971254825592,False,0,False,False,2.684657711502782,1.5851946542913744
251,4,1,15.0,15.0,0.0,0.0,0.0,0.0,15.0,-0.2611096177434757,4.440892098500626e-16,15.0,0.2701178789138794,1.0486462116241455,1.1755260653675492,1.1755260653675492,1.0,63.13395143398651,True,True,1.0,246678,0.0,15.0,-0.3112524747848511,0.8477541208267212,-0.4294587671756744,False,1,True,False,5.900916318210353e-16,1.0486462116241455
252,4,1,15.0,15.0,0.0,0.0,0.0,0.0,15.0,-2.37966251373291,2.365076303482056,15.0,-1.2214018106460571,5.830202102661133,3.653582441994663,3.653582441994663,1.0,71.51716446990439,True,True,1.0,357596,0.0,15.0,-0.1539730131626129,0.9371088147163392,-0.3132400810718536,False,0,False,False,2.365076303482056,1.90559125228124
253,4,1,15.0,15.0,0.0,0.0,0.0,0.0,15.0,3.4254820250402997,-2.220446049250313e-16,15.0,3.520420551300049,0.7603646516799927,0.7662687043673453,0.7662687043673453,1.0,82.8829266156068,True,True,1.0,453199,0.0,15.0,-0.6278699636459351,0.772321343421936,-0.0964314714074134,False,1,True,False,4.965068306494546e-16,0.7603646516799927
254,4,1,15.0,15.0,0.0,0.0,0.0,0.0,15.0,-0.7047027349472046,2.9809374809265137,15.0,0.7209970951080322,6.880894184112549,4.152382724670887,4.152382724670887,1.0,69.9191991323099,True,True,1.0,528342,0.0,15.0,-0.3814427256584167,0.868198037147522,-0.3173855245113373,False,0,False,False,2.9809374809265137,1.0109577724182088
255,4,1,15.0,15.0,0.0,0.0,0.0,0.0,15.0,0.8454524074466436,5.551115123125783e-17,15.0,-0.0975977778434753,3.483856678009033,3.609238285966149,3.609238285966149,1.0,105.14649353770453,True,True,1.0,690227,0.0,15.0,-0.7260154485702515,0.6637890934944153,0.179682046175003,False,1,True,False,2.2887833992611187e-16,3.483856678009033
256,4,1,15.0,15.0,0.0,0.0,0.0,0.0,15.0,-1.2695086002349854,0.9542874097824096,15.0,-2.1082558631896973,4.330492973327637,3.4788304038035203,3.4788304038035203,1.0,103.95149359517697,True,True,1.0,728142,0.0,15.0,-0.5902771353721619,0.7833883762359619,0.1946163773536682,False,0,False,False,0.9542874097824096,2.670711246930525
257,4,1,15.0,15.0,0.0,0.0,0.0,0.0,15.0,-1.041090726852417,7.448968887329102,15.0,-1.1194526302588317,7.836463236198426,0.39533840986063856,0.39533840986063856,1.0,101.43258175425478,True,True,1.0,751232,0.0,15.0,-0.7555550336837769,0.6420873999595642,0.1298475712537765,False,1,False,True,0.3943223224848245,9.155133597044475e-16
258,4,2,15.0,15.0,0.0,0.0,0.0,0.0,15.0,-2.594104766845703,2.8409526348114014,15.0,0.5668549537658691,2.213904619216919,3.2225541995736497,3.2225541995736497,1.0,168.77974860714934,True,True,1.0,958507,0.0,15.0,0.9607229828834534,-0.0539980344474315,-0.2722050845623016,False,0,False,False,2.8409526348114014,2.213904619216919
259,4,2,15.0,15.0,0.0,0.0,0.0,0.0,15.0,2.4034743309021,1.1395248174667358,15.0,2.2532156330939355,2.220446049250313e-16,1.1493887444592463,1.1493887444592463,1.0,82.48826663982298,True,True,1.0,1051994,0.0,15.0,0.852656900882721,-0.5179874897003174,0.0683022886514663,False,1,False,True,1.1395248174667358,2.220446049250313e-16
260,4,2,15.0,15.0,0.0,0.0,0.0,0.0,15.0,2.1183247566223145,4.034214496612549,15.0,2.894835948944092,2.0868465900421143,2.0964759467595866,2.0964759467595866,1.0,111.73959705478799,True,True,1.0,1052354,0.0,15.0,0.7738395929336548,-0.5883335471153259,-0.2345974594354629,False,0,False,False,2.8578433116797255,2.0868465900421143
261,4,2,15.0,15.0,0.0,0.0,0.0,0.0,15.0,1.6420042514801023,6.724514007568359,15.0,1.886216163635254,4.001119613647461,2.7343219420686826,2.7343219420686826,1.0,95.12411552873428,True,True,1.0,1060203,0.0,15.0,0.8642375469207764,-0.50107342004776,-0.0449321940541267,False,0,False,False,0.9282621865254229,3.0583115382591797
262,4,2,15.0,15.0,0.0,0.0,0.0,0.0,15.0,3.03493881225586,5.733509063720703,15.0,1.4871902465820312,3.835585832595825,2.4490075977401315,2.4490075977401315,1.0,50.8028981282946,True,True,1.0,1208841,0.0,15.0,0.966034770011902,-0.2002633064985275,0.1633139252662658,False,0,False,False,1.0335728445907384,3.462034422869664
263,4,2,15.0,15.0,0.0,0.0,0.0,0.0,15.0,-2.6444313526153564,4.458786964416504,15.0,-4.519360542297363,3.797627687454224,1.9880872857686385,1.9880872857686385,1.0,19.42426054794157,True,True,1.0,1272402,0.0,15.0,0.9598832726478576,-0.0932499393820762,0.26444011926651,False,0,False,False,2.185348997000756,0.8052283398559322
264,4,2,15.0,15.0,0.0,0.0,0.0,0.0,15.0,-0.2738217711448669,3.240323543548584,15.0,-0.7579806447029114,1.6332221031188965,1.6784471557592067,1.6784471557592067,1.0,73.23443274806209,True,True,1.0,1273121,0.0,15.0,0.6861276626586914,-0.6965581178665161,0.209846630692482,False,0,False,False,3.240323543548584,1.6332221031188965
265,4,2,15.0,15.0,0.0,0.0,0.0,0.0,15.0,2.4359090328216557,3.528346300125122,15.0,2.3282454013824463,1.5254576206207275,2.0057802771045323,2.0057802771045323,1.0,86.9230738839363,True,True,1.0,1294210,0.0,15.0,0.9015581011772156,-0.432034283876419,0.0232236236333847,False,0,False,False,2.83844694874928,1.5254576206207275
266,4,2,15.0,15.0,0.0,0.0,0.0,0.0,15.0,-2.9284348000538927,7.113514517183081,15.0,-2.752949953079224,6.283968448638916,0.8479042465719834,0.8479042465719834,1.0,101.94443818311377,True,True,1.0,1371889,0.0,15.0,0.8405000567436218,-0.5300805568695068,-0.1121349111199379,False,1,True,False,0.0,0.7726687046986827
267,4,2,15.0,15.0,0.0,0.0,0.0,0.0,15.0,-3.98275826816714,6.235324331964085,15.0,-3.98413610458374,6.044212818145752,0.19111648057434974,0.19111648057434974,1.0,89.58692785064518,True,True,1.0,1415133,0.0,15.0,0.8488339781761169,-0.5286458134651184,0.0038113417103886,False,1,True,False,1.6011864169946884e-15,0.13025053420281188
268,4,2,15.0,15.0,0.0,0.0,0.0,0.0,15.0,2.203950881958008,4.7511820793151855,15.0,5.343857542794169,0.9141921037983298,4.957973972398416,4.957973972398416,1.0,129.2943370715988,True,True,1.0,1663915,0.0,15.0,0.9457669854164124,-0.2513990700244903,-0.2057262808084488,False,1,False,True,2.3122321825359937,1.1102230246251565e-16
269,4,2,15.0,15.0,0.0,0.0,0.0,0.0,15.0,-1.3970849514007568,1.8871984481811523,15.0,-3.200500726699829,1.8974640369415283,1.8034449924824851,1.8034449924824851,1.0,179.67385859344046,True,True,1.0,1702331,0.0,15.0,0.8869094848632812,0.0026294537819921,0.4619357883930206,False,0,False,False,1.8871984481811523,1.8974640369415283
270,4,2,15.0,15.0,0.0,0.0,0.0,0.0,15.0,-4.395435623472896,5.774848265793104,15.0,-5.445970609045044,3.3517116655543973,2.64106318351672,2.64106318351672,1.0,66.56117272062238,True,True,1.0,1923753,0.0,15.0,0.8247798681259155,-0.5187956690788269,0.2249204814434051,False,2,True,True,0.0,8.881784197001252e-16
271,4,2,15.0,15.0,0.0,0.0,0.0,0.0,15.0,4.895274639129639,0.539147138595581,15.0,5.12508708764175,0.2597380355995621,0.3617778438878914,0.3617778438878914,1.0,129.43710853502265,True,True,1.0,1981860,0.0,15.0,0.8809898495674133,-0.3654128313064575,-0.3005500435829162,False,1,False,True,0.30653979407677384,5.551115123125783e-17
272,4,2,15.0,15.0,0.0,0.0,0.0,0.0,15.0,-5.446614004204572,1.3635398210155372,15.0,-4.411770820617676,2.054442405700684,1.2442856569698453,1.2442856569698453,1.0,33.72865418997653,True,True,1.0,2178596,0.0,15.0,0.9973962903022766,0.0400426909327507,-0.0599764697253704,False,1,True,False,0.0,1.1153414292981072
273,4,2,15.0,15.0,0.0,0.0,0.0,0.0,15.0,-0.3322805809929394,7.931240634487089,15.0,-0.2664470672607422,7.79786491394043,0.1487384763995788,0.1487384763995788,1.0,116.27069017450427,True,True,1.0,2219402,0.0,15.0,0.9689868092536926,-0.221588984131813,-0.1093750968575477,False,1,True,False,5.551115123125783e-17,0.1387752064921585
274,4,3,15.0,15.0,0.0,0.0,0.0,0.0,15.0,-1.458869218826294,7.300135612487793,15.0,-0.5570155195957225,0.0,7.355631859706437,7.355631859706437,1.0,97.04259764285524,True,True,1.0,2573061,0.0,15.0,-0.6834908723831177,-0.7244517207145691,-0.08949825912714,False,1,False,True,0.4257768925959159,2.220446049250313e-16
275,4,3,15.0,15.0,0.0,0.0,0.0,0.0,15.0,0.8915424346923828,6.303260803222656,15.0,0.6707520484924316,4.528425216674805,1.7885160759453576,1.7885160759453576,1.0,82.90880805101114,True,True,1.0,2588057,0.0,15.0,-0.2042567431926727,-0.9714295268058776,0.1208462640643119,False,0,False,False,1.5382093024516152,3.307309369115251
276,4,3,15.0,15.0,0.0,0.0,0.0,0.0,15.0,0.8920636177062988,6.6871514320373535,15.0,1.0608482360839844,5.914262294769287,0.7911042067312478,0.7911042067312478,1.0,102.31893140432545,True,True,1.0,2594444,0.0,15.0,-0.2229471206665039,-0.952385187149048,-0.2079833298921585,False,0,False,False,1.1682150955620463,1.8676222482528855
277,4,3,15.0,15.0,0.0,0.0,0.0,0.0,15.0,1.5145715712401455,7.726579903941244,15.0,1.762736439704895,6.210211753845215,1.5365409752316335,1.5365409752316335,1.0,99.29448244240507,True,True,1.0,2670719,0.0,15.0,-0.5733795762062073,-0.8085336685180664,-0.1323224455118179,False,1,True,False,9.155133597044475e-16,1.3381576499573362
278,4,3,15.0,15.0,0.0,0.0,0.0,0.0,15.0,-3.741874534534848,6.490266029527238,15.0,-2.3544936173119595,8.881784197001252e-16,6.636895278931969,6.636895278931969,1.0,102.06613794194884,True,True,1.0,2673183,0.0,15.0,-0.4985293745994568,-0.8477209806442261,-0.1812116503715515,False,2,True,True,4.440892098500626e-16,8.881784197001252e-16
279,4,3,15.0,15.0,0.0,0.0,0.0,0.0,15.0,2.843480110168457,4.360343933105469,15.0,3.555469512939453,2.479326009750366,2.011257650735316,2.011257650735316,1.0,110.73229690033841,True,True,1.0,2842434,0.0,15.0,-0.4807672202587127,-0.8200675845146179,-0.3104062378406524,False,0,False,False,2.0720986260824192,1.970909834197085
280,4,3,15.0,15.0,0.0,0.0,0.0,0.0,15.0,1.6205071210861206,6.370644569396973,15.0,2.1019856929779053,4.971076011657715,1.480072215468995,1.480072215468995,1.0,108.984204985987,True,True,1.0,3055001,0.0,15.0,-0.7496485710144043,-0.6258376836776733,-0.2153002917766571,False,0,False,False,1.255972863792805,2.216307439410662
281,4,3,15.0,15.0,0.0,0.0,0.0,0.0,15.0,4.423636436462402,4.160076141357422,15.0,4.914186477661133,2.522264003753662,1.709698201731017,1.709698201731017,1.0,106.6737705564468,True,True,1.0,3105872,0.0,15.0,-0.5299605131149292,-0.812366247177124,-0.2433164268732071,False,0,False,False,0.7613877516993889,0.6116689633967486
282,4,3,15.0,15.0,0.0,0.0,0.0,0.0,15.0,3.06333010444758,7.014557569097752,15.0,3.131085157394409,6.06557035446167,0.9514029013738485,0.9514029013738485,1.0,94.0838298304065,True,True,1.0,3173475,0.0,15.0,-0.5315353870391846,-0.8448854088783264,-0.0603224858641624,False,1,True,False,4.440892098500626e-16,0.7251000362073289
283,4,3,15.0,15.0,0.0,0.0,0.0,0.0,15.0,1.9873374426384405,7.588741605235537,15.0,1.9694390296936035,7.188061237335205,0.40107993019682403,0.40107993019682403,1.0,87.44229486120773,True,True,1.0,3187953,0.0,15.0,-0.681218147277832,-0.7313511967658997,0.0326695144176483,False,1,True,False,2.220446049250313e-16,0.3682469564342694
284,4,3,15.0,15.0,0.0,0.0,0.0,0.0,15.0,0.2683129906654358,5.076632022857666,15.0,-1.5238001346588137,1.403998851776123,4.086551585785736,4.086551585785736,1.0,63.989285587563444,True,True,1.0,3227732,0.0,15.0,-0.7050274014472961,-0.6373486518859863,0.3110032677650451,False,0,False,False,2.8487241035086863,1.403998851776123
285,4,3,15.0,15.0,0.0,0.0,0.0,0.0,15.0,-4.980360071506578,4.799665608994041,15.0,-5.2435302734375,3.737784862518311,1.0940060671313556,1.0940060671313556,1.0,76.080615939132,True,True,1.0,3290074,0.0,15.0,-0.1852636933326721,-0.9538323879241944,0.2363920360803604,False,1,True,False,0.0,0.11216345951923527
286,4,3,15.0,15.0,0.0,0.0,0.0,0.0,15.0,-4.467489242553711,1.1049785614013672,15.0,-4.361830666120781,0.0,1.1100186286411902,1.1100186286411902,1.0,95.46204313885225,True,True,1.0,3372684,0.0,15.0,0.081246979534626,-0.9921684861183168,-0.0948718339204788,False,1,False,True,0.8916457965711977,0.0
287,4,3,15.0,15.0,0.0,0.0,0.0,0.0,15.0,-3.2276337146759038,5.202095985412598,15.0,-2.507660150527954,3.1500356197357178,2.174698525647597,2.174698525647597,1.0,109.33362475612307,True,True,1.0,3375620,0.0,15.0,-0.6324527859687805,-0.7309168577194214,-0.256445050239563,False,0,False,False,1.2584752153952228,2.9102822876843844
288,4,3,15.0,15.0,0.0,0.0,0.0,0.0,15.0,2.0954298074535527,7.53624952454185,15.0,2.276045083999634,7.150356292724609,0.4260697882790702,0.4260697882790702,1.0,115.08169429183157,True,True,1.0,3381632,0.0,15.0,-0.0824409648776054,-0.9026211500167848,-0.4224671721458435,False,1,True,False,9.930136612989092e-16,0.2682271761892117
289,4,3,15.0,15.0,0.0,0.0,0.0,0.0,15.0,-2.1978561878204346,3.1070003509521484,15.0,-3.751330137252808,1.1949251890182495,2.4635975191677644,2.4635975191677644,1.0,50.90771362754646,True,True,1.0,3613252,0.0,15.0,-0.6356648206710815,-0.5991463661193848,0.486779123544693,False,0,False,False,3.1070003509521484,1.1949251890182495
290,4,3,15.0,15.0,0.0,0.0,0.0,0.0,15.0,-0.8843604701523897,7.881187357014625,15.0,-1.2409029006958008,6.2980546951293945,1.622785115135586,1.622785115135586,1.0,77.30798819964447,True,True,1.0,3617813,0.0,15.0,-0.5085654854774475,-0.8399843573570251,0.1891756355762481,False,1,True,False,0.0,1.449619596968026
291,4,3,15.0,15.0,0.0,0.0,0.0,0.0,15.0,-1.6795827150344849,3.4158568382263184,15.0,-2.285947322845459,0.911128044128418,2.5770805904334617,2.5770805904334617,1.0,76.39120626148383,True,True,1.0,3617869,0.0,15.0,0.0381382293999195,-0.9712178111076356,0.2351200878620147,False,0,False,False,3.4158568382263184,0.911128044128418
292,4,3,15.0,15.0,0.0,0.0,0.0,0.0,15.0,1.3063791990280151,0.5704544186592102,15.0,1.2695272160642386,0.0,0.5716435186514232,0.5716435186514232,1.0,86.30376574056108,True,True,1.0,3678789,0.0,15.0,-0.515384316444397,-0.855176568031311,0.0552453584969043,False,1,False,True,0.5704544186592102,0.0
293,4,3,15.0,15.0,0.0,0.0,0.0,0.0,15.0,-2.058033227920532,7.05409574508667,15.0,0.8568239212036133,5.0491814613342285,3.5378063097058754,3.5378063097058754,1.0,145.47879878221772,True,True,1.0,3688713,0.0,15.0,-0.6229667663574219,-0.4433087706565857,-0.6445073485374451,False,0,False,False,0.45005312243991913,2.755738423474565
294,4,3,15.0,15.0,0.0,0.0,0.0,0.0,15.0,1.746037483215332,1.170870065689087,15.0,2.0752802426742605,0.0,1.2162801919717745,1.2162801919717745,1.0,105.70571531042154,True,True,1.0,3719194,0.0,15.0,-0.7568071484565735,-0.6292344331741333,-0.1769375503063202,False,1,False,True,1.170870065689087,0.0
295,4,3,15.0,15.0,0.0,0.0,0.0,0.0,15.0,-1.200244426727295,2.970632791519165,15.0,-2.471944808959961,1.4653360843658447,1.970568455734877,1.970568455734877,1.0,49.8083049208511,True,True,1.0,3843107,0.0,15.0,-0.5555657744407654,-0.6351532340049744,0.5365883111953735,False,0,False,False,2.970632791519165,1.4653360843658447
296,4,4,15.0,15.0,0.0,0.0,0.0,0.0,15.0,-0.4903974533081054,6.084309577941895,15.0,1.5520512376502071,7.716156737117612,2.614291836445805,2.614291836445805,1.0,38.62366742278193,True,True,1.0,3865459,0.0,15.0,0.1804796457290649,0.6139522194862366,-0.7684332728385925,False,1,False,True,1.8251100224248247,0.0
297,4,4,15.0,15.0,0.0,0.0,0.0,0.0,15.0,3.31905838993924,0.0,15.0,5.137152045957606,0.2958304825753619,1.8420044018609185,1.8420044018609185,1.0,9.241868269028846,True,True,1.0,3877844,0.0,15.0,0.2145817726850509,0.1568614095449447,-0.9640275835990906,False,2,True,True,8.881784197001252e-16,9.305364597889227e-16
298,4,4,15.0,15.0,0.0,0.0,0.0,0.0,15.0,-4.339155730604988,-8.881784197001252e-16,15.0,0.2647047042846679,3.3844308853149414,5.714009391085742,5.714009391085742,1.0,36.32068138629293,True,True,1.0,3878550,0.0,15.0,0.2806431353092193,0.5685006380081177,-0.7733346223831177,False,1,True,False,8.881784197001252e-16,3.3844308853149414
299,4,4,15.0,15.0,0.0,0.0,0.0,0.0,15.0,4.876170315275697,8.881784197001252e-16,15.0,5.2686600593783215,0.6892380582188053,0.7931565420035137,0.7931565420035137,1.0,60.34045380119331,True,True,1.0,3923794,0.0,15.0,0.0149858789518475,0.8688835501670837,-0.4947896301746368,False,2,True,True,1.2560739669470201e-15,1.1102230246251565e-16
300,4,4,15.0,15.0,0.0,0.0,0.0,0.0,15.0,4.486421585083008,2.460592746734619,15.0,5.510952510871052,2.8556822015648056,1.098070715033472,1.098070715033472,1.0,21.0881158230688,True,True,1.0,3930309,0.0,15.0,-0.3252229690551758,0.3402434289455414,-0.8823063373565674,False,1,False,True,1.0418449296984922,0.0
301,4,4,15.0,15.0,0.0,0.0,0.0,0.0,15.0,-3.5700604136750407,6.642828655857448,15.0,-1.655996273782744,7.687249424009645,2.1804715711444764,2.1804715711444764,1.0,28.61935900753901,True,True,1.0,3934136,0.0,15.0,0.1752314120531082,0.4715772271156311,-0.8642389178276062,False,2,True,True,3.4684476073050936e-15,1.831026719408895e-15
302,4,4,15.0,15.0,0.0,0.0,0.0,0.0,15.0,-3.62850869541316,-4.440892098500626e-16,15.0,4.474807304470032,5.65272467316646,9.880132915330027,9.880132915330027,1.0,34.898920986164946,True,True,1.0,3942815,0.0,15.0,-0.0499457754194736,0.5714163780212402,-0.8191390037536621,False,2,True,True,4.440892098500626e-16,0.0
303,4,4,15.0,15.0,0.0,0.0,0.0,0.0,15.0,-5.315176550087024,3.929229937790335,15.0,4.294131228938305,5.905779659116046,9.81048137416862,9.81048137416862,1.0,11.623124836969607,True,True,1.0,3953454,0.0,15.0,0.8492937088012695,0.1063619032502174,-0.5170950889587402,False,2,True,True,1.831026719408895e-15,3.2023728339893768e-15
304,4,4,15.0,15.0,0.0,0.0,0.0,0.0,15.0,3.697012901306152,4.343127250671387,15.0,5.089007282658464,4.541810778425151,1.4061022373629477,1.4061022373629477,1.0,8.123131375182238,True,True,1.0,3958105,0.0,15.0,0.0751589983701706,0.1409012377262115,-0.9871666431427002,False,1,False,True,1.3599214826478998,0.0
305,4,4,15.0,15.0,0.0,0.0,0.0,0.0,15.0,4.396080017089844,5.009727954864502,15.0,4.574449000300081,5.499413042150152,0.5211592644109947,0.5211592644109947,1.0,69.98572401637148,True,True,1.0,3972906,0.0,15.0,0.4989780485630035,0.8142775297164917,-0.2966024875640869,False,1,False,True,0.41640939152832024,0.0
306,4,4,15.0,15.0,0.0,0.0,0.0,0.0,15.0,-2.1144533157348637,3.95705246925354,15.0,4.552154566547143,5.533715910771312,6.850512992756326,6.850512992756326,1.0,13.30605666812657,True,True,1.0,3982313,0.0,15.0,-0.0920279622077941,0.2291759252548217,-0.969024896621704,False,1,False,True,2.9031385846010207,8.881784197001252e-16
307,4,4,15.0,15.0,0.0,0.0,0.0,0.0,15.0,-5.483607333431785,3.1855275421040496,15.0,5.094645400234468,4.52842970921156,10.66315230725603,10.66315230725603,1.0,7.2349603087354994,True,True,1.0,3992991,0.0,15.0,-0.3026297986507416,0.1200330778956413,-0.9455195665359496,False,2,True,True,9.930136612989092e-16,2.808666774861361e-15
308,4,4,15.0,15.0,0.0,0.0,0.0,0.0,15.0,-4.354698181152344,2.751335859298706,15.0,1.283839225769043,3.1566317081451416,5.653084893608437,5.653084893608437,1.0,4.1113271683095105,True,True,1.0,3999963,0.0,15.0,0.3445111513137817,0.0673056468367576,-0.9363663792610168,False,0,False,False,1.159863049288481,3.1566317081451416
309,4,4,15.0,15.0,0.0,0.0,0.0,0.0,15.0,-0.8029825091362,0.1450490951538086,15.0,2.5169665813446045,4.0797038078308105,5.148161775952234,5.148161775952234,1.0,49.843284361673504,True,True,1.0,4000087,0.0,15.0,0.039077028632164,0.7636996507644653,-0.6443879008293152,False,0,False,False,0.1450490951538086,2.498804551089219
310,4,4,15.0,15.0,0.0,0.0,0.0,0.0,15.0,-4.961310517129473,4.844876337960239,15.0,2.5510082244873047,7.028227806091309,7.823167933071408,7.823167933071408,1.0,16.20577496408827,True,True,1.0,4002460,0.0,15.0,0.3861214816570282,0.2574440836906433,-0.885794997215271,False,1,True,False,0.0,0.25797260067534217
311,4,4,15.0,15.0,0.0,0.0,0.0,0.0,15.0,1.1446566581726074,1.9727239608764648,15.0,4.45037519734815,5.690316628630663,4.974763341465467,4.974763341465467,1.0,48.35620215587863,True,True,1.0,4013208,0.0,15.0,0.1446094065904617,0.7394354343414307,-0.6575129628181458,False,1,False,True,1.9727239608764648,0.0
312,4,4,15.0,15.0,0.0,0.0,0.0,0.0,15.0,-4.468327523457571,5.662694653979946,15.0,4.366320123193326,5.819646227113742,8.836041695056865,8.836041695056865,1.0,1.0177787733621917,True,True,1.0,4068000,0.0,15.0,-0.1404237151145935,0.017586663365364,-0.9899352788925172,False,2,True,True,0.0,3.2023728339893768e-15
313,4,4,15.0,15.0,0.0,0.0,0.0,0.0,15.0,-5.525406360626221,2.0422847270965576,15.0,-0.6061468124389648,6.563939094543457,6.6816519455208905,6.6816519455208905,1.0,42.58840675041025,True,True,1.0,4072330,0.0,15.0,0.3019239604473114,0.6451455354690552,-0.7018754482269287,False,1,True,False,0.009446804213031755,1.3369883347987102
314,4,4,15.0,15.0,0.0,0.0,0.0,0.0,15.0,-4.476591861445556,-3.552713678800501e-15,15.0,-0.9517745971679688,3.624765396118164,5.056012353964834,5.056012353964834,1.0,45.8009185141283,True,True,1.0,4080215,0.0,15.0,0.0992487743496894,0.7133820652961731,-0.6937115788459778,False,1,True,False,3.552713678800501e-15,3.624765396118164
315,4,4,15.0,15.0,0.0,0.0,0.0,0.0,15.0,-3.801443811306695,6.427220292424847,15.0,-0.5645546913146973,6.606437206268311,3.241846677023783,3.241846677023783,1.0,3.1690611160728794,True,True,1.0,4095344,0.0,15.0,0.1729995459318161,0.0544487759470939,-0.9834157228469848,False,1,True,False,1.2560739669470201e-15,1.2984192844652998
316,4,4,15.0,15.0,0.0,0.0,0.0,0.0,15.0,2.0897912979125977,5.946675777435303,15.0,3.6883143083101566,6.546952028161056,1.7075149756168586,1.7075149756168586,1.0,20.582126476431426,True,True,1.0,4095432,0.0,15.0,0.0357326380908489,0.3513251543045044,-0.9355713725090028,False,1,False,True,1.432349258379873,0.0
317,4,4,15.0,15.0,0.0,0.0,0.0,0.0,15.0,3.9389071464538574,1.209101676940918,15.0,5.026271343231201,2.235052585601806,1.4949702884724299,1.4949702884724299,1.0,43.33544359038905,True,True,1.0,4096150,0.0,15.0,-0.3566402792930603,0.6411406397819519,-0.6795192360877991,False,0,False,False,1.209101676940918,0.5131032673944874
318,4,4,15.0,15.0,0.0,0.0,0.0,0.0,15.0,4.89367931948219,-2.220446049250313e-16,15.0,5.058652876871238,0.0609994103311526,0.1758897458590069,0.1758897458590069,1.0,20.292007226307565,True,True,1.0,4135894,0.0,15.0,0.3930379450321197,0.3188947439193725,-0.8624542355537415,False,2,True,True,1.790180836524724e-15,9.71445146547012e-17
319,4,4,15.0,15.0,0.0,0.0,0.0,0.0,15.0,-5.307799885476619,0.8063252508233891,15.0,-3.489408493041992,1.1351112127304075,1.847876474450461,1.847876474450461,1.0,10.249000230407788,True,True,1.0,4140972,0.0,15.0,-0.2288881242275238,0.1732029020786285,-0.9579201340675354,False,1,True,False,2.220446049250313e-16,1.1351112127304075
320,4,4,15.0,15.0,0.0,0.0,0.0,0.0,15.0,-4.003262000075001,0.0,15.0,-1.7833023071289062,1.39752197265625,2.6232210548031087,2.6232210548031087,1.0,32.19147490919906,True,True,1.0,4141204,0.0,15.0,0.0168929491192102,0.5326743721961975,-0.8461517095565796,False,1,True,False,0.0,1.39752197265625
321,4,5,15.0,15.0,0.0,0.0,0.0,0.0,15.0,3.4939212799072266,5.096427440643311,15.0,5.383681554162922,3.626747608634037,2.3939826028544506,2.3939826028544506,1.0,142.12754245400296,True,True,1.0,4229686,0.0,15.0,-0.8290077447891235,-0.3433189392089844,-0.4414501488208771,False,1,False,True,1.125596530413103,0.0
322,4,5,15.0,15.0,0.0,0.0,0.0,0.0,15.0,0.8843501806259155,7.420877456665039,15.0,3.331390857696533,5.6384477615356445,3.0273856201873746,3.0273856201873746,1.0,143.9303246815174,True,True,1.0,4287400,0.0,15.0,-0.7974923253059387,-0.3552213013172149,-0.4876718521118164,False,0,False,False,0.4584305855537315,0.8833792440052538
324,4,5,15.0,15.0,0.0,0.0,0.0,0.0,15.0,-2.746264934539795,0.6245552897453308,15.0,-2.5504403114318848,0.2548377513885498,0.41837583723722965,0.41837583723722965,1.0,117.90838291909017,True,True,1.0,4302011,0.0,15.0,-0.7965083718299866,-0.5343075394630432,-0.2830014526844024,False,0,False,False,0.6245552897453308,0.2548377513885498
325,4,5,15.0,15.0,0.0,0.0,0.0,0.0,15.0,-5.334918524054926,3.84205968871864,15.0,-5.025543689727783,3.6421499252319336,0.3683431846149155,0.3683431846149155,1.0,147.13053398682763,True,True,1.0,4505689,0.0,15.0,-0.8795238137245178,-0.2582592368125915,-0.3996748626232147,False,1,True,False,0.0,0.3458899379459086
326,4,5,15.0,15.0,0.0,0.0,0.0,0.0,15.0,-1.2711783647537231,3.289124011993408,15.0,3.380567553416601,-4.440892098500626e-16,5.697111272696531,5.697111272696531,1.0,144.73690010601393,True,True,1.0,4542288,0.0,15.0,-0.7951066493988037,-0.3501342535018921,-0.495188295841217,False,1,False,True,3.289124011993408,6.280369834735101e-16
327,4,5,15.0,15.0,0.0,0.0,0.0,0.0,15.0,-2.213059663772583,7.379693031311035,15.0,-1.3626601696014404,1.3180952072143557,6.120959686256734,6.120959686256734,1.0,97.98607237029172,True,True,1.0,4653284,0.0,15.0,-0.8904370665550232,-0.4506926834583282,-0.0632290095090866,False,1,True,False,0.08944383535002601,1.3180952072143557
328,4,5,15.0,15.0,0.0,0.0,0.0,0.0,15.0,-0.9849846363067628,3.217864751815796,15.0,0.8878506422042847,2.612297296524048,1.9683048349643597,1.9683048349643597,1.0,162.08176935216238,True,True,1.0,4841142,0.0,15.0,-0.9429907202720642,-0.1023948937654495,-0.3166761100292206,False,0,False,False,3.217864751815796,2.612297296524048
329,4,5,15.0,15.0,0.0,0.0,0.0,0.0,15.0,1.4376680850982666,2.7080838680267334,15.0,2.618112802505493,0.6823279857635498,2.344597326915331,2.344597326915331,1.0,120.23013148132262,True,True,1.0,4845386,0.0,15.0,-0.7901480197906494,-0.529565691947937,-0.3085875213146209,False,0,False,False,2.7080838680267334,0.6823279857635498
