face_id,trace_id,x_face,y0,z0,y1,z1,length,local_orientation_2d,confidence
1,1,-25.0,3.4781579945562484,2.710246597352887,2.455006800093817,0.7733259181190073,2.19054789593237,-2.056776729456522,1.0
1,2,-25.0,-3.118788491901843,2.973874125605167,-3.648201932428152,-1.5780803946436217,4.582637727927365,-1.6865807754530007,1.0
1,3,-25.0,-3.6586844471414497,-3.7919413601704464,-3.6985067393112745,-4.0,0.21183534304119986,-1.7599085369309269,1.0
1,4,-25.0,-1.0196016292061498,3.864232070520844,-1.058490315552788,2.931471707340325,0.9335706856186204,-1.612464239479116,1.0
1,5,-25.0,0.7728263053890487,3.7535436791276062,-0.22595330912039513,1.3023153254022641,2.646900292883486,-1.957717887633776,1.0
1,6,-25.0,3.8530738603196486,-2.7774803901369873,4.143278098136112,-4.0,1.2564922188960213,-1.3377281605852291,1.0
1,7,-25.0,-4.004456833729054,0.7861661763326179,-3.5563595057207404,-1.508799871641623,2.3383028838716973,-1.3779700330483386,1.0
1,8,-25.0,1.994130059512967,3.5854430807980178,-1.1824472765941187,-4.0,8.223721195681168,-1.9673806898310084,1.0
1,9,-25.0,5.029058395178574,-2.8239770169376923,5.058062058487997,-3.9407676076250513,1.1171671477147842,-1.5448316155099013,1.0
1,10,-25.0,-3.0086842887483334,2.9703353428940753,-2.4639613118446286,-1.851478205762817,4.852484829402149,-1.458302709765503,1.0
1,11,-25.0,-1.8059448768521174,-3.9128880158829884,-1.776883849084659,-4.0,0.09183159103327931,-1.2488009379515816,1.0
1,12,-25.0,0.6233143305868748,3.1726785504934516,0.09211712791148574,1.8161084451666514,1.4568640701165378,-1.9440176303796564,1.0
1,13,-25.0,5.066605154235226,0.5949778793729296,4.86912985953785,-0.8417423893171337,1.450228127737379,-1.7073891145326316,1.0
1,14,-25.0,4.242648208217299,1.9602672813735589,5.302362889197613,-3.209939333535572,5.277691886225961,-1.3686307093620247,1.0
1,15,-25.0,4.997589640483955,-2.3264778373955606,5.038651473471852,-0.23751781575598385,2.0893635504949217,1.5511422667476025,1.0
1,16,-25.0,3.913523859570144,-2.2857298969102335,4.5092190050077585,-1.4758979276312396,1.0053260788242957,0.9365889187354923,1.0
1,17,-25.0,2.111545843585293,2.3617509063924715,0.13173401431868614,3.19700022771099,2.1487894983145823,2.7423649352248476,1.0
1,18,-25.0,-4.764306127931909,-4.0,-5.402355802627081,-2.6402725279115566,1.501987411974762,2.0095412642162453,1.0
1,19,-25.0,-2.9585532898660802,-3.792934585221473,-2.457591143893629,1.0538206928935148,4.872576299826696,1.4678017498536697,1.0
1,20,-25.0,-0.6956465090600729,3.1912961262434103,-0.6543365958029908,3.902042072757942,0.7119454399180778,1.5127397309063588,1.0
1,21,-25.0,4.124200212656105,-4.0,5.153365963551167,-2.233696301782136,2.0442629227067393,1.0432196591032434,1.0
1,22,-25.0,0.7949674706129075,1.457199945309874,2.3722951131609618,3.401797555838544,2.5038814586197993,0.8893036312326674,1.0
1,23,-25.0,2.7271016568579887,-3.9326911325577227,4.595024108025988,-2.8648249331650617,2.151620901409631,0.5193405920358798,1.0
1,24,-25.0,4.398330237887023,-2.6325088576778892,5.152387496834831,-0.5747837286244464,2.1915371446794807,1.2195408707278603,1.0
1,25,-25.0,1.1844540315208263,-4.0,1.243081441781351,-3.2813370146001732,0.7210503864624493,1.4893981299614831,1.0
1,26,-25.0,-0.9545755056144747,0.9716906915414263,-0.9253420917433262,2.974633893677069,2.0031565249545387,1.556202134442772,1.0
1,27,-25.0,-0.005490744768097243,3.960868369337664,-2.1476546195160626,2.499381356526393,2.5932239307262357,-2.5428804047698903,1.0
1,28,-25.0,1.2222165461131334,0.00872207324709695,1.9469910690634904,3.6063233352289625,3.6698818713047743,1.3719968422293762,1.0
1,29,-25.0,0.4228014844148482,-4.0,0.22482852587568075,-0.8263186805817964,3.1798500608577163,1.6330952003907933,1.0
1,30,-25.0,3.796564673578718,0.017475931176278214,3.8053273089395443,2.423110013869496,2.4056500417961266,1.5671537958424444,1.0
1,31,-25.0,-2.977268230520164,1.1668172051224135,-2.259886782010976,3.4563855903084684,2.3993248077550104,1.2671590654947888,1.0
1,32,-25.0,-3.6521281721138563,1.914016163901729,-3.913774049063331,2.3083343751747383,0.4732287149637109,2.1566311391428554,1.0
1,33,-25.0,-0.19685556121154488,0.9575243432134228,-0.20803086455155798,2.946947167312989,1.9894542117005445,1.5764136272814044,1.0
1,34,-25.0,0.9124811185700225,-4.0,1.1707892931551611,-2.633220294506818,1.390974434130813,1.3840090322375675,1.0
1,35,-25.0,-0.7713005513645312,-0.7274989761646175,1.29380526213434,0.061909186880317324,2.2108431126673853,0.36512070472488917,1.0
1,36,-25.0,5.164070389660297,-3.62364266996225,4.894243668240267,0.2996955181719132,3.9326058788116742,1.6394629794385065,1.0
1,37,-25.0,5.097467718385904,-3.822885198756882,4.540061383401898,-2.5330079817168856,1.4051637119279543,1.9786982536516105,1.0
1,38,-25.0,-0.9085262684158086,-3.464902249172868,-0.9031557032361482,3.8794833917010796,7.3443876044804295,1.570065079215451,1.0
1,39,-25.0,-1.723613272071514,-0.7137875148027364,-1.8911108982873825,2.7353661031548024,3.4532182287045705,1.6193201569650308,1.0
1,40,-25.0,5.255349176445379,-3.3505813053596203,4.608530031308686,-2.7555127335660874,0.8789093307342669,2.3978412908493665,1.0
1,41,-25.0,3.2335951369834555,-4.0,3.2508080510853015,-3.2702106044360497,0.7299923604322675,1.5472145600698046,1.0
1,42,-25.0,-0.7511625679903821,-2.905205054199306,-0.3288530891537532,-0.725527061737381,2.220212027428487,1.3794189265214118,1.0
1,43,-25.0,0.046776327347970895,-4.0,-2.6641518949626652,0.03975161197917565,4.865051378249633,2.161836439098603,1.0
1,44,-25.0,-5.506690955919041,-1.053054618875389,-4.095361485374946,0.7849623623470803,2.3173599844841615,0.9159659685548329,1.0
1,45,-25.0,5.412034296053794,-0.9642068734546891,4.616719106938042,1.4343749543651145,2.5269984239776675,1.8909655829812058,1.0
1,46,-25.0,3.738451717562785,-2.726460502712636,3.3458962323954924,0.02909527063185502,2.7833769829017205,1.7123038075422887,1.0
1,47,-25.0,4.302456379387027,-2.4345542624883327,4.86020550638164,-1.7697305008039796,0.8677987801117185,0.8727566487669093,1.0
1,48,-25.0,-2.4531315235530076,2.6993203082421267,-2.5015768307025126,2.909410546476257,0.21560346932756788,1.7974277073556422,1.0
1,49,-25.0,-0.33517923649610937,2.1997945251091124,-0.1847948276490795,3.645505358297295,1.45351136343062,1.467148007880912,1.0
1,50,-25.0,-3.039290028270461,-4.0,-4.676343984759299,1.3426343262750244,5.587815959813632,1.868126403743054,1.0
1,51,-25.0,0.6762715362247111,0.2013725644179115,0.7970560608924919,0.5664638010113182,0.38455235331034526,1.2512970280433775,1.0
1,52,-25.0,-1.9116288977756546,-2.8532827544908326,-2.449611578179899,0.7772229000933737,3.6701494073651593,1.7179097181916494,1.0
1,53,-25.0,4.277281727459217,-0.4822315993575498,3.2865230907230747,1.2012636009850404,1.953396725154365,2.102726608396672,1.0
1,54,-25.0,-1.1928496524195331,-4.0,-1.44515848365175,-2.291574214265964,1.7269564012095748,1.7174214327214594,1.0
1,55,-25.0,3.021307025322953,-2.381630811026271,2.299846455174186,-0.775903422381655,1.7603595658054751,1.9930717388894585,1.0
1,56,-25.0,1.3411891402022775,-4.0,1.4952292219878882,-3.1576836390697087,0.8562856992192305,1.389918320527037,1.0
1,57,-25.0,-2.77546358393798,-3.8537532345971677,-3.1716638773780375,0.10357090362292465,3.9771081211681163,1.6705820386184627,1.0
1,58,-25.0,-5.301846841794263,-0.1775789499668967,-5.339630551584556,-0.1787464435880125,0.037801742907866746,-3.1107030909513935,1.0
1,59,-25.0,2.576833124688497,3.302469259533023,1.1539317788749495,3.272174022880101,1.4232238198125626,-3.12030469835998,1.0
1,60,-25.0,0.16110132395081694,3.9467602509496915,-5.468633187985746,-0.7483541530711009,7.330621388513604,-2.4464698824862494,1.0
1,61,-25.0,4.0986184164445465,-2.8537442967648197,2.72796043327034,-3.3517946591098635,1.4583406564555528,-2.7930605533910895,1.0
1,62,-25.0,5.245780984597853,0.16973597456045544,-2.4687365197333344,-4.0,8.769291785667525,-2.6460684154445238,1.0
1,63,-25.0,0.5884772493361562,-0.8003228210535425,-0.34153122788259294,-2.9702986969432628,2.360870828665155,-1.9756954386591146,1.0
1,64,-25.0,5.506232123602866,-1.043228802339973,-5.521638077468756,-1.3731447016852933,11.032804071147293,-3.111685017645139,1.0
1,65,-25.0,3.7988486294248673,-2.0869063854129246,0.34128451887988165,-4.0,3.9515410609915946,-2.6362142046231187,1.0
1,66,-25.0,4.106384114497559,-3.7848754169819387,-5.217559940085728,-3.4636281677368927,9.329476540950543,3.10715226842994,1.0
1,67,-25.0,2.9446977827893055,-3.670378296868196,-5.451936151696637,-2.5955587172320858,8.465146103791122,3.01427900185535,1.0
1,68,-25.0,-4.04957186581586,-0.7892502883014347,-5.528165658616375,-1.5129317491874101,1.6461939317523535,-2.6864294870502237,1.0
1,69,-25.0,5.0941626531655455,0.5295750663189592,-4.412528279564655,-4.0,10.530632591248876,-2.6969522960952035,1.0
1,70,-25.0,5.47367239380032,-2.4285123632756362,2.728878834484377,-4.0,3.162825489280085,-2.621613612801748,1.0
1,71,-25.0,0.2859545350318869,3.935440687123752,-3.6819463806858876,2.5536913925896063,4.20160312141682,-2.806493932013306,1.0
1,72,-25.0,5.244236576439459,-3.383824754673254,4.333326497362228,-4.0,1.0997404717104677,-2.546854960429633,1.0
1,73,-25.0,0.8592398151352665,3.883464936861404,-5.501785465470621,-0.9480043696594904,7.98784941522815,-2.4920122394109265,1.0
1,74,-25.0,-2.908017062715106,-1.784251481546225,-5.522179115678087,-2.0557307668336273,2.6282207368278234,-3.0381141372913434,1.0
1,75,-25.0,0.22628890593261275,-3.5214092866195874,-3.6355341206548992,-3.9411582030326096,3.8845677032987127,-3.0333257623415855,1.0
1,76,-25.0,0.46946741754387405,3.9188028628460265,-4.08192258866431,2.130372769263267,4.890156765201313,-2.767185946484936,1.0
1,77,-25.0,0.08274769009016936,1.3359358456642014,-5.514643066487908,-1.223347723272522,6.154731161314456,-2.7127442343357493,1.0
1,78,-25.0,5.1311377710275154,0.4418212129199376,-0.5192945931088389,-2.4648439612933686,6.35421815305896,-2.6664799378624036,1.0
1,79,-25.0,-5.222621003208945,-3.062238979102321,-5.376552315905349,-2.9880009532238376,0.17089802080414043,2.6922211006796726,1.0
1,80,-25.0,-4.8428701266245495,-2.195522375544825,-3.9088298965639305,-0.43586649024929813,1.9921897464917537,1.0828067930929977,1.0
1,81,-25.0,1.1220087220294086,1.2046064948280035,0.7077636886337833,1.8238129161121588,0.7449936508806458,2.1604080435080357,1.0
1,82,-25.0,0.11649319502393124,3.8717000970875226,0.03582531135596788,3.958118147219623,0.11821754034026541,2.321793641059625,1.0
1,83,-25.0,-3.3647469326026083,0.8559438518863296,-4.040203579016136,2.1745264798553623,1.481520107175711,2.04420346746654,1.0
1,84,-25.0,3.3480045853106595,-4.0,3.3071770130046394,-3.717387209808895,0.2855466333893726,1.7142684328487676,1.0
2,1,-22.0,-4.62783171185074,0.829414130236479,-4.498249474529634,-1.3447911660064176,2.1780634119418574,-1.5112669289104392,1.0
2,2,-22.0,3.928338808546024,-0.8238989461223167,4.004562936470415,-2.816143774009071,1.993702478284901,-1.5325545576723845,1.0
2,3,-22.0,-3.8748488910022907,-1.3195644147544243,-4.356057834591875,-3.252227157909613,1.9916694821608183,-1.8148218603620065,1.0
2,4,-22.0,2.6584834439356517,3.262818013082287,-0.3829872850491534,-4.0,7.873948798819046,-1.9673806898310084,1.0
2,5,-22.0,1.9989708448687902,3.583092285664225,1.8066515639900227,-0.7865690280954225,4.373891482737702,-1.614780340933138,1.0
2,6,-22.0,-4.490015530617928,1.6293248829454965,-4.221393428301995,1.0190007277984017,0.6668233710726152,-1.156180362161589,1.0
2,7,-22.0,-1.7047600893095258,-1.821829980204062,-0.9781108220570579,-4.0,2.2961802613767905,-1.2488009379515812,1.0
2,8,-22.0,-1.491378035378731,-1.0046049919865603,-0.9495251372116381,-4.0,3.044009825424996,-1.3918363151648594,1.0
2,9,-22.0,-3.572509934498471,0.5381311815184162,-4.695147457027224,-1.210299013911333,2.077816920539441,-2.1415859327976623,1.0
2,10,-22.0,-5.065891743102496,-2.0395513770214255,-4.7936812073614865,-4.0,1.9792567744249345,-1.4328273330481927,1.0
2,11,-22.0,3.4460764461549105,2.7337810910844933,3.2586333332628437,0.590995375281238,2.150968513117088,-1.658050587750165,1.0
2,12,-22.0,-0.2135756393589403,1.4629678292929391,-2.221929292426248,2.6437355800869247,2.3297418048152645,2.6100967656088527,1.0
2,13,-22.0,4.696092988167832,1.3122479163894807,1.8772272675706771,-1.5979778105413462,4.05159446791603,-2.3402491585164813,1.0
2,14,-22.0,0.15199668066722147,-1.9882019526072536,-0.21354088097476406,-0.9441180838977562,1.106222777685652,1.9075634717454297,1.0
2,15,-22.0,0.007624395801794082,-2.06477202368325,2.593050958535459,1.7741925923636077,4.628399273458224,0.978098668814678,1.0
2,16,-22.0,-1.3841110056744044,-0.09331207986453971,-3.0775760285255447,1.9395985802441011,2.645855161493834,2.2653524978957713,1.0
2,17,-22.0,-2.818904148529642,-0.960019410557461,-0.8317863982064905,0.49761863834172104,2.464415881146678,0.6328857323071101,1.0
2,18,-22.0,2.5038282729774424,-4.0,2.36755064787433,-3.0853847982346356,0.9247121489436821,1.7187080933725796,1.0
2,19,-22.0,2.1533723311253774,2.0264374455514313,2.243412396435112,3.4643859255014724,1.4407647428888641,1.508260941492924,1.0
2,20,-22.0,0.43383283676952766,0.36330199808175023,1.005834152612171,3.8680608314748826,3.5511293957800105,1.4090156492098365,1.0
2,21,-22.0,4.294491627615825,1.9053983054431263,0.5812598357166987,3.762729262693073,4.151839185846364,2.6777909995395053,1.0
2,22,-22.0,-1.4833387626002943,0.05639948965387509,-2.887078646086594,3.1438526392876005,3.3915855601286755,1.9975183271331005,1.0
2,23,-22.0,0.8970004403016643,-1.8672906133930125,0.04077081894731338,-0.28588670239317837,1.798323523232176,2.0670410219830497,1.0
2,24,-22.0,-2.952497337927869,-1.5336870812801215,-2.4160891438498497,-1.3398425212163667,0.5703590659754192,0.3467723725302002,1.0
2,25,-22.0,-1.7984557654997437,0.8036480170320468,-1.1914998567894686,3.8164268523788847,3.0733095818404244,1.3719968422293765,1.0
2,26,-22.0,0.7017180285378865,-4.0,0.7035723234080341,-3.9929474851689633,0.007292213306496815,1.3136887895490938,1.0
2,27,-22.0,-0.7108551069463798,-2.2175896863426323,-1.062499445453228,0.45093383271096765,2.691592746413567,1.7018163058502775,1.0
2,28,-22.0,3.4561896513502126,-4.0,3.7887172577507684,-3.244670231114001,0.8252864162118868,1.1560870347259131,1.0
2,29,-22.0,-1.3282215870212912,-1.1247384377071863,-2.2843103838732395,1.070804487493802,2.394684639752366,1.9814999911481737,1.0
2,30,-22.0,-0.6848286437108857,0.7882909344819644,0.21827557396226632,1.1335119090448185,0.9668374988885996,0.36512070472488917,1.0
2,31,-22.0,4.077285967032284,-4.0,3.743344876873389,0.8555748100576812,4.867044625618631,1.6394629794385065,1.0
2,32,-22.0,-4.6029612205687505,-4.0,-2.7234575939329537,0.6177865949901031,4.985628036607565,1.1842580910823581,1.0
2,33,-22.0,-0.8028107781290693,-4.0,-0.738822031998084,-3.916089901528413,0.10552470922455592,0.9192881184626857,1.0
2,34,-22.0,2.9006912678411463,-2.2458399057914584,2.982331155561242,-1.0900182775642668,1.158701302124368,1.5002798036937752,1.0
2,35,-22.0,2.595678940010469,-4.0,2.833668218770073,-3.0415300508423257,0.9875745745222642,1.3274171327189135,1.0
2,36,-22.0,-2.649842117704282,1.0832521876891215,-2.713250152852634,3.2362220573948433,2.153903395879687,1.6002392430581833,1.0
2,37,-22.0,-0.8342684790206403,3.8476117554615463,-0.8572405061947318,3.8836462001622367,0.04273400563221652,2.1383353067218085,1.0
2,38,-22.0,-3.4728474767945023,-3.498640427334789,-3.755103841542013,-0.22087543633611006,3.289895437799969,1.6566968646225433,1.0
2,39,-22.0,2.3585979721159838,-2.4056571412627665,1.6445916404084073,1.2568769273967204,3.7314823925365004,1.7633302030777604,1.0
2,40,-22.0,-2.141657714887162,-4.0,-1.6639926457787175,0.01858990980050068,4.046878893838654,1.4524875723391624,1.0
2,41,-22.0,5.331465080367882,-0.14269202263714847,4.558415324913019,0.7954623244276129,1.2156230926258893,2.2600077753219927,1.0
2,42,-22.0,-1.6455231178624377,-1.7244656526023998,-1.8675843525405138,-0.22591449560804255,1.5149147705649577,1.7179097181916494,1.0
2,43,-22.0,-2.2199487260916047,-4.0,-2.0668354522308183,-3.413725967142558,0.6059380465322318,1.3153389166368834,1.0
2,44,-22.0,3.333512746204636,-3.3584564089443796,3.3571690968279424,-2.7662880750973398,0.5926406656111205,1.5308688654063465,1.0
2,45,-22.0,-2.853983929007912,-4.0,-2.894897814093025,-3.722965161652887,0.28003972512979103,1.7174214327214594,1.0
2,46,-22.0,2.3753027136182245,1.5788134726026175,1.71683610936561,3.670329859376968,2.19271955914604,1.8758000970204458,1.0
2,47,-22.0,1.7586468804090185,-3.73626677552904,-0.3632545768339941,-1.971065358660161,2.7601452563888587,2.4477032166395483,1.0
2,48,-22.0,0.5473019472300851,-2.299931489664848,-3.9748844311463056,-4.0,4.831190596592745,-2.781998561890593,1.0
2,49,-22.0,3.4623789161277156,2.7218218685250024,-0.35177233700387944,2.640614119875644,3.8150156592347053,-3.12030469835998,1.0
2,50,-22.0,-1.7980594355677488,3.647741500660897,-4.811644885295309,1.1344562964006673,3.9240667401005105,-2.4464698824862494,1.0
2,51,-22.0,-2.2456911721299866,-2.4312564182703333,-5.138844264349731,-3.6991068653525585,3.1587623480070905,-2.7285743037371826,1.0
2,52,-22.0,0.5813595785607475,-3.9738067531201553,0.5297720114960437,-4.0,0.057856402046478884,-2.671769528342247,1.0
2,53,-22.0,4.915575550436739,0.9534197310019211,-4.248851994677066,-4.0,10.417442069007143,-2.6460684154445238,1.0
2,54,-22.0,3.4627175406379287,2.721573459180376,-4.5942103303461455,-1.662248393881482,9.17234870453706,-2.6432859362246965,1.0
2,55,-22.0,5.354606209499118,-0.24487106274840845,-5.42766027477242,-0.5674393446813677,10.787090471223207,-3.111685017645139,1.0
2,56,-22.0,3.635515178522538,-0.8794469030811927,-2.004309402296682,-4.0,6.445577781169214,-2.636214204623119,1.0
2,57,-22.0,4.1590010495937,-1.314888368392972,-3.2768098804190284,-2.963860919485982,7.616455518228603,-2.9233633088432964,1.0
2,58,-22.0,-0.05952839839943458,2.2037541514094263,-3.801236668757271,2.427439381806743,3.7483884354162305,3.081882138322672,1.0
2,59,-22.0,1.1987263760089988,-3.508527043426731,-3.875334374502156,-2.8590167890242477,5.115462449324773,3.01427900185535,1.0
2,60,-22.0,-3.869891479535835,-0.7646375909056875,-5.5311921199704095,-1.5777429077915277,1.8496107899383454,-2.6864294870502237,1.0
2,61,-22.0,4.16488464049911,0.672866717431799,-5.121284191327283,-3.751637991925498,10.286358612079828,-2.696952296095203,1.0
2,62,-22.0,3.3104333968914275,2.833286590404292,3.114864484408507,2.7218553563863317,0.22508691531165828,-2.62369027193476,1.0
2,63,-22.0,5.4096864757885985,-2.8888797966950537,4.488521296682023,-3.9994348710799303,1.4428713942830966,-2.2632465654927687,1.0
2,64,-22.0,3.9332100752825427,2.2877640719968673,2.9329348357532887,1.9224881884894445,1.0648835738649718,-2.7914630514949663,1.0
2,65,-22.0,5.536317932722026,-1.6875113219089894,1.497276274815206,-4.0,4.654187512402759,-2.621613612801748,1.0
2,66,-22.0,1.5026101171607205,3.7299065079149445,-4.478457395115946,1.6471085774241825,6.333341598687694,-2.806493932013306,1.0
2,67,-22.0,5.478414926767486,-2.3920652701256615,3.101357485642655,-4.0,2.869818143008889,-2.5468549604296333,1.0
2,68,-22.0,1.9730442941280928,3.595682806589503,-5.517261536297652,-2.0935231185140477,9.405942031053735,-2.492012239410926,1.0
2,69,-22.0,2.2885594607285267,3.4424614873690667,-0.662219918079313,-0.09267211699926303,4.604809284121526,-2.266341178492253,1.0
2,70,-22.0,-4.013464417800203,-1.7254784976945128,-5.544463493468215,-1.8844719060667792,1.5392326249148103,-3.0381141372913434,1.0
2,71,-22.0,0.27712443007334286,3.443443525225085,-4.541590251476624,1.549970468177019,5.177378815573779,-2.767185946484936,1.0
2,72,-22.0,1.6974425973864147,0.12788451051892125,-5.34217950167907,-3.0908275560791094,7.740567593226927,-2.7127442343357493,1.0
2,73,-22.0,5.435512787178828,-0.602111904330389,3.4424620401352843,-1.627366402311932,2.2412938374791946,-2.666479937862404,1.0
2,74,-22.0,2.8967867442628483,0.3133503852488855,1.777068440474065,1.1204073482546566,1.3802572301479636,2.5170640828862023,1.0
2,75,-22.0,-4.253023524042087,-0.8339806855650775,-4.860678192139555,1.0590121775764685,1.9881313275449064,1.8814080156500739,1.0
2,76,-22.0,-1.4038906814512742,-3.7152435259319505,-4.423396428375673,-0.7908855864313367,4.203484782181297,2.3722008602166818,1.0
2,77,-22.0,2.521200695173956,-4.0,0.9165430570498304,-2.860495567320741,1.968094633823734,2.524104933467965,1.0
2,78,-22.0,2.8971452962849993,-3.4004309677270133,3.0096282442541833,-1.3126766840263207,2.09078223703341,1.5169708837624165,1.0
2,79,-22.0,5.47198021455167,-2.4415170203078573,5.163012157717843,-1.2210237248599463,1.2589937030728044,1.8187376292940036,1.0
2,80,-22.0,0.35265645171218013,-3.3054563880481336,-0.31251869096067514,-0.45113167523822595,2.930806635823526,1.7997511548963203,1.0
2,81,-22.0,4.983311894860942,0.07747561294147864,2.9161914682305774,1.2453679013577847,2.3742281388979407,2.627317389496818,1.0
2,82,-22.0,-4.141663670756322,-1.3365371877225798,-4.8041694416754614,-0.5628131049844292,1.0186082920878645,2.2789110403259722,1.0
2,83,-22.0,-3.166965011128072,-1.8508960153523994,-4.153870141281937,-0.7730400530603118,1.461422324782477,2.312173864157126,1.0
3,1,-19.0,1.6516439879602791,3.688459910097871,1.7910206576224756,3.4568126555581093,0.27034479203774997,-1.0291451434234797,1.0
3,2,-19.0,2.6872746571440675,-2.0904750530880376,2.1831680423166206,-3.1675259748770124,1.1891855058144916,-2.0085534492173442,1.0
3,3,-19.0,4.483974655882655,-1.459721365773565,4.509991865463492,-2.1397245699411767,0.6805007368641064,-1.5325545576723834,1.0
3,4,-19.0,-2.329452428399559,-3.8555232245491484,-2.4274843553018504,-4.0,0.1745960977137004,-2.166967576839811,1.0
3,5,-19.0,1.7299153439433674,0.4646862445021168,2.4401761783711313,-1.452173234135079,2.044216405805238,-1.2159471468051348,1.0
3,6,-19.0,2.607243583357728,-0.5091442656454046,0.20855839580952862,-4.0,4.235535903169692,-2.1728350072139597,1.0
3,7,-19.0,3.2856736628788252,2.8514499220997016,0.4164727064958136,-4.0,7.427966085218025,-1.9673806898310084,1.0
3,8,-19.0,0.30066509700608246,-0.8667122617099309,0.3587585175699103,-2.0137319582036812,1.1484898909687544,-1.5201922924057962,1.0
3,9,-19.0,2.8607560852072207,3.1631624349453937,2.731284507468935,0.22145559260834036,2.944554641315844,-1.614780340933138,1.0
3,10,-19.0,-2.199739026592107,0.48358846743029815,-1.6066454054997161,-1.6445882237311524,2.209275010537028,-1.299006261474318,1.0
3,11,-19.0,-0.924980979074332,-1.764894699346832,-0.17933779502945704,-4.0,2.3562002170699476,-1.2488009379515812,1.0
3,12,-19.0,-0.8042379503388577,-0.1479788709674773,-0.9993449696827359,-2.097896320827263,1.9596542578385967,-1.670523511179016,1.0
3,13,-19.0,0.9538882060256113,-1.3889585803816156,0.3825927575603732,-4.0,2.67281046548383,-1.7862015913093818,1.0
3,14,-19.0,1.8180926310727965,3.6421702315753266,1.7897572247822529,3.338520572427935,0.3049688684931253,-1.6638429851289664,1.0
3,15,-19.0,1.4109008635393891,-0.9419159575306766,0.01934532786657651,-4.0,3.359807259303302,-1.9978349537881168,1.0
3,16,-19.0,-2.7313768812926846,-4.0,-4.4449596418336155,1.6986492268648477,5.950711628710502,1.8628950284134014,1.0
3,17,-19.0,-2.7507092080261835,-4.0,-1.2630269334566837,1.0926518224721464,5.305497256148302,1.2865814326435907,1.0
3,18,-19.0,-1.9775060787223435,-2.457488318506403,-3.508325347905175,-0.9727958327086651,2.132538255761365,2.3714897999142552,1.0
3,19,-19.0,-0.5153525677359774,-4.0,1.9408288329001293,3.1294768919987073,7.540707382359714,1.2390200567716168,1.0
3,20,-19.0,3.4671199140226054,-2.665151864485709,2.791355767936099,-2.903223103643152,0.7164740721407759,-2.802870925745954,1.0
3,21,-19.0,-4.542803939524543,-1.4217395649768667,-4.4310293835792685,0.1498376768637989,1.5755470727427594,1.499793352480037,1.0
3,22,-19.0,1.6218227174490836,2.712412718795601,1.3978234804893934,3.3963587243391857,0.7196928488303527,1.8872968639199683,1.0
3,23,-19.0,-2.689163270787103,-0.007290546153777527,-2.420011895010797,0.36097468458455095,0.4561378555360568,0.9396559140624957,1.0
3,24,-19.0,2.621240775695343,-0.8090106149826664,3.935596698302005,2.2852381668283974,3.361830902206484,1.169117258435187,1.0
3,25,-19.0,1.0894895194795708,-1.164298766189189,1.34162502909329,1.4609310849955062,2.637310009604367,1.4750468005578423,1.0
3,26,-19.0,-1.4997074764735472,-4.0,-4.028217635870839,2.187211916764671,6.683932594598039,1.9587519692818887,1.0
3,27,-19.0,0.45895269558777163,2.3588469365479443,2.4710229775072152,3.09942458335906,2.1440340646406906,0.3526790394837138,1.0
3,28,-19.0,2.6992676109125076,-0.7162261028086316,4.572753629347964,-0.7436993909235172,1.8736874453422006,-0.014663210084437193,1.0
3,29,-19.0,1.0528906620655036,0.419936161830627,0.9393597348025735,2.6539436446909743,2.2368904096806363,1.6215720488398433,1.0
3,30,-19.0,0.7437563212845056,-4.0,0.6754372907386127,-1.6456214683640389,2.3553695591484227,1.5998060478780458,1.0
3,31,-19.0,1.3805365955631044,3.6366120803485034,1.5235324697233898,3.7240879625909877,0.16763009873219425,0.5490050561228123,1.0
3,32,-19.0,-5.412552396204521,-2.8803063683314942,-5.39839696165239,-2.837082118163402,0.045483097189544165,1.254315528776288,1.0
3,33,-19.0,-5.075168912558342,-3.889592289886604,-5.4755442500313745,-2.3083680857958497,1.6311254992976731,1.8187900477356134,1.0
3,34,-19.0,-2.178485468205886,-3.1067957694542407,-1.9784716816746384,-2.0564472452794007,1.0692228659352698,1.3826231463560912,1.0
3,35,-19.0,0.6516530929623466,2.537337834283258,1.132324673895723,3.832883581261995,1.381840783604133,1.2155207517975757,1.0
3,36,-19.0,-2.3390753682725394,-0.7876312605152388,-1.7005881787507202,0.3472029131844009,1.3021192314761407,1.058311171423042,1.0
3,37,-19.0,-2.3182850944325613,2.4518100486962173,-2.0572147483734713,3.5548077254394657,1.1334732464828696,1.3383818485099173,1.0
3,38,-19.0,2.5413203388663708,-2.173876876636176,2.022165851396037,-1.5754793294443794,0.7922127279624731,2.285405258321423,1.0
3,39,-19.0,-5.503829693346548,-0.9917811642691716,-4.549910275569068,0.025512321880309607,1.394578177290571,0.8175368771388479,1.0
3,40,-19.0,2.9646176517656966,-4.0,2.684238715111417,0.07676965252015666,4.086399778267993,1.6394629794385065,1.0
3,41,-19.0,-2.407005247166239,1.1834802903934285,-2.2000445686373964,3.073532185328278,1.901349228312341,1.4617308512321778,1.0
3,42,-19.0,-5.518642739674443,-2.0829083587471664,-4.078269243598648,1.4559714431840192,3.8207782009316005,1.184258091082358,1.0
3,43,-19.0,-3.0047156262626107,-3.8209915102450913,-3.82566421192608,-1.7526559946773408,2.2253018638516804,1.9486383881301772,1.0
3,44,-19.0,-1.054672302346818,-4.0,-0.9331215740690677,-3.6435747458259353,0.3765813874289303,1.242137293421792,1.0
3,45,-19.0,3.730649965577657,0.0758137411799702,4.450802156181026,1.6375317579999114,1.7197622922051874,1.1387268340932089,1.0
3,46,-19.0,-2.6029376519433685,-3.6971316858543233,-1.3395484946214142,-1.4794755402514153,2.552283476216744,1.0529575105120323,1.0
3,47,-19.0,-2.004191049603909,-3.152021153476988,-2.667687754244022,-1.140659243796641,2.1179718149166344,1.8894305734189911,1.0
3,48,-19.0,0.2540727623117726,-3.510176247534906,-0.7973834222332425,-1.7705771164788873,2.0326744069793414,2.1144627230976303,1.0
3,49,-19.0,-1.039228478914743,2.1816857999467016,-0.21962234902374225,3.9414545605894955,1.941272855393898,1.1349250499121162,1.0
3,50,-19.0,-3.4102928446465643,-2.774536680581347,-5.317992348189508,-0.08320353208617251,3.298877310844849,2.1874243670924685,1.0
3,51,-19.0,-0.9986431634174417,0.18437508353753707,-2.8858774827198186,3.1447337928831924,3.510751638032998,2.1383353067218063,1.0
3,52,-19.0,-4.313433080826391,-1.466379150501715,-4.531715220060545,1.5651644881502966,3.0393920321932995,1.642675905249514,1.0
3,53,-19.0,-1.3381715052030116,-4.0,-1.2404675341818967,-3.607258058930828,0.4047126118964861,1.3269719087412961,1.0
3,54,-19.0,4.697993471665387,0.4973781079546782,4.727968614386559,1.2632031203760217,0.7664114161671299,1.5316753150492004,1.0
3,55,-19.0,4.592170760989497,-2.8950060644401443,5.306189211697005,-0.03108709687393183,2.951585031933905,1.3264623112197726,1.0
3,56,-19.0,-2.5724721961426176,-4.0,-2.371630213513636,-2.661051512330793,1.3539278247447302,1.4219065913881237,1.0
3,57,-19.0,4.609594357222895,-3.4655108562224837,5.427677802704294,-0.8373543225021121,2.7525383357017565,1.2690264669114921,1.0
3,58,-19.0,1.96225036552459,-4.0,2.7449883674235083,-3.108331252284913,1.1864872250759813,0.8503629386135442,1.0
3,59,-19.0,-4.643408156104279,-4.0,-4.230559725529212,-0.5267116130501917,3.4977387045845343,1.4524875723391626,1.0
3,60,-19.0,-3.654180551543227,-4.0,-3.531040339174617,-2.9683640341483475,1.0389592282379796,1.4519944032874623,1.0
3,61,-19.0,-2.798803091462485,-3.771259079125543,-3.0463541499369464,-1.7530882835031416,2.0332965565443186,1.69284774961878,1.0
3,62,-19.0,-2.6784955835587607,-2.982169720767422,-2.6456709855004283,-2.806650846765509,0.17856183626013275,1.3859172994394462,1.0
3,63,-19.0,-2.902120279908911,-3.783864431740483,-3.5651858558828176,-0.7110217229433564,3.1435677614852318,1.7833202605857132,1.0
3,64,-19.0,1.4185725151171007,-1.691582803951182,2.6560318656954194,0.7154044072214615,2.706453967663661,1.0959235041895652,1.0
3,65,-19.0,0.7423494254733165,-0.846423342495029,-0.02532438513692764,1.7779267494493665,2.73432559959223,1.855376309003466,1.0
3,66,-19.0,0.7781020043195004,-2.200018960047771,-4.0098519461969095,-4.0,5.115118256350796,-2.781998561890593,1.0
3,67,-19.0,4.077163446103544,2.135409653049979,-0.30444389411039197,2.042120099503267,4.382600349634631,-3.12030469835998,1.0
3,68,-19.0,-2.724505613663987,-1.6666303785940206,-5.4191544150898645,-2.847491390340955,2.9420341418973903,-2.728574303737183,1.0
3,69,-19.0,4.462966319210841,1.6709436121488823,-5.189869813585201,-3.546463446278183,10.972628756133938,-2.6460684154445238,1.0
3,70,-19.0,2.8817849224345284,3.1477360274753474,-5.524104266905052,-1.4259577318238073,9.569621082744503,-2.6432859362246965,1.0
3,71,-19.0,5.085567516804547,0.5499740908463006,-5.215415025637095,0.2418041670381805,10.305591202916375,-3.111685017645139,1.0
3,72,-19.0,3.4877220048590845,-0.7007140773381151,-2.485045325837076,-4.0,6.823432947285862,-2.63691777594734,1.0
3,73,-19.0,2.781037603571618,3.203302934242496,0.9969950044732065,2.5357710891832888,1.9048377252579718,-2.783551512115893,1.0
3,74,-19.0,2.5124131043243096,-0.20303389335383848,-4.349903323473247,-4.0,7.842725187729067,-2.636214204623119,1.0
3,75,-19.0,4.3235848357412445,-1.0208565722433862,-3.55026154189842,-2.7669682835895357,8.065132539962963,-2.9233633088432964,1.0
3,76,-19.0,5.447186064282523,-2.6320638674653853,5.041687347270134,-3.6841153250274083,1.1274934495849944,-1.9386850049363906,1.0
3,77,-19.0,0.5137698927895542,2.7503826994003555,-3.126768864045852,2.968019856482944,3.6470383014390837,3.0818821383226718,1.0
3,78,-19.0,2.2198669416021297,3.4758201322625166,0.796349358509949,2.3729067394290206,1.8007832355572664,-2.4824198531449158,1.0
3,79,-19.0,-4.8825818006847745,-1.323617614966912,-5.534218581324443,-1.6425540663956462,0.7255004851358712,-2.6864294870502237,1.0
3,80,-19.0,5.355946836725047,-0.25079056660302307,5.26379814599169,-0.5836158464547163,0.3453462727643513,-1.8408984307081804,1.0
3,81,-19.0,4.1829585307339645,-1.7572212539151035,0.26567371514603577,-4.0,4.513887108726346,-2.621613612801748,1.0
3,82,-19.0,-4.3708891013911755,-2.7465910160225224,-5.343017369697811,-3.088321065879004,1.0304430100766229,-2.8035574704840003,1.0
3,83,-19.0,2.3701981289511997,3.402815898920007,-4.958902980358024,0.8505897968915692,7.760771942684115,-2.806493932013306,1.0
3,84,-19.0,1.6862049267292154,3.6788484484774244,-0.38418544282750666,2.3653495040921966,2.451896359810979,-2.576247416348671,1.0
3,85,-19.0,2.55948469675897,-3.966948598708175,2.495512503880324,-4.0,0.07200580941185197,-2.6647118701438135,1.0
3,86,-19.0,4.484524115114795,1.6377741397954868,3.2776950343190263,0.47133904501662216,1.67839425064141,-2.373213280794295,1.0
3,87,-19.0,2.8788314338942818,3.149902657859494,-5.341252475469256,-3.093600763861439,10.322359926587444,-2.4920122394109265,1.0
3,88,-19.0,2.0246130175099255,3.57063986519238,-2.191817672996342,-1.4807868634710084,6.579908795940721,-2.266341178492253,1.0
3,89,-19.0,-1.791868052054527,2.2306706882612897,-4.890420485791134,1.0131207943871379,3.3291823213347764,-2.767185946484936,1.0
3,90,-19.0,2.6903760463265813,-3.119278025414337,1.857884267286684,-4.0,1.211905012237792,-2.3280500393149914,1.0
3,91,-19.0,2.4349461525519303,-1.4812432389687453,-3.073808712827138,-4.0,6.0572696644674995,-2.712744234335749,1.0
3,92,-19.0,-0.519140249721211,0.38638618487123266,-5.3894483193223195,-0.3987154718520458,4.933182066801439,-2.9817659639521144,1.0
3,93,-19.0,1.9418447460233395,3.607754537278118,-4.472151443228717,1.6568111044226372,6.704142554715094,-2.8463148305340873,1.0
3,94,-19.0,-2.4420281158390065,1.1664945747154947,-3.0966455795214234,2.990117800196471,1.9375566294360638,1.9154356201734513,1.0
3,95,-19.0,1.5203700729646525,-4.0,0.991809182212621,-3.0770846906116023,1.0635550213957259,2.0909063281328586,1.0
3,96,-19.0,-2.2309502211142034,-0.811398692638359,-4.433964786833423,1.7155662410430725,3.3524356746739588,2.287812529996409,1.0
3,97,-19.0,-2.0758460965514773,-4.0,-3.4078442521953667,-1.9595419676269303,2.436737176741575,2.1491329801215944,1.0
3,98,-19.0,0.4215443335416601,2.7403392471904784,0.1510135147186077,3.1542287064292536,0.4944607248326574,2.1497195873727852,1.0
3,99,-19.0,-0.18396046488492623,-1.3254195386774326,-2.9987954205471787,0.20784740166915217,3.205339816303085,2.6428204285975667,1.0
3,100,-19.0,0.43181855210019726,-3.275519413856374,-0.6593714493841482,-1.832587538974476,1.8090738002883122,2.2182734454164375,1.0
3,101,-19.0,-0.05096870861437508,-1.649422257210264,-1.4300662265860775,-0.8652428672180885,1.586457462324222,2.6245679976902068,1.0
3,102,-19.0,0.33223655940727004,-4.0,-1.3396932341481667,-2.983611862964527,1.956628242585894,2.5953749549442615,1.0
3,103,-19.0,2.17143003735518,-4.0,1.6922160391678802,-2.1069969566887847,1.9527177415192858,1.8187376292940038,1.0
3,104,-19.0,1.5712919825232423,-0.37923108315781145,0.1215799122490423,0.5210377217625193,1.7065019800197678,2.5858761052780466,1.0
3,105,-19.0,2.8264408654309348,-2.5635451473303923,2.285195650181154,-0.3089091723285038,2.3186913901602986,1.8063969079824458,1.0
4,1,-16.0,2.1131345961708004,3.527651779364254,1.9836983404495132,2.913949223142255,0.6272037721574723,-1.7786603147012232,1.0
4,2,-16.0,2.6827775288906737,-1.661815483155217,2.3760475797470693,-3.5110870184914527,1.8745368689642987,-1.7351651797410534,1.0
4,3,-16.0,4.0244454931135,-1.8411872256128095,4.374737786104125,-4.0,2.187047618454145,-1.4099367527367455,1.0
4,4,-16.0,2.9153542827585843,-1.0927790447170922,0.9177043158068193,-4.0,3.5273983434393186,-2.1728350072139597,1.0
4,5,-16.0,-2.5996451997471124,-0.6579845529973878,-2.365171943468034,-3.0398244855734977,2.393353123198556,-1.4726704147901213,1.0
4,6,-16.0,0.4204912681324883,3.923243186362023,0.3196480211892265,3.1889909143055566,0.7411448977589624,-1.7072838448160579,1.0
4,7,-16.0,-0.9090576712348165,2.585039909361678,-0.6270818695729122,1.5150759909171971,1.106495883180747,-1.3131174634580776,1.0
4,8,-16.0,-4.536511169171085,1.0618368829734348,-4.77804943976739,0.0007086099602705564,1.088271082015209,-1.7946069299021692,1.0
4,9,-16.0,4.113760998931637,2.0966762849864033,4.068593721053459,0.7626265415109694,1.334814144762407,-1.6046406653020093,1.0
4,10,-16.0,-1.3178029266105544,-2.655639443608669,-1.4726224102417182,-4.0,1.3532458675690195,-1.6854534073567025,1.0
4,11,-16.0,-4.373274480356462,1.808946169667288,-3.9892125076899068,0.21774157023192364,1.6368981874609012,-1.3339605690208873,1.0
4,12,-16.0,-2.987271065332159,1.2843071378800128,-2.803638563187132,0.31293704134741207,0.9885751161554682,-1.3839564239703042,1.0
4,13,-16.0,3.1450194373117357,2.6667792824803636,4.403611210856388,0.20073613754585495,2.768649859608968,-1.0988880332017785,1.0
4,14,-16.0,2.5033897352552037,-2.0133280982567303,1.599371322404729,-4.0,2.182685166474751,-1.9978349537881168,1.0
4,15,-16.0,2.726224483390273,2.1849642119622685,3.7630088469390692,0.5752626130740728,1.9146960735225047,-0.9985906511636284,1.0
4,16,-16.0,0.821046730457075,3.2309993456028954,-0.04867161106997331,3.9569534634419234,1.1328810064591959,2.446048214096752,1.0
4,17,-16.0,1.2802811017682683,-2.948743024898388,0.1223913689249676,-3.170491601965161,1.178932171439506,-2.9523727949365117,1.0
4,18,-16.0,-0.18410750994253,1.6495058236636013,-2.1127623743996238,3.3357460378172656,2.5618578504716076,2.4231541778026733,1.0
4,19,-16.0,3.8094562913943553,-2.0181094632197025,4.631596616909247,-3.884497885508531,2.0394412121195145,-1.155872322336692,1.0
4,20,-16.0,1.8214284154773743,0.05662792730148336,2.184291061454326,3.4930965863468226,3.4555732005625734,1.4655944350206993,1.0
4,21,-16.0,-4.0870519320463785,-3.4483640401713282,-3.7849824504050344,0.032420571836264456,3.493867124967393,1.484231193768098,1.0
4,22,-16.0,1.6940457985700363,2.7993119847448957,1.8985492312740697,2.21377222711991,0.6202245252706958,-1.234784225144584,1.0
4,23,-16.0,5.279721165865198,0.0857818554307447,3.035572461347628,-1.0340203303427296,2.508019207113642,-2.6787553604364818,1.0
4,24,-16.0,-5.3268033760630304,-3.136825383075899,-4.557980830679945,-1.952197782302282,1.4122431302024387,0.9951248710383571,1.0
4,25,-16.0,2.7794424918666536,1.193334383758497,3.001497808306092,3.0599166327599936,1.8797440931803733,1.4523892279738624,1.0
4,26,-16.0,-0.9870432566379832,-1.5074034824992733,-2.63205744825401,-1.2703661421301649,1.6620043295212534,2.9984832931408283,1.0
4,27,-16.0,5.323591910426965,-3.146432513273883,0.8410352522356597,-0.6122453715397327,5.149312445679123,2.6270452850138257,1.0
4,28,-16.0,0.21466210661595786,-3.7251456157371963,1.0512372025750398,-2.2583841327094603,1.6885636319880488,1.0524597143029322,1.0
4,29,-16.0,2.562316207685632,-2.6747807595407465,3.2479493354229585,-2.266181860727992,0.7981515181730001,0.537431756328457,1.0
4,30,-16.0,0.6448166584216971,-3.330632757548498,-1.4505184975409509,-2.5136725986669113,2.2489671667262825,2.7698279453362495,1.0
4,31,-16.0,0.492160028284228,1.5669952374384495,1.562020505820141,3.7133843678691107,2.3982468056111865,1.1083921675671256,1.0
4,32,-16.0,2.251334510696712,3.346247822563685,2.303416927705974,3.4352463645111486,0.1031179840294655,1.0413263277549067,1.0
4,33,-16.0,2.609679289884333,3.2516682095779212,2.6178947199506446,3.2825288178003778,0.03193541030007928,1.3106194983599928,1.0
4,34,-16.0,2.269769586683926,-1.7746775548113667,0.19911835535268096,-0.9916765703154282,2.2137495485115766,2.780069870339892,1.0
4,35,-16.0,0.8909293223304229,2.197981160315212,1.3028469570229846,3.78546101584309,1.6400513496465674,1.3169163705679727,1.0
4,36,-16.0,2.7714414042178444,-4.0,2.2105605848117493,-1.6337763360815982,2.431789818480429,1.8035371075655502,1.0
4,37,-16.0,4.297149917304679,0.43698383780941463,3.0766205413261,2.184977932057813,2.1319416763021306,2.18034394418832,1.0
4,38,-16.0,1.8519493364991102,-4.0,1.7560921852475029,-2.606216537294861,1.397075851325332,1.6394629794385065,1.0
4,39,-16.0,-3.777929844525384,2.3539468663299408,-3.7983446125548,2.430500216990916,0.07922864539493946,1.8314053185956907,1.0
4,40,-16.0,0.2009925118203777,3.173910030094995,-0.2595022744345449,3.937838927822404,0.8919881215302032,2.1132706162016217,1.0
4,41,-16.0,-2.4352525013770556,-1.4832053529709128,-4.454415652484277,1.6840999248282242,3.7561739248287633,2.1383353067218063,1.0
4,42,-16.0,3.1228859289797035,-1.578223428299368,1.027153158534246,3.4357179186426476,5.434308021790236,1.9667069227899796,1.0
4,43,-16.0,1.56287675081694,2.7883250472105825,1.6804633840799887,3.6804451822115443,0.8998360692905529,1.4397459175644698,1.0
4,44,-16.0,-2.3035640393342933,-2.7350998193893936,-2.6494004456814264,-0.2625205207881345,2.4966479943769793,1.7097634717995795,1.0
4,45,-16.0,3.693692139194429,-4.0,5.3357670153458985,-0.1616871020985678,4.1748120677563865,1.1665466205070065,1.0
4,46,-16.0,-1.4254518027734662,0.2230983076308577,-0.7037705917889435,3.1149009588864978,2.9804943120390677,1.3262308666732006,1.0
4,47,-16.0,4.68596337989681,-4.0,5.182061392763712,-3.569822411926219,0.6566323138952761,0.7143507654586732,1.0
4,48,-16.0,1.811648908858948,-1.3978656313187523,2.086418869905049,0.386417835618463,1.8053160448737957,1.4180020193690313,1.0
4,49,-16.0,5.320932526590552,-3.154388085482388,5.280017357885248,-2.6690085352899207,0.48710097390092044,1.6548927204668133,1.0
4,50,-16.0,3.3201526222370856,-1.299798089563409,3.607739292721838,-0.1462915945920502,1.1888159348619174,1.3264623112197729,1.0
4,51,-16.0,3.773309132651419,-3.0988672745578105,5.14005882143486,-1.064623663416416,2.450745148166005,0.9791992370786988,1.0
4,52,-16.0,-0.4887625185100878,-0.04608976510332563,-1.6644479715440097,1.9075406152936378,2.280111389315347,2.1125348070667793,1.0
4,53,-16.0,-1.8439716378919688,-4.0,-1.847567457397162,-3.3165813575076637,0.6834281021614356,1.576057796266847,1.0
4,54,-16.0,-0.8730861627665507,-3.7235549113986997,-1.6068346824983282,-1.3822912680742296,2.4535489271179296,1.874499550188876,1.0
4,55,-16.0,1.8079420427366135,1.9727170612019884,1.8420376657182373,3.6355110727187454,1.6631435404806447,1.55029418077857,1.0
4,56,-16.0,5.542685197379269,-1.823865218853663,5.419326941679022,-1.4416585471644996,0.40162071551790696,1.8829943275391339,1.0
4,57,-16.0,1.1147078585869206,-2.6787935498445603,3.2820825162831273,1.5369757038738725,4.740276712115172,1.0959235041895652,1.0
4,58,-16.0,-1.1965428753610143,0.02257801381721536,-1.6923554439614925,2.9743568275924215,2.9931301790323737,1.7372135953112788,1.0
4,59,-16.0,1.8167416771994231,-3.8284614852439764,1.0837838211892867,-1.3180691628631427,2.6152049309672867,1.8548694548686009,1.0
4,60,-16.0,1.8769871909861933,1.1419430539532713,2.0399135229599383,3.5632095928062686,2.426741980891168,1.503607898649409,1.0
4,61,-16.0,5.516991133977744,-1.2736311918831948,4.110866132983173,-2.852386381409164,2.1141559703288597,-2.298423964236919,1.0
4,62,-16.0,-1.8942753891541455,-3.191525525233546,-4.044819461247515,-4.0,2.2974922812416207,-2.781998561890593,1.0
4,63,-16.0,4.544266234521248,1.5458531202805887,1.3273228647675976,1.4773606271274438,3.2176724298505444,-3.12030469835998,1.0
4,64,-16.0,5.145966818501584,-3.6777996764134637,3.716011303775889,-3.9993630243527543,1.4656656374604522,-2.920395792296782,1.0
4,65,-16.0,-5.294695865447186,-1.8184963708022066,-5.539111194306777,-1.9256051459312227,0.2668541599660388,-2.728574303737182,1.0
4,66,-16.0,3.896305719328604,2.326822148066255,-5.436084357551486,-2.717382186210067,10.608369427625624,-2.6460684154445238,1.0
4,67,-16.0,2.1674124856679824,3.5012932054710655,-5.347983079380802,-0.5878777341269061,8.555845339439434,-2.6432859362246965,1.0
4,68,-16.0,-1.629322672880499,-2.460925718011526,-5.278477697331862,-3.281392113687151,3.7402536677224956,-2.9204330161402856,1.0
4,69,-16.0,4.677624743312379,1.340663712692493,-4.863131700615641,1.0552371357341148,9.545024979180948,-3.111685017645139,1.0
4,70,-16.0,5.337014116104197,-0.16719364232321957,-1.6015965816757114,-4.0,7.926835622793837,-2.63691777594734,1.0
4,71,-16.0,0.1640580623333916,-0.20456164018084122,-5.296938065886819,-3.2261677444089685,6.241200378256158,-2.636214204623119,1.0
4,72,-16.0,-1.0393145889298987,3.424129768158651,-2.185241395405849,3.4926350826311023,1.147972658172284,3.0818821383226718,1.0
4,73,-16.0,3.2102479502346273,2.9067809784196883,1.0298557108031803,1.2174560055061376,2.7582474837987707,-2.4824198531449158,1.0
4,74,-16.0,4.741626143890836,1.2421892352216162,4.623465272343819,0.9820648002407255,0.2857038908360863,-1.9971768485693147,1.0
4,75,-16.0,-4.34991673859135,-3.4592849558722425,-5.127624527770924,-3.7326708147497465,0.8243598929986652,-2.803557470484,1.0
4,76,-16.0,1.7653998403186368,1.9490255408959656,-3.186247023702938,2.9243876614870565,5.046794817729233,2.9471052006682577,1.0
4,77,-16.0,3.062944948563667,3.014840026134712,-5.269611318196561,0.11317892425226285,8.823328798639595,-2.806493932013306,1.0
4,78,-16.0,-0.4235400163997202,3.9229667777674715,-2.2811606493895624,2.744453403488791,2.1999200416068088,-2.5762474163486706,1.0
4,79,-16.0,5.429932155622557,-2.764662801512813,3.038891944225075,-4.0,2.6913066132430705,-2.664711870143812,1.0
4,80,-16.0,-1.0096645348225555,3.6377770290834217,0.026759206003938885,-0.1479038181491774,3.9249909105184577,-1.3035695988145177,1.0
4,81,-16.0,3.6381538239822273,2.592876300956849,-5.039000206038453,-3.997791321732712,10.896325149951823,-2.4920122394109265,1.0
4,82,-16.0,1.733109678893276,3.665804149297489,-2.102231621429493,-0.9290645868635212,5.985203554810098,-2.266341178492253,1.0
4,83,-16.0,2.624304781457221,-3.605680010948731,2.2515785878696044,-4.0,0.5425984418994462,-2.3280500393149914,1.0
4,84,-16.0,2.2956074738697065,-3.4912877761577255,1.1830066139829576,-4.0,1.2233841588427101,-2.7127442343357493,1.0
4,85,-16.0,2.3639857003662916,0.825849537153979,-5.395395584971842,-0.42497546512673184,7.859552221188317,-2.9817659639521144,1.0
4,86,-16.0,4.175027015203022,2.0318348140504847,4.106301034876024,1.9173419758967838,0.13353602645127816,-2.111410251648748,1.0
4,87,-16.0,1.9215235257521281,3.613405906589097,-4.462566307890478,1.67155908158235,6.672883341990003,-2.8463148305340873,1.0
4,88,-16.0,2.971647764234711,-4.0,2.855608109176091,-3.809689081181423,0.22289784065283028,2.118344818653472,1.0
4,89,-16.0,-0.13885566924397863,-4.0,-0.8736979797385349,-2.216877360387886,1.928605602291524,1.961698398453518,1.0
4,90,-16.0,3.9634569312225603,1.5977850128638649,3.72406021680259,2.509119813649903,0.9422536314596006,1.8276805280511943,1.0
4,91,-16.0,0.5887052176834093,-3.4441762277909094,-0.7460439013489817,-2.6877584548199733,1.534184818730799,2.626009655355444,1.0
4,92,-16.0,-0.9857838569213053,-1.7446051313310318,-2.4485253181494384,-0.5926383753357177,1.8618915084704,2.4744958603154616,1.0
4,93,-16.0,-4.8690164882008355,-2.796968862583515,-5.5068383093314806,-2.173627216216591,0.8918360183384834,2.367675585937542,1.0
4,94,-16.0,3.347226011876165,-1.0404593670914961,-0.331034224369146,2.5458952468794767,5.137269487061614,2.36884495018752,1.0
4,95,-16.0,4.434258283505699,-1.1925613920628333,2.6045931271298763,0.011141864265617474,2.190108699072144,2.559696621679686,1.0
4,96,-16.0,-3.802342623515951,-1.8446915529128927,-5.295836452057855,0.014625237923208646,2.384865351456516,2.2475150577460608,1.0
4,97,-16.0,1.3952497839392883,3.488829785022847,0.5650917368763525,3.910133277365416,0.9309452270479679,2.6719647063499603,1.0
5,1,-13.0,-1.8952440038824545,3.6207142907028143,-3.1291277308979133,2.8221746707413686,1.4697396287920284,-2.5672054126108885,1.0
5,2,-13.0,-2.074254096061575,3.546533031834219,-2.1006145824476006,3.0065530835807768,0.5406229922582816,-1.6195751305677648,1.0
5,3,-13.0,3.99557635442926,2.2217581273837848,2.8597464819826333,0.14386796996897,2.3680660897499215,-2.0710458474746805,1.0
5,4,-13.0,4.068690838040228,-1.2514374321735424,3.5918698094938875,-1.8043704092414803,0.7301322965005742,-2.282415899957718,1.0
5,5,-13.0,1.2654198415237614,-0.8351825556744594,1.5741036463075124,-3.8775773915014917,3.0580143930993473,-1.4696815508219023,1.0
5,6,-13.0,2.6865232256472695,3.249201259279932,3.4952010876126853,0.797956629156936,2.5811935458504034,-1.252134438447178,1.0
5,7,-13.0,1.2380810055213902,-0.8556429707144471,-1.219594202354997,-3.6016030342274252,3.685168123412885,-2.300850400012423,1.0
5,8,-13.0,2.6050992656871506,2.7309775903284645,4.765417448949785,0.7716252253571181,2.9165109879878695,-0.7366547914692947,1.0
5,9,-13.0,3.679404887283115,2.0740224450180533,4.993767806456287,-0.9745808207247367,3.3198692376650962,-1.1637398497317955,1.0
5,10,-13.0,5.305927458901604,-2.029985967194405,5.54464049749787,-1.8657376405637185,0.2897609835654945,0.6026659007657856,1.0
5,11,-13.0,-3.2899075055694382,-4.0,-2.762408023024577,-3.187211079892206,0.9689589943517166,0.9951248710383571,1.0
5,12,-13.0,3.8171077924540673,-4.0,2.12846799706857,-2.10203556258604,2.5404277915830757,2.2978977159144494,1.0
5,13,-13.0,-3.0783853579945375,-0.8056456053034012,-1.890759548075343,-0.5055495638154418,1.2249541617966633,0.24750476511685468,1.0
5,14,-13.0,-4.436329991096749,-3.569256589192757,-5.523840462799604,-1.4203084114728668,2.4084553756690203,2.0392852714310448,1.0
5,15,-13.0,3.5945243787279906,2.2354719818955138,3.6224083073222264,2.604426951770207,0.3700071394839353,1.49536429752413,1.0
5,16,-13.0,1.3198006626651053,-4.0,0.0032939793474581203,1.944532776759897,6.088567958164939,1.7887436861986528,1.0
5,17,-13.0,3.055043443952566,-0.42596472611559344,3.162124900297869,1.3711411621128575,1.8002933127127927,1.5112811931292256,1.0
5,18,-13.0,-3.7450824820761888,0.07327753850246799,-2.023447801169646,2.5732845128992357,3.035467154579778,0.9677271744571179,1.0
5,19,-13.0,-4.960894380191906,0.8458635642468592,-4.719467974395773,0.8995108751891,0.24731506906570147,0.2186570987050715,1.0
5,20,-13.0,-4.365859108724774,-3.722404059509921,-4.596761203757568,-1.8461107052241599,1.890447705922448,1.693243567004515,1.0
5,21,-13.0,-0.8158463380520977,3.1097125793931246,-1.1529158849784102,3.8271571270020877,0.7926806156069034,2.010009485698019,1.0
5,22,-13.0,-0.8322509903271599,-4.0,-0.537750746598775,-1.5157064971422793,2.5016883502741027,1.452802122964563,1.0
5,23,-13.0,-1.3820969063015778,-4.0,-1.144406670831533,-2.065229322282212,1.9493163476958668,1.4485569500724018,1.0
5,24,-13.0,0.27785212400460507,-3.4158444131968437,0.27895083941658777,-0.48459713155769535,2.931247487554139,1.570421498179307,1.0
5,25,-13.0,1.4658455654472924,0.919762616884212,2.1210310089971385,2.0360620379002383,1.294369484652788,1.0400453378348002,1.0
5,26,-13.0,1.6175475676326496,-4.0,0.1170801973113651,2.330117336426529,6.50551979647488,1.8035371075655502,1.0
5,27,-13.0,-3.394418855473046,0.23511109913589845,-4.0813849591550495,2.101659448562748,1.9889507707221237,1.9234519390945388,1.0
5,28,-13.0,0.058283353655273706,1.641190572118525,-1.020278025751348,3.10234127134276,1.8161101329465088,2.206675953961546,1.0
5,29,-13.0,3.804277272796468,-2.9023927815659505,5.529768597067146,-1.5472584053091039,2.194016747394242,0.665751045703559,1.0
5,30,-13.0,0.3037077954411388,-4.0,0.5017945712336209,-3.581299745725396,0.4631935596200351,1.1288999747415795,1.0
5,31,-13.0,5.442556671169509,-1.9750034897243134,5.532168593735956,-1.5986539285145394,0.38687115282590445,1.3370408644113247,1.0
5,32,-13.0,-2.5297690545744853,-4.0,-2.337649278541772,2.1842996061904643,6.187283057002515,1.5397405855784638,1.0
5,33,-13.0,-4.793185776062615,-1.7055760917119507,-5.451537833386009,-0.6728700695824996,1.2247077853612183,2.1383353067218063,1.0
5,34,-13.0,2.869913228298946,-2.0242201204322807,0.5320406961162618,3.5690291326675005,6.062184852347834,1.9667069227899796,1.0
5,35,-13.0,-4.407810444964089,-1.5051602566196753,-4.458531176168608,-0.3234170201300718,1.182831209244516,1.6136902643016744,1.0
5,36,-13.0,-1.458870135933233,-4.0,1.4648991155267401,2.8342445228004634,7.433392552072771,1.1665466205070065,1.0
5,37,-13.0,-2.6579696032121025,-3.6110003340566297,-2.7323091109417974,-1.7308486676101462,1.8816207511746308,1.6103148433222634,1.0
5,38,-13.0,2.5556492953511025,0.38950457400715477,2.6521409701315495,1.8141663455666288,1.4279257006738533,1.5031700758520192,1.0
5,39,-13.0,-5.192269010507805,-0.658772980871811,-4.605752063395186,0.4928375913641836,1.2923656755485353,1.0997352675646976,1.0
5,40,-13.0,-2.6658759768517593,-1.6570363166656799,-4.0546133534407645,0.7763978948397037,2.8018196877850903,2.0893857446524517,1.0
5,41,-13.0,-1.0600998373239814,1.6443292994057699,-0.8129837489107112,3.88765864953753,2.25689896413536,1.461082711481654,1.0
5,42,-13.0,2.4192607437481404,-3.6918640635144446,5.156354717070658,0.38197328506472983,4.907935835101866,0.9791992370786989,1.0
5,43,-13.0,-1.8760092222823084,-1.3019490702539303,-1.435818370896215,0.6440180214653042,1.9951330551364812,1.3483335992656418,1.0
5,44,-13.0,-0.5088884565274784,1.9676808618207795,0.3173887967142155,3.932590763374467,2.131573367362325,1.1727292703589853,1.0
5,45,-13.0,2.876181324796667,0.7486043818244542,2.843060156030227,0.9843589536610596,0.2380698006096451,1.7103728538358494,1.0
5,46,-13.0,2.2080751635389033,-1.918344753149463,1.9784161682876993,-0.6899736001510864,1.2496555299835046,1.75562470848883,1.0
5,47,-13.0,2.881963231485475,-2.9918882914413945,1.8055394933032909,-0.9722067044541451,2.2886244289829296,2.0604684413119525,1.0
5,48,-13.0,-0.7644442597424981,-1.284766181994858,-1.6021145575093894,3.702234137211436,5.056863030726118,1.7372135953112788,1.0
5,49,-13.0,4.3655460708030445,-1.933208582536416,3.48783051171203,1.3217115126699528,3.371185166799458,1.8341894621172836,1.0
5,50,-13.0,-5.026223103129707,-0.7806902898768807,-5.399838801353627,-0.44459436886831916,0.5025426927913093,2.4090115510870187,1.0
5,51,-13.0,-4.347624724559671,-2.48122689165746,-5.478176152387783,-2.3939002878512317,1.1339190741391172,3.0645032390334563,1.0
5,52,-13.0,0.7245036917288823,-0.3623204786889075,-3.391251338057014,-0.47074445918855956,4.117182923402273,-3.1152551022719686,1.0
5,53,-13.0,2.1912187305006827,2.367375426673539,-5.1945407707312885,-1.624665173979498,8.3955840515893,-2.6460684154445238,1.0
5,54,-13.0,4.130103935630656,2.079379582516262,0.6421091813763389,3.867429261347282,3.9195955224580694,2.667892415465525,1.0
5,55,-13.0,-0.3826119289850647,-2.4335846596801587,-5.199827569228936,-3.5166747249309114,4.937474112747838,-2.9204330161402856,1.0
5,56,-13.0,4.086183041467163,2.12586367852418,-4.32391042239778,1.874262644224775,8.413856140403421,-3.111685017645139,1.0
5,57,-13.0,5.435246849853824,-0.6009376651459243,-0.7181478375143453,-4.0,7.02978598072192,-2.63691777594734,1.0
5,58,-13.0,1.8855602035847998,3.6234073736518413,0.7934445372568346,3.260454051077238,1.150848271062228,-2.820736693606357,1.0
5,59,-13.0,4.018971745545428,2.1969973927152577,2.735492056196892,1.2025826024621127,1.6236320051182844,-2.4824198531449158,1.0
5,60,-13.0,2.818935387944061,-3.285872506906998,2.135607038847073,-3.479882800907952,0.7103362773067076,-2.8649530415183526,1.0
5,61,-13.0,3.278299846231298,1.1271684861173914,-3.7261673965471984,2.506889659928767,7.139060993759643,2.9471052006682577,1.0
5,62,-13.0,3.644571368741115,2.5881684961772633,-5.428553202292072,-0.5713820423919891,9.60751524002223,-2.806493932013306,1.0
5,63,-13.0,5.342215343014587,-3.090720336380752,3.582271384569829,-4.0,1.980957405785833,-2.664711870143812,1.0
5,64,-13.0,1.4921178643296542,3.732824423023444,3.2878055336999683,-2.8261727803076653,6.800363116719129,-1.3035695988145177,1.0
5,65,-13.0,4.265760451432265,1.9358062189788914,-3.549214874757171,-4.0,9.813645337906713,-2.492012239410926,1.0
5,66,-13.0,0.43082875923383196,0.4954546159225108,-1.0650877644667127,0.0525671074158644,1.560101147705349,-2.8537504743010262,1.0
5,67,-13.0,3.4531635295448444,0.9761255071041365,-5.401342850621365,-0.45123545840141777,8.968815003234992,-2.9817659639521144,1.0
5,68,-13.0,5.3477476994021815,-0.21458749385581027,4.98700572860314,-0.6976828761625935,0.6029228125573897,-2.212201555910613,1.0
5,69,-13.0,-1.7149637090721435,3.6708505773956275,-1.876866950715205,3.456624258553541,0.2685248132652975,-2.2179723445037505,1.0
5,70,-13.0,1.9012023054809168,3.619057275900076,-4.4529811725522395,1.6863070587420625,6.641624129264911,-2.8463148305340873,1.0
5,71,-13.0,-1.7426207965118814,3.3184448363834855,-1.8632945825326828,3.6295994844515103,0.33373549054143237,1.9407638104328984,1.0
5,72,-13.0,-4.250580050459906,-1.9555582561974991,-4.800836415333842,-1.1082573372092521,1.0102974385806422,2.1467655344282695,1.0
5,73,-13.0,-4.711694096032909,-0.14993544711904017,-5.055421198974659,0.6215210042392455,0.8445669764080568,1.989948536097824,1.0
6,1,-10.0,2.221030767431105,3.475254952050168,-0.5366785469633975,1.690532372713375,3.284843276001577,-2.5672054126108885,1.0
6,2,-10.0,0.8624489543391036,3.8831739867470287,1.4013513545667644,0.7007204655567603,3.2277586978439814,-1.4030520630045664,1.0
6,3,-10.0,-4.488167441356861,-1.3677859326701802,-5.385131182934993,-2.9623371903675833,1.8295184249223104,-2.0831994402017067,1.0
6,4,-10.0,-4.444472442699387,1.6993988460877683,-4.429113261324004,1.2777648615990727,0.42191364202681986,-1.5343846674880424,1.0
6,5,-10.0,-3.9550474514881158,-2.8848080396612246,-4.892621334259193,-4.0,1.45694814391545,-2.2698832356416636,1.0
6,6,-10.0,3.826230484615467,2.4009869391121157,3.793780907112099,2.2844553063972484,0.120965269822953,-1.8423778440635616,1.0
6,7,-10.0,-0.9180356707277293,-3.8196603846003927,-1.01046456716019,-4.0,0.20264618865944856,-2.044415126894211,1.0
6,8,-10.0,-0.2726195529513654,1.0125912782749649,-1.2778503812942805,-0.684448925066863,1.9724184317759392,-2.105567067922909,1.0
6,9,-10.0,4.507984496437448,-0.048253244415795926,3.43093058583773,-1.3004438598711752,1.6516738369825525,-2.2811453625875897,1.0
6,10,-10.0,-3.006686235449219,1.736154429341942,-4.579359301086554,-4.0,5.947837271533269,-1.8383893685986021,1.0
6,11,-10.0,5.457895578145421,-2.549759611057597,4.721002053729615,-3.804924891335854,1.4554902772406089,-2.101668229108329,1.0
6,12,-10.0,3.349056259260581,0.7449862253868433,-0.8977771753557887,-4.0,6.367926546411034,-2.3008504000124232,1.0
6,13,-10.0,-5.432642804036545,-1.8926610648352025,-5.513047126108317,-2.125911507125435,0.2467197272947792,-1.902752854153632,1.0
6,14,-10.0,3.8449175390970622,-1.4430101583513568,4.688817872206928,-3.3641752712474364,2.098342956533071,-1.1569055167384044,1.0
6,15,-10.0,5.02852975284638,0.6853430596560272,4.071103494737785,-1.813892252329552,2.6763486664467844,-1.9366386446184378,1.0
6,16,-10.0,0.9553936762597053,-3.9412459467833725,0.9758345757837763,-4.0,0.06220827230148307,-1.23598802242784,1.0
6,17,-10.0,-5.187567502366506,-1.6606521575668654,-5.269154975590664,0.08591120978886768,1.7484679327846135,1.6174755414295205,1.0
6,18,-10.0,-5.4828303935667435,-2.358131730633714,-3.946860924538091,-1.8039568976447833,1.6328845505137435,0.34626191502325576,1.0
6,19,-10.0,3.981549897513718,-2.568939835991066,4.227085826395571,-1.7407572503274993,0.8638138037611263,1.2825760551334568,1.0
6,20,-10.0,3.492582732525396,1.729293320415272,2.6615203686596254,1.652946478206904,0.8345618568742235,-3.0499832256417876,1.0
6,21,-10.0,5.282546918915569,-3.1579278128300405,5.318860386686616,-3.1605869118444025,0.036410695532041425,-0.07309578620634369,1.0
6,22,-10.0,-2.701384578095708,-2.932220169038575,-3.8304988428803908,-1.3929527083108304,1.908990135803612,2.2036795465336407,1.0
6,23,-10.0,-2.368358067080156,-4.0,-3.8565919835657794,2.368853557972446,6.540423215134968,1.8003510789086399,1.0
6,24,-10.0,2.623217205459264,-1.7748755264612832,0.1825941603503567,-2.060788611586406,2.4573129919817784,-3.0249765968528317,1.0
6,25,-10.0,1.1268966180345492,-2.6760080327234768,4.348466403364486,1.847116622138049,5.553122412226024,0.9518998890508108,1.0
6,26,-10.0,3.1116015561299397,-0.9692432422755737,1.5055920211453007,0.04209135028455596,1.8979105048896114,2.579607150983495,1.0
6,27,-10.0,3.832320755176503,-4.0,3.585945601799987,-3.4241497808337886,0.6263419123091439,1.975075002746527,1.0
6,28,-10.0,-1.6058321469865473,-4.0,-0.8956508767187465,-0.4078960401000309,3.6616346479910074,1.3756073012120535,1.0
6,29,-10.0,-0.3858692983581805,3.1340354579892438,-0.31541298365676584,3.9327698964685887,0.8018358906248954,1.4828141142960491,1.0
6,30,-10.0,3.716435111459605,-1.816657510990193,4.15549761216046,0.0667564724286982,1.933914194699316,1.3417662011518539,1.0
6,31,-10.0,-4.469306326322729,-3.6220324931950163,-5.5334613188765465,-1.6263374190064057,2.26168624643603,2.0606694965478636,1.0
6,32,-10.0,0.46365373104745555,-4.0,-1.3769011969283012,3.764866393415731,7.980024595857639,1.8035371075655502,1.0
6,33,-10.0,-0.8254873665034534,2.8666844067235124,-0.7682721926385536,3.1180355599321383,0.25778087271885947,1.3469796076160443,1.0
6,34,-10.0,-0.8608205111430317,-4.0,-0.638913565939988,0.9807686439828913,4.985709475813098,1.5262730190254348,1.0
6,35,-10.0,-5.239629641324549,-3.397606445177915,-5.119496740728769,0.46944912394008154,3.8689211271945143,1.539740585578464,1.0
6,36,-10.0,4.041291880353449,0.9152550122744649,2.7773472163189212,3.2050950699720873,2.6155159344913206,2.0751580014430613,1.0
6,37,-10.0,-5.525804571611997,-1.4623694698723382,-4.138810238072292,1.7796984267018088,3.526295156005516,1.1665466205070065,1.0
6,38,-10.0,-3.3907836216015648,-2.1181695570857877,-4.0318910107690185,-0.33364055119307257,1.8961968403405676,1.9156954122635923,1.0
6,39,-10.0,0.6762671880934747,3.2672285340411427,0.9120708909063945,3.8786751142448592,0.655339840619433,1.2027224719771366,1.0
6,40,-10.0,2.2367395130733234,-4.0,2.4200585103185905,-3.186833170525019,0.8335743202075044,1.3490646853398969,1.0
6,41,-10.0,3.1360080286556253,-3.027652646725471,4.305561317162236,-1.0716109843856472,2.279024764996153,1.0319088252082946,1.0
6,42,-10.0,3.007426888860017,-1.7207996567448685,2.9512552372580863,-0.8482112423655981,0.8743945307197535,1.6350812198926763,1.0
6,43,-10.0,-1.5974453962479127,1.3279277196542145,-2.8494422344681825,3.17008409440133,2.227338364940313,2.1677244261133777,1.0
6,44,-10.0,0.6120747807822641,-4.0,-1.1876193636598975,-0.6113464873137024,3.8369091261822437,2.0590087437560447,1.0
6,45,-10.0,4.57530034935939,-4.0,3.9452977057562895,-2.6149517076891104,1.5215985354160295,1.997684221129296,1.0
6,46,-10.0,3.04526112795003,-4.0,2.7209576558144764,-3.323470244524737,0.7502434618726079,2.017798622519271,1.0
6,47,-10.0,3.8791698572245257,2.3434594491617364,3.879368093791187,2.3447482451237662,0.0013039527476507952,1.4181771169269377,1.0
6,48,-10.0,4.559391840013325,-4.0,5.130585143623168,-1.6807675145551175,2.3885353486250884,1.329316719225523,1.0
6,49,-10.0,4.641097659588416,-0.5308306649468734,4.987118017151905,0.21732815609432488,0.8243007396273041,1.1375995686155524,1.0
6,50,-10.0,-3.4635276124085106,-2.7896139926751253,-5.4466172598650555,-2.636435216643364,1.9889968042397435,3.0645032390334563,1.0
6,51,-10.0,-3.4020542645368366,-0.4206814282440905,-5.512795872467287,-1.1837903753871952,2.244452138197356,-2.7946780205965447,1.0
6,52,-10.0,2.2287427489152307,0.7867134370740879,-4.953901487399487,0.5974964227041543,7.185136136775149,-3.1152551022719686,1.0
6,53,-10.0,-1.1316714338472726,-2.8549673227645505,-5.12117744112601,-3.751957336174672,4.089101278553837,-2.9204330161402856,1.0
6,54,-10.0,3.2157861249378743,2.9027182649805616,-3.489225856431365,2.7021273967873882,6.708011804305918,-3.111685017645139,1.0
6,55,-10.0,5.506528203853539,-1.0495693108881086,0.1653009066470183,-4.0,6.101946434677818,-2.63691777594734,1.0
6,56,-10.0,4.138189458752974,2.070822192229694,2.8378810053820347,1.317792186323202,1.5026164725915445,-2.6166702609152015,1.0
6,57,-10.0,-3.4511135662125807,-1.9384712983920411,-5.415929516420894,-2.870203680870487,2.174540629823218,-2.69879032567253,1.0
6,58,-10.0,3.169941402551909,0.6246625730589743,-4.1434658116491425,2.065237913966047,7.453937375210333,2.9471052006682577,1.0
6,59,-10.0,1.6325917732252302,1.2583208641433092,-5.514986068951249,-1.2306930630778763,7.568557282591788,-2.806493932013306,1.0
6,60,-10.0,5.536267869069179,-1.686439217241063,3.1894127158120664,-2.9091820031614155,2.6462858936422062,-2.6612760569567504,1.0
6,61,-10.0,5.228779124643832,-3.4300658697149236,4.12565082491458,-4.0,1.241658954192881,-2.664711870143812,1.0
6,62,-10.0,-2.082733539877172,3.542415221645631,-4.978805948613395,-0.16258702738422848,4.702581956963594,-2.234257281205995,1.0
6,63,-10.0,4.672804523701045,1.348080247381278,5.52471203897371,-1.7636296036584396,3.2262183143171925,-1.3035695988145177,1.0
6,64,-10.0,4.775873699652936,1.1894949171622287,-2.0565216375359734,-4.0,8.579771764965159,-2.4920122394109265,1.0
6,65,-10.0,4.811091014285786,0.9936949210103557,-1.9733832173497192,-0.7217701681997665,6.9979933603873095,-2.893931948085772,1.0
6,66,-10.0,1.023616759008784,0.5339442470760379,-1.5832842553091728,-0.23786612928013093,2.7187541550318675,-2.853750474301026,1.0
6,67,-10.0,5.476950133050542,-2.403322434475717,2.954523330133395,-4.0,2.9853000224974657,-2.5772664668601175,1.0
6,68,-10.0,5.471547779198056,-2.444840352317066,3.3935873731288146,-4.0,2.5954654648006303,-2.499111988331886,1.0
6,69,-10.0,3.4555630145305027,0.9512110237352486,-5.407290116270888,-0.47749545167610363,8.977269507541719,-2.9817659639521144,1.0
6,70,-10.0,3.230812049504657,-1.8935582407167288,-0.5813396779588771,-4.0,4.355410161908475,-2.636786277100433,1.0
6,71,-10.0,-0.4473248364337625,3.9208103751717145,-3.649287612480621,-0.31594666329554677,5.310619156199358,-2.217972344503751,1.0
6,72,-10.0,1.8808810852097047,3.6247086452110553,-4.443396037214,1.701055035901776,6.610364916539818,-2.8463148305340873,1.0
6,73,-10.0,3.045302076471007,0.8950054857690704,2.7160442765457953,2.9620350788301133,2.093089113583483,1.7287595442448354,1.0
6,74,-10.0,-1.4613061816968091,-2.3611487231610666,-4.085915724030401,0.7520520972277139,4.071927626785368,2.271246499523576,1.0
6,75,-10.0,-2.31707669877181,1.1608530840530653,-3.7405291954417828,2.49168971349377,1.9486772807566353,2.3898078762180415,1.0
6,76,-10.0,4.338331026893561,-0.6808360141372175,4.367389729218658,0.8453407066014015,1.5264533373494598,1.5517584321966515,1.0
6,77,-10.0,4.7158023910787215,-2.111218747376567,1.5157752531949762,-4.0,3.715867099810511,-2.6083811746399586,1.0
7,1,-7.0,-3.1882335880717467,-1.1327170146746321,-4.801131801450357,-4.0,3.289795185821796,-2.0831994402017067,1.0
7,2,-7.0,1.6676899729420063,0.8364086925606898,0.291710440548695,-0.5973460683308148,1.9872021507497346,-2.335634863642969,1.0
7,3,-7.0,0.5784152382320569,-0.8482214042545518,0.09110703098238804,-1.563591889159873,0.8655773908360596,-2.1687910268743043,1.0
7,4,-7.0,-2.6768766300063787,-1.5056173891855456,-4.773975670092282,-4.0,3.2587987039801574,-2.269883235641663,1.0
7,5,-7.0,-0.217086022988636,1.1761380783367237,-1.3647464690110975,-1.5087021566003638,2.919844445600058,-1.9747483412912026,1.0
7,6,-7.0,0.9943113067980817,3.871218953296357,0.7145885834784431,2.7117352020375067,1.19274782388175,-1.8075206667658104,1.0
7,7,-7.0,-4.06311927139471,-0.050308491948008904,-4.531530100531866,-1.8287726748633735,1.8391148835148319,-1.8283271893900732,1.0
7,8,-7.0,-1.0358517336306194,2.7431001778741297,-2.4025777753439224,-1.3033575590649453,4.271037378662403,-1.8965243512149552,1.0
7,9,-7.0,-1.9712050773971748,1.0733239055743025,-1.0802107210295402,-1.5578512585427098,2.777940547842081,-1.2442865379663945,1.0
7,10,-7.0,0.2995359811875032,3.9342093527809996,-1.8757745861882076,-4.0,8.227007604122774,-1.8383893685986024,1.0
7,11,-7.0,1.0996768762426277,1.6041941602259437,0.6059136933764633,-0.8379125164006308,2.4915230484140056,-1.770294261869886,1.0
7,12,-7.0,4.850529031308696,1.0746279813019133,4.803348297767634,-4.0,5.074847305114687,-1.5800934367173962,1.0
7,13,-7.0,3.5585192156125545,0.22105607688057205,-0.21938892261930273,-4.0,5.664795168855526,-2.300850400012423,1.0
7,14,-7.0,-3.6737181996324106,1.0077514825664273,-4.008204394214511,-0.6507465993536365,1.6918915160548993,-1.76980692277108,1.0
7,15,-7.0,-5.330038691056863,-0.13639383857714266,-5.162251788100936,-0.4676333380411024,0.37131125866135056,-1.1019283816761305,1.0
7,16,-7.0,1.9387635074516116,2.674404438952344,2.3656736810430963,3.3477369475020993,0.797263421577723,1.0057328703427841,1.0
7,17,-7.0,-3.6933864502177185,-4.0,-3.1454239203461007,2.9543348154721847,6.975889596304679,1.492164404172979,1.0
7,18,-7.0,4.982426640431254,-4.0,4.980312224580465,-3.9758175123227164,0.024274749528101026,1.658010355696724,1.0
7,19,-7.0,-4.826946649650358,-4.0,-5.49953918799321,-2.2297220830674385,1.8937435480585987,1.9338875234472543,1.0
7,20,-7.0,0.38119146964492134,3.2693142117036884,0.9712914582010571,3.8733060013041833,0.8444075309936312,0.7970314185805999,1.0
7,21,-7.0,-0.5411346640192258,-3.881455451737696,-0.7873739424077495,-2.787976400525266,1.1208613730795336,1.7922905018774231,1.0
7,22,-7.0,-3.012910637627478,-3.9549390668996716,-2.927171457925017,-4.0,0.09685914839561206,-0.48388452834410406,1.0
7,23,-7.0,0.8810379396168017,-0.17320716665863878,2.3219650760649087,1.5046666933824049,2.2116807415993778,0.8612261533688635,1.0
7,24,-7.0,0.05800278000586656,2.2886334082320414,0.5201914846352355,3.914204067909314,1.6899995172456639,1.2937825248861123,1.0
7,25,-7.0,4.522412200325414,-1.3270845294919602,4.457114368766728,1.6799475988891894,3.0077410174286503,1.59250795743063,1.0
7,26,-7.0,2.8084269958912635,-0.5232398293364219,1.1050059863515682,0.2921508391821529,1.888519281884197,2.695147437849009,1.0
7,27,-7.0,5.513337451531975,-1.19538819956273,5.457628901898057,-1.1538758509610152,0.06947458232148648,2.5011898180953613,1.0
7,28,-7.0,5.3449850497652065,-3.0824347321181302,4.549899044479381,-2.9557260269121475,0.8051191537756064,2.9835568183411567,1.0
7,29,-7.0,-3.603406503956812,0.11128663505849823,-1.1939129320035293,2.503684068781965,3.3954712123902357,0.7818378855870888,1.0
7,30,-7.0,1.6137017429687726,-1.2867377041865227,3.102863044171073,0.3874504694547294,2.240648884086652,0.8438224073474753,1.0
7,31,-7.0,5.309355591066133,-3.1890205989453193,4.061237273681214,2.1522652690846265,5.48517402260021,1.80035107890864,1.0
7,32,-7.0,0.13572010322869538,-4.0,0.1614149434651772,-3.751869743958757,0.24945710809249586,1.4676102753806453,1.0
7,33,-7.0,5.313485510253454,-2.9954232116954422,3.922679315395545,-2.8402075516332674,1.3994405213454668,3.030451332272988,1.0
7,34,-7.0,4.538651329056783,0.18600397104048672,5.022295608065138,0.7001386913898748,0.7058656382671246,0.8159469682038981,1.0
7,35,-7.0,-3.8251111825686497,-0.10907312298627525,-4.079186342375851,0.7055183351236035,0.8532956289918714,1.8731390517072222,1.0
7,36,-7.0,1.5695111139802114,2.0434929817774368,-0.3432336446158698,3.6239485497460224,2.4812158942461426,2.451033693845658,1.0
7,37,-7.0,-1.6426327919443418,-4.0,-1.5412876819486423,-3.416687663466602,0.592050769167723,1.3987727738192612,1.0
7,38,-7.0,-3.616229401647055,-4.0,-3.3319597766896574,-2.562161397042064,1.4656701770280547,1.3756073012120538,1.0
7,39,-7.0,-3.2800477073311063,-3.486989999903945,-4.697699314608666,-1.1104725955226213,2.7672316587058616,2.108656626574796,1.0
7,40,-7.0,-1.5248313420177426,-3.5486194913571976,-0.7232692299595922,-0.1705834034713134,3.471833756179361,1.3378187056603448,1.0
7,41,-7.0,-0.6902401055377386,-4.0,-2.4372568004732607,3.3702506874707834,7.574474406092279,1.8035371075655502,1.0
7,42,-7.0,5.294715844859754,-1.3271632785266956,4.7852270022628325,-0.4368372898932219,1.0257968837771554,2.090561279753207,1.0
7,43,-7.0,-3.224982031136992,-4.0,-2.9073668251303713,3.1289695664209685,7.136041374462665,1.526273019025435,1.0
7,44,-7.0,-3.6588156620155976,1.2215898033491115,-2.9068905013815094,3.1293189896514675,2.050566286532686,1.1953460613064357,1.0
7,45,-7.0,-3.8998405180843583,-1.0322620674811,-2.4038906897569015,1.7948936973654281,3.198542731866796,1.0841125319527092,1.0
7,46,-7.0,2.48610171810307,-4.0,2.635291982654727,-3.4609201345937204,0.5593432187158847,1.3008040358252015,1.0
7,47,-7.0,1.4281173027229201,-4.0,1.3059980219653535,-3.236159890073022,0.7735404528956471,1.7293301448187421,1.0
7,48,-7.0,-1.9451545891445354,-1.7578753869354937,-0.6598175084643136,1.6718281496939928,3.6626435480592927,1.2122306171633603,1.0
7,49,-7.0,3.9993601467351256,0.6544093320212865,3.1763829831225143,2.8698830208561565,2.3633905893329286,1.926466693890926,1.0
7,50,-7.0,-2.789474102681799,-1.3918024341649413,-3.2740626753824773,1.2106826908653618,2.647216445777729,1.7548903023211821,1.0
7,51,-7.0,-1.6558987122819115,-4.0,-3.9226297748172456,0.2680397672552184,4.83262176926092,2.0590087437560447,1.0
7,52,-7.0,-4.3643415918030035,-3.972012155345105,-5.4692195862059885,-2.462732872504165,1.8704756978182917,2.2027144683960147,1.0
7,53,-7.0,4.521896951930363,1.183978518516324,3.5451878529657415,2.6610746009506534,1.7708115373305895,2.155029805759598,1.0
7,54,-7.0,-2.3115689331415723,1.7363443883757552,-4.669816310874087,-0.31245654230209197,3.1239263672706334,-2.426295693442352,1.0
7,55,-7.0,-3.2598379955567527,-3.045444726679089,-5.412944486366135,-2.8791334268590196,2.1595200877077607,3.0645032390334563,1.0
7,56,-7.0,-1.6365761446554448,1.5349795883267232,-5.215764690372977,0.24097430009669088,3.805921745354582,-2.7946780205965447,1.0
7,57,-7.0,-0.33601235395227613,1.8285552239882905,-2.447557476688105,1.772929433445661,2.1122776886391996,-3.1152551022719686,1.0
7,58,-7.0,5.439637495710704,-2.690075774560359,1.9041172640133042,-4.0,3.770385230335924,-2.7867695368508008,1.0
7,59,-7.0,1.74787695416365,3.66169734246424,-2.0724562004818954,3.547406130695067,3.822042372027245,-3.111685017645139,1.0
7,60,-7.0,5.5287434244773035,-1.525304507491005,1.048749650808382,-4.0,5.118052558616084,-2.63691777594734,1.0
7,61,-7.0,3.4370579796767644,2.740396889054824,2.040382477135662,1.8291549488222039,1.6676523417779114,-2.5635065784236315,1.0
7,62,-7.0,2.580245830971722,3.300811971978635,-0.319665276676389,3.8179592866704093,2.9456621967486036,2.965115714126978,1.0
7,63,-7.0,-3.3986697852273107,-0.7970678913802782,-5.521785723070986,-1.376306507313688,2.2007132161447753,-2.8752498598775715,1.0
7,64,-7.0,4.552667999913629,1.5329259116668748,0.7935533476249779,-0.6440391934031462,4.343975142394781,-2.6166702609152015,1.0
7,65,-7.0,0.6892218812776405,3.8988792689173586,-2.7492630581502895,3.218733373988206,3.5051072903780955,-2.946309571540776,1.0
7,66,-7.0,-4.015120134386164,-1.7490118880608274,-5.472182403170241,-2.439963169767241,1.612589262275406,-2.69879032567253,1.0
7,67,-7.0,1.4309005793601162,0.4433641021645537,-4.50135139140362,1.6118831870222141,6.0462426593965635,2.9471052006682577,1.0
7,68,-7.0,1.0128555854271963,3.866108157895228,-4.846529358722146,1.080781997689919,6.487714061396976,-2.697849386883902,1.0
7,69,-7.0,1.4731401515664873,3.738102160387193,1.472846435070963,3.7380166402088633,0.0003059135182443463,-2.858260268192157,1.0
7,70,-7.0,5.293701270441846,0.02405307555160119,1.763952282326442,-1.8149931499207268,3.9801028803946434,-2.6612760569567504,1.0
7,71,-7.0,-1.3957989633304253,3.759610889284303,-5.528864679626851,-1.5279011660336437,6.711185882566323,-2.234257281205995,1.0
7,72,-7.0,5.168245070317357,0.3537536504561671,-0.563828400314775,-4.0,7.198043978858777,-2.492012239410926,1.0
7,73,-7.0,5.4998361310562265,-0.9062597024971533,-3.546578957317753,-3.1936601312947444,9.331121404891473,-2.893931948085772,1.0
7,74,-7.0,5.50157589775099,-0.9435165123481165,1.3507772396843363,-3.5709414543439513,4.912483213775875,-2.5772664668601175,1.0
7,75,-7.0,-2.738653566546808,0.13098270693520453,-5.500200658905838,-0.9140660048129893,2.9526715281661744,-2.7798193821662336,1.0
7,76,-7.0,5.5123886434453935,-1.1750696346808802,1.7377964607187988,-4.0,4.714634420058753,-2.499111988331886,1.0
7,77,-7.0,5.544717962139846,-1.8825162753009217,4.222260701325283,-2.371293238330532,1.4098922392401514,-2.7875667701029063,1.0
7,78,-7.0,5.521771801959322,-1.3760083890592592,2.9894776382213912,-2.52447389149744,2.780555114000039,-2.7158089801434255,1.0
7,79,-7.0,2.370501286949196,0.7509960075443054,-5.4132373819204105,-0.5037554449507897,7.884224050139275,-2.9817659639521144,1.0
7,80,-7.0,5.385139622024124,-0.6035115995931033,-0.7616854994673024,-4.0,7.022790935824354,-2.636786277100433,1.0
7,81,-7.0,0.6196007173656382,3.9051913309117143,-4.53528877119833,-2.9156294751808414,8.549648069255973,-2.217972344503751,1.0
7,82,-7.0,1.4499416507686198,3.505462386785998,-2.553603655797685,2.287705126955801,4.184651450909411,-2.8463148305340873,1.0
7,83,-7.0,-3.2164021173334487,-3.3455963994961895,-3.9158329052914365,-4.0,0.9578347976012787,-2.3894412420847995,1.0
7,84,-7.0,-0.27818295106414526,1.162718419778235,-2.061784634682071,2.0397426317988687,1.9875629384437399,2.6845947544534527,1.0
7,85,-7.0,3.2222014658160303,2.0278657916825424,2.4650809009294674,2.8896766410930597,1.1471484166993497,2.291618116011081,1.0
7,86,-7.0,-2.7309126411530067,-1.42624376540053,-3.5097552899726785,0.3072663891769153,1.900435036417599,1.993056717938333,1.0
7,87,-7.0,1.3917563858110213,-4.0,1.1858141367515744,-3.9242674809816807,0.21942566938378782,2.7892049809198034,1.0
7,88,-7.0,-0.11315226506451448,-3.1577389979811183,-1.2854716767862475,-2.0881778373098836,1.5869133182111708,2.4019981698251183,1.0
7,89,-7.0,2.246887209913655,-4.0,2.1829151297726055,-3.877963381996542,0.13778738393370724,2.0536190957788554,1.0
8,1,-4.0,3.566792803823322,0.9646800347149834,3.6562056945444708,-0.9564787433729914,1.9232383408333957,-1.5242887621249859,1.0
8,2,-4.0,-2.7952918569652745,-1.7875881274412668,-4.655330005925373,-4.0,2.8904166152002637,-2.2698832356416636,1.0
8,3,-4.0,2.230873210858382,3.4704752383440765,1.7364770418531563,1.6827215768379107,1.854855985287199,-1.840599296069874,1.0
8,4,-4.0,1.1317287803192397,3.833049300378554,0.8121496968702056,2.0007760925732,1.8599343801917978,-1.7434759896147305,1.0
8,5,-4.0,-2.8546133824075643,1.2787244789720291,-4.134479411541266,-3.580676179926708,5.0251200797827655,-1.8283271893900734,1.0
8,6,-4.0,-0.18089682932614223,1.3269337171074531,-0.20247886874973922,0.01477894065315799,1.3123322528222428,-1.5872426286588193,1.0
8,7,-4.0,2.8001804299581816,3.1940067436848123,0.827810128710139,-4.0,7.459489100027418,-1.8383893685986024,1.0
8,8,-4.0,-1.0454141683475617,3.4922793665903713,-1.970216541424831,1.5305198607950858,2.1688152959225255,-2.011315361660385,1.0
8,9,-4.0,3.391771914043525,-0.2134289954041737,3.3565667328439543,-4.0,3.786734658994361,-1.5800934367173962,1.0
8,10,-4.0,3.0486509803878024,-1.5417197083508358,2.57933230551403,-2.9609195013014555,1.4947869650543368,-1.8901682177589165,1.0
8,11,-4.0,-2.938441505189471,-2.7879128751199906,-3.043081691002328,-4.0,1.2165955641818018,-1.6569133888224294,1.0
8,12,-4.0,-1.4394809593061013,-1.8617071039891426,-3.07977206091437,-3.920728372230447,2.6325127694059334,-2.2434828693992444,1.0
8,13,-4.0,-3.1386016286012,2.9593395359519126,-3.1357671279204324,2.443313051256662,0.5160342695025661,-1.5653034456008084,1.0
8,14,-4.0,-4.375667364221236,-2.157983353856255,-1.895327353743257,1.8886606894242561,4.746305361077766,1.0209182067479683,1.0
8,15,-4.0,1.8105240044365363,2.7399344982411624,2.884294407103768,2.193608466625396,1.2047634666046199,-0.4706566233696831,1.0
8,16,-4.0,-1.247927611059774,-0.8437047070004571,-2.3679669019408465,0.6180464664599226,1.841522333893937,2.224604703856493,1.0
8,17,-4.0,2.2987324673325147,-2.3087103993209155,1.4601070581087816,-0.2571151435458574,2.2163789546272086,1.9588379465661137,1.0
8,18,-4.0,3.597737434335023,-4.0,4.321680930954508,1.876622247695325,5.921045788406411,1.4482234786882173,1.0
8,19,-4.0,0.3069846738582639,-4.0,0.37917305339057583,-3.765538132382843,0.2453233162706437,1.272117141357081,1.0
8,20,-4.0,-2.7741477971305475,-1.8437790770470748,-4.8209457893308025,1.1201456460613952,3.601976094469342,2.175165468214236,1.0
8,21,-4.0,-4.19394533175751,-4.0,-5.42610447565864,-0.8500926701388347,3.382326468957759,1.9436702591992852,1.0
8,22,-4.0,-2.242734354547312,-3.8753674667872695,-1.9217885449338208,-1.928065755017228,1.973572945034207,1.4074491712561024,1.0
8,23,-4.0,2.4334314361048417,-0.8632147286451588,1.811118254588661,1.4089229357586157,2.3558190214638794,1.8381292211288647,1.0
8,24,-4.0,-0.2006203049927545,-4.0,-0.5888275599548913,-3.1617850151459512,0.9237473862691633,2.0045200213805905,1.0
8,25,-4.0,-3.0520099961469387,-4.0,-2.9912881889760388,-3.6281805328482784,0.37674507829444853,1.4089154410109819,1.0
8,26,-4.0,-2.064655748774788,-4.0,-1.1739094571275652,-0.6821287347925251,3.435360052246741,1.308511815113767,1.0
8,27,-4.0,-1.6177801395932903,2.814990776714835,-1.63817978646943,3.6922043296793086,0.8774507183296544,1.5940471881626732,1.0
8,28,-4.0,2.45660320781213,-4.0,1.8843952890191291,-0.43876130156747317,3.6069159914728837,1.7301112834607613,1.0
8,29,-4.0,-1.8441339421229324,-4.0,-3.4411422484926946,2.737400736947568,6.924088692444346,1.8035371075655502,1.0
8,30,-4.0,-0.8747325341958914,-3.003649190019533,-0.33761054802498996,-1.5722877820134504,1.5288216077611307,1.2118042809035219,1.0
8,31,-4.0,-5.5075350566493455,-2.168272606228205,-5.438308208256751,-0.6144550117401042,1.5553589532577872,1.5262730190254352,1.0
8,32,-4.0,-0.20731346346122578,-4.0,-0.7365607301027944,-2.111937611928793,1.9608371300280705,1.844094678743542,1.0
8,33,-4.0,4.38288181533056,-0.6098906851627351,4.407114388084818,-0.5700928593345446,0.04659489803552951,1.0238643240283507,1.0
8,34,-4.0,-2.4789558442614417,1.6024698133257114,-2.6621523359669452,3.2610363159196147,1.6686532887630603,1.6808051108693614,1.0
8,35,-4.0,3.3339341061523946,-4.0,3.336989121372353,-3.9441973089021856,0.05588625458690425,1.5161041879774648,1.0
8,36,-4.0,-0.3908403408985187,-4.0,-0.07828820446655027,-2.338277486162554,1.6908608904881646,1.3848792027244772,1.0
8,37,-4.0,1.065152619774187,0.9264298592427487,0.6446440278235702,3.9029208298273863,3.0060482321273834,1.7111441301196841,1.0
8,38,-4.0,-2.1484358583550955,-2.679777901178458,-3.674828572180017,-1.0621835916968698,2.224069708189252,2.327194361860519,1.0
8,39,-4.0,-0.9710134455201557,1.8817056095995994,-0.9443421761130607,2.993008215134614,1.11162261477567,1.5468009270208247,1.0
8,40,-4.0,-3.923872205346086,-4.0,-5.505259386847583,-1.0223978090604104,3.3714833864792353,2.0590087437560447,1.0
8,41,-4.0,-1.9061693317896748,3.0176487313474203,-1.914739588637436,3.6152925321709226,0.5977052467271796,1.585135418829852,1.0
8,42,-4.0,-3.2149258389825555,-3.8663842599105536,-1.356529838010471,0.06164932266725165,4.345467008537525,1.1288903510103172,1.0
8,43,-4.0,1.7841430709992168,1.9445613534626576,0.8357930829750427,3.885590687403975,2.1603153878557007,2.0252670489852873,1.0
8,44,-4.0,2.826960582615637,-0.3299305338703169,0.48503350105021026,3.2118111384394794,4.246004772576846,2.1550298057595985,1.0
8,45,-4.0,1.5333275520295615,-1.5873290622919285,1.6012906762155898,0.09171340184988097,1.680417383461777,1.5303411001604152,1.0
8,46,-4.0,0.8609817356364122,0.5546633027215483,1.8937445679028373,1.8895825110359712,1.6877820832198016,0.9123290182539702,1.0
8,47,-4.0,-0.5690336415070925,-4.0,-0.6271062460829111,-3.770978694437515,0.23626930779042063,1.8191308121294225,1.0
8,48,-4.0,-3.7033342024493248,-3.251285218197843,-5.330557651445725,-3.1255944323238216,1.6320705642273463,3.0645032390334563,1.0
8,49,-4.0,-1.063660453915345,3.0594864284293277,-4.3145447035379245,1.8841749418443101,3.456820142116573,-2.7946780205965447,1.0
8,50,-4.0,4.498829162176882,1.6157639646758275,3.0296249244045432,0.7820656739939439,1.6892643168474537,-2.6254517617132236,1.0
8,51,-4.0,5.3847495477648915,-0.37796817103032015,2.879694633373081,-2.578621605253452,3.3343928475326092,-2.4207921939220713,1.0
8,52,-4.0,5.510004834103045,-1.1240207603369126,-0.7383298271165746,-3.439053458496933,6.66341222138842,-2.7867695368508008,1.0
8,53,-4.0,5.041030808351943,-3.9917167554702084,5.022400917329887,-4.0,0.020388354014829194,-2.7232207324523072,1.0
8,54,-4.0,5.527617902810203,-2.013932853651053,1.9321983949697459,-4.0,4.107493657592956,-2.63691777594734,1.0
8,55,-4.0,-0.7362548151461503,-0.9352843668980269,-5.498897788397862,-2.2346513373203574,4.936711720820694,-2.8752498598775715,1.0
8,56,-4.0,5.338655368173958,-0.17444054717897417,0.7484597814142013,-4.0,5.975349416710044,-2.4468034059856363,1.0
8,57,-4.0,4.9115977224585485,0.9628603968720817,0.3833054389049968,-1.6595481218072163,5.232824996513106,-2.6166702609152015,1.0
8,58,-4.0,-3.8868925991557335,-1.9363920883521242,-5.472417741061672,-2.438154561981047,1.6630260237164243,-2.8351000563405533,1.0
8,59,-4.0,2.7658429128473196,0.9180907285157454,0.5414478480972515,0.6520812182116873,2.240244286602839,-3.0225705399734037,1.0
8,60,-4.0,-1.615781613037273,-3.8523948918740514,-1.8245904280100051,-4.0,0.2557115350452334,-2.5262566983933716,1.0
8,61,-4.0,2.256199481582533,3.4581762270062075,-5.332991824985109,-0.14943332288220768,8.40301561060837,-2.697849386883902,1.0
8,62,-4.0,1.177440373031769,3.8203368210705304,-4.621991259035717,1.2120714431940076,6.358966546260037,-2.7189508061169336,1.0
8,63,-4.0,4.5808710948295985,1.4895317826351653,1.73493397140928,0.006760644409799621,3.209044773576097,-2.6612760569567504,1.0
8,64,-4.0,5.1127583965053045,-3.753211482640943,4.530477608555293,-4.0,0.6324203414786468,-2.7407127673165856,1.0
8,65,-4.0,-0.7759217128978114,3.89101880406247,-5.508209455757112,-2.1630897456616682,7.68419010781613,-2.234257281205995,1.0
8,66,-4.0,-1.3169665433647673,0.3943037053725402,-2.816598541028921,-2.481084395191995,3.2429543409191424,-2.0515276419745314,1.0
8,67,-4.0,5.430662030922125,-0.5806935191118993,0.9288648369064213,-4.0,5.653126107410928,-2.4920122394109265,1.0
8,68,-4.0,5.367958260509738,-3.0137101522223038,1.4672912639854694,-4.0,4.023427727896079,-2.893931948085772,1.0
8,69,-4.0,-0.23905737844246833,1.0132370080303716,-5.502576454466123,-2.2063802244391524,6.170135183873983,-2.592625298562286,1.0
8,70,-4.0,-1.942004091880953,0.015816787548522226,-5.520006372252095,-1.3382020101319445,3.825632917938305,-2.7798193821662336,1.0
8,71,-4.0,0.41140786566075116,-2.768964563263541,-5.262745888012479,-3.3284539718879347,5.7016707392383585,-3.0433072156953984,1.0
8,72,-4.0,3.529657726267006,-1.4197537495196366,0.08200554830878158,-4.0,4.306271734725766,-2.499111988331886,1.0
8,73,-4.0,5.522656709107447,-1.3949585261395185,2.778911855647122,-2.6393227697628334,3.012735997676903,-2.7158089801434255,1.0
8,74,-4.0,-0.5138823278968774,0.2607273490617518,-5.419184647569933,-0.5300154382254757,4.968628080570796,-2.9817659639521144,1.0
8,75,-4.0,5.410133258737649,-0.4900492716088201,-0.9420313209757272,-4.0,7.2573927111256,-2.636786277100433,1.0
8,76,-4.0,1.5548730815820446,3.7153720798988332,-4.276080635821732,-4.0,9.670935197062763,-2.217972344503751,1.0
8,77,-4.0,5.324394368251079,-3.1440319530100354,3.3060855557282856,-4.0,2.1923165282812116,-2.7404831839382453,1.0
8,78,-4.0,-3.952335798802123,-1.2802358532026443,-4.994955911783773,0.7650245886682812,2.295680068100937,2.042232339763871,1.0
8,79,-4.0,2.324526457497134,-3.3579001169887186,1.0867642876516093,-1.7687182485412305,2.014337161475941,2.2325181417936744,1.0
8,80,-4.0,-4.530639151838746,-3.420259425224534,-5.370522224924842,-3.0060400281262276,0.9364727894546795,2.683410299582238,1.0
8,81,-4.0,3.2849580558909435,-4.0,2.272299073267967,-2.5732010096389053,1.7496381265800196,2.1880305796314996,1.0
8,82,-4.0,1.2896395292690561,0.9197837201601362,-0.6428220170173455,1.4618381790678607,2.0070452571622237,2.8681208429133185,1.0
8,83,-4.0,-3.408154426350525,1.1941666811437373,-4.230926468071257,1.9726730965261432,1.1327074076869388,2.383831379687833,1.0
8,84,-4.0,-2.5337687511876053,1.5404380381417955,-3.326055226030032,2.187813198029916,1.0231385320954385,2.456513109709055,1.0
8,85,-4.0,-0.7514084546467825,-2.8972132151115466,-3.1992647558153986,-1.4525029563766503,2.8423912825057616,2.6084146018471714,1.0
8,86,-4.0,1.8607677409749777,-4.0,1.0320447673098545,-2.486972865440279,1.7251182211646725,2.0718913136611206,1.0
8,87,-4.0,-1.4253513045661799,-0.14709949578443693,-2.630221258169136,1.1514226312110785,1.7714037708529773,2.318801817458916,1.0
8,88,-4.0,-0.4499856186452047,-2.7220990082236414,-1.1873887809319659,-1.8562778755733909,1.1372816966320518,2.2762653244411317,1.0
8,89,-4.0,-4.309322084515804,-1.446506160707247,-5.349598921013463,-0.2227615136368331,1.60615281271337,2.2753349296426095,1.0
8,90,-4.0,0.3812135942524134,-1.702998564193136,-0.07166202273720323,-0.6811511695253343,1.1177067694404914,1.987975154313751,1.0
9,1,-1.0,4.484321206313215,-1.660508300663727,4.2327901741712655,-3.6329403678081222,1.9884054213439237,-1.6976350178667183,1.0
9,2,-1.0,0.7202057785296272,2.484080730029149,0.7273437012625328,1.7453152723004837,0.7387999400879683,-1.5611346668539419,1.0
9,3,-1.0,5.3117305699819966,-1.0802602741251364,5.033146216598848,-3.144566420797869,2.0830192291817022,-1.7049389175743035,1.0
9,4,-1.0,-4.55202844309552,1.5339099529988915,-4.385822519102757,-4.0,5.53640531184906,-1.5407712672458433,1.0
9,5,-1.0,-4.915851169068087,-3.6516261351978114,-5.0604556580281495,-3.9336071316835244,0.3168970504856058,-2.0446444334570013,1.0
9,6,-1.0,2.5307668192313324,3.3248401020183764,2.5226048573382998,3.287855184086432,0.037874817179439864,-1.787998503513868,1.0
9,7,-1.0,4.617917080059381,0.5468869326104424,4.358408795566386,0.10720686871721763,0.510551768487435,-2.1039941489159504,1.0
9,8,-1.0,2.7530399020650336,-0.5005945466269429,2.15187749841834,-2.4642159405971475,2.053583505586213,-1.867885596122987,1.0
9,9,-1.0,4.899758610027164,0.9909584205364436,3.5313948436084863,-4.0,5.175141094962643,-1.8383893685986021,1.0
9,10,-1.0,-3.1111760339285124,-2.983731390892695,-3.1593051927050664,-3.4911999740411304,0.5097457982241927,-1.6653551387782428,1.0
9,11,-1.0,-1.1344667365023358,-0.44077524094490195,-0.6796753597981063,-3.788603441193663,3.378577933791877,-1.4357761579761634,1.0
9,12,-1.0,5.491745367093689,-0.8504053651245983,5.436333167805256,-0.9673394172603014,0.129398934998926,-2.0133268901545867,1.0
9,13,-1.0,-5.041140362709493,-2.723321905492716,-5.119826686455347,-3.7559981317045565,1.035669699145324,-1.6468458844295495,1.0
9,14,-1.0,2.033921213831387,1.9295483213043867,1.5130248777356001,2.570149503859161,0.8256529949370923,2.253496284524198,1.0
9,15,-1.0,-0.5137984194791649,3.91478368222961,0.2096040981685171,2.4636382489348048,1.6214605364027128,-1.1083458394108556,1.0
9,16,-1.0,2.2484960293989618,-3.905514507689736,0.027979448281039376,-2.9855451753622693,2.403546849853914,2.748816215466826,1.0
9,17,-1.0,4.917733124163834,-4.0,5.108308412202322,-2.90350973573668,1.1129284972697921,1.3987105648687967,1.0
9,18,-1.0,-3.0650308567598565,-4.0,-3.127851095096344,-3.910905994424895,0.10901433013173048,2.1849373276956165,1.0
9,19,-1.0,0.892624417824138,-1.1623880270825955,-0.9527007908043168,-1.6897361431929763,1.9191980515738385,-2.863236710799119,1.0
9,20,-1.0,2.2007558954615094,-2.532151873317452,2.2179631627636853,-0.07917597567330192,2.45303625013393,1.563781588052063,1.0
9,21,-1.0,5.509688901776455,-1.1172551229368264,5.4685885366269344,-1.0052593628895514,0.11929916296433396,1.9225185605597408,1.0
9,22,-1.0,4.872709745138413,1.0381619127144628,4.8736110026125585,1.0391133668934471,0.0013105457219839691,0.8124851780475483,1.0
9,23,-1.0,4.062119681135324,1.734887768678418,4.173920223955255,2.0330061970926976,0.31839277431347446,1.2120076230603838,1.0
9,24,-1.0,0.3646599109281991,0.04397116773168808,0.745841846769058,3.8937459342786007,3.868599930382143,1.4721039202155861,1.0
9,25,-1.0,0.408434792513211,2.869322346103608,0.3870839990527168,3.9262719888359396,1.0571652678996772,1.590993968389075,1.0
9,26,-1.0,4.424677623344074,-2.8687759092336633,4.96579769328396,0.7734879549531422,3.682240756177242,1.4233081790423479,1.0
9,27,-1.0,-0.7916399186862988,-0.47833979760119094,-2.076815490287223,1.7001868443773587,2.5293585312584885,2.103777607971179,1.0
9,28,-1.0,-2.469711073220817,-3.1288893115727543,-3.9828056552106155,-2.058988959085572,1.853143809395018,2.526121354672574,1.0
9,29,-1.0,1.6084172640839907,2.3833591849706517,0.5199123762152745,3.914229372709621,1.8784052871044719,2.1888911313208244,1.0
9,30,-1.0,-2.998027778708127,-4.0,-4.374508589074789,1.8070473329218253,5.967955943880798,1.8035371075655502,1.0
9,31,-1.0,0.48908283558736515,-4.0,0.5085291947018614,-3.887888652018035,0.1137853911059905,1.3990494047549658,1.0
9,32,-1.0,0.7154771582553132,-4.0,-0.014210975141028648,-1.3968751346985036,2.7034614545745557,1.844094678743542,1.0
9,33,-1.0,-0.1400095939010384,0.6743072455239254,-0.0986862707913354,0.9529256654207607,0.2816661870701525,1.42355459394885,1.0
9,34,-1.0,0.2540437161250314,-3.434348650119574,0.5706724908252601,-0.1245944372256289,3.324864919171512,1.4754212294160627,1.0
9,35,-1.0,-2.4291740764768255,-1.5522714025160995,-2.648944354601353,0.572054913853141,2.1356641293906304,1.6738837028885756,1.0
9,36,-1.0,-4.280959208215874,0.1264743314982919,-4.656628672750243,1.372968897561275,1.3018741297867793,1.8635193805528725,1.0
9,37,-1.0,-2.9752347410203153,-4.0,-2.4508626663458797,-1.212110299224193,2.836775468095808,1.3848792027244772,1.0
9,38,-1.0,2.551595188341854,2.231051462700052,2.9246826526539222,3.116266961508869,0.9606251794316821,1.1719235527465655,1.0
9,39,-1.0,2.5962802446145314,-4.0,2.8890048917602,-0.6363297876203609,3.3763834226427307,1.4839896562540789,1.0
9,40,-1.0,4.495565679618049,-3.1515087094389225,5.504845220643908,-1.0135285097782367,2.364234448204009,1.1297400858209592,1.0
9,41,-1.0,-3.130872575596342,0.7466661676210322,-3.888383719027686,2.3352064724197588,1.7599100637227727,2.0157610663801964,1.0
9,42,-1.0,-2.28800355425213,0.9778153146659653,-1.86086120815387,2.7931669160976975,1.8649268137519714,1.3397052457785783,1.0
9,43,-1.0,-3.9992923538429133,-1.8104199527897662,-3.6083657822341153,-0.23553817197303406,1.6226756323856872,1.3274880263216853,1.0
9,44,-1.0,-0.623624986661373,-2.7216942192290077,0.0714190818334709,-1.5742387489019192,1.3415440035770072,1.0261768753358458,1.0
9,45,-1.0,-1.4540103066173864,1.4257893126791168,-2.4104075408112307,3.3832892967707227,2.1786467949835906,2.0252670489852873,1.0
9,46,-1.0,-4.262750705604246,-3.4028668839281684,-5.210872083613097,0.25258603039457045,3.776409691263384,1.824575866547937,1.0
9,47,-1.0,-4.859726095287373,-3.4020598740638768,-5.248170816525315,-3.3720554377886223,0.3896018065330528,3.064503239033456,1.0
9,48,-1.0,4.170283927092315,2.036854706457306,1.8481307387080226,0.7191514940075059,2.6699695103921806,-2.6254517617132236,1.0
9,49,-1.0,5.322820146640665,-3.1487412520297373,-5.3117331429859265,-3.18190812961374,10.634605009668974,-3.1384738794254896,1.0
9,50,-1.0,-0.49502819720419944,-3.808312324927668,-0.6158558024431532,-4.0,0.22659098605729322,-2.1332234282863123,1.0
9,51,-1.0,5.3782917760003714,-0.349454051584629,2.517111415431302,-2.862958386457379,3.808419238625161,-2.420792193922071,1.0
9,52,-1.0,5.191721093648519,0.29803749243104977,-0.997039400620638,-1.9949227413150612,6.599880535961817,-2.7867695368508008,1.0
9,53,-1.0,5.287828366618674,-3.253419496989074,3.608690033775654,-4.0,1.8376310805759912,-2.723220732452308,1.0
9,54,-1.0,5.4592003105423546,-2.539732542498232,2.81564713913111,-4.0,3.0200586778268277,-2.63691777594734,1.0
9,55,-1.0,0.12887994617346887,0.05380641389606833,-4.329512702730962,-4.0,6.025828694308358,-2.403688912627597,1.0
9,56,-1.0,2.227238121442897,3.4722405201900366,0.35297204515694824,2.161833763001354,2.286927894360048,-2.5314325023103983,1.0
9,57,-1.0,0.7187444245718932,-1.4029137604979027,-5.3527003675152365,-3.059354285199763,6.293348637667908,-2.8752498598775715,1.0
9,58,-1.0,3.3072567549764313,0.14178554835287804,-0.09760790377767758,-2.436034368979864,4.270627456314835,-2.4935635907925886,1.0
9,59,-1.0,5.332884886730452,-0.1489611398633849,0.7121171798780297,-4.0,6.015147089055471,-2.4468034059856363,1.0
9,60,-1.0,5.175084222121518,0.33752214236371425,1.0333081250651253,-2.061048497352045,4.786172829292121,-2.6166702609152015,1.0
9,61,-1.0,2.9234673456396747,3.117158490650511,2.1476179080376028,2.1932409639569537,1.2064683775213472,-2.269303016162766,1.0
9,62,-1.0,0.05829748485024222,-1.7169885954586666,-3.1713529791752895,-4.0,3.9550958513095638,-2.526256698393372,1.0
9,63,-1.0,3.205331761136518,2.9103874134977414,-5.5151877503753886,-1.2350120367036412,9.655661404191314,-2.697849386883902,1.0
9,64,-1.0,4.801941850314073,1.1493856774926898,-5.248593103362977,-3.370792162670634,11.020220531449802,-2.7189508061169336,1.0
9,65,-1.0,-3.7230456075659735,-3.2771845243598663,-4.489916191272458,-4.0,1.0538276443418997,-2.385759290898698,1.0
9,66,-1.0,-0.2193158859864521,3.941482345440849,-5.434405539496765,-2.730284160417919,8.468153777704396,-2.234257281205995,1.0
9,67,-1.0,5.533914079462528,-1.6360332104655133,2.421558074127618,-4.0,3.908337099837509,-2.492012239410926,1.0
9,68,-1.0,5.518622050885045,-2.0830673552664494,4.795336684062969,-2.2877377062056854,0.7516858881291678,-2.865829067216198,1.0
9,69,-1.0,2.2140126006429997,2.1749334748502878,-5.461740373698839,-2.520211767605964,8.997864889565587,-2.592625298562286,1.0
9,70,-1.0,2.2691320336367165,3.4518958864825513,1.3764995253649195,2.4445575302533804,1.345928437456497,-2.295895254565763,1.0
9,71,-1.0,5.131625221152863,0.4406643369094621,1.8362433789767483,1.2690931889700265,3.3979163981284803,2.8953053814057634,1.0
9,72,-1.0,5.523541616255572,-1.4139086632197786,4.4434549364194496,-1.903757871577056,1.1859761729847986,-2.7158089801434255,1.0
9,73,-1.0,5.455331819008956,-0.6896223121783581,5.0806590854279525,-0.6893942973119802,0.37467280296258604,3.140984082915195,1.0
9,74,-1.0,5.390074646905606,-0.40148100463536046,-1.1223771424841538,-4.0,7.440521975582493,-2.636786277100433,1.0
9,75,-1.0,2.3900866768500912,3.3931575690866707,-3.197350865291499,-4.0,9.26705115604078,-2.217972344503751,1.0
9,76,-1.0,5.3506938676446705,-0.22759622136070118,-3.544352878079524,-4.0,9.661929769860192,-2.740483183938245,1.0
9,77,-1.0,1.4565166794454296,-4.0,0.9630837468962441,-2.223632322061245,1.8436263683701242,1.8417418530494678,1.0
9,78,-1.0,3.902563657521001,-3.604036525703228,1.3082082543850342,-2.4042138715383294,2.8583656797596917,2.7084136709294175,1.0
9,79,-1.0,-5.174475701224295,-1.7419292460235691,-5.5319069471220645,-1.5930508104808316,0.3871974743121202,2.7469237142359453,1.0
9,80,-1.0,5.371344521135996,-0.31877863253206307,4.7891251267650405,0.1382843242089824,0.7401931974873515,2.4760431781369103,1.0
9,81,-1.0,-2.487222228194057,-4.0,-2.8968632419218228,-3.630255516480499,0.5518303572847495,2.4073395742431916,1.0
9,82,-1.0,0.45841290898970444,-3.4496697865962918,-1.9056840891719533,-0.7467910183400934,3.590892403373722,2.289433110221181,1.0
9,83,-1.0,0.2520666067906417,-3.498064015019706,-0.16919267747173589,-3.149813495640544,0.5465691253858992,2.450788313334152,1.0
9,84,-1.0,-1.3734613714863906,1.179264655725142,-1.65465345196191,1.6995705402644368,0.591428101808131,2.0662671681075513,1.0
9,85,-1.0,-3.4766364738007858,1.2790006094800777,-3.9684454541835383,1.7877475149599615,0.7076012203356356,2.339267592233446,1.0
9,86,-1.0,-1.8248201584555144,-2.3511819417885427,-2.0335693263803334,-1.8801700670469212,0.5151974391016721,1.9879751543137507,1.0
10,1,2.0,0.03218604826543277,3.9584480936461186,0.3052868471772223,2.7592810124770093,1.2298722433350135,-1.3468734759997059,1.0
10,2,2.0,0.6455121541375805,-3.295071029729866,0.623925037644453,-4.0,0.7052594251228402,-1.601409868366267,1.0
10,3,2.0,1.8614439539810739,-3.3108058656073824,1.7952725048989973,-4.0,0.6923634995829945,-1.6665157043138665,1.0
10,4,2.0,-0.9918602048058159,3.871441177500325,-1.0021484518619737,3.3387761309223425,0.5327643943371336,-1.5901085907465684,1.0
10,5,2.0,-2.5853989509518955,3.298309500069057,-2.917155783513863,1.5399585398350184,1.7893743865685332,-1.7572791099680798,1.0
10,6,2.0,-2.1923527045718245,1.2892190774495238,-2.0334958472260967,-4.0,5.291604099928655,-1.5407712672458433,1.0
10,7,2.0,2.5484997262527065,3.3162286002744072,2.5100812862078907,3.0621979871456917,0.25691930433898547,-1.7208943418458098,1.0
10,8,2.0,1.118818865159853,0.9284676309575275,0.4220005327511192,-4.0,4.977484201660212,-1.711251764832418,1.0
10,9,2.0,1.1739460955975964,0.14425474250609138,1.0007846306753323,-3.171442899294957,3.320216219582553,-1.6229736699935058,1.0
10,10,2.0,-3.8981231841889494,2.172426627420967,-2.9777301578363824,-0.21113815009378056,2.5550938087607205,-1.2022938142377377,1.0
10,11,2.0,0.24204126977706056,-0.8168748559343639,0.5466159681611559,-3.0589221254358394,2.262640427813219,-1.4357761579761634,1.0
10,12,2.0,-5.074802375783024,-0.6345827720052067,-5.399751122456282,-1.404895668997205,0.8360464384450936,-1.9699873336129274,1.0
10,13,2.0,0.8773494928815576,1.243975469371737,0.975465198947803,-0.7122928216044451,1.9587272188989846,-1.5206837930396713,1.0
10,14,2.0,1.9257141024940385,3.6122404993705115,1.6300938457709868,2.79780051826491,0.8664316585907369,-1.918981893836909,1.0
10,15,2.0,4.776616172790552,-3.430455333744965,4.490177073321545,-2.8528685725592173,0.6447122027708622,2.0311777702301446,1.0
10,16,2.0,5.509695746395744,-1.1174016993025793,4.199282670117691,-1.5589956112914676,1.382818720435242,-2.8165562185036794,1.0
10,17,2.0,3.677994328135306,-1.4520391918914157,3.110286854114182,0.3176199642863696,1.8584900605339045,1.8812252105825746,1.0
10,18,2.0,-1.6997508088470217,-0.7778898395469369,0.46109550299970214,-4.0,3.8795941372154448,-0.980054342671821,1.0
10,19,2.0,-1.3899550210331633,-2.561547033685135,-2.8980656709757637,-1.8884448827926579,1.6515036294257341,2.7218020095976003,1.0
10,20,2.0,3.2292725658524097,-4.0,3.856412164564919,-2.6840223698418058,1.4577726843887782,1.1260776125680125,1.0
10,21,2.0,-5.1610168245496535,-3.6327774392266385,-4.506971187039561,-2.525747617830849,1.2858035314174467,1.0371606808788953,1.0
10,22,2.0,2.005691762843844,-0.6088725340841602,1.8249303157249475,1.268477500181687,1.8860323040506215,1.6667858463711116,1.0
10,23,2.0,-0.5973492472877808,3.8517428979222874,-0.6133484613976189,3.9057581790518086,0.05633493984760829,1.8587613379528731,1.0
10,24,2.0,4.967506719726691,-2.685564724233728,5.503252387301096,-0.9794182528363,1.7882838706946498,1.266537131453308,1.0
10,25,2.0,-4.151921615293321,-4.0,-5.178276055027059,0.32994689573670866,4.449926241620316,1.8035371075655502,1.0
10,26,2.0,4.706286965092306,-0.15548923335698417,4.748926121050027,1.2309572710801535,1.3871020176204578,1.5400517431562835,1.0
10,27,2.0,-0.03365557745442112,-3.3199793840382528,-0.2038996193528509,-1.348006624383477,1.979307858475378,1.6569146410080449,1.0
10,28,2.0,-1.702838158053427,-3.0524149147056336,-1.9957780580267999,-0.6953923077228576,2.3751567011092742,1.694446150324685,1.0
10,29,2.0,0.5967132963989638,-0.7185462605583167,-0.19242035443827232,0.5686504190886076,1.5098368160095221,2.120766206286618,1.0
10,30,2.0,1.638267779971852,-4.0,1.3874175949417835,-3.105104873944047,0.9293885635020044,1.844094678743542,1.0
10,31,2.0,0.5661257398544435,-4.0,0.6172890863926188,-3.6015492825793656,0.40172212067796775,1.4430894371484393,1.0
10,32,2.0,-2.554540557827098,-4.0,-2.483607709463454,-2.649297237032348,1.3525640180285103,1.5183290113181571,1.0
10,33,2.0,-2.841325194633294,-4.0,1.2786074391755755,3.7922020710281394,8.814321189000236,1.0844336066739877,1.0
10,34,2.0,2.563962797847671,-4.0,2.5414722689409945,-3.0743401901639764,0.9259329929515231,1.5950883016719877,1.0
10,35,2.0,4.07425542493535,-1.6355944234970217,3.2342089142734,0.23805608804663791,2.0533495512170195,1.9922751777173195,1.0
10,36,2.0,-1.96275921476497,-2.2976876461239524,0.32580386802874184,0.6602744852096738,3.739927934376547,0.9123015364528605,1.0
10,37,2.0,2.2093742396571963,3.4809156262494207,1.4519360977139737,2.938632303251552,0.9315491083523252,-2.520245948448612,1.0
10,38,2.0,5.355783754383715,-0.2500704808629586,-5.363355010829226,-0.2835011622982145,10.719190896627975,-3.1384738794254896,1.0
10,39,2.0,0.21485342280941744,-0.5715315315585405,-1.9462330138784354,-4.0,4.052738657492428,-2.1332234282863127,1.0
10,40,2.0,4.51688029718889,1.5879899461075209,-0.4871546371236537,-0.2660247832199527,5.336453526489626,-2.7867695368508008,1.0
10,41,2.0,5.457967594066418,-2.5492061576606373,2.1949791502214224,-4.0,3.5709797475812994,-2.723220732452308,1.0
10,42,2.0,5.341542995284474,-3.0927316710526758,3.6990958832924745,-4.0,1.8763710550959076,-2.6369177759473397,1.0
10,43,2.0,5.352557300855714,-3.059782270481495,5.19511311971004,-3.299137036312171,0.2864949809376934,-2.1526254555458086,1.0
10,44,2.0,2.887904556987847,3.1432467646993403,-4.9682670539396,-4.0,10.61816399956838,-2.403688912627597,1.0
10,45,2.0,0.9216706259169909,3.877804773688748,-3.8993874728838733,0.5071269444305107,5.882522436902934,-2.5314325023103983,1.0
10,46,2.0,1.3384275629763849,-2.0984380767288853,-5.087841093162368,-3.8516833402817703,6.661140877885859,-2.8752498598775715,1.0
10,47,2.0,4.853598497697033,1.069905208112983,-1.8428898606513482,-4.0,8.399219913345915,-2.4935635907925886,1.0
10,48,2.0,5.327114405286944,-0.12348173254779582,1.4494252244938397,-3.3552243065404888,5.047834530508782,-2.4468034059856363,1.0
10,49,2.0,5.372940103163585,-0.3258238825314562,2.9345975063460887,-1.7379081732422335,2.8177112455904436,-2.6166702609152015,1.0
10,50,2.0,-2.517268999138695,1.082259137554222,-5.094516177599656,0.5287360390715082,2.63601798921003,-2.9300334778514396,1.0
10,51,2.0,0.7611758929490932,3.8923557039998444,-1.6517977970979887,-0.1741629263733655,4.728532097811311,-2.1063308443820232,1.0
10,52,2.0,2.417142026155035,3.3800188779830416,0.49200354211078245,1.0874746026167958,2.993646177700823,-2.269303016162766,1.0
10,53,2.0,5.371514659969614,-0.3195298760261126,1.3036277123952256,-4.0,5.485760161701425,-2.4061527533173526,1.0
10,54,2.0,-0.16667237903473975,-0.924003247007116,-4.518115530340573,-4.0,5.328866063570111,-2.526256698393372,1.0
10,55,2.0,3.9529927434790544,2.2668268969858953,-5.499928745506165,-2.2267282738392797,10.466602254321513,-2.697849386883902,1.0
10,56,2.0,5.413834389868763,-2.8764712720106624,2.915688265664688,-4.0,2.7391697392628265,-2.7189508061169336,1.0
10,57,2.0,-2.7111506331909516,-1.3102627651163292,-5.164419964333726,-3.622596913979734,3.3712638026599997,-2.385759290898698,1.0
10,58,2.0,-3.8193130700480067,-2.8738518335150878,-5.158411196942449,-3.6405721991607827,1.5430631589627406,-2.621590465164015,1.0
10,59,2.0,4.163572851559194,2.0439574370674056,2.369827376646399,0.44629856771773424,2.4020900673334045,-2.4139488942404457,1.0
10,60,2.0,0.29264746106987416,3.9348338865231645,-5.299311189857985,-3.2190685213281056,9.080105793147297,-2.234257281205995,1.0
10,61,2.0,4.121176082137959,-3.8428318337493863,3.9142513113488144,-4.0,0.2598455180462432,-2.492012239410926,1.0
10,62,2.0,5.2980206891897845,0.00498079696917161,4.020606621637089,-0.35649310737575324,1.3275730049620194,-2.865829067216198,1.0
10,63,2.0,3.172839121699047,2.4226231873504718,-5.420904292931555,-2.834043310772775,10.073974813796099,-2.5926252985622864,1.0
10,64,2.0,2.382341685209712,3.39691871264524,0.4285947542905122,1.1921096746120057,2.9458971408162284,-2.295895254565763,1.0
10,65,2.0,4.86026263620107,1.059651564426324,-2.9142584931289903,3.0140950623119624,8.01642240508988,2.8953053814057634,1.0
10,66,2.0,5.362920215786923,-0.28158133635473237,2.783747954821238,-1.933929948465905,3.0630679861342553,-2.5718179516854547,1.0
10,67,2.0,-1.2902364999757534,-1.6287050623400265,-4.289279576428009,-4.0,3.823257649673643,-2.4725581593380737,1.0
10,68,2.0,-0.8159334566452529,2.3732246891909874,-2.194204465058612,-0.6178876457824958,3.293384880797156,-2.002585897264329,1.0
10,69,2.0,5.503758605391535,-0.9902588277222136,5.116983247968351,-0.9900234475529704,0.38677542904592,3.1409840829151956,1.0
10,70,2.0,5.370016035073562,-0.31291273766190025,-1.302722963992581,-4.0,7.623651240039388,-2.636786277100433,1.0
10,71,2.0,-4.753186048735844,-1.3524204149777113,-5.495966028624966,-2.257182360778892,1.1706050901538154,-2.2581920979868,1.0
10,72,2.0,3.140115639028918,2.9582288829224836,-2.1186210947612683,-4.0,8.721884040873908,-2.217972344503751,1.0
10,73,2.0,4.075699747936707,2.1369587719240295,-0.10010187575115248,0.36599451795644977,4.535816749960818,-2.7404831839382453,1.0
10,74,2.0,-4.133022456267649,-2.86220605819673,-5.528676449835095,-1.5238702568428757,1.933647534310797,2.3771564545691253,1.0
10,75,2.0,2.6920350895073595,0.5633233449707098,0.20816479834645585,3.53378889883509,3.8721153430659285,2.2672174839502763,1.0
10,76,2.0,-0.6129705289635069,-0.23618309636424137,-1.6533170490292743,-0.11219846038502648,1.0477084860646353,3.0229758259420385,1.0
10,77,2.0,-2.9483247130077146,1.3086866051893637,-4.246119005886098,1.9565939296549004,1.4505357381753106,2.678555387181143,1.0
10,78,2.0,-1.1481959797601984,-2.4428563915203076,-2.2785767759768207,-0.8734616234721027,1.9341046203430683,2.1949941662636223,1.0
10,79,2.0,-1.020777099144086,-1.2173019038998882,-2.628189153985636,0.5456469040330193,2.3857413970172865,2.310078811168926,1.0
10,80,2.0,4.6411079237801545,-2.4155828378777873,4.131289306521101,-2.108907388363363,0.5949494548605013,2.6000427817080722,1.0
10,81,2.0,0.9822856614101662,-3.0730377029091653,-0.4043495082466714,-2.0875367252711112,1.701167031967998,2.523712243448354,1.0
10,82,2.0,3.45158773519117,-1.8521857553333088,2.0357936737202014,0.06781422168669626,2.3855550163962436,2.2061798488724356,1.0
11,1,5.0,-0.8499012341597091,-2.1171370465555883,-1.1001658733182564,-2.814879321505652,0.7412669369840044,-1.915180879913444,1.0
11,2,5.0,1.0176470014244519,3.8647756561575553,1.044620713482152,3.746335916378633,0.12147243761887094,-1.3468734759997052,1.0
11,3,5.0,4.520586111765396,1.5822880684809826,4.376299692467592,1.1615910253738677,0.44475226010988556,-1.9011945673148114,1.0
11,4,5.0,-3.7136549049846503,-3.2102156868049505,-3.6153256567127965,-4.0,0.7958818394929513,-1.4469322970774987,1.0
11,5,5.0,3.471677778789699,-2.709838635476749,3.5060110722192,-4.0,1.2906181160770265,-1.5441909787253425,1.0
11,6,5.0,4.328117996958322,1.8698095176762877,4.326775957627333,1.8595547775271526,0.010342183768054267,-1.7009269194713301,1.0
11,7,5.0,-3.4489754821011607,2.7316544062234263,-4.855282196498272,-4.0,6.876981141444672,-1.7767438745981718,1.0
11,8,5.0,-3.3935736014540407,2.4549310772194417,-3.2038099051443756,1.8487101805393615,0.6352275466387672,-1.2674311346324516,1.0
11,9,5.0,-3.8610880706409225,-1.9472754884431218,-3.8182433637637305,-3.444056300656565,1.4973938923068064,-1.5421795711248836,1.0
11,10,5.0,2.2409575823814,1.6796561616187948,1.437931402330121,-4.0,5.736143753434191,-1.711251764832418,1.0
11,11,5.0,-2.43146563410893,3.3730630091722356,-1.6507220098843178,1.4362231022539016,2.0882790598477983,-1.1876188601859468,1.0
11,12,5.0,2.698095343149346,3.2435815766226876,2.733994861993883,2.97836070893433,0.2676394666536209,-1.4362569392040498,1.0
11,13,5.0,3.8276065539973585,-1.0016529039877122,3.759373062153495,-2.3081885590199365,1.3083161801642942,-1.6229736699935058,1.0
11,14,5.0,2.1507465367193905,-3.0995608551955605,2.27840014191856,-4.0,0.9094427394929798,-1.4299666328706602,1.0
11,15,5.0,1.9606912047510774,1.1109961391969163,0.7561090864098412,-0.9366024161645456,2.375642633845799,-2.1025611678947644,1.0
11,16,5.0,-0.5362977148110916,1.5625272983468388,-0.2624164003338635,-0.48972531195049407,2.0704472345104548,-1.4381262399953358,1.0
11,17,5.0,-1.962594190214244,-0.4829559441939848,-2.0171705727632823,-3.255986629243978,2.773567695543228,-1.5904749180976745,1.0
11,18,5.0,-3.054216316297165,0.05705977889563307,-3.6342442226238885,-3.545393881121393,3.6488497837932203,-1.730435368578884,1.0
11,19,5.0,-0.27204949851724414,1.7986040537197407,2.065080379813783,1.8435795651631657,2.337562590566764,0.019241532615234404,1.0
11,20,5.0,1.7108213220285595,-0.4444550335321633,0.5843233765080718,1.6805634082186596,2.405140536235456,2.0582424029702833,1.0
11,21,5.0,5.12165131904061,-3.7505397258560724,-0.13395860204166166,-0.6412776466984993,6.10646758113606,2.6073664231238487,1.0
11,22,5.0,0.21003962589093317,-1.0608195187489238,-4.018763276939382,-0.891790970379688,4.232179656057847,3.1016431403244913,1.0
11,23,5.0,0.8696736620194495,1.7064655719546953,0.6563939573909793,3.5895454982443193,1.8951195849342446,1.6835768136669387,1.0
11,24,5.0,-3.7178778019719934,1.4592346494080892,-4.058225671462822,2.155452626931584,0.7749555758195767,2.025486197879326,1.0
11,25,5.0,1.013143911737362,-4.0,1.8705253534508537,-2.4154581558276518,1.8016314252720538,1.0748187058382062,1.0
11,26,5.0,2.1050091321425013,-4.0,2.347172427596448,-3.3966081645785993,0.650172876024771,1.1891381429147476,1.0
11,27,5.0,1.4917403696590168,-0.9116303340238381,1.3683042616789196,1.8939550038542188,2.8082994072693896,1.614764533251695,1.0
11,28,5.0,2.3032248897458336,-4.0,2.317603869957433,-3.7572746029174207,0.24315092732873006,1.511625776625876,1.0
11,29,5.0,-1.3480708001112873,2.7870738118969527,-1.0153022670331067,3.865427731171004,1.1285309352519814,1.271478143332775,1.0
11,30,5.0,-4.453089813800555,-4.0,-4.090543353308409,-1.8782405979251184,2.1525108353521807,1.4015600726366355,1.0
11,31,5.0,-3.486851542062963,-3.5356050206448804,-1.7543357101723858,-0.20849616191202935,3.751168413389369,1.0907048457516826,1.0
11,32,5.0,4.357974107058322,-1.3425644928721074,4.720677879749739,1.2744208636949286,2.6420004510239745,1.4330776342237583,1.0
11,33,5.0,-0.023219815660907264,-2.3710933315387734,-0.035292966748547136,-0.5003393182697302,1.8707929706783208,1.577249865524926,1.0
11,34,5.0,3.6198961004526353,0.3763333692763753,4.454595221869414,1.6838236339781598,1.5512103066908383,1.0026204814630018,1.0
11,35,5.0,-1.4325278902380556,-4.0,-1.43590900275617,-3.987604452727016,0.012848405117248241,1.8370865745522238,1.0
11,36,5.0,-2.8975554704530433,-0.5212817566686491,-3.093762996683571,1.2037160374494493,1.736120613051354,1.6840532147837899,1.0
11,37,5.0,1.5657907876656838,1.6575429355413118,1.0180521202940465,3.864662991843288,2.274070489379011,1.8140509078601492,1.0
11,38,5.0,5.071385103245131,-3.7874086854047224,5.238369294512694,-2.262270458055082,1.534252369284951,1.4617427996264718,1.0
11,39,5.0,-0.8822911217807986,-4.0,-0.8299316010471764,-3.7332224675946635,0.27186719406308474,1.3769931329941516,1.0
11,40,5.0,-0.5180245971514359,-1.586841865404391,-0.1776565172223958,-0.08074267086050402,1.5440807017900091,1.3485368047030382,1.0
11,41,5.0,-1.857787253956078,-4.0,-2.9868837701292983,-2.3781743042117367,1.97615220323577,2.1789597032449364,1.0
11,42,5.0,-2.438823160811523,-0.36585885886427993,-2.929948546612701,2.2913872337832877,2.7022510877912738,1.753558834047827,1.0
11,43,5.0,-3.588659304731738,-4.0,0.5923212470657555,3.9076645689047433,8.94492913939626,1.0844336066739877,1.0
11,44,5.0,-4.18413210295113,-4.0,-5.4603679752801995,-2.530758859919154,1.9461365649731788,2.2860105977937266,1.0
11,45,5.0,-4.794679433057733,-4.0,-4.845147175874734,-3.742385364664138,0.2625115109938459,1.7642503605753086,1.0
11,46,5.0,-4.291842972071636,0.2603655705550456,-3.5165458803030005,2.6820858787624187,2.5427966555918147,1.2609635631109222,1.0
11,47,5.0,-2.7029959889032833,2.213685519465641,-2.774543025006519,3.0474436310139517,0.8368223030893494,1.6563993178421623,1.0
11,48,5.0,-3.070031589865454,-3.417947838841479,-2.38582471278396,-1.571416737386541,1.9692171437619561,1.2159447330051718,1.0
11,49,5.0,-2.4916337432073528,-0.3610366957168505,-2.597862955318101,1.4027038370598384,1.7669367030160046,1.6309531564940154,1.0
11,50,5.0,-2.8190861300036776,-4.0,-5.418001356954557,-2.856352818939518,2.8394170584161684,2.7270456512206,1.0
11,51,5.0,0.7183305451129588,3.8962401907925854,-1.15990078375847,2.551531666125432,2.3099770434068487,-2.5202459484486126,1.0
11,52,5.0,3.5699250854750377,2.6429277759862124,-3.6004093138805016,2.6205650498064705,7.170369271530132,-3.1384738794254896,1.0
11,53,5.0,-0.7822675041100702,-0.04283511110278315,-3.2766102253137173,-4.0,4.677702381377265,-2.1332234282863127,1.0
11,54,5.0,3.4483811265723836,2.7320904156170926,1.0138266554766364,1.8300783577453053,2.596282192920945,-2.7867695368508008,1.0
11,55,5.0,5.544779698226857,-1.882041824004627,0.7812682666671887,-4.0,5.213136099687527,-2.723220732452308,1.0
11,56,5.0,-0.3570781712897857,3.8856459139329744,-4.145792235060143,-0.30732775778327914,5.651139926485362,-2.3055893455748904,1.0
11,57,5.0,5.141468239948917,-3.691257217224732,4.582544627453839,-4.0,0.6385277680104171,-2.63691777594734,1.0
11,58,5.0,2.4773804205642773,3.3507657477498642,-5.1708375697817255,-3.6033985858376436,10.337100173955598,-2.403688912627597,1.0
11,59,5.0,-0.9702755532690115,3.8733981062698453,-4.748247347639425,1.2320016522394095,4.6097772295874515,-2.5314325023103983,1.0
11,60,5.0,1.8694489742074232,3.6278879366323253,0.773954680519898,3.7838247512646968,1.1065369572046024,3.000198716477489,1.0
11,61,5.0,1.207628465667634,-2.99871253577998,-2.4624468973551132,-4.0,3.8042121071610486,-2.8752498598775715,1.0
11,62,5.0,4.940877583100645,0.8933698652144926,-1.522437408087924,-4.0,8.106757015793194,-2.4935635907925886,1.0
11,63,5.0,3.6629159464961623,2.573832433586054,1.5346842076974978,2.2643261682310962,2.1506195531343892,-2.9971762517079514,1.0
11,64,5.0,-0.43777079654148565,0.7389682831165889,-5.371785279821519,-0.32072479078354776,5.046528344524487,-2.9300334778514396,1.0
11,65,5.0,0.7307472571158565,3.895114454715731,-3.001873684616019,-2.395369632318679,7.314550508670268,-2.1063308443820232,1.0
11,66,5.0,1.8927794670132603,3.621399683009106,-0.46091617232948767,0.8185096526804223,3.6600649836822563,-2.269303016162766,1.0
11,67,5.0,-0.6036036963899343,-2.249944076488529,-5.338695505292575,-3.101249964626306,4.811009889193218,-2.9637064604223835,1.0
11,68,5.0,5.3012789829123745,-0.009406112290387353,0.8906237562489336,-4.0,5.9480012697643945,-2.406152753317353,1.0
11,69,5.0,-1.9058767519278899,-1.2014169066596088,-5.19625658292517,-3.5273573646484992,4.0294662731363395,-2.5262566983933716,1.0
11,70,5.0,4.542740575746034,1.5482005447014635,-5.3249066997903425,-3.142499308305087,10.925801017106076,-2.697849386883902,1.0
11,71,5.0,-3.575079918020195,-1.1114030921517268,-5.418917042213615,-2.8493156372975537,2.533786761968952,-2.385759290898698,1.0
11,72,5.0,-0.5245401873143365,-1.282137097085636,-5.075709209265526,-3.8879759871140753,5.244381354092472,-2.6215904651640147,1.0
11,73,5.0,4.169742477604873,2.0374277546713064,0.8542856164541348,-0.9155938051022261,4.439886319562564,-2.413948894240446,1.0
11,74,5.0,0.9031006394548051,3.8794883839474306,-3.248395068298054,2.8787968830228117,4.270398118619993,-2.90506113747847,1.0
11,75,5.0,0.7755829486080944,3.8910495174415347,-5.144396726441925,-3.6824966218425477,9.612739488661397,-2.234257281205995,1.0
11,76,5.0,5.527159991643483,-2.0174519711908543,2.9715079422700423,-2.833895557232383,2.6828972262565367,-2.8323743066078646,1.0
11,77,5.0,3.169782846468025,2.081943335342232,-5.33277914118925,-3.118948824486745,9.967087820026718,-2.5926252985622864,1.0
11,78,5.0,2.4955513367827074,3.3419415388079288,0.3621010393779862,0.9343367341777045,3.2168573276996346,-2.295895254565763,1.0
11,79,5.0,3.039374613722355,0.19865756790173839,-4.398886064467951,-4.0,8.541454635435972,-2.627709732336771,1.0
11,80,5.0,4.432394092596027,1.7179829583788835,-2.3359022588450453,3.419470751103808,6.978889324937205,2.8953053814057634,1.0
11,81,5.0,5.369103028991126,-0.30888138359140577,2.4075092953281647,-2.2062285943678197,3.517238104182422,-2.5718179516854542,1.0
11,82,5.0,0.13545380402416862,-1.098348202238554,-3.5343464372478572,-4.0,4.678356224817906,-2.4725581593380737,1.0
11,83,5.0,5.264831922490658,0.12452196828737261,-0.5176424310924252,-1.536917414350324,6.0164267195758,-2.8618060852913265,1.0
11,84,5.0,4.924024036291183,-0.20592334996577244,0.733378080476558,-2.643068797446129,4.847802745487867,-2.614836381994583,1.0
11,85,5.0,5.453459299046976,-2.583853096260491,1.4346673113777881,-2.989813330828274,4.0392440817811925,-3.0409186686655683,1.0
11,86,5.0,1.69701932794944,1.0796071580920281,-0.1076938662543604,-1.096676659011743,2.827224958492169,-2.263128046646797,1.0
11,87,5.0,1.0752438823746489,3.8487578559927105,-2.4325359381849943,-3.7637968778730233,8.381855930856068,-2.0025858972643293,1.0
11,88,5.0,-1.3054700665884056,-2.7298265986725814,-5.444380773751637,-0.6412682631489415,4.636017446338583,2.6742594965173754,1.0
11,89,5.0,3.6753682467317668,-1.149655114971464,-1.4830687855010083,-4.0,5.893550591885915,-2.636786277100433,1.0
11,90,5.0,-3.1825505161798175,0.186540875119098,-5.453937336593709,-2.5801793044037793,3.579656218092602,-2.2581920979868,1.0
11,91,5.0,3.81038200637165,2.4177603267740935,-1.039891324231034,-4.0,8.044426579531395,-2.217972344503751,1.0
11,92,5.0,2.1883317778735947,-2.943976584762451,0.7981191695114571,-4.0,1.745816871833651,-2.4919676298719304,1.0
11,93,5.0,-2.8783382442140883,-1.9352906821357119,-3.8912907241511565,-1.3896686887394016,1.1505546863528129,2.647508914047738,1.0
11,94,5.0,-1.0112391695004184,-4.0,-2.044657333736958,-3.5371841563619055,1.1323213357066362,2.720528494885368,1.0
11,95,5.0,0.3158937628399201,-4.0,-0.032106806427591505,-2.8319245606610646,1.2188127945658263,1.8603496980638259,1.0
11,96,5.0,-4.589049918174629,-1.0333022424869212,-5.334080728429186,-0.1542413470740511,1.1523102733520334,2.2738548979992315,1.0
11,97,5.0,5.487213698528749,-0.8303959031211702,4.1655570467373195,1.072636443411239,2.316961030568529,2.177821713926199,1.0
11,98,5.0,1.5354126212160166,0.5532732747649282,0.9117220075294263,1.5231219093561377,1.1530812441537626,2.142291738213141,1.0
11,99,5.0,-4.984803378776366,-3.0529212972806166,-5.349432891557346,-3.0691289708117493,0.3649895481684192,-3.0971721902019196,1.0
11,100,5.0,-1.205299750382748,-0.40507090719368716,-3.0412126527967827,0.8812520113519502,2.2416964192383615,2.530434035642101,1.0
11,101,5.0,0.5764033969175346,3.7312551475525004,0.4811925855259916,3.9177398242089403,0.20938393738176983,2.0428527784399995,1.0
11,102,5.0,1.5164461912538867,2.8071263099201205,1.2009472042455163,3.813799527406727,1.0549552491021337,1.8745077887660502,1.0
11,103,5.0,5.139273765411158,-2.7688070048540476,2.944596804405924,-1.8431185380207928,2.3819122781486457,2.7424457181313744,1.0
11,104,5.0,2.0845698192236712,0.05074419818339401,0.8497330614974667,0.39957942998937757,1.2831632153318997,2.866271823229835,1.0
11,105,5.0,2.3659309812876126,-2.4916454953941587,0.0032289422103426446,-2.5510904986375342,2.3634497316148897,-3.1164382059006264,1.0
12,1,8.0,-0.2945939327525563,3.934657413605434,-0.37428762615815664,-1.800503083445831,5.7357141675388545,-1.584691066920254,1.0
12,2,8.0,-2.7659978974113173,-2.836059251392657,-3.13178120390589,-4.0,1.2200637252122222,-1.8752863772169708,1.0
12,3,8.0,4.502515453922328,-2.611564695779414,4.794543154768451,-4.0,1.4188138609654135,-1.3634894000732865,1.0
12,4,8.0,-1.2151171144627158,3.8098588489104532,-2.8466710052213684,-4.0,7.978462467064353,-1.7767438745981716,1.0
12,5,8.0,1.9685505413051914,2.784080779536633,2.4318918888661107,1.0327623900912182,1.8115742616766364,-1.3121550699437432,1.0
12,6,8.0,2.8461959575115623,-1.2250961547726715,2.5423490706873304,-3.374149181698561,2.1704266500326854,-1.7112517648324181,1.0
12,7,8.0,-4.019985274125284,2.195924715104518,-4.313208701212598,0.043758340283045705,2.1720497423183076,-1.7062082614399794,1.0
12,8,8.0,3.8472303655939197,1.764062666638528,3.80783812931763,-0.14536744017057002,1.9098364016501126,-1.5914237637255906,1.0
12,9,8.0,-4.958472272466139,0.8516120053222067,-4.367085930181743,0.13757955806239774,0.9271354494249203,-0.8790747244052884,1.0
12,10,8.0,3.222587349909695,-3.029593925830609,3.6342959503440997,-4.0,1.054130883930694,-1.1695490354506066,1.0
12,11,8.0,-0.41508128768930846,2.939957940750194,0.18210837024676146,1.8079515661265262,1.279872618557964,-1.085352614307894,1.0
12,12,8.0,0.26123401328634843,-4.0,0.28074116250271175,-3.8497742865241538,0.15148694286926684,1.4416666048668134,1.0
12,13,8.0,0.9756339872440501,-3.133819025572457,0.9489002042560883,-4.0,0.866593431554322,-1.6016505014944453,1.0
12,14,8.0,4.2457126878139295,1.9570239602505006,2.1250562156773016,3.2116217806261576,2.4639804308691895,2.6073664231238487,1.0
12,15,8.0,-3.9799350008304946,-4.0,-4.723655301172755,1.2698397136545843,5.322060737416684,1.7109981078056729,1.0
12,16,8.0,2.442290837034535,-0.1889649170253319,2.0373906735360627,1.832840079602125,2.0619504326702036,1.7684482914382516,1.0
12,17,8.0,-1.6891879893864283,-0.8132558757566244,-1.2729745680380482,0.7252611341997897,1.5938218852920012,1.306591530166783,1.0
12,18,8.0,-0.4804931039687199,-2.0535627955879505,2.7345813945600264,3.225863122734958,6.181346298190189,1.0237986955889569,1.0
12,19,8.0,-5.049899792293437,-3.96518510509447,-4.077007790606804,-2.3129088336018055,1.9174294574464856,1.0386385644971547,1.0
12,20,8.0,2.3227848942189455,-1.5123910864277215,-0.14725457957414068,0.3634029064036176,3.1015638161479386,2.4920908229707255,1.0
12,21,8.0,-3.635961981328548,0.5871697423116853,-4.285192468597409,1.9152401588215175,1.4782663010459116,2.025486197879326,1.0
12,22,8.0,-0.9585266789367749,-4.0,-0.8606897205126777,-2.486355687325427,1.5168029455818444,1.5062494269249616,1.0
12,23,8.0,-3.603855268988999,-2.3545812050316854,-3.6686417201652204,1.2843934340034004,3.639551305833803,1.5885979368379648,1.0
12,24,8.0,-0.3125652035723129,2.883298880194425,-0.4079612851830057,3.924379191920122,1.0454418337954288,1.6621729702296095,1.0
12,25,8.0,-3.551733669425153,-0.2245953614844296,-4.800110060729938,1.1522041239720469,1.8584995123809893,2.307313652529224,1.0
12,26,8.0,4.124309933863163,1.337332829765216,3.290760993720167,2.8477179402670796,1.7251281162972325,2.075080554609088,1.0
12,27,8.0,4.044760802613833,-2.322245185631181,4.054685250916101,-0.20862002868262852,2.1136484567590466,1.5661008984997664,1.0
12,28,8.0,-2.6653939024125077,2.230491852129384,-2.618000144512919,3.282477621242431,1.053052812875125,1.5257750594636201,1.0
12,29,8.0,0.3626045875495851,-2.7790437258222833,-0.6446359077929982,1.3521455307018688,4.252206261304659,1.8099441588086262,1.0
12,30,8.0,4.582816373557577,-4.0,4.819166474890782,-3.4896522736185,0.5624199251653365,1.1370889801797182,1.0
12,31,8.0,-2.686099637579871,-3.2190260368871657,-3.020936396189785,-1.1993463174176986,2.047247377371054,1.735089046777691,1.0
12,32,8.0,-2.2596890414364075,-4.0,-2.294436319655814,-3.186850341235777,0.8138917255335804,1.6135020593547273,1.0
12,33,8.0,1.7384470164792094,-4.0,0.31088591567476076,-1.883238689551439,2.5531567014074787,2.1641392937614805,1.0
12,34,8.0,-3.792964243855712,2.112118850799746,-3.742762652008602,2.489325913497006,0.3805330051029458,1.4384862194279895,1.0
12,35,8.0,5.471334594567143,-2.446478708898837,4.291872344067372,0.5301781209179672,3.201814654668351,1.9480547319483326,1.0
12,36,8.0,-4.920080965106969,-3.6421096263709596,-4.5765352697555155,-1.494110054496462,2.1752990152086076,1.412201998864624,1.0
12,37,8.0,-4.335993414830181,-4.0,-0.1329946814661071,3.94930848283563,8.992035570878405,1.0844336066739877,1.0
12,38,8.0,3.26507561399194,-1.2168769533510846,2.1319985148288043,0.5514532319764389,2.100203646551548,2.1406492334268066,1.0
12,39,8.0,-2.6469590106850647,1.1919444183954853,-3.250424739916029,2.877307949465962,1.7901455578300345,1.914635771804618,1.0
12,40,8.0,3.7773386742504327,-0.05282467136743674,4.402869638392659,1.7634101705025527,1.9209367475071135,1.2391093673611369,1.0
12,41,8.0,-3.818174000278706,-4.0,-4.213595458518695,-1.9815551660821735,2.0568125041447507,1.764250360575309,1.0
12,42,8.0,5.436768957524296,-0.6076584910759308,4.008924388437084,2.207631108657186,3.1566747763805667,2.0401674653850783,1.0
12,43,8.0,0.07425933182311584,-3.859816776866897,0.6804587097201839,-2.452794109675265,1.532054330548968,1.1639909236230805,1.0
12,44,8.0,4.002663409604919,1.1444549002084374,4.034455011311087,2.180610531152561,1.0366432353882695,1.540123684414847,1.0
12,45,8.0,0.9284867866930473,-4.0,1.3517985011460254,-1.8324219374860689,2.2085260842210506,1.3779312905122907,1.0
12,46,8.0,4.029390206674533,-4.0,4.117619012858944,-3.1266498673785286,0.8777954069090748,1.470114502734192,1.0
12,47,8.0,0.9493979800643346,-3.2443024859871423,1.7233434525186617,-1.6621558018029357,1.7613005775868102,1.115846736572791,1.0
12,48,8.0,-1.6024365249872774,-4.0,-2.1614182069485217,-2.357442324382096,1.7350666380573148,1.898814255729304,1.0
12,49,8.0,1.179175897360344,-4.0,-5.506912587448473,-1.057800820635589,7.3048145245273455,2.7270456512206005,1.0
12,50,8.0,-1.6375739642906837,3.6923728099587003,-2.747450678365892,2.8977631919606477,1.3650021118889863,-2.5202459484486126,1.0
12,51,8.0,5.083335884663124,-3.8651607146416995,4.882403231233565,-3.90817692193896,0.20548558417680848,-2.9306934188001152,1.0
12,52,8.0,3.683267358300082,-0.941415267333591,-1.3382163236955593,-2.5227681126229378,5.264596393822912,-2.83650692749564,1.0
12,53,8.0,-3.961798811439024,-2.976436656803726,-4.456525223419251,-3.7612983241505282,0.9277726335591235,-2.133223428286313,1.0
12,54,8.0,5.516634317413354,-1.2659900254376126,-0.6324426168870436,-4.0,6.729484206456822,-2.723220732452308,1.0
12,55,8.0,-4.414748509958342,-3.4572160629549673,-5.056140872702594,-3.9465148532961907,0.8067201926418098,-2.4899056974153324,1.0
12,56,8.0,0.33810517845859467,3.9307125545293156,-4.5295007557654525,-1.4562718372620183,7.260384863648524,-2.30558934557489,1.0
12,57,8.0,-5.040022473761292,-1.6874151365094485,-5.542856625131883,-1.8275363152147732,0.5219924602006735,-2.869824354350235,1.0
12,58,8.0,2.0610069066485632,3.552966167393737,-5.319728779278996,-3.157989107090006,9.975579179258,-2.403688912627597,1.0
12,59,8.0,5.5103145636545765,-1.130653566357042,5.114791757702778,-1.1451865158823566,0.39578971266303686,-3.1048655311331292,1.0
12,60,8.0,-3.763714277819032,-0.27290400525416914,-5.5002828603038845,-0.915826333865011,1.8517612055283579,-2.78701422190982,1.0
12,61,8.0,2.925350893118455,3.115776751347345,0.06536382455511358,3.5228781629488104,2.88881594977552,3.0001987164774886,1.0
12,62,8.0,5.539033066097801,-1.7456554444546624,4.224145571899047,-2.560550197290187,1.5469268181136262,-2.5867812509939925,1.0
12,63,8.0,5.443827781446363,-2.6578727860751035,4.316204181729667,-4.0,1.7529519220434557,-2.2695595616458006,1.0
12,64,8.0,5.169805165494767,-3.6064870331466783,4.74490866703948,-4.0,0.5791282150623188,-2.3945226907129435,1.0
12,65,8.0,-0.13596784954513233,3.9490389265659562,-0.4363605731307192,3.6985585625979462,0.39112172161197284,-2.4465536773690877,1.0
12,66,8.0,0.509384553678796,0.15248076154099,-5.510773736349486,-1.1404866720455615,6.157440265346603,-2.9300334778514396,1.0
12,67,8.0,0.7003186212826202,3.897873205431617,-3.6803626900397592,-3.484769315578471,8.584508101481141,-2.1063308443820232,1.0
12,68,8.0,4.281401947462403,-3.981056725512569,4.228748844087317,-4.0,0.05595709913258291,-2.7962362018687155,1.0
12,69,8.0,-4.500138373601775,-0.36357488503977464,-5.502072452561489,-0.9541501497266193,1.163035271107797,-2.6089775696095012,1.0
12,70,8.0,1.3033672402519898,3.7853163241053807,-0.865751978536065,1.202228463759461,3.3730432964286368,-2.269303016162766,1.0
12,71,8.0,5.201756556618294,0.27422010935932034,0.4776198001026416,-4.0,6.370747651376079,-2.406152753317353,1.0
12,72,8.0,-0.49574429541820786,-1.5618517832848862,-3.002998170686317,-4.0,3.497268751714406,-2.370167299647807,1.0
12,73,8.0,5.407354509587002,-0.4777797786505041,5.217657868398652,-0.5874627627251523,0.219123646997902,-2.617355288826053,1.0
12,74,8.0,4.995246591106125,0.7643347130947937,-5.027303545262101,-4.0,11.097314832625718,-2.697849386883902,1.0
12,75,8.0,0.9663977714880394,-0.7232346278561499,-4.756562735000024,-4.0,6.59465452187627,-2.6215904651640147,1.0
12,76,8.0,4.175912103650552,2.0308980722752072,0.5622067951673451,-1.1877683539605828,4.839285031896467,-2.4139488942404457,1.0
12,77,8.0,1.2267503576208958,3.806623622260977,-4.802274021989463,-3.9064255468583147,9.789804004942482,-2.234257281205995,1.0
12,78,8.0,5.395947672579951,-0.4274131932744789,-0.6086518068360807,-2.3456777445538393,6.303566751998291,-2.8323743066078646,1.0
12,79,8.0,2.129798731170054,1.106989968887258,-5.238748597345777,-3.4002420966758353,8.637744533465778,-2.5926252985622864,1.0
12,80,8.0,2.6087609883557015,3.2869643649706184,1.0867078963091794,1.5693230673171152,2.2949808806204004,-2.295895254565763,1.0
12,81,8.0,2.857521911245389,3.1655349715162426,-5.53080267182682,-1.5694029415902278,9.632425777131461,-2.627709732336771,1.0
12,82,8.0,3.8012615327720023,2.4274130667403058,-1.4443442041963475,3.74611036713247,5.40882076961114,2.8953053814057634,1.0
12,83,8.0,5.375285842195329,-0.33618143082807955,4.764726289075385,-0.7273368590549727,0.7251107066768424,-2.5718179516854547,1.0
12,84,8.0,-0.11981434628105214,-1.89709805100965,-2.779413298067705,-4.0,3.3905255037253554,-2.4725581593380737,1.0
12,85,8.0,5.405920965973712,-0.4714500049591293,-2.7299041919548532,-2.809061812828405,8.46499143323094,-2.8618060852913265,1.0
12,86,8.0,5.258605395825215,0.13929951978089666,-0.6788453145150606,-3.3137316169264963,6.86853295608247,-2.614836381994583,1.0
12,87,8.0,5.5080216871888,-1.0815520042026159,1.0294100402948119,-1.5339611461262734,4.501403816076778,-3.0409186686655683,1.0
12,88,8.0,3.47915865765679,2.709512527439162,-2.0847965993646196,-4.0,8.716372895763422,-2.263128046646797,1.0
12,89,8.0,5.126940450071347,-3.7347172397376314,4.850798099545973,-4.0,0.3829223689549874,-2.3762492200650898,1.0
12,90,8.0,2.133902737309705,3.517566299108755,-1.3301074781336968,-4.0,8.277268259165698,-2.0025858972643293,1.0
12,91,8.0,-4.049616116985623,-4.0,-5.238867915545091,-3.399885155140193,1.3320877100994661,2.674259496517376,1.0
12,92,8.0,-3.2298857600285302,-0.2453080713872926,-5.406933310621337,-2.897115916652684,3.430979581074947,-2.2581920979868,1.0
12,93,8.0,4.399037538254604,1.7693063548875865,0.038838446299195445,-4.0,7.231613370336875,-2.217972344503751,1.0
12,94,8.0,3.3490107213612985,-1.3335965695747671,-0.28472880341221574,1.517481691698585,4.618734695325845,2.47630487351575,1.0
12,95,8.0,5.000913637513879,-1.918041362498553,2.0820472968759334,-0.5755011845599625,3.2128172752101127,2.7104930310116635,1.0
12,96,8.0,-3.882426474260541,-4.0,-4.93468080306731,-2.708804245511237,1.665660724428114,2.254584247827429,1.0
12,97,8.0,5.114349724291026,-3.7723825164574762,3.815359648349512,-3.3832537435178454,1.3560222783288052,2.8505372423777784,1.0
12,98,8.0,-4.575436193740324,-2.2676205784213823,-4.9822391157315105,-0.9596309073276362,1.3697903478373954,1.8723267056372952,1.0
12,99,8.0,4.966020831638966,-3.4176756655518323,2.344748314842053,0.3566528499362851,4.595282945602105,2.177821713926199,1.0
12,100,8.0,2.2499147474614896,-2.2654365803525285,0.6035734342901252,0.13824710433928677,2.913440401914622,2.1713325379175448,1.0
12,101,8.0,-0.2044582404031674,-0.6288258007118062,-2.422556202007139,-0.27129449656796456,2.2467281101002166,2.981779027377672,1.0
13,1,11.0,-3.948953486423964,2.2711018831018555,-4.139530096187235,1.57619707297272,0.7205637649295668,-1.8384637506152977,1.0
13,2,11.0,-2.968444407527501,3.0841640613348433,-4.141469465964018,1.5339443233290795,1.9440084937629913,-2.2185609092724787,1.0
13,3,11.0,2.2967042865604137,3.438506175260845,2.227501929983227,-1.5416447599503744,4.98063171732673,-1.584691066920254,1.0
13,4,11.0,0.809807358075771,3.8879466305872836,-0.8380598139444659,-4.0,8.058236051619192,-1.7767438745981716,1.0
13,5,11.0,-2.2450798700139956,-0.9406091565158732,-2.807467680619446,-2.2176760623606224,1.3954138925499753,-1.9856169872199376,1.0
13,6,11.0,3.164919877016091,2.930080902279262,3.174906166399486,0.1195567346071924,2.810541909142155,-1.5672431649069019,1.0
13,7,11.0,-4.962108260841945,0.8429826348335951,-4.519025179625107,-0.41946736542263396,1.337947166373755,-1.233256917862735,1.0
13,8,11.0,2.218491541697685,0.5606574898782071,2.7351957997174816,-0.7775667941643722,1.4345129921534563,-1.2023195225094059,1.0
13,9,11.0,-2.2270507506216077,2.917713475353322,-2.7140509049607973,1.9103644250498606,1.1188928722061287,-2.021114284066031,1.0
13,10,11.0,-4.149824100902698,2.05850855806978,-3.2020666094081074,0.9141980580223124,1.4858299980828913,-0.8790747244052884,1.0
13,11,11.0,4.543059663450801,1.5477095867738182,3.022231662039302,-0.8436426431845849,2.833987173154515,-2.1372452356322587,1.0
13,12,11.0,-4.297545978073254,1.1355633965972527,-5.437483412995567,-0.6108131502043888,2.085494761143285,-2.149098377457372,1.0
13,13,11.0,0.644784069263662,1.772044780406149,0.36705607994709644,-0.18857191821447405,1.980189555310262,-1.711513499040424,1.0
13,14,11.0,5.034116134498978,0.6720847782787207,1.4762173168575545,-0.28720501287870814,3.6849533104224137,-2.8782326457580414,1.0
13,15,11.0,-4.822851880134552,-4.0,-5.157372259073114,-3.6436801917440538,0.48874092286277115,2.324650004649879,1.0
13,16,11.0,3.76713987580228,1.168902362477879,3.075149820696677,3.0058867336341106,1.9629981702073263,1.9310556412028765,1.0
13,17,11.0,-5.185359163826,-3.559957098219372,-1.0589533025613038,0.741544907552323,5.96071680568181,0.8061709294772986,1.0
13,18,11.0,0.8328168193751195,-4.0,-0.38914385774972216,-2.996944196122632,1.5809202516671974,2.4542623769058127,1.0
13,19,11.0,-1.6738348870209536,-4.0,-1.8803677148051232,-3.4661456301652933,0.5724126982729657,1.9399337052835912,1.0
13,20,11.0,1.3378626535866491,-4.0,0.21707087770081804,3.9416858845757976,8.02038333835508,1.7109981078056729,1.0
13,21,11.0,-2.7995229027997475,0.18500937426553188,-3.547716037920077,2.218679104467192,2.1669345949935086,1.9233304731356518,1.0
13,22,11.0,5.047170610982776,0.5807031556602094,5.058773863287095,0.6135640529276131,0.034849304630889553,1.231360608662133,1.0
13,23,11.0,-2.579778146434308,2.0476029422218818,-3.4723221756384732,0.5038095224847424,1.783236654763382,-2.0949946265671437,1.0
13,24,11.0,3.479785132999558,1.4761039585699165,3.911629159320657,2.3106044396309335,0.9396171113598809,1.0932563582879684,1.0
13,25,11.0,-1.9502133926442204,-2.5128921138617644,-2.802488382005136,-2.189831604438541,0.9114498067578605,2.7792702129073543,1.0
13,26,11.0,-2.972765567524477,-4.0,-3.5189052774590235,-2.0591294849523405,2.0162457536096032,1.845092630215351,1.0
13,27,11.0,-0.7733916492366777,-2.6697325404752283,-1.5384446943451995,2.2623979369525222,4.991113824408487,1.7246860408077382,1.0
13,28,11.0,-1.0516733192947192,-3.443646541659791,-0.04799160535441993,-1.4663893027741943,2.217413622133595,1.1010767880354202,1.0
13,29,11.0,4.755187030648932,-0.28202795989646456,4.921496632485584,0.9393670978766493,1.2326657173847475,1.435464959445882,1.0
13,30,11.0,0.5434673800455714,-3.705259110516279,1.0875506356687936,-1.7111197903525333,2.0670312569655764,1.3044382917975195,1.0
13,31,11.0,-2.9904037442391243,-2.819281706084816,-2.4661759062938264,-0.7755408192692257,2.1099032296573648,1.3197056239952996,1.0
13,32,11.0,0.587143428752059,-4.0,2.660275286944219,-1.0828931541818974,3.57874112662122,0.9529379438743653,1.0
13,33,11.0,-4.1006881860357245,-4.0,-4.343412274258224,-3.4724154074309532,0.5807413239297603,2.0019900949974767,1.0
13,34,11.0,5.112152180475153,-3.778956489822712,4.999959577016742,-2.875745197127616,0.910152635288567,1.6943785556895536,1.0
13,35,11.0,2.809730430394728,-2.6524479980708975,2.8864842863066293,0.9457016788786035,3.5989682204944717,1.5494680819582949,1.0
13,36,11.0,4.222264924575659,-3.2934329786272594,3.6651519481023285,-2.3035884400736073,1.1358552192332727,2.083435494279676,1.0
13,37,11.0,3.0284906174045414,-4.0,2.6409335666276963,-2.7783973904417794,1.281605790906978,1.8780054207958001,1.0
13,38,11.0,-2.8416685674996787,-4.0,-2.9740387563648993,-3.324311014710856,0.6885328399875255,1.7642503605753088,1.0
13,39,11.0,5.2993002578080945,-0.0006691042276970011,5.016642449246197,0.624772406266005,0.6863472297530296,1.995256773677071,1.0
13,40,11.0,-0.07412485104305558,-1.088212422463755,-0.5035741504191051,1.269962776535349,2.3969599433259297,1.7509331186612656,1.0
13,41,11.0,5.056109215355909,-3.9466095565518944,-5.097567406334098,0.5214944913894001,11.093290887788148,2.7270456512206,1.0
13,42,11.0,4.972590457170948,-0.5682767803113997,-2.608692124291947,-2.95575497209044,7.948326723041348,-2.83650692749564,1.0
13,43,11.0,5.446761067717749,-2.635330031241573,3.497092273321681,-4.0,2.379817751734982,-2.5309004893458793,1.0
13,44,11.0,5.450199876136472,-0.6669623549376205,-2.046153500441275,-4.0,8.20392917387343,-2.723220732452308,1.0
13,45,11.0,-2.2002740694776373,-1.230923411919405,-5.199157119288431,-3.518680382347053,3.7718869948850244,-2.489905697415332,1.0
13,46,11.0,-0.10583906675436783,2.7151055380470916,-2.9558573948147626,-0.43901261717042295,4.251007622594073,-2.30558934557489,1.0
13,47,11.0,-2.4476850337787743,0.3314119963191897,-5.4111153886742125,-0.49438584021847687,3.0763389824832363,-2.8698243543502353,1.0
13,48,11.0,1.5900944971466984,3.7055769384479373,-5.440085294170651,-2.6866343747229444,9.501778431981913,-2.403688912627597,1.0
13,49,11.0,5.1412170532240715,0.4178998327218863,3.026302468129108,0.34019016224770726,2.1163417718158395,-3.104865531133129,1.0
13,50,11.0,0.10352925791626078,2.316534523710139,-5.162736346434742,0.3668276249547818,5.615595285152294,-2.78701422190982,1.0
13,51,11.0,3.5373025465487586,2.666859131426574,0.44945846344550056,3.1063945750843773,3.1189697798772054,3.0001987164774886,1.0
13,52,11.0,5.530239396407925,-1.5573404936547206,2.0212341557752973,-3.732028420096934,4.128242405213237,-2.5867812509939925,1.0
13,53,11.0,5.493016090103159,-2.2798530907106356,4.047789266766453,-4.0,2.246683324465123,-2.2695595616457998,1.0
13,54,11.0,5.477869958329229,-2.396253436147999,3.7462210501894138,-4.0,2.360214181410009,-2.3945226907129435,1.0
13,55,11.0,0.576707994393777,-0.622970895397116,-5.537734148446515,-1.9361879545459924,6.253874140289442,-2.9300334778514396,1.0
13,56,11.0,0.6698899854493834,3.900631956147503,-3.9120287025933695,-3.821150417458683,8.978858607260202,-2.1063308443820232,1.0
13,57,11.0,5.183913244211068,-3.564282580591183,3.9728304220896695,-4.0,1.2870785802016167,-2.796236201868716,1.0
13,58,11.0,-4.123306175352481,-1.958003275513584,-5.434341814629421,-2.7307738957960757,1.5218373365856417,-2.6089775696095012,1.0
13,59,11.0,0.6729127271648815,3.900357905384358,-0.7172023434652885,2.244944347509483,2.161669252496569,-2.269303016162766,1.0
13,60,11.0,5.087766081869404,0.5447561884420444,0.06461584395634835,-4.0,6.773983106343582,-2.406152753317353,1.0
13,61,11.0,5.317585591592787,-0.08140750915332294,-2.925808726518685,-4.0,9.12737185575303,-2.697849386883902,1.0
13,62,11.0,4.770383568810208,1.1979421973951305,4.65762595932811,1.182021911190053,0.1138759588717868,-3.0013294370318486,1.0
13,63,11.0,1.5276775049853795,-0.6966216750674494,-4.241763252748478,-4.0,6.648214423033813,-2.6215904651640147,1.0
13,64,11.0,4.182081729696232,2.024368389879108,1.2545555388263043,-0.5831298586247295,3.920389867625408,-2.4139488942404457,1.0
13,65,11.0,1.651563562413821,3.6884822765925507,-2.5811968031238424,-1.7265710993570194,6.873067974089109,-2.234257281205995,1.0
13,66,11.0,4.87438526853282,1.0379220580903248,-2.708841436830417,-1.3846600013925139,7.96079337125781,-2.8323743066078646,1.0
13,67,11.0,0.5174679372327093,3.9144509928252926,-0.341851706871511,3.2033468652487214,1.1153920077711874,-2.450295064803602,1.0
13,68,11.0,2.8869424758993323,3.143952531486644,1.1555220741105725,2.687026429177717,1.790697649158444,-2.883572724736018,1.0
13,69,11.0,0.1951926023767463,1.2321403009087266,-4.677405604469467,1.3410008862989198,4.873814103185761,3.1192549860741194,1.0
13,70,11.0,-1.164527995066452,-1.2469116284443147,-5.144718053502303,-3.681535368864926,4.665758851322176,-2.592625298562286,1.0
13,71,11.0,-1.656267896329458,3.6871739925444174,-3.7020871976336114,2.532375167441939,2.349241779818901,-2.627709732336771,1.0
13,72,11.0,2.647177687373998,3.2683083448271173,-0.0806351885092135,3.9540555503502537,2.8126877387504337,2.8953053814057634,1.0
13,73,11.0,5.50788678011485,-1.0786629920052588,-3.797316102346066,-3.7522642199596277,9.681680856642512,-2.8618060852913265,1.0
13,74,11.0,5.462357095683759,-0.7206422344594412,0.8724076455456506,-0.6767666147276207,4.590159150272458,3.1320338809076107,1.0
13,75,11.0,5.112188787939174,0.20478937965146327,0.28334928073014876,-2.6035089938435734,5.586074716736035,-2.614836381994583,1.0
13,76,11.0,1.1123685749191057,3.838433409659017,-0.2249576280454959,2.7803983004001473,1.7052506166426527,-2.4722670355920973,1.0
13,77,11.0,3.7344124632137112,2.498163415215006,-1.6542786447033773,-4.0,8.441807841178537,-2.263128046646797,1.0
13,78,11.0,5.2378991596369024,-3.4027831977147462,4.616234746189184,-4.0,0.8620525226916977,-2.37624922006509,1.0
13,79,11.0,1.2344473726511858,3.8044830680054855,-1.6576226963675431,1.0444006868574682,3.9977648798844716,-2.3795420035015025,1.0
13,80,11.0,4.896095334883078,0.9996525513071558,1.1175682168294276,-4.0,6.266880628802417,-2.217972344503751,1.0
13,81,11.0,1.6174255450779902,-2.2855977928943885,-0.7974202017034672,-0.39087909717110236,3.0694362538863458,2.47630487351575,1.0
13,82,11.0,0.8264679045896817,0.8897123221664117,-0.49183520393454505,1.9081631921352447,1.6658827271104386,2.4838170475423644,1.0
13,83,11.0,1.3882632042747818,-0.45060570268277034,-0.025090167896734128,0.37190961785571686,1.6352673197826482,2.6145433793294552,1.0
13,84,11.0,-0.8502772573256687,1.795198896268257,-1.4267499479261347,2.8563410117391745,1.2076188770610679,2.0684476949296418,1.0
13,85,11.0,3.7578928672485556,-2.4124607310729704,2.16242809476897,-0.8826996352454095,2.2103567247236082,2.377215050552778,1.0
13,86,11.0,-3.8368320088910743,-4.0,-3.8241373352941634,-2.6774093196275546,1.3226516028591129,1.561198282621883,1.0
13,87,11.0,-2.0924893422663713,0.5205959744701594,-2.0908106708319645,2.4242423199736955,1.9036470856455388,1.5699145080667185,1.0
13,88,11.0,-2.4129273688726682,-4.0,-3.234979283679043,-3.638776466883211,0.8979152474004454,2.727574376471095,1.0
13,89,11.0,5.053159219710714,-3.955434496768788,4.856594429963179,-3.862877064325448,0.21726618436608094,2.7015153771803444,1.0
14,1,14.0,4.64764493653124,1.3867915439706777,4.574129141112478,0.19638436287079708,1.1926750726791506,-1.6324748423822708,1.0
14,2,14.0,0.40164224518688624,2.4076562542041393,0.4073592072215935,-0.23756845353317102,2.6452308855899225,-1.5686350914500164,1.0
14,3,14.0,2.678125118592572,3.216395480562866,1.1705513773324365,-4.0,7.37218707828452,-1.7767438745981716,1.0
14,4,14.0,-5.261383698795526,0.13270571276546386,-5.079768612756159,-1.686020085301132,1.8277712023199355,-1.4712678537065054,1.0
14,5,14.0,3.5808091098491843,-2.7737019163345438,3.749268343475278,-4.0,1.2378148098142392,-1.4342786206793539,1.0
14,6,14.0,-5.0827386168037485,0.5566879808973696,-4.855221802400741,-1.735441228672629,2.30339319574407,-1.4718603712891662,1.0
14,7,14.0,-4.847875791526268,1.0787103357319432,-4.847153750890142,1.0766530687319067,0.0021802958949776997,-1.233256917862547,1.0
14,8,14.0,-0.12009399655656632,-0.6745959965375526,0.04899698505005505,-2.169539021918624,1.5044754598185384,-1.458166365875249,1.0
14,9,14.0,3.6553043591898366,-2.2637787902915876,4.165052382520155,-4.0,1.8095046660151253,-1.285224844235455,1.0
14,10,14.0,-1.39921193359427,2.2498710387680863,-1.6764676512896526,1.6763737176211944,0.6370007145658809,-2.021114284066031,1.0
14,11,14.0,1.832364875241415,3.638201093816036,1.996475357675486,1.3939451150627096,2.250248241553539,-1.4978015760183043,1.0
14,12,14.0,4.206138345764691,-2.574779123264139,4.329142499382124,-3.5331427269261004,0.9662250351916383,-1.4431461051483783,1.0
14,13,14.0,4.773508758826442,-0.7959457233097993,3.825238752377754,1.0888736159417916,2.1099194171216586,2.0369282249832037,1.0
14,14,14.0,-0.9954275019727714,1.9446130823243537,-0.2036684961668554,-0.8655024766799719,2.9195259509435716,-1.29616263795141,1.0
14,15,14.0,-3.2653355348343913,-4.0,-2.387051667677871,-2.9845886101358294,1.3425508712794831,0.8576846588599659,1.0
14,16,14.0,-2.3132611948510795,0.805857817802843,0.1897742787158081,0.32164516744377575,2.5494408156891906,-0.19108979202733073,1.0
14,17,14.0,-2.0465874095846033,-1.217790623258447,-4.019102440376336,0.12134964984765151,2.384137625590013,2.545168631385568,1.0
14,18,14.0,0.7148098617688341,2.2436013197744824,-2.007720358302353,3.578843323545313,3.0323327666723534,2.685620983939427,1.0
14,19,14.0,0.3298877583290283,1.6699511852156184,2.3774467201278364,1.886520787713544,2.058980353176961,0.1053778575266924,1.0
14,20,14.0,-2.487347208878123,3.34592564934733,-1.7540657316204582,0.5486874981193761,2.8917543117585844,-1.3144203137339432,1.0
14,21,14.0,4.418135850869599,-1.337634723297378,2.202187904665485,-2.1430869436395468,2.3577910381414977,-2.7929599740390683,1.0
14,22,14.0,-1.8819173575407733,2.871475322869138,-2.1061493164789375,3.5310439895741244,0.6966425177293158,1.8985057665428744,1.0
14,23,14.0,-4.585069311508248,0.4541755672600901,-1.869448725738681,-1.5026564173661603,3.347205787206959,-0.6244073777601742,1.0
14,24,14.0,-4.02978430318462,2.1855538195147575,-4.397216680758344,1.602692969325062,0.6890089424480168,-2.1332655583911704,1.0
14,25,14.0,-4.646293653097099,-0.6781263159788381,-4.039817981445206,0.9563110072194497,1.743329602734147,1.2154836389581896,1.0
14,26,14.0,2.1849820715695043,2.5585674203180506,0.24869761267501214,3.9388185106248463,2.3778752233978624,2.522304517845867,1.0
14,27,14.0,3.4254368176555676,-3.8861730166509854,2.9766325674015706,1.087527108871035,4.993908108251874,1.6607880903998478,1.0
14,28,14.0,1.0002156731695733,-4.0,0.9164246864121234,-1.8353771417262925,2.166243995496081,1.6094862874918967,1.0
14,29,14.0,-4.196506470667162,-4.0,-4.315485959241886,-3.2286639344735484,0.7804584836385143,1.7238412801788876,1.0
14,30,14.0,-0.9956684164142002,-3.7185725131692617,-0.6645994364917789,-2.2411797086204297,1.514033080351792,1.3503481871794472,1.0
14,31,14.0,4.746091633910155,0.088067812681758,5.027109349109885,0.6887141348132466,0.6631341949757685,1.1331906075457765,1.0
14,32,14.0,0.7017824849045213,3.494164127791888,0.8332806722616035,3.8858184700391316,0.41314028740770303,1.2468717963789933,1.0
14,33,14.0,4.877025204034603,-4.0,4.045900105541573,2.1684975068354975,6.224237336508048,1.7047267929214198,1.0
14,34,14.0,0.8629338544568995,-0.8436367713699033,1.031307524198645,2.658097640130678,3.5057800246663544,1.5227503954205903,1.0
14,35,14.0,-0.5661111542892839,-2.7127106996802315,0.4543952866023674,-1.2767546059262713,1.761647893050844,0.9529379438743653,1.0
14,36,14.0,-0.5411148852224482,-0.931799664150512,-1.62527406105839,3.514620154745904,4.5766855173175385,1.8099571405952177,1.0
14,37,14.0,4.878044467247505,-4.0,4.581537452372976,-3.4120165894961056,0.6585141615011745,2.0378603630014958,1.0
14,38,14.0,4.1507925186341526,-0.7979458796388463,4.528147691482755,1.5706535947852303,2.3984704285685097,1.4128083180589834,1.0
14,39,14.0,2.560950039630134,-1.253523982577085,2.5556491632471436,1.1856003533266883,2.439130096015473,1.572969593634744,1.0
14,40,14.0,-0.9113825635764656,-3.6281829160462014,-1.762873266358496,-1.6881338189555264,2.118685185686297,1.9843826091961942,1.0
14,41,14.0,-4.261337906683221,0.6035510617623838,-4.821803315508401,1.1188262305252763,0.7613343378787031,2.398178297911498,1.0
14,42,14.0,1.541489220422824,0.7866865446052378,3.564257856467678,2.647085161530101,2.748213232051455,0.7436086965185598,1.0
14,43,14.0,3.1664131542598075,-3.020774852944391,3.485340157737323,-1.3922198974880597,1.659489583121425,1.3774093880546259,1.0
14,44,14.0,1.1616192405066086,2.02376950184906,0.7608451516328668,3.892385689992247,1.9111112811407274,1.7820719751535472,1.0
14,45,14.0,2.257094505767424,-3.1373944800511246,1.4830603353591612,-0.3105439574997193,2.9309064764691417,1.8380605503315355,1.0
14,46,14.0,1.6646115292225552,-0.4814748286297859,1.7829868640233604,0.9811682105787112,1.4674254257148034,1.4900398556751255,1.0
14,47,14.0,-0.881438221616478,2.245640453328096,-1.2215289484294705,2.8269108948379467,0.6734515785394273,2.100174300253271,1.0
14,48,14.0,5.480759209807132,-2.374049095455412,-4.2797218285192145,1.9210300627718548,10.66370925499033,2.7270456512206,1.0
14,49,14.0,3.6523394259887043,-1.0169387285567661,-1.2695937948352267,-2.5669413962903853,5.160226245062475,-2.83650692749564,1.0
14,50,14.0,-2.109550227400784,2.9977637969623263,-4.324426914794242,1.8737160095853438,2.4837798148519745,-2.671963827355089,1.0
14,51,14.0,5.512591218026124,-1.1794077351041405,1.4828837821795213,-4.0,4.918768417328443,-2.5309004893458793,1.0
14,52,14.0,5.3208678603595,-0.0959002795824531,1.3425568827296388,-1.8647416863437054,4.353821098414976,-2.723220732452308,1.0
14,53,14.0,-1.379059392345165,-0.06750639900431032,-5.3421733658742685,-3.090845911397917,4.984661891681526,-2.489905697415332,1.0
14,54,14.0,-2.7612373614498935,1.5404757144682257,-4.921914508149879,0.9383753444515385,2.243000353955795,-2.8698243543502353,1.0
14,55,14.0,1.1009489940694792,3.8416092164214315,-5.507662881833333,-2.167290250086464,8.931999984601577,-2.403688912627597,1.0
14,56,14.0,1.3350930044110516,2.5523462484025687,-1.5888229631413862,0.9891891966541092,3.315530810253321,-2.6506412882082206,1.0
14,57,14.0,4.254764652419155,1.9474437274300291,4.117567751994,1.942402613241657,0.13728948364142884,-3.1048655311331292,1.0
14,58,14.0,1.0980472273526807,3.8424162031649476,-4.366559258593827,1.819278411590117,5.827092806018016,-2.78701422190982,1.0
14,59,14.0,3.975862203795111,2.2426227861810557,2.148840144170136,2.502688038809617,1.8454385771358097,3.0001987164774886,1.0
14,60,14.0,5.373447307083225,-0.32806342794670307,4.84765092035698,-0.4007942054358909,0.5308027941604652,-3.004139904023911,1.0
14,61,14.0,5.521445726718049,-1.369025542854779,1.623119125334556,-3.7849933776103577,4.586267640426988,-2.5867812509939925,1.0
14,62,14.0,5.542204398759954,-1.9018333953461697,3.77937435180324,-4.0,2.7404147268867884,-2.2695595616458,1.0
14,63,14.0,5.383334079033386,-1.558883784894002,2.7475334333393464,-4.0,3.5925608442299968,-2.394522690712944,1.0
14,64,14.0,-0.26161222066879475,-1.5929303537819415,-5.4377444930031045,-2.7046237906721493,5.294167318693801,-2.9300334778514396,1.0
14,65,14.0,0.6394613496161473,3.9033907068633895,-3.74520728482893,-3.485971540860109,8.592321773651621,-2.1063308443820232,1.0
14,66,14.0,4.942115375748196,-3.55920235731131,3.716912000092025,-4.0,1.3020852020966922,-2.7962362018687155,1.0
14,67,14.0,4.973775607120514,0.8152922675247672,-0.3483881121899432,-4.0,7.177218561311083,-2.406152753317353,1.0
14,68,14.0,2.826800908909398,3.181079235485656,-5.054345004442254,-0.810682767837116,8.834400081426631,-2.6727624538370502,1.0
14,69,14.0,5.503832564298117,-0.9918426452119977,-0.8243139077752675,-4.0,7.006743069585181,-2.697849386883902,1.0
14,70,14.0,1.3025025047033676,-1.1203049693846374,-3.726963770496932,-4.0,5.795530560934692,-2.6215904651640147,1.0
14,71,14.0,4.188251355741911,2.017838707483009,3.698690609463126,1.5817952000195157,0.6555941310735678,-2.413948894240446,1.0
14,72,14.0,3.8741015136904724,2.35032218025641,-3.876205463175326,-0.12563632225817312,8.136192521187594,-2.8323743066078646,1.0
14,73,14.0,0.908909486945648,3.87896173653998,-0.10185889107404367,3.0425307640082893,1.3119716025184647,-2.4502950648036017,1.0
14,74,14.0,0.9309431519831488,0.6119904153595486,-5.003572060164646,0.7445756958560419,5.935996096681492,3.1192549860741194,1.0
14,75,14.0,5.537216132759535,-1.7067461239696922,-2.4442256598068814,-4.0,8.304361891684023,-2.8618060852913265,1.0
14,76,14.0,3.486059506331775,2.704450178893746,2.859825153218987,2.209000429424593,0.7985235871704973,-2.4722670355920977,1.0
14,77,14.0,2.455651833953125,-0.2124999054094837,-1.5853174106155388,-2.2009424009490934,4.503702476143115,-2.6843085961327198,1.0
14,78,14.0,3.9636968667395607,2.255498086341245,-1.2237606900421358,-4.0,8.126559678709713,-2.263128046646797,1.0
14,79,14.0,5.348857869202456,-3.070849155691868,4.381671392832399,-4.0,1.3411826764283985,-2.37624922006509,1.0
14,80,14.0,-1.8311193569471458,-2.7175832718047435,-3.0223039893634374,-3.4683887215927154,1.408058824032595,-2.5791901104635104,1.0
14,81,14.0,-0.25154246193370594,3.938560588121451,-2.3058914950322054,1.9779675057735164,2.8397667482283317,-2.379542003501502,1.0
14,82,14.0,5.280744655441962,0.0812626644299714,2.196297987359659,-4.0,5.115712676090601,-2.217972344503751,1.0
14,83,14.0,4.98997128303128,0.776854716767608,2.8817719804510293,-1.704591520939208,3.2560834955555373,-2.2750493661670372,1.0
14,84,14.0,4.558080328876903,1.524598339742795,0.16506607092869974,-0.40433371092099124,4.797848801975131,-2.727847781457977,1.0
14,85,14.0,5.420991903528074,-2.8333700099028882,4.375090460988786,-1.9127139901330397,1.3933834125050515,2.419796240663107,1.0
14,86,14.0,-1.0786522527209534,1.261862273080017,-2.553812346223702,3.3136486715526177,2.5270387267353467,2.19413659871582,1.0
14,87,14.0,0.9109762265512231,3.3949187122632765,0.1800701729564338,3.94504047862534,0.9147992222377683,2.496393050042593,1.0
14,88,14.0,1.2605675773231182,-4.0,0.23860652780491598,-3.370905677187171,1.2000683537730996,2.58979913159101,1.0
14,89,14.0,-4.409956201711817,1.1092610353236982,-4.57718198107413,1.4952079638767783,0.42061798932391037,1.9796651303724113,1.0
14,90,14.0,1.3601274763305677,-0.4994311514654612,-3.7008478454555864,1.4264032899950816,5.4150078027315995,2.777985793055902,1.0
14,91,14.0,2.184546412471983,-0.2626518370743509,-0.05079708206957334,2.366126314086741,3.4506861790970196,2.2754851583318634,1.0
14,92,14.0,-0.6311637511620175,3.3549933565926975,-1.2272885537154505,3.806473948921903,0.7477964331750316,2.493398281951474,1.0
14,93,14.0,5.368359541564104,-1.505411680685615,3.6793624259213407,0.12624608327005638,2.3484076126870295,2.3734602573088037,1.0
14,94,14.0,5.051173392359921,0.35549428520935944,3.0855369935825494,0.3684173045507678,1.9656788793257591,3.135018277392424,1.0
15,1,17.0,-3.098820114124416,-2.0047338894312867,-2.066304268215188,-4.0,2.2465920466425695,-1.0932605178902912,1.0
15,2,17.0,-0.1370192630486899,0.5525711089543621,-0.6897202623306065,-1.4131170350401405,2.041912895803291,-1.844893630943596,1.0
15,3,17.0,-4.823385039714298,0.0789599033289119,-5.328749306492712,-3.131004113564487,3.2495018128763813,-1.7269507068255852,1.0
15,4,17.0,-4.245924610890244,1.9567996694473806,-3.9347449332640925,-1.178195123720086,3.150400791162077,-1.4718603712891665,1.0
15,5,17.0,-5.032261317944569,0.6764868548483011,-4.7262313000266625,-1.0991347485122378,1.801800890827698,-1.4001221734716853,1.0
15,6,17.0,1.6316460390917822,3.3116607339608315,1.8903815976491174,2.4037612185988637,0.944047466633152,-1.2931732685857529,1.0
15,7,17.0,1.0071682464103253,-0.11986760828441367,1.271684150600451,-2.4584678240626356,2.3535121909196617,-1.458166365875249,1.0
15,8,17.0,-5.109756777316693,-0.9323860446344461,-5.535816012397314,-1.9509291242423543,1.1040636199126597,-1.9669805817504407,1.0
15,9,17.0,4.920144977750997,0.8058505987045034,4.956457991362548,-0.10213770626816654,0.9087141447807968,-1.5308248073587973,1.0
15,10,17.0,4.791374973186863,1.1656441920594973,4.316660546695424,0.1297364939301464,1.1394992521992924,-2.0004974948220666,1.0
15,11,17.0,-3.6524070529156414,-4.0,-1.9820632824427196,2.69383663371488,6.899093939817101,1.3262557458833784,1.0
15,12,17.0,-3.9501087603421956,2.2698791879643063,-1.5278080300245707,2.693126012830105,2.4589995329109517,0.17298296372512825,1.0
15,13,17.0,-1.602564660601177,0.21764726267716794,-2.2983256230963964,3.325528343789033,3.1848089630722485,1.7910348440019552,1.0
15,14,17.0,0.2613410800252406,-2.56839141589431,-0.4732785554481992,0.18034160930721055,2.8452063638085434,1.831950285646458,1.0
15,15,17.0,-5.323855432028016,-0.6177718259291536,-5.35921587793259,-0.2652249310964986,0.35431578315214435,1.6707619786827999,1.0
15,16,17.0,-0.7397068431569271,3.112294975796028,0.20474957624148923,3.9428029704487186,1.2576730327572867,0.7212885563950926,1.0
15,17,17.0,-1.1594469281527482,-0.5146252698252416,1.5999546091338253,-1.7871000005571498,3.0386656256210136,-0.4320805247529101,1.0
15,18,17.0,-2.377034865973871,-4.0,-2.1148459019861976,-0.7581128685428022,3.2524721714327867,1.4900965548216358,1.0
15,19,17.0,-4.530687295843203,-4.0,-4.367951134516035,-2.7472818706336763,1.2632441449880394,1.4416133220384675,1.0
15,20,17.0,-1.6192892615066725,-2.1289151078984867,1.6577530968984302,-1.959338406658512,3.2814269573441233,0.051700760841405485,1.0
15,21,17.0,-0.1978229920912783,1.5893025490773611,1.2983774144428901,-1.7793149595696398,3.6859462253370086,-1.1528107248302328,1.0
15,22,17.0,0.09548624743055534,3.883769513664014,0.08600126987752453,3.953569045437662,0.07044103516418529,1.7058578845808312,1.0
15,23,17.0,-3.3508741477309885,-4.0,-3.1263177985988597,0.02985739733509085,4.036109041737092,1.5151307441092492,1.0
15,24,17.0,2.0943622367025534,-3.344415065789236,1.5338849631131937,0.8153710735568103,4.197374834263155,1.7047267929214198,1.0
15,25,17.0,4.546219848696273,-4.0,4.650708757585368,-0.7040528904898129,3.2976029598436183,1.5391047001969784,1.0
15,26,17.0,-0.20767744003430538,-1.9812476753576531,-1.1660507141341347,0.2802830169241154,2.4562166851972327,1.9716263461682126,1.0
15,27,17.0,-2.117365338691817,-2.095359994759691,-3.239526071561798,-0.8655420586179383,1.6648413937823783,2.3104533819403605,1.0
15,28,17.0,2.7144146390325647,-3.8512088442049093,1.9197649114883901,-1.9900446170336563,2.023709581434055,1.9743291433432966,1.0
15,29,17.0,-3.3101185813426155,-4.0,-3.2663768984731743,-3.8975885954275356,0.11136171068529686,1.1671336728142874,1.0
15,30,17.0,-2.0665780603536925,-3.6414142195767614,-3.0367305435872485,-1.897164517166256,1.995896506606335,2.0783874990266833,1.0
15,31,17.0,3.2293338482254077,-4.0,3.3473661516463546,-2.093432350885692,1.910217742902655,1.5089669667119132,1.0
15,32,17.0,4.876932255118675,0.5020181746565657,5.009049175222162,0.7315767392712071,0.26486225696683513,1.0485668415795597,1.0
15,33,17.0,4.848830063356658,-2.9367015928983555,4.855983723781906,-0.12216633721305015,2.8145443468442677,1.568254647842302,1.0
15,34,17.0,1.8991233484881493,1.4836711240010652,2.248611675777911,2.9130470906861397,1.4714814796825295,1.3309968983786102,1.0
15,35,17.0,0.6278435788899257,-4.0,0.56817442659505,-3.7756590167535995,0.23214065671387857,1.8307531072933725,1.0
15,36,17.0,0.5525615984336681,0.5541397575474951,0.30683446330356545,3.9335476506635296,3.3883299032110497,1.6433816561718004,1.0
15,37,17.0,3.299903533270858,0.4632912202986894,1.3402552913197145,3.7750576882083373,3.8481188092564076,2.105107535278541,1.0
15,38,17.0,2.8456330005761075,1.2219317889231716,2.74321271298448,3.221671558792546,2.0023608721975092,1.6219684217035721,1.0
15,39,17.0,-3.706017219194491,0.3579101828434885,-4.902908468010978,0.9834827939063632,1.3505146253208482,2.659978249230555,1.0
15,40,17.0,-2.2916343936402477,0.6932200272706521,-0.7310666954498222,3.895085493485351,3.5619256034304865,1.1172848652168907,1.0
15,41,17.0,-4.407159579354746,-2.9075281528868118,-3.6737847138687854,-1.0778920033967432,1.9711436104067594,1.1895737860519315,1.0
15,42,17.0,4.787849358136084,-3.878502060430915,5.306569342815248,-3.1973556872643583,0.8561721813884788,0.9199506434943491,1.0
15,43,17.0,1.1775213222726417,-4.0,1.0050946119596882,-2.851492293654653,1.1613788882031553,1.719814474324976,1.0
15,44,17.0,1.0425216549339054,3.3167836097180383,1.4670122063662834,3.70719980498129,0.5767296019619575,0.7436086965185603,1.0
15,45,17.0,-1.1335690203229183,2.3250632549830836,-1.438687502496394,3.747683506440141,1.4549727378956578,1.782071975153547,1.0
15,46,17.0,3.3712479010483682,-3.5749627205591814,2.5876244353111173,-1.559069759187695,2.1628430751585195,1.9415432981830347,1.0
15,47,17.0,-4.464720547466344,-2.180666961586124,-4.5346434504938955,0.46211832099049255,2.643710132024948,1.5972481896652715,1.0
15,48,17.0,-0.1586901830893342,3.93751383445934,-0.1624943064163754,3.9466339590122175,0.009881701581576917,1.965967769978899,1.0
15,49,17.0,-3.9460666659584223,1.288937557745713,-3.72095862934009,2.5124024082356855,1.2440015548762837,1.388839148137841,1.0
15,50,17.0,-5.1833428320515305,-3.565988974027763,-5.165819269765928,-1.4610413558328263,2.105020558232084,1.562471579266895,1.0
15,51,17.0,5.433651300833575,-0.5938925608895638,-2.9520270483783935,3.0962075646954257,9.161683268553041,2.7270456512206,1.0
15,52,17.0,-3.074377864783008,0.5510848958978123,-5.502805843493072,-0.9698555926269105,2.86540091739632,-2.5820543071492787,1.0
15,53,17.0,-0.8826252279840396,2.3321158109871734,-5.273606516664463,0.10369703262013605,4.924080313045313,-2.671963827355089,1.0
15,54,17.0,4.6295083741694265,-0.3876767466512723,-0.531324708962641,-4.0,6.299450563234415,-2.5309004893458793,1.0
15,55,17.0,-1.3748965981373065,0.4726065005744049,-5.446954552352434,-2.6338430721519344,5.121687703323812,-2.489905697415332,1.0
15,56,17.0,0.5400542110070352,3.9124032540017186,-5.53266255538941,-1.6092320338730348,8.207700358637382,-2.403688912627597,1.0
15,57,17.0,3.8032652447550794,-2.5111451886030856,0.4249878187055144,-4.0,3.6918080958760324,-2.7264875840643317,1.0
15,58,17.0,-0.27269205112103956,3.936643103399789,-3.614968074639761,-4.0,8.611684664926576,-1.969375660693129,1.0
15,59,17.0,4.853689896022633,-2.1702526731399265,4.182725770192553,-4.0,1.9488889497101953,-1.9222684709943956,1.0
15,60,17.0,5.41036962087074,-0.49109292232011004,4.353288325544211,-0.6373136770062864,1.0671463695436567,-3.004139904023911,1.0
15,61,17.0,3.053581962058991,3.0217085583030103,-3.5133744640614313,2.68441237730681,6.575612930843704,-3.090275114923269,1.0
15,62,17.0,5.512652057028173,-1.1807105920548375,2.599143330570312,-2.9863426206549555,3.427658110409013,-2.5867812509939925,1.0
15,63,17.0,5.3473476073108595,-3.0753671186003584,4.083540100159825,-4.0,1.5659359439315252,-2.5099557817054188,1.0
15,64,17.0,5.531976153015646,-1.594532843000176,3.510959436840027,-4.0,3.1417798793782636,-2.2695595616457998,1.0
15,65,17.0,3.99664653512749,-1.9182254198326083,1.7488458164892802,-4.0,3.063722159945574,-2.394522690712944,1.0
15,66,17.0,5.171040554246863,0.3471190674956758,0.49615175151568724,-1.2555806684486321,4.941986620934671,-2.811318130560916,1.0
15,67,17.0,-2.3631854053859875,-2.8342024374262023,-5.222669645433674,-3.448342435266405,2.924691104378078,-2.9300334778514396,1.0
15,68,17.0,0.6090327137829109,3.906149457579276,-3.1359268612800495,-2.4051285910806426,7.338729646631786,-2.1063308443820232,1.0
15,69,17.0,4.849372526240616,1.0764074147399676,-0.7613920683362356,-4.0,7.566412067564392,-2.406152753317353,1.0
15,70,17.0,2.936558482497398,3.1075550489941586,-5.512232048828671,-1.171716187418972,9.47070344573294,-2.6727624538370502,1.0
15,71,17.0,3.2160908634104666,2.9024947138731374,-1.120588912339723,-0.4058148827605448,5.4545122480914126,-2.4899074381053032,1.0
15,72,17.0,5.5323929452894625,-1.9772359199150928,1.2771809109681516,-4.0,4.711518224597528,-2.697849386883902,1.0
15,73,17.0,5.184486597972982,-3.5625673873229275,4.789132219916727,-4.0,0.5896205346506666,-2.3057104149565535,1.0
15,74,17.0,0.17751601232160663,-2.059188593221294,-3.212164288245385,-4.0,3.90598021714579,-2.621590465164015,1.0
15,75,17.0,2.247209017210046,3.4625422003646333,-4.256703880138977,1.384764057399031,6.827740840694567,-2.8323743066078646,1.0
15,76,17.0,-1.5669007555093863,2.3455419901474803,-3.463116417945348,1.492275883404859,2.0793501117856903,-2.7187522971224674,1.0
15,77,17.0,-0.00760781135642663,0.029246742077759125,-5.255574179519417,0.14649357152976938,5.249275932963174,3.1192549860741194,1.0
15,78,17.0,5.482728901859605,-2.3589117099674723,-0.22891550012455109,-4.0,5.94273106832194,-2.8618060852913265,1.0
15,79,17.0,4.192981270265409,2.012832757467485,-0.7932427353808946,-4.0,7.811311516240887,-2.263128046646797,1.0
15,80,17.0,5.324407166848035,-3.1439936658847043,4.719112625911386,-4.0,1.0483932112204923,-2.1862812202561073,1.0
15,81,17.0,-2.144503885140561,-1.3318204036483001,-4.137337316861453,-2.587906286842278,2.3556605936644743,-2.5791901104635104,1.0
15,82,17.0,0.11678262887361739,3.950778315789714,-2.1679117053863366,2.286604667349078,2.826535358555373,-2.512058808745134,1.0
15,83,17.0,5.506429915848863,-1.047464489872831,3.275027757889889,-4.0,3.7008946930581352,-2.217972344503751,1.0
15,84,17.0,4.942113980084467,0.8904354972953341,1.2367507404152205,-3.47094516494136,5.722880220555412,-2.2750493661670372,1.0
15,85,17.0,5.049805889823308,0.6348479398800558,-0.7482323205683725,-1.9110171719307605,6.332351558204698,-2.727847781457977,1.0
15,86,17.0,0.20301288618297786,1.3712541167710388,-1.6158366070991261,3.2596636549669578,2.6218894071188226,2.3374334910289734,1.0
15,87,17.0,5.531616052415316,-1.5868213494797718,3.486115011243908,-1.7069107583099832,2.0490231759417714,-3.082950923149717,1.0
15,88,17.0,-4.4772029830842515,-2.182536930325022,-5.461390896916715,-0.7163760095050168,1.7658577789487075,2.161978179790463,1.0
15,89,17.0,1.0362793056708168,1.4095758947111108,0.3679492789544276,1.8246642034728007,0.7867422250530154,2.585815135227769,1.0
15,90,17.0,3.0069727823992207,2.0675410244969017,1.3808679904730154,3.152523918001573,1.9548413422892243,2.5532014309095508,1.0
15,91,17.0,2.1567896392914014,-4.0,-0.21239901137568973,-2.737988241622951,2.6843488113007377,2.6521466317712505,1.0
15,92,17.0,-1.122115905661032,3.634609332063189,-1.4713226391866268,3.7386076139745654,0.36436380909762967,2.8521435474298427,1.0
16,1,20.0,3.7905706309439418,-2.9642377370425796,2.900787222367306,-4.0,1.3654735367428152,-2.2805275505890803,1.0
16,2,20.0,5.12094731304263,0.4660064490404244,5.402490732291025,-0.4563038993794713,0.9643251918956111,-1.2745218868350427,1.0
16,3,20.0,2.591495158499699,-2.452966375479811,2.513197200200321,-3.003140228532602,0.5557174091719687,-1.7121619812649558,1.0
16,4,20.0,-2.7056136947762752,-2.1681277689725134,-2.603664449627945,-4.0,1.8347069301106202,-1.5152006448741848,1.0
16,5,20.0,-1.2480381674726633,1.1682669306763678,-1.183207294358158,-0.1510739108213457,1.3209327379366005,-1.5216969843112604,1.0
16,6,20.0,-4.881549296734466,1.026899269098717,-4.866281312147739,0.3796068642484669,0.6474724463096176,-1.5472132384160588,1.0
16,7,20.0,-0.9613888517923562,1.2183970586980923,-0.8651509127171576,-1.7133209005747985,2.9332971096772047,-1.5379816444758287,1.0
16,8,20.0,5.5100907931276275,-1.1258615583263871,5.507827965715005,-1.1335146322633571,0.007980597006743737,-1.858281097316666,1.0
16,9,20.0,-3.702851198009279,2.5315665803790157,-3.8837178241874497,2.00462845009528,0.5571144672434861,-1.9014368763178107,1.0
16,10,20.0,0.6465938528475914,-3.3460126296029977,0.7696322114090858,-4.0,0.66546068126997,-1.3848343568254682,1.0
16,11,20.0,-3.19580567385771,2.9173755936985604,-1.4277115943983911,-4.0,7.139764826527244,-1.3205523121992941,1.0
16,12,20.0,-2.323528791199494,3.4254795875613713,-2.904688947163453,2.1348133750365426,1.415473913229502,-1.9938824156914186,1.0
16,13,20.0,-0.46660211964087045,-1.5393018967075016,-0.38460240254586536,-1.8346978512787007,0.3065660183071352,-1.3000214414483644,1.0
16,14,20.0,2.7943928962667948,3.196817301277912,3.071121490926815,2.1404347311037366,1.0920269454872928,-1.314594478110167,1.0
16,15,20.0,1.2895702184242401,1.1785148362147013,0.8263670312337991,-2.150482879863722,3.361068726800858,-1.7090506000782844,1.0
16,16,20.0,1.1636323413510965,3.529388863175602,1.385300405079314,1.1521725223529644,2.3875289027677105,-1.4778182817751586,1.0
16,17,20.0,-1.7000888867236288,-2.299444223233907,-1.474249093961785,-4.0,1.7154863922186157,-1.4387653897382342,1.0
16,18,20.0,-2.6049954610546386,-1.06167565533499,-2.8819213206399414,-3.3168780115513865,2.2721411926178896,-1.6929789098557995,1.0
16,19,20.0,-3.4255163632429793,-2.280602583836629,-3.4800237640816483,-2.9869306778867193,0.7084281425738398,-1.6478137710190965,1.0
16,20,20.0,3.756218583671133,2.3907282598222923,3.7672420029797347,0.3759498145284841,2.014808601181211,-1.5653251002482371,1.0
16,21,20.0,-0.08769247664352323,0.22407977125815226,-0.5020818357457122,-1.513114390361653,1.785934516185591,-1.8049598568434835,1.0
16,22,20.0,4.532238636634461,0.23769927041545857,3.3133111745133297,2.831175500298654,2.8656418326235773,2.0101552036007146,1.0
16,23,20.0,-1.3807257106321,-0.8568644226252786,-2.6158601505687455,0.7750312354599336,2.046616848263245,2.2186803692210586,1.0
16,24,20.0,-1.8053925367915817,-2.722215370920071,1.5678277159965135,0.8444515150456784,4.909147334238849,0.8132655552410529,1.0
16,25,20.0,-4.983458655095727,-4.0,-1.619549843853088,0.3726413470451533,5.516871834676307,0.9150520609746867,1.0
16,26,20.0,-3.2464473011423896,-1.7018560320019143,-3.3912433315635284,0.4221326556203796,2.128918466163792,1.638862765610619,1.0
16,27,20.0,3.408331959720879,0.1382458215122232,4.403740939787991,1.762069560002634,1.904637123255562,1.0208705483651501,1.0
16,28,20.0,2.6780860688329082,-0.9044639822741654,2.0861299174020123,0.6988465604795802,1.709098236416558,1.924480023951863,1.0
16,29,20.0,3.478822025539796,-2.421685733990085,0.6639406937023091,0.43357877567058045,4.009500259690095,2.349072540215121,1.0
16,30,20.0,5.024433275411586,-3.2239655333289194,5.417561349144328,-2.859734346439105,0.5359235391919065,0.7472618679869427,1.0
16,31,20.0,4.792727852933309,-2.7110712771249306,5.512243042253235,-2.132091014863063,0.9235368166732228,0.6775887509763583,1.0
16,32,20.0,-4.026235614546901,-0.7846151416523467,-5.4992335529755065,-0.8933555946985071,1.4770062331431122,-3.0679037794314468,1.0
16,33,20.0,5.111538213897197,-3.7807931767190004,4.426046516651741,-3.323495978551342,0.8240264525149944,2.553284368876766,1.0
16,34,20.0,-4.08811950546126,-2.8145999293600648,-1.4795631504408586,1.1711722718369124,4.76350147445678,0.9912872706496634,1.0
16,35,20.0,4.297784803633233,1.4004689908146877,4.450252229307549,1.690505892793188,0.3276701396237369,1.0868141682735513,1.0
16,36,20.0,-0.2764548060757652,-2.2887809753316386,-2.0734380851489247,-0.6254076590848091,2.448664879984703,2.3947869359989147,1.0
16,37,20.0,4.0551873308732915,-4.0,4.206564728881889,0.7749747099109121,4.77737360868047,1.5391047001969786,1.0
16,38,20.0,5.534017969299761,-1.8224590383845702,5.344458889521053,-0.20006584130997038,1.6334296221877735,1.687108140368195,1.0
16,39,20.0,1.2645972877235623,-4.0,0.5242344506707368,-2.264968023365606,1.8863915527887525,1.9741180475368343,1.0
16,40,20.0,1.4380679868231505,1.642976631460719,2.447256983299176,3.3653943719359654,1.9962928901621977,1.0407984275125637,1.0
16,41,20.0,3.786928200347354,-4.0,3.788777729566477,-3.926874486212441,0.07314889968432092,1.5455091884768974,1.0
16,42,20.0,-2.2408482691688216,-3.6426864843165845,-1.7156324778651117,-2.0376766456085216,1.6887593700064152,1.2545440533234822,1.0
16,43,20.0,-5.233675087128208,-3.4154195510672554,-4.9894466839895175,-2.84361316043117,0.6217797530250899,1.1671336728142894,1.0
16,44,20.0,1.3471363173807804,-4.0,1.7529963830480795,-3.3340687097952664,0.7798633701983992,1.023448233183065,1.0
16,45,20.0,-4.981381146964839,-4.0,-2.74787363170636,-0.9868785951591241,3.75066079791633,0.9329120792979523,1.0
16,46,20.0,2.3461674507657415,-3.4076981323287785,2.2266131005572394,-1.207351978599569,2.203591713290986,1.6250772896828478,1.0
16,47,20.0,3.673855310877961,-2.1038374286738057,2.9398618633868954,-0.8730036017587879,1.4330730234143993,2.1085191078736596,1.0
16,48,20.0,-1.0175780029528572,2.4368914599098153,-1.3742514868945503,2.488241034835915,0.360350874832012,2.9986071100440514,1.0
16,49,20.0,-0.5463529547971611,2.533361149916998,-5.41615234439749,-0.5166263842286141,5.746074316730978,-2.5820543071492787,1.0
16,50,20.0,-0.7423016936278645,3.8940668951020214,-0.7761617561528786,3.86383731950431,0.045390869952179,-2.4127810340030376,1.0
16,51,20.0,-0.6393476913333576,1.167267684266326,-5.518641295604379,-1.3089691243380925,5.471677513246508,-2.671963827355089,1.0
16,52,20.0,2.0484970588429494,-0.7844101788091153,-2.545533200104803,-4.0,5.607595912534531,-2.530900489345879,1.0
16,53,20.0,-2.1030654912370172,0.45404575584123563,-5.510512289752416,-2.145392113253661,4.2857637499047305,-2.489905697415332,1.0
16,54,20.0,-0.04981794256560374,3.956849533615705,-5.504339079845083,-1.0026895900791888,7.372165838916604,-2.403688912627597,1.0
16,55,20.0,5.140679722147524,-2.791119333538606,2.397676015518441,-4.0,2.9975759874146695,-2.7264875840643317,1.0
16,56,20.0,-0.8816587718429301,3.881432367501225,-4.200684471965411,-4.0,8.55177804679059,-1.9693756606931292,1.0
16,57,20.0,-4.864280708578546,-3.881348058640515,-5.075674003959744,-3.8880813041233893,0.21150050100852014,-3.1097516729144794,1.0
16,58,20.0,2.8937531703629342,3.138956318580822,-3.329479483561847,2.819314695976094,6.231436064967453,-3.090275114923269,1.0
16,59,20.0,5.356099553476777,-3.04918558785082,4.056506584035146,-4.0,1.6102763528577029,-2.5099557817054188,1.0
16,60,20.0,-0.14267033152387046,3.9484312595953304,-2.878098400946295,-4.0,8.405957780734823,-1.9022473273352414,1.0
16,61,20.0,5.517843276706937,-1.2918796844672606,3.2425445218768125,-4.0,3.537075072306589,-2.2695595616458,1.0
16,62,20.0,1.216031376441658,-3.5685369574769417,0.7501581996392128,-4.0,0.6349788767567444,-2.394522690712944,1.0
16,63,20.0,5.379217161292587,-0.35354006572660945,-1.1257168621810791,-2.5836371828314277,6.876590710625762,-2.811318130560916,1.0
16,64,20.0,0.5786040779496743,3.908908208295162,-1.8729210262046145,-0.22258006693610355,4.804078548969835,-2.1063308443820232,1.0
16,65,20.0,0.24767495918451135,3.938911227434909,-2.0000956485126906,3.2721879731567762,2.3445666129634004,-2.8532439325342147,1.0
16,66,20.0,4.696441552682134,1.3117116045572308,-1.1743960244825262,-4.0,7.917134205470851,-2.4061527533173526,1.0
16,67,20.0,5.3294108452578834,-0.13362160215281907,-0.1835468822889027,-4.0,6.733616028632548,-2.5299775772776427,1.0
16,68,20.0,3.040677578295083,3.031175000975998,-5.518407378282334,-1.3039598244046697,9.594338395540264,-2.6727624538370502,1.0
16,69,20.0,3.5919453490016573,2.6267740745671766,3.160354463779002,2.6255243489877618,0.4315926945874998,-3.138697036167401,1.0
16,70,20.0,2.717480725297753,3.234167595487091,-2.2830241662114625,-0.5805522307495248,6.289446440084398,-2.4899074381053032,1.0
16,71,20.0,5.351798054395135,-3.062053563537609,3.3786757297115653,-4.0,2.1847094145073833,-2.697849386883902,1.0
16,72,20.0,-0.685364064157237,-3.7918441047316893,-0.8934229338398826,-4.0,0.2943082907234725,-2.3559613759636386,1.0
16,73,20.0,-2.5559826109910926,-3.9190495408281296,-2.697364805993839,-4.0,0.16291685580053186,-2.621590465164015,1.0
16,74,20.0,-2.209887391974048,3.473060730244973,-2.2290672885574554,3.4713522351627684,0.019255840371069737,-3.0527497538132913,1.0
16,75,20.0,-4.862577299726631,-1.1262027349884507,-5.524313109369661,-1.430430057921397,0.7283189862847623,-2.7106674013196534,1.0
16,76,20.0,5.362526693281889,-3.0299587375881396,1.986394659557776,-4.0,3.512726513681318,-2.8618060852913265,1.0
16,77,20.0,5.46918755617508,-0.7508019510645821,3.1716323126437618,-4.0,3.9794532360971377,-2.1862812202561073,1.0
16,78,20.0,5.52429485882045,-1.4300392254933083,3.7985409030536927,-2.8688750900300595,2.2468812520740453,-2.4466124559080638,1.0
16,79,20.0,5.177797104801515,-3.5825790701929177,4.285405563518895,-4.0,0.9851918064995161,-2.7040718639360173,1.0
16,80,20.0,5.459581760409027,-2.536801041775109,4.3537575284201235,-4.0,1.8340660902498187,-2.2179723445037505,1.0
16,81,20.0,4.894256677137653,1.0040162778230604,0.64291990960974,-4.0,6.566128480288278,-2.2750493661670372,1.0
16,82,20.0,5.373579807040808,-0.32864847798483326,-0.3622241099808887,-2.8471870854678802,6.264382115732092,-2.727847781457977,1.0
16,83,20.0,-2.6056996239526344,-3.7353015591872993,-3.441614827688229,-2.2794182299951085,1.6787943578818871,2.092001797597869,1.0
16,84,20.0,2.3525784485754677,-4.0,2.198847382862132,-3.537923652814216,0.4869782245582599,1.8919733923428423,1.0
16,85,20.0,-4.2360516198533595,-4.0,-5.3434468200392935,-3.0870363610707483,1.4352096485885906,2.4521351889678185,1.0
16,86,20.0,3.992024228972986,-3.382513389630045,1.9941741350566164,-1.1377762330184427,3.0050374207377835,2.298067472664524,1.0
16,87,20.0,2.9318112984140523,0.05631497201309921,1.289265405630764,1.3794480332963257,2.1091794868526414,2.4634840192532512,1.0
17,1,23.0,-4.139857892423109,1.1506078155900363,-4.635170570240353,-0.47842318792343524,1.7026675128205735,-1.865967823252811,1.0
17,2,23.0,-2.27981308186182,-2.622038120511591,-2.4433367723684705,-4.0,1.3876306924683326,-1.6889146102784214,1.0
17,3,23.0,3.94716563992807,2.272994067442484,4.35988835877164,1.0526488354372283,1.2882478519010188,-1.2446707434950126,1.0
17,4,23.0,-0.5598834475374533,-3.8853175921516927,-0.554196793469351,-4.0,0.11482331080567117,-1.5212508011029138,1.0
17,5,23.0,-1.1974341086287348,3.8147765258590955,-1.4061285472107934,3.2067646466597015,0.642831092856171,-1.9014368763178107,1.0
17,6,23.0,-4.480332697564771,-1.9810197242286378,-5.194885856023924,-3.531457907297396,1.7071745006827812,-2.0026543323428774,1.0
17,7,23.0,0.2824248880613889,3.9357606954264592,2.3108200953956994,-4.0,8.190890362604803,-1.3205523121992941,1.0
17,8,23.0,0.40802776092155424,3.9243731650317555,-0.40863552178203766,1.9183993740339247,2.165841584116072,-1.957421776561037,1.0
17,9,23.0,-1.101778775091117,2.494352641852241,-1.4248744755785991,1.1682111037648304,1.3649330425754735,-1.809776347484146,1.0
17,10,23.0,-0.8562378931645822,1.0491032424385107,-0.18569921076162854,-4.0,5.093433584273164,-1.4387653897382342,1.0
17,11,23.0,-0.06151205324028014,1.089895823283499,0.2353995791957358,-0.8139538486554395,1.9268627586877647,-1.416089230338277,1.0
17,12,23.0,-0.5571707857002745,1.789873555254958,-0.5839995285478216,-0.03741450797273538,1.82748500608273,-1.5854775452739525,1.0
17,13,23.0,2.672126688547241,1.9097443535598209,2.032450410384101,0.5103619878451756,1.5386541997205756,-1.999549898281015,1.0
17,14,23.0,-0.3514517711273495,-0.7102377777432469,-2.347537333294959,-4.0,3.8479725896219263,-2.1161692477204275,1.0
17,15,23.0,-5.509987453804576,-2.149425557999707,-5.121970590721269,-1.8550338205395214,0.4870560348890425,0.649051365445041,1.0
17,16,23.0,-3.7315762662637333,-0.5816254157185798,-4.794870466698977,1.160265920740477,2.040779259182713,2.1188461020352167,1.0
17,17,23.0,-4.5834532770223015,1.4855587595471897,-3.013142833809505,1.2637862758482492,1.5858934146370511,-0.14030055656766668,1.0
17,18,23.0,-2.87014951387665,0.17593869419528563,-4.39086871925712,-2.38218806483312,2.9760039342833844,-2.1071367221013615,1.0
17,19,23.0,-0.7256908857460748,-4.0,-0.6386481823774477,-3.7701644107248398,0.24576580377908344,1.2087706830779807,1.0
17,20,23.0,-0.6134776932772634,-1.2013884862332005,-1.3393245477161986,1.1306661641162217,2.442403027412811,1.8725399847645077,1.0
17,21,23.0,-1.299512239816663,2.485578941475886,-3.636209515338899,0.7345082213430674,2.920000483619739,-2.4984894177572348,1.0
17,22,23.0,2.2074323477270155,0.717166560375706,3.2484940056773834,2.878724304196362,2.3991959602178006,1.1219559510819537,1.0
17,23,23.0,5.174074425711024,-3.417806333474333,5.419441755869421,-2.845283132384544,0.6228867814419882,1.1659041804920571,1.0
17,24,23.0,4.856947989070215,-1.8534551094432703,4.1871028605712945,0.27556391595694363,2.2319082657425264,1.8756170413306996,1.0
17,25,23.0,3.5641548130503105,-4.0,3.6869680122477875,-0.1260404266038737,3.8759058113174802,1.5391047001969784,1.0
17,26,23.0,2.513351870337351,-1.4697335285367252,3.1973058734493818,-0.6217654807750637,1.089423190682893,0.8920560940712274,1.0
17,27,23.0,0.3885779777988204,-2.7746084086134024,-0.5685506666140594,-0.8689323661161357,2.1325328651403432,2.036243510451044,1.0
17,28,23.0,-2.9999682090052375,-2.7401493442365985,-3.5147464578265573,-2.1313659588100236,0.7972539468895631,2.2727218088339427,1.0
17,29,23.0,1.769833732662692,2.0570834755201766,2.310154899729428,3.431974252512769,1.4772513707015658,1.196345832401698,1.0
17,30,23.0,-1.2733998861665807,0.3655216697674083,-1.5185058793615906,1.9811487556268284,1.6341137746383247,1.72135774588202,1.0
17,31,23.0,-5.182326132085257,-1.412342650602764,-4.305174388659357,1.581008304887921,3.1192218779259826,1.2857431192143207,1.0
17,32,23.0,2.208991196930575,-3.9372277402479066,2.5857269323448753,-2.3470282937784033,1.6342166606328759,1.3381741539512895,1.0
17,33,23.0,-3.237120258262983,-4.0,-2.5698762549558065,-0.6367421232784287,3.428807096539419,1.3749472414495052,1.0
17,34,23.0,0.4717678052308077,-3.6082493527277437,-0.15639763757091746,-1.4305097297321894,2.2665263486434717,1.851621893751336,1.0
17,35,23.0,2.1431269864739595,-4.0,1.8795174249919995,-0.2004493213591827,3.8086842032996917,1.6400644699554268,1.0
17,36,23.0,-3.332335139802791,2.585250107688,-3.326385824788859,2.821584152926544,0.23640891541553397,1.5456283117562797,1.0
17,37,23.0,3.845446540507547,-3.7935623227232513,1.5348027097005827,0.08115699341115046,4.511377249983793,2.1085191078736596,1.0
17,38,23.0,4.131717404799841,-4.0,3.696987841566835,-2.96691272882008,1.1208296494216834,1.9691094604036836,1.0
17,39,23.0,-1.1264134434592576,-4.0,-1.0866589956892894,-2.913829746336441,1.0868975278567228,1.5342120894860107,1.0
17,40,23.0,2.9073495299202015,-3.0218447016417866,3.2859097990164963,-2.465283084887249,0.6731037888637115,0.9734988188182513,1.0
17,41,23.0,-2.9446452874721856,1.7594703695936675,-2.339136253953715,3.417900249748067,1.7655115001215393,1.220724566431744,1.0
17,42,23.0,1.023920464187908,3.8630309944462113,-1.3009522917380894,1.8915827263910847,3.0482194154726625,-2.438271805337507,1.0
17,43,23.0,0.9580085775280083,3.874510266811406,-5.310863353107711,-0.05172564393798607,7.396896897319208,-2.5820543071492787,1.0
17,44,23.0,-0.5665662050541391,3.9099995976906743,-1.9772165518150144,3.356422892576136,1.5153816579535488,-2.767632079543905,1.0
17,45,23.0,-1.4956605964887082,-0.5556215334858732,-5.455858098489272,-2.565417954675445,4.44099604925268,-2.671963827355089,1.0
17,46,23.0,-2.5137079670923077,-2.567879433447194,-4.5597416912469635,-4.0,2.4974433562188554,-2.5309004893458793,1.0
17,47,23.0,-3.725364319437256,-0.246619611685845,-5.533443140594412,-1.6259481341655275,2.274136362763463,-2.489905697415332,1.0
17,48,23.0,5.276848682469739,0.09600232982477175,3.502277842651872,-4.0,4.463892555994358,-1.9796294374778443,1.0
17,49,23.0,5.192829367277455,0.2954072024635465,5.1675834196729475,0.28343638486365963,0.027940263858083198,-2.698823466615345,1.0
17,50,23.0,-4.4650932640589795,0.5230369161210888,-5.366266696912157,-0.2963576347448276,1.217998762753533,-2.403688912627597,1.0
17,51,23.0,4.8496880737205865,-3.788755170980378,4.370364212331365,-4.0,0.5238088791578497,-2.726487584064332,1.0
17,52,23.0,-1.534976206616244,3.720905437987836,-4.786400869291059,-4.0,8.37759769381415,-1.969375660693129,1.0
17,53,23.0,-2.995103385575589,2.585962863342728,-3.854529006513506,2.3710369293537994,0.8858925188901515,-2.8965378493980705,1.0
17,54,23.0,2.332273090908459,-1.666840886944625,0.9667926253183116,-4.0,2.7033624153527085,-2.10029934508348,1.0
17,55,23.0,2.678016155873567,3.253332485260196,-3.145584503062262,2.954217014645378,5.831277278565902,-3.090275114923269,1.0
17,56,23.0,5.364851499642694,-3.0230040571012817,4.029473067910468,-4.0,1.654616761783881,-2.5099557817054188,1.0
17,57,23.0,-2.3393213986578503,3.417810339281575,-4.892137917166151,-4.0,7.844793331039478,-1.9022473273352416,1.0
17,58,23.0,0.5277816378340479,-3.0179533787056663,-5.2381097541029575,-3.4021532023532375,5.778677448006947,-3.0750578034041967,1.0
17,59,23.0,5.503710400398228,-0.9892265259343447,2.9741296069135985,-4.0,3.9323702652349137,-2.2695595616457998,1.0
17,60,23.0,5.508015181641366,-1.0814126890033535,-0.5836960583684241,-3.169843966793061,6.4397586161060385,-2.811318130560916,1.0
17,61,23.0,5.54477429773445,-1.868602950025778,3.2100077299878347,-2.1116904324080137,2.3473871538283246,-3.037850043657896,1.0
17,62,23.0,4.6796014016581085,1.3376223667848275,4.308510117541035,1.1891111806615295,0.39970528336689215,-2.760912819540319,1.0
17,63,23.0,4.543510579123651,1.5470157943744964,-1.5873999806288206,-4.0,8.267856343377314,-2.4061527533173526,1.0
17,64,23.0,5.530337682284996,-1.5594452691077145,2.050420902627546,-4.0,4.25042682419333,-2.5299775772776427,1.0
17,65,23.0,3.144796674092768,2.954794952957837,-5.5245827077359975,-1.436203461390367,9.717973345347586,-2.6727624538370502,1.0
17,66,23.0,2.0606880932050617,3.44516828318447,-1.0617283420366312,1.0631800360559667,3.927257618813128,-2.4899074381053032,1.0
17,67,23.0,-0.6359992073116482,3.9037045949921043,-5.140062222896752,0.4206406167167527,5.693708661770542,-2.483335534754451,1.0
17,68,23.0,5.376518237491937,-0.3416230394778089,5.278841181647185,-0.41340322322175194,0.12121551887779473,-2.5078436397393085,1.0
17,69,23.0,0.9518152175504921,-3.77726814499737,0.5688381368269888,-4.0,0.44303602967750766,-2.6148273033720115,1.0
17,70,23.0,2.7449631255076232,3.2208215187806326,0.04638122437746617,2.005340264807499,2.9596856177417483,-2.71839382475948,1.0
17,71,23.0,-2.834496171664382,-1.5913843187182448,-5.427482671105511,-2.7834874656701865,2.8538901344054373,-2.710667401319653,1.0
17,72,23.0,5.1271471508941575,-3.734098892247166,4.201704819240107,-4.0,0.9628846806972627,-2.8618060852913265,1.0
17,73,23.0,4.994438530990706,0.7662524997850412,1.6241519993761373,-4.0,5.837464706265017,-2.1862812202561073,1.0
17,74,23.0,5.535825535866258,-1.6769667264285835,5.067896742060586,-2.0670992411635045,0.6092296243009075,-2.446612455908065,1.0
17,75,23.0,5.469034975753719,-2.4641516321410326,2.1855913477509374,-4.0,3.6248906559132408,-2.7040718639360177,1.0
17,76,23.0,4.832916517449836,1.1017271241882267,0.5982356146102203,-3.882684445144538,6.540403736878394,-2.2750493661670372,1.0
17,77,23.0,5.52146215089075,-1.3693772637384687,1.3091874648011714,-3.2189482350817014,4.600453326478447,-2.727847781457977,1.0
17,78,23.0,-0.3810107494176052,3.9268226077289605,-2.9968481521748602,2.1858399576927523,3.1422326306928516,-2.5543603286074545,1.0
17,79,23.0,2.480187095502569,-3.4273829459832132,0.45491661906514125,-2.0004013195090984,2.4774981463209604,2.5277940108196817,1.0
17,80,23.0,2.417557827378567,-4.0,1.9900740192183415,-3.550269987147116,0.6204832718936293,2.3308398538329724,1.0
17,81,23.0,5.113288293593077,-3.775557796552901,3.227898839539457,-1.5571546965441367,2.9113580521098914,2.275224130371157,1.0
17,82,23.0,0.6657227176406697,-0.022140173246983696,-1.1816530954314013,3.8191652551031714,4.262443523214831,2.0190669729340076,1.0
17,83,23.0,5.482211055509797,-2.3628914385807374,3.153194364176837,-0.5260615824187296,2.9661865533030234,2.473797402440234,1.0
17,84,23.0,-1.445041271120104,-2.35481041934538,-3.1599452271179667,-0.3037170465913648,2.673551870088284,2.267160804426435,1.0
